[2026-08-22T18:37:20.153+0000] {taskinstance.py:1956} INFO - Dependencies all met for dep_context=non-requeueable deps ti=<TaskInstance: 2_sports_goat_run_batch.ingest_batch_job manual__2026-08-22T18:36:38.999742+00:00 [queued]>
[2026-08-22T18:37:20.161+0000] {taskinstance.py:1956} INFO - Dependencies all met for dep_context=requeueable deps ti=<TaskInstance: 2_sports_goat_run_batch.ingest_batch_job manual__2026-08-22T18:36:38.999742+00:00 [queued]>
[2026-08-22T18:37:20.162+0000] {taskinstance.py:2170} INFO - Starting attempt 1 of 1
[2026-08-22T18:37:20.177+0000] {taskinstance.py:2191} INFO - Executing <Task(BashOperator): ingest_batch_job> on 2026-08-22 18:36:38.999742+00:00
[2026-08-22T18:37:20.184+0000] {standard_task_runner.py:60} INFO - Started process 510 to run task
[2026-08-22T18:37:20.189+0000] {standard_task_runner.py:87} INFO - Running: ['airflow', 'tasks', 'run', '2_sports_goat_run_batch', 'ingest_batch_job', 'manual__2026-08-22T18:36:38.999742+00:00', '--job-id', '33', '--raw', '--subdir', 'DAGS_FOLDER/sports_goat_pipeline.py', '--cfg-path', '/tmp/tmp_p7ls791']
[2026-08-22T18:37:20.193+0000] {standard_task_runner.py:88} INFO - Job 33: Subtask ingest_batch_job
[2026-08-22T18:37:20.284+0000] {task_command.py:423} INFO - Running <TaskInstance: 2_sports_goat_run_batch.ingest_batch_job manual__2026-08-22T18:36:38.999742+00:00 [running]> on host f1d6d21e9aa6
[2026-08-22T18:37:20.446+0000] {taskinstance.py:2480} INFO - Exporting env vars: AIRFLOW_CTX_DAG_OWNER='branislav' AIRFLOW_CTX_DAG_ID='2_sports_goat_run_batch' AIRFLOW_CTX_TASK_ID='ingest_batch_job' AIRFLOW_CTX_EXECUTION_DATE='2026-08-22T18:36:38.999742+00:00' AIRFLOW_CTX_TRY_NUMBER='1' AIRFLOW_CTX_DAG_RUN_ID='manual__2026-08-22T18:36:38.999742+00:00'
[2026-08-22T18:37:20.449+0000] {subprocess.py:63} INFO - Tmp dir root location: /tmp
[2026-08-22T18:37:20.453+0000] {subprocess.py:75} INFO - Running command: ['/usr/bin/bash', '-c', 'bash /app/run_batch.sh ']
[2026-08-22T18:37:20.476+0000] {subprocess.py:86} INFO - Output:
[2026-08-22T18:37:20.502+0000] {subprocess.py:93} INFO - === Starting Spark batch processing: Sat Aug 22 18:37:20 UTC 2026 ===
[2026-08-22T18:37:25.931+0000] {subprocess.py:93} INFO - :: loading settings :: url = jar:file:/spark/jars/ivy-2.5.0.jar!/org/apache/ivy/core/settings/ivysettings.xml
[2026-08-22T18:37:26.184+0000] {subprocess.py:93} INFO - Ivy Default Cache set to: /root/.ivy2/cache
[2026-08-22T18:37:26.185+0000] {subprocess.py:93} INFO - The jars for the packages stored in: /root/.ivy2/jars
[2026-08-22T18:37:26.213+0000] {subprocess.py:93} INFO - org.postgresql#postgresql added as a dependency
[2026-08-22T18:37:26.217+0000] {subprocess.py:93} INFO - :: resolving dependencies :: org.apache.spark#spark-submit-parent-76e41219-d3cf-4836-b7fc-b3dd275a6a24;1.0
[2026-08-22T18:37:26.218+0000] {subprocess.py:93} INFO - 	confs: [default]
[2026-08-22T18:37:26.479+0000] {subprocess.py:93} INFO - 	found org.postgresql#postgresql;42.6.0 in central
[2026-08-22T18:37:26.520+0000] {subprocess.py:93} INFO - 	found org.checkerframework#checker-qual;3.31.0 in central
[2026-08-22T18:37:26.551+0000] {subprocess.py:93} INFO - :: resolution report :: resolve 326ms :: artifacts dl 9ms
[2026-08-22T18:37:26.552+0000] {subprocess.py:93} INFO - 	:: modules in use:
[2026-08-22T18:37:26.552+0000] {subprocess.py:93} INFO - 	org.checkerframework#checker-qual;3.31.0 from central in [default]
[2026-08-22T18:37:26.553+0000] {subprocess.py:93} INFO - 	org.postgresql#postgresql;42.6.0 from central in [default]
[2026-08-22T18:37:26.554+0000] {subprocess.py:93} INFO - 	---------------------------------------------------------------------
[2026-08-22T18:37:26.555+0000] {subprocess.py:93} INFO - 	|                  |            modules            ||   artifacts   |
[2026-08-22T18:37:26.556+0000] {subprocess.py:93} INFO - 	|       conf       | number| search|dwnlded|evicted|| number|dwnlded|
[2026-08-22T18:37:26.556+0000] {subprocess.py:93} INFO - 	---------------------------------------------------------------------
[2026-08-22T18:37:26.557+0000] {subprocess.py:93} INFO - 	|      default     |   2   |   0   |   0   |   0   ||   2   |   0   |
[2026-08-22T18:37:26.559+0000] {subprocess.py:93} INFO - 	---------------------------------------------------------------------
[2026-08-22T18:37:26.559+0000] {subprocess.py:93} INFO - :: retrieving :: org.apache.spark#spark-submit-parent-76e41219-d3cf-4836-b7fc-b3dd275a6a24
[2026-08-22T18:37:26.561+0000] {subprocess.py:93} INFO - 	confs: [default]
[2026-08-22T18:37:26.572+0000] {subprocess.py:93} INFO - 	0 artifacts copied, 2 already retrieved (0kB/11ms)
[2026-08-22T18:37:27.788+0000] {subprocess.py:93} INFO - 26/08/22 18:37:27 WARN NativeCodeLoader: Unable to load native-hadoop library for your platform... using builtin-java classes where applicable
[2026-08-22T18:37:30.239+0000] {subprocess.py:93} INFO - Connecting to MinIO at minio:9000...
[2026-08-22T18:37:30.257+0000] {subprocess.py:93} INFO - Scanning bucket 'football-goat-comments-raw' under prefix ''...
[2026-08-22T18:37:30.278+0000] {subprocess.py:93} INFO - Found latest file for processing: aaf9f4ac-0949-44b3-9af7-2d444107a89d
[2026-08-22T18:37:30.293+0000] {subprocess.py:93} INFO - Initializing Spark session...
[2026-08-22T18:37:30.523+0000] {subprocess.py:93} INFO - 26/08/22 18:37:30 INFO SparkContext: Running Spark version 3.3.0
[2026-08-22T18:37:30.615+0000] {subprocess.py:93} INFO - 26/08/22 18:37:30 INFO ResourceUtils: ==============================================================
[2026-08-22T18:37:30.615+0000] {subprocess.py:93} INFO - 26/08/22 18:37:30 INFO ResourceUtils: No custom resources configured for spark.driver.
[2026-08-22T18:37:30.617+0000] {subprocess.py:93} INFO - 26/08/22 18:37:30 INFO ResourceUtils: ==============================================================
[2026-08-22T18:37:30.620+0000] {subprocess.py:93} INFO - 26/08/22 18:37:30 INFO SparkContext: Submitted application: MessiVsRonaldo_Batch_Comments
[2026-08-22T18:37:30.723+0000] {subprocess.py:93} INFO - 26/08/22 18:37:30 INFO ResourceProfile: Default ResourceProfile created, executor resources: Map(cores -> name: cores, amount: 1, script: , vendor: , memory -> name: memory, amount: 1024, script: , vendor: , offHeap -> name: offHeap, amount: 0, script: , vendor: ), task resources: Map(cpus -> name: cpus, amount: 1.0)
[2026-08-22T18:37:30.756+0000] {subprocess.py:93} INFO - 26/08/22 18:37:30 INFO ResourceProfile: Limiting resource is cpu
[2026-08-22T18:37:30.759+0000] {subprocess.py:93} INFO - 26/08/22 18:37:30 INFO ResourceProfileManager: Added ResourceProfile id: 0
[2026-08-22T18:37:30.950+0000] {subprocess.py:93} INFO - 26/08/22 18:37:30 INFO SecurityManager: Changing view acls to: root
[2026-08-22T18:37:30.951+0000] {subprocess.py:93} INFO - 26/08/22 18:37:30 INFO SecurityManager: Changing modify acls to: root
[2026-08-22T18:37:30.952+0000] {subprocess.py:93} INFO - 26/08/22 18:37:30 INFO SecurityManager: Changing view acls groups to:
[2026-08-22T18:37:30.953+0000] {subprocess.py:93} INFO - 26/08/22 18:37:30 INFO SecurityManager: Changing modify acls groups to:
[2026-08-22T18:37:30.955+0000] {subprocess.py:93} INFO - 26/08/22 18:37:30 INFO SecurityManager: SecurityManager: authentication disabled; ui acls disabled; users  with view permissions: Set(root); groups with view permissions: Set(); users  with modify permissions: Set(root); groups with modify permissions: Set()
[2026-08-22T18:37:32.038+0000] {subprocess.py:93} INFO - 26/08/22 18:37:32 INFO Utils: Successfully started service 'sparkDriver' on port 33031.
[2026-08-22T18:37:32.171+0000] {subprocess.py:93} INFO - 26/08/22 18:37:32 INFO SparkEnv: Registering MapOutputTracker
[2026-08-22T18:37:32.304+0000] {subprocess.py:93} INFO - 26/08/22 18:37:32 INFO SparkEnv: Registering BlockManagerMaster
[2026-08-22T18:37:32.366+0000] {subprocess.py:93} INFO - 26/08/22 18:37:32 INFO BlockManagerMasterEndpoint: Using org.apache.spark.storage.DefaultTopologyMapper for getting topology information
[2026-08-22T18:37:32.368+0000] {subprocess.py:93} INFO - 26/08/22 18:37:32 INFO BlockManagerMasterEndpoint: BlockManagerMasterEndpoint up
[2026-08-22T18:37:32.381+0000] {subprocess.py:93} INFO - 26/08/22 18:37:32 INFO SparkEnv: Registering BlockManagerMasterHeartbeat
[2026-08-22T18:37:32.461+0000] {subprocess.py:93} INFO - 26/08/22 18:37:32 INFO DiskBlockManager: Created local directory at /tmp/blockmgr-9efbad56-85b0-4499-8940-55563e8b0236
[2026-08-22T18:37:32.527+0000] {subprocess.py:93} INFO - 26/08/22 18:37:32 INFO MemoryStore: MemoryStore started with capacity 366.3 MiB
[2026-08-22T18:37:32.575+0000] {subprocess.py:93} INFO - 26/08/22 18:37:32 INFO SparkEnv: Registering OutputCommitCoordinator
[2026-08-22T18:37:33.304+0000] {subprocess.py:93} INFO - 26/08/22 18:37:33 WARN Utils: Service 'SparkUI' could not bind on port 4040. Attempting port 4041.
[2026-08-22T18:37:33.336+0000] {subprocess.py:93} INFO - 26/08/22 18:37:33 INFO Utils: Successfully started service 'SparkUI' on port 4041.
[2026-08-22T18:37:33.442+0000] {subprocess.py:93} INFO - 26/08/22 18:37:33 INFO SparkContext: Added JAR file:///root/.ivy2/jars/org.postgresql_postgresql-42.6.0.jar at spark://171e2e9810fc:33031/jars/org.postgresql_postgresql-42.6.0.jar with timestamp 1787423850483
[2026-08-22T18:37:33.445+0000] {subprocess.py:93} INFO - 26/08/22 18:37:33 INFO SparkContext: Added JAR file:///root/.ivy2/jars/org.checkerframework_checker-qual-3.31.0.jar at spark://171e2e9810fc:33031/jars/org.checkerframework_checker-qual-3.31.0.jar with timestamp 1787423850483
[2026-08-22T18:37:33.462+0000] {subprocess.py:93} INFO - 26/08/22 18:37:33 INFO SparkContext: Added file file:///root/.ivy2/jars/org.postgresql_postgresql-42.6.0.jar at file:///root/.ivy2/jars/org.postgresql_postgresql-42.6.0.jar with timestamp 1787423850483
[2026-08-22T18:37:33.469+0000] {subprocess.py:93} INFO - 26/08/22 18:37:33 INFO Utils: Copying /root/.ivy2/jars/org.postgresql_postgresql-42.6.0.jar to /tmp/spark-a1ee60a1-a17e-4f86-96a5-c419acbe59a7/userFiles-d2b16b9f-efb0-4a6b-bbc4-dfdd3d93e314/org.postgresql_postgresql-42.6.0.jar
[2026-08-22T18:37:33.524+0000] {subprocess.py:93} INFO - 26/08/22 18:37:33 INFO SparkContext: Added file file:///root/.ivy2/jars/org.checkerframework_checker-qual-3.31.0.jar at file:///root/.ivy2/jars/org.checkerframework_checker-qual-3.31.0.jar with timestamp 1787423850483
[2026-08-22T18:37:33.527+0000] {subprocess.py:93} INFO - 26/08/22 18:37:33 INFO Utils: Copying /root/.ivy2/jars/org.checkerframework_checker-qual-3.31.0.jar to /tmp/spark-a1ee60a1-a17e-4f86-96a5-c419acbe59a7/userFiles-d2b16b9f-efb0-4a6b-bbc4-dfdd3d93e314/org.checkerframework_checker-qual-3.31.0.jar
[2026-08-22T18:37:33.712+0000] {subprocess.py:93} INFO - 26/08/22 18:37:33 INFO Executor: Starting executor ID driver on host 171e2e9810fc
[2026-08-22T18:37:33.726+0000] {subprocess.py:93} INFO - 26/08/22 18:37:33 INFO Executor: Starting executor with user classpath (userClassPathFirst = false): ''
[2026-08-22T18:37:33.751+0000] {subprocess.py:93} INFO - 26/08/22 18:37:33 INFO Executor: Fetching file:///root/.ivy2/jars/org.checkerframework_checker-qual-3.31.0.jar with timestamp 1787423850483
[2026-08-22T18:37:33.791+0000] {subprocess.py:93} INFO - 26/08/22 18:37:33 INFO Utils: /root/.ivy2/jars/org.checkerframework_checker-qual-3.31.0.jar has been previously copied to /tmp/spark-a1ee60a1-a17e-4f86-96a5-c419acbe59a7/userFiles-d2b16b9f-efb0-4a6b-bbc4-dfdd3d93e314/org.checkerframework_checker-qual-3.31.0.jar
[2026-08-22T18:37:33.800+0000] {subprocess.py:93} INFO - 26/08/22 18:37:33 INFO Executor: Fetching file:///root/.ivy2/jars/org.postgresql_postgresql-42.6.0.jar with timestamp 1787423850483
[2026-08-22T18:37:33.803+0000] {subprocess.py:93} INFO - 26/08/22 18:37:33 INFO Utils: /root/.ivy2/jars/org.postgresql_postgresql-42.6.0.jar has been previously copied to /tmp/spark-a1ee60a1-a17e-4f86-96a5-c419acbe59a7/userFiles-d2b16b9f-efb0-4a6b-bbc4-dfdd3d93e314/org.postgresql_postgresql-42.6.0.jar
[2026-08-22T18:37:33.816+0000] {subprocess.py:93} INFO - 26/08/22 18:37:33 INFO Executor: Fetching spark://171e2e9810fc:33031/jars/org.postgresql_postgresql-42.6.0.jar with timestamp 1787423850483
[2026-08-22T18:37:33.954+0000] {subprocess.py:93} INFO - 26/08/22 18:37:33 INFO TransportClientFactory: Successfully created connection to 171e2e9810fc/172.20.0.6:33031 after 103 ms (0 ms spent in bootstraps)
[2026-08-22T18:37:33.976+0000] {subprocess.py:93} INFO - 26/08/22 18:37:33 INFO Utils: Fetching spark://171e2e9810fc:33031/jars/org.postgresql_postgresql-42.6.0.jar to /tmp/spark-a1ee60a1-a17e-4f86-96a5-c419acbe59a7/userFiles-d2b16b9f-efb0-4a6b-bbc4-dfdd3d93e314/fetchFileTemp7685915527918961598.tmp
[2026-08-22T18:37:34.106+0000] {subprocess.py:93} INFO - 26/08/22 18:37:34 INFO Utils: /tmp/spark-a1ee60a1-a17e-4f86-96a5-c419acbe59a7/userFiles-d2b16b9f-efb0-4a6b-bbc4-dfdd3d93e314/fetchFileTemp7685915527918961598.tmp has been previously copied to /tmp/spark-a1ee60a1-a17e-4f86-96a5-c419acbe59a7/userFiles-d2b16b9f-efb0-4a6b-bbc4-dfdd3d93e314/org.postgresql_postgresql-42.6.0.jar
[2026-08-22T18:37:34.115+0000] {subprocess.py:93} INFO - 26/08/22 18:37:34 INFO Executor: Adding file:/tmp/spark-a1ee60a1-a17e-4f86-96a5-c419acbe59a7/userFiles-d2b16b9f-efb0-4a6b-bbc4-dfdd3d93e314/org.postgresql_postgresql-42.6.0.jar to class loader
[2026-08-22T18:37:34.116+0000] {subprocess.py:93} INFO - 26/08/22 18:37:34 INFO Executor: Fetching spark://171e2e9810fc:33031/jars/org.checkerframework_checker-qual-3.31.0.jar with timestamp 1787423850483
[2026-08-22T18:37:34.118+0000] {subprocess.py:93} INFO - 26/08/22 18:37:34 INFO Utils: Fetching spark://171e2e9810fc:33031/jars/org.checkerframework_checker-qual-3.31.0.jar to /tmp/spark-a1ee60a1-a17e-4f86-96a5-c419acbe59a7/userFiles-d2b16b9f-efb0-4a6b-bbc4-dfdd3d93e314/fetchFileTemp8603272716890688713.tmp
[2026-08-22T18:37:34.127+0000] {subprocess.py:93} INFO - 26/08/22 18:37:34 INFO Utils: /tmp/spark-a1ee60a1-a17e-4f86-96a5-c419acbe59a7/userFiles-d2b16b9f-efb0-4a6b-bbc4-dfdd3d93e314/fetchFileTemp8603272716890688713.tmp has been previously copied to /tmp/spark-a1ee60a1-a17e-4f86-96a5-c419acbe59a7/userFiles-d2b16b9f-efb0-4a6b-bbc4-dfdd3d93e314/org.checkerframework_checker-qual-3.31.0.jar
[2026-08-22T18:37:34.134+0000] {subprocess.py:93} INFO - 26/08/22 18:37:34 INFO Executor: Adding file:/tmp/spark-a1ee60a1-a17e-4f86-96a5-c419acbe59a7/userFiles-d2b16b9f-efb0-4a6b-bbc4-dfdd3d93e314/org.checkerframework_checker-qual-3.31.0.jar to class loader
[2026-08-22T18:37:34.155+0000] {subprocess.py:93} INFO - 26/08/22 18:37:34 INFO Utils: Successfully started service 'org.apache.spark.network.netty.NettyBlockTransferService' on port 35689.
[2026-08-22T18:37:34.155+0000] {subprocess.py:93} INFO - 26/08/22 18:37:34 INFO NettyBlockTransferService: Server created on 171e2e9810fc:35689
[2026-08-22T18:37:34.163+0000] {subprocess.py:93} INFO - 26/08/22 18:37:34 INFO BlockManager: Using org.apache.spark.storage.RandomBlockReplicationPolicy for block replication policy
[2026-08-22T18:37:34.180+0000] {subprocess.py:93} INFO - 26/08/22 18:37:34 INFO BlockManagerMaster: Registering BlockManager BlockManagerId(driver, 171e2e9810fc, 35689, None)
[2026-08-22T18:37:34.188+0000] {subprocess.py:93} INFO - 26/08/22 18:37:34 INFO BlockManagerMasterEndpoint: Registering block manager 171e2e9810fc:35689 with 366.3 MiB RAM, BlockManagerId(driver, 171e2e9810fc, 35689, None)
[2026-08-22T18:37:34.203+0000] {subprocess.py:93} INFO - 26/08/22 18:37:34 INFO BlockManagerMaster: Registered BlockManager BlockManagerId(driver, 171e2e9810fc, 35689, None)
[2026-08-22T18:37:34.205+0000] {subprocess.py:93} INFO - 26/08/22 18:37:34 INFO BlockManager: Initialized BlockManager: BlockManagerId(driver, 171e2e9810fc, 35689, None)
[2026-08-22T18:37:35.191+0000] {subprocess.py:93} INFO - 26/08/22 18:37:35 INFO SharedState: Setting hive.metastore.warehouse.dir ('null') to the value of spark.sql.warehouse.dir.
[2026-08-22T18:37:35.195+0000] {subprocess.py:93} INFO - 26/08/22 18:37:35 INFO SharedState: Warehouse path is 'file:/spark-warehouse'.
[2026-08-22T18:37:37.684+0000] {subprocess.py:93} INFO - 26/08/22 18:37:37 INFO InMemoryFileIndex: It took 68 ms to list leaf files for 1 paths.
[2026-08-22T18:37:39.045+0000] {subprocess.py:93} INFO - 26/08/22 18:37:39 INFO SparkContext: Starting job: parquet at NativeMethodAccessorImpl.java:0
[2026-08-22T18:37:39.075+0000] {subprocess.py:93} INFO - 26/08/22 18:37:39 INFO DAGScheduler: Got job 0 (parquet at NativeMethodAccessorImpl.java:0) with 1 output partitions
[2026-08-22T18:37:39.077+0000] {subprocess.py:93} INFO - 26/08/22 18:37:39 INFO DAGScheduler: Final stage: ResultStage 0 (parquet at NativeMethodAccessorImpl.java:0)
[2026-08-22T18:37:39.077+0000] {subprocess.py:93} INFO - 26/08/22 18:37:39 INFO DAGScheduler: Parents of final stage: List()
[2026-08-22T18:37:39.080+0000] {subprocess.py:93} INFO - 26/08/22 18:37:39 INFO DAGScheduler: Missing parents: List()
[2026-08-22T18:37:39.089+0000] {subprocess.py:93} INFO - 26/08/22 18:37:39 INFO DAGScheduler: Submitting ResultStage 0 (MapPartitionsRDD[1] at parquet at NativeMethodAccessorImpl.java:0), which has no missing parents
[2026-08-22T18:37:39.252+0000] {subprocess.py:93} INFO - 26/08/22 18:37:39 INFO MemoryStore: Block broadcast_0 stored as values in memory (estimated size 103.8 KiB, free 366.2 MiB)
[2026-08-22T18:37:39.319+0000] {subprocess.py:93} INFO - 26/08/22 18:37:39 INFO MemoryStore: Block broadcast_0_piece0 stored as bytes in memory (estimated size 37.3 KiB, free 366.2 MiB)
[2026-08-22T18:37:39.326+0000] {subprocess.py:93} INFO - 26/08/22 18:37:39 INFO BlockManagerInfo: Added broadcast_0_piece0 in memory on 171e2e9810fc:35689 (size: 37.3 KiB, free: 366.3 MiB)
[2026-08-22T18:37:39.332+0000] {subprocess.py:93} INFO - 26/08/22 18:37:39 INFO SparkContext: Created broadcast 0 from broadcast at DAGScheduler.scala:1513
[2026-08-22T18:37:39.363+0000] {subprocess.py:93} INFO - 26/08/22 18:37:39 INFO DAGScheduler: Submitting 1 missing tasks from ResultStage 0 (MapPartitionsRDD[1] at parquet at NativeMethodAccessorImpl.java:0) (first 15 tasks are for partitions Vector(0))
[2026-08-22T18:37:39.365+0000] {subprocess.py:93} INFO - 26/08/22 18:37:39 INFO TaskSchedulerImpl: Adding task set 0.0 with 1 tasks resource profile 0
[2026-08-22T18:37:39.525+0000] {subprocess.py:93} INFO - 26/08/22 18:37:39 INFO TaskSetManager: Starting task 0.0 in stage 0.0 (TID 0) (171e2e9810fc, executor driver, partition 0, PROCESS_LOCAL, 4611 bytes) taskResourceAssignments Map()
[2026-08-22T18:37:39.560+0000] {subprocess.py:93} INFO - 26/08/22 18:37:39 INFO Executor: Running task 0.0 in stage 0.0 (TID 0)
[2026-08-22T18:37:41.199+0000] {subprocess.py:93} INFO - 26/08/22 18:37:41 INFO Executor: Finished task 0.0 in stage 0.0 (TID 0). 2613 bytes result sent to driver
[2026-08-22T18:37:41.231+0000] {subprocess.py:93} INFO - 26/08/22 18:37:41 INFO TaskSetManager: Finished task 0.0 in stage 0.0 (TID 0) in 1759 ms on 171e2e9810fc (executor driver) (1/1)
[2026-08-22T18:37:41.238+0000] {subprocess.py:93} INFO - 26/08/22 18:37:41 INFO TaskSchedulerImpl: Removed TaskSet 0.0, whose tasks have all completed, from pool
[2026-08-22T18:37:41.259+0000] {subprocess.py:93} INFO - 26/08/22 18:37:41 INFO DAGScheduler: ResultStage 0 (parquet at NativeMethodAccessorImpl.java:0) finished in 2.136 s
[2026-08-22T18:37:41.281+0000] {subprocess.py:93} INFO - 26/08/22 18:37:41 INFO DAGScheduler: Job 0 is finished. Cancelling potential speculative or zombie tasks for this job
[2026-08-22T18:37:41.283+0000] {subprocess.py:93} INFO - 26/08/22 18:37:41 INFO TaskSchedulerImpl: Killing all running tasks in stage 0: Stage finished
[2026-08-22T18:37:41.290+0000] {subprocess.py:93} INFO - 26/08/22 18:37:41 INFO DAGScheduler: Job 0 finished: parquet at NativeMethodAccessorImpl.java:0, took 2.242735 s
[2026-08-22T18:37:42.116+0000] {subprocess.py:93} INFO - 26/08/22 18:37:42 INFO BlockManagerInfo: Removed broadcast_0_piece0 on 171e2e9810fc:35689 in memory (size: 37.3 KiB, free: 366.3 MiB)
[2026-08-22T18:37:47.585+0000] {subprocess.py:93} INFO - 26/08/22 18:37:47 INFO FileSourceStrategy: Pushed Filters:
[2026-08-22T18:37:47.587+0000] {subprocess.py:93} INFO - 26/08/22 18:37:47 INFO FileSourceStrategy: Post-Scan Filters:
[2026-08-22T18:37:47.590+0000] {subprocess.py:93} INFO - 26/08/22 18:37:47 INFO FileSourceStrategy: Output Data Schema: struct<snippet: struct<topLevelComment: struct<id: string>>>
[2026-08-22T18:37:47.931+0000] {subprocess.py:93} INFO - 26/08/22 18:37:47 INFO HashAggregateExec: spark.sql.codegen.aggregate.map.twolevel.enabled is set to true, but current version of codegened fast hashmap does not support this aggregate.
[2026-08-22T18:37:48.678+0000] {subprocess.py:93} INFO - 26/08/22 18:37:48 INFO CodeGenerator: Code generated in 578.898071 ms
[2026-08-22T18:37:48.776+0000] {subprocess.py:93} INFO - 26/08/22 18:37:48 INFO MemoryStore: Block broadcast_1 stored as values in memory (estimated size 356.6 KiB, free 366.0 MiB)
[2026-08-22T18:37:48.812+0000] {subprocess.py:93} INFO - 26/08/22 18:37:48 INFO MemoryStore: Block broadcast_1_piece0 stored as bytes in memory (estimated size 35.2 KiB, free 365.9 MiB)
[2026-08-22T18:37:48.817+0000] {subprocess.py:93} INFO - 26/08/22 18:37:48 INFO BlockManagerInfo: Added broadcast_1_piece0 in memory on 171e2e9810fc:35689 (size: 35.2 KiB, free: 366.3 MiB)
[2026-08-22T18:37:48.823+0000] {subprocess.py:93} INFO - 26/08/22 18:37:48 INFO SparkContext: Created broadcast 1 from count at NativeMethodAccessorImpl.java:0
[2026-08-22T18:37:48.843+0000] {subprocess.py:93} INFO - 26/08/22 18:37:48 INFO FileSourceScanExec: Planning scan with bin packing, max size: 4194304 bytes, open cost is considered as scanning 4194304 bytes.
[2026-08-22T18:37:49.080+0000] {subprocess.py:93} INFO - 26/08/22 18:37:49 INFO DAGScheduler: Registering RDD 5 (count at NativeMethodAccessorImpl.java:0) as input to shuffle 0
[2026-08-22T18:37:49.090+0000] {subprocess.py:93} INFO - 26/08/22 18:37:49 INFO DAGScheduler: Got map stage job 1 (count at NativeMethodAccessorImpl.java:0) with 1 output partitions
[2026-08-22T18:37:49.091+0000] {subprocess.py:93} INFO - 26/08/22 18:37:49 INFO DAGScheduler: Final stage: ShuffleMapStage 1 (count at NativeMethodAccessorImpl.java:0)
[2026-08-22T18:37:49.091+0000] {subprocess.py:93} INFO - 26/08/22 18:37:49 INFO DAGScheduler: Parents of final stage: List()
[2026-08-22T18:37:49.092+0000] {subprocess.py:93} INFO - 26/08/22 18:37:49 INFO DAGScheduler: Missing parents: List()
[2026-08-22T18:37:49.098+0000] {subprocess.py:93} INFO - 26/08/22 18:37:49 INFO DAGScheduler: Submitting ShuffleMapStage 1 (MapPartitionsRDD[5] at count at NativeMethodAccessorImpl.java:0), which has no missing parents
[2026-08-22T18:37:49.139+0000] {subprocess.py:93} INFO - 26/08/22 18:37:49 INFO MemoryStore: Block broadcast_2 stored as values in memory (estimated size 28.8 KiB, free 365.9 MiB)
[2026-08-22T18:37:49.145+0000] {subprocess.py:93} INFO - 26/08/22 18:37:49 INFO MemoryStore: Block broadcast_2_piece0 stored as bytes in memory (estimated size 13.4 KiB, free 365.9 MiB)
[2026-08-22T18:37:49.146+0000] {subprocess.py:93} INFO - 26/08/22 18:37:49 INFO BlockManagerInfo: Added broadcast_2_piece0 in memory on 171e2e9810fc:35689 (size: 13.4 KiB, free: 366.3 MiB)
[2026-08-22T18:37:49.148+0000] {subprocess.py:93} INFO - 26/08/22 18:37:49 INFO SparkContext: Created broadcast 2 from broadcast at DAGScheduler.scala:1513
[2026-08-22T18:37:49.151+0000] {subprocess.py:93} INFO - 26/08/22 18:37:49 INFO DAGScheduler: Submitting 1 missing tasks from ShuffleMapStage 1 (MapPartitionsRDD[5] at count at NativeMethodAccessorImpl.java:0) (first 15 tasks are for partitions Vector(0))
[2026-08-22T18:37:49.152+0000] {subprocess.py:93} INFO - 26/08/22 18:37:49 INFO TaskSchedulerImpl: Adding task set 1.0 with 1 tasks resource profile 0
[2026-08-22T18:37:49.159+0000] {subprocess.py:93} INFO - 26/08/22 18:37:49 INFO TaskSetManager: Starting task 0.0 in stage 1.0 (TID 1) (171e2e9810fc, executor driver, partition 0, PROCESS_LOCAL, 4925 bytes) taskResourceAssignments Map()
[2026-08-22T18:37:49.160+0000] {subprocess.py:93} INFO - 26/08/22 18:37:49 INFO Executor: Running task 0.0 in stage 1.0 (TID 1)
[2026-08-22T18:37:49.610+0000] {subprocess.py:93} INFO - 26/08/22 18:37:49 INFO CodeGenerator: Code generated in 57.906857 ms
[2026-08-22T18:37:49.721+0000] {subprocess.py:93} INFO - 26/08/22 18:37:49 INFO CodeGenerator: Code generated in 81.887442 ms
[2026-08-22T18:37:49.777+0000] {subprocess.py:93} INFO - 26/08/22 18:37:49 INFO CodeGenerator: Code generated in 12.13825 ms
[2026-08-22T18:37:49.801+0000] {subprocess.py:93} INFO - 26/08/22 18:37:49 INFO CodeGenerator: Code generated in 16.133319 ms
[2026-08-22T18:37:49.819+0000] {subprocess.py:93} INFO - 26/08/22 18:37:49 INFO FileScanRDD: Reading File path: file:///tmp/spark_processing/aaf9f4ac-0949-44b3-9af7-2d444107a89d, range: 0-55047, partition values: [empty row]
[2026-08-22T18:37:50.602+0000] {subprocess.py:93} INFO - 26/08/22 18:37:50 INFO InternalParquetRecordReader: RecordReader initialized will read a total of 100 records.
[2026-08-22T18:37:50.613+0000] {subprocess.py:93} INFO - 26/08/22 18:37:50 INFO InternalParquetRecordReader: at row 0. reading next block
[2026-08-22T18:37:50.684+0000] {subprocess.py:93} INFO - 26/08/22 18:37:50 INFO InternalParquetRecordReader: block read in memory in 70 ms. row count = 100
[2026-08-22T18:37:51.315+0000] {subprocess.py:93} INFO - 26/08/22 18:37:51 INFO Executor: Finished task 0.0 in stage 1.0 (TID 1). 2813 bytes result sent to driver
[2026-08-22T18:37:51.321+0000] {subprocess.py:93} INFO - 26/08/22 18:37:51 INFO TaskSetManager: Finished task 0.0 in stage 1.0 (TID 1) in 2166 ms on 171e2e9810fc (executor driver) (1/1)
[2026-08-22T18:37:51.322+0000] {subprocess.py:93} INFO - 26/08/22 18:37:51 INFO TaskSchedulerImpl: Removed TaskSet 1.0, whose tasks have all completed, from pool
[2026-08-22T18:37:51.326+0000] {subprocess.py:93} INFO - 26/08/22 18:37:51 INFO DAGScheduler: ShuffleMapStage 1 (count at NativeMethodAccessorImpl.java:0) finished in 2.220 s
[2026-08-22T18:37:51.327+0000] {subprocess.py:93} INFO - 26/08/22 18:37:51 INFO DAGScheduler: looking for newly runnable stages
[2026-08-22T18:37:51.329+0000] {subprocess.py:93} INFO - 26/08/22 18:37:51 INFO DAGScheduler: running: Set()
[2026-08-22T18:37:51.330+0000] {subprocess.py:93} INFO - 26/08/22 18:37:51 INFO DAGScheduler: waiting: Set()
[2026-08-22T18:37:51.332+0000] {subprocess.py:93} INFO - 26/08/22 18:37:51 INFO DAGScheduler: failed: Set()
[2026-08-22T18:37:51.389+0000] {subprocess.py:93} INFO - 26/08/22 18:37:51 INFO ShufflePartitionsUtil: For shuffle(0), advisory target size: 67108864, actual target size 1048576, minimum partition size: 1048576
[2026-08-22T18:37:51.444+0000] {subprocess.py:93} INFO - 26/08/22 18:37:51 INFO HashAggregateExec: spark.sql.codegen.aggregate.map.twolevel.enabled is set to true, but current version of codegened fast hashmap does not support this aggregate.
[2026-08-22T18:37:51.514+0000] {subprocess.py:93} INFO - 26/08/22 18:37:51 INFO CodeGenerator: Code generated in 31.598723 ms
[2026-08-22T18:37:51.573+0000] {subprocess.py:93} INFO - 26/08/22 18:37:51 INFO DAGScheduler: Registering RDD 8 (count at NativeMethodAccessorImpl.java:0) as input to shuffle 1
[2026-08-22T18:37:51.574+0000] {subprocess.py:93} INFO - 26/08/22 18:37:51 INFO DAGScheduler: Got map stage job 2 (count at NativeMethodAccessorImpl.java:0) with 1 output partitions
[2026-08-22T18:37:51.575+0000] {subprocess.py:93} INFO - 26/08/22 18:37:51 INFO DAGScheduler: Final stage: ShuffleMapStage 3 (count at NativeMethodAccessorImpl.java:0)
[2026-08-22T18:37:51.576+0000] {subprocess.py:93} INFO - 26/08/22 18:37:51 INFO DAGScheduler: Parents of final stage: List(ShuffleMapStage 2)
[2026-08-22T18:37:51.576+0000] {subprocess.py:93} INFO - 26/08/22 18:37:51 INFO DAGScheduler: Missing parents: List()
[2026-08-22T18:37:51.579+0000] {subprocess.py:93} INFO - 26/08/22 18:37:51 INFO DAGScheduler: Submitting ShuffleMapStage 3 (MapPartitionsRDD[8] at count at NativeMethodAccessorImpl.java:0), which has no missing parents
[2026-08-22T18:37:51.614+0000] {subprocess.py:93} INFO - 26/08/22 18:37:51 INFO MemoryStore: Block broadcast_3 stored as values in memory (estimated size 36.5 KiB, free 365.8 MiB)
[2026-08-22T18:37:51.619+0000] {subprocess.py:93} INFO - 26/08/22 18:37:51 INFO MemoryStore: Block broadcast_3_piece0 stored as bytes in memory (estimated size 17.0 KiB, free 365.8 MiB)
[2026-08-22T18:37:51.620+0000] {subprocess.py:93} INFO - 26/08/22 18:37:51 INFO BlockManagerInfo: Added broadcast_3_piece0 in memory on 171e2e9810fc:35689 (size: 17.0 KiB, free: 366.2 MiB)
[2026-08-22T18:37:51.622+0000] {subprocess.py:93} INFO - 26/08/22 18:37:51 INFO SparkContext: Created broadcast 3 from broadcast at DAGScheduler.scala:1513
[2026-08-22T18:37:51.623+0000] {subprocess.py:93} INFO - 26/08/22 18:37:51 INFO DAGScheduler: Submitting 1 missing tasks from ShuffleMapStage 3 (MapPartitionsRDD[8] at count at NativeMethodAccessorImpl.java:0) (first 15 tasks are for partitions Vector(0))
[2026-08-22T18:37:51.625+0000] {subprocess.py:93} INFO - 26/08/22 18:37:51 INFO TaskSchedulerImpl: Adding task set 3.0 with 1 tasks resource profile 0
[2026-08-22T18:37:51.635+0000] {subprocess.py:93} INFO - 26/08/22 18:37:51 INFO TaskSetManager: Starting task 0.0 in stage 3.0 (TID 2) (171e2e9810fc, executor driver, partition 0, NODE_LOCAL, 4442 bytes) taskResourceAssignments Map()
[2026-08-22T18:37:51.636+0000] {subprocess.py:93} INFO - 26/08/22 18:37:51 INFO Executor: Running task 0.0 in stage 3.0 (TID 2)
[2026-08-22T18:37:51.719+0000] {subprocess.py:93} INFO - 26/08/22 18:37:51 INFO ShuffleBlockFetcherIterator: Getting 1 (8.2 KiB) non-empty blocks including 1 (8.2 KiB) local and 0 (0.0 B) host-local and 0 (0.0 B) push-merged-local and 0 (0.0 B) remote blocks
[2026-08-22T18:37:51.724+0000] {subprocess.py:93} INFO - 26/08/22 18:37:51 INFO ShuffleBlockFetcherIterator: Started 0 remote fetches in 26 ms
[2026-08-22T18:37:51.764+0000] {subprocess.py:93} INFO - 26/08/22 18:37:51 INFO Executor: Finished task 0.0 in stage 3.0 (TID 2). 4312 bytes result sent to driver
[2026-08-22T18:37:51.767+0000] {subprocess.py:93} INFO - 26/08/22 18:37:51 INFO TaskSetManager: Finished task 0.0 in stage 3.0 (TID 2) in 133 ms on 171e2e9810fc (executor driver) (1/1)
[2026-08-22T18:37:51.768+0000] {subprocess.py:93} INFO - 26/08/22 18:37:51 INFO TaskSchedulerImpl: Removed TaskSet 3.0, whose tasks have all completed, from pool
[2026-08-22T18:37:51.769+0000] {subprocess.py:93} INFO - 26/08/22 18:37:51 INFO DAGScheduler: ShuffleMapStage 3 (count at NativeMethodAccessorImpl.java:0) finished in 0.165 s
[2026-08-22T18:37:51.769+0000] {subprocess.py:93} INFO - 26/08/22 18:37:51 INFO DAGScheduler: looking for newly runnable stages
[2026-08-22T18:37:51.770+0000] {subprocess.py:93} INFO - 26/08/22 18:37:51 INFO DAGScheduler: running: Set()
[2026-08-22T18:37:51.771+0000] {subprocess.py:93} INFO - 26/08/22 18:37:51 INFO DAGScheduler: waiting: Set()
[2026-08-22T18:37:51.771+0000] {subprocess.py:93} INFO - 26/08/22 18:37:51 INFO DAGScheduler: failed: Set()
[2026-08-22T18:37:51.819+0000] {subprocess.py:93} INFO - 26/08/22 18:37:51 INFO CodeGenerator: Code generated in 20.163582 ms
[2026-08-22T18:37:51.844+0000] {subprocess.py:93} INFO - 26/08/22 18:37:51 INFO SparkContext: Starting job: count at NativeMethodAccessorImpl.java:0
[2026-08-22T18:37:51.847+0000] {subprocess.py:93} INFO - 26/08/22 18:37:51 INFO DAGScheduler: Got job 3 (count at NativeMethodAccessorImpl.java:0) with 1 output partitions
[2026-08-22T18:37:51.848+0000] {subprocess.py:93} INFO - 26/08/22 18:37:51 INFO DAGScheduler: Final stage: ResultStage 6 (count at NativeMethodAccessorImpl.java:0)
[2026-08-22T18:37:51.849+0000] {subprocess.py:93} INFO - 26/08/22 18:37:51 INFO DAGScheduler: Parents of final stage: List(ShuffleMapStage 5)
[2026-08-22T18:37:51.850+0000] {subprocess.py:93} INFO - 26/08/22 18:37:51 INFO DAGScheduler: Missing parents: List()
[2026-08-22T18:37:51.853+0000] {subprocess.py:93} INFO - 26/08/22 18:37:51 INFO DAGScheduler: Submitting ResultStage 6 (MapPartitionsRDD[11] at count at NativeMethodAccessorImpl.java:0), which has no missing parents
[2026-08-22T18:37:51.860+0000] {subprocess.py:93} INFO - 26/08/22 18:37:51 INFO MemoryStore: Block broadcast_4 stored as values in memory (estimated size 11.1 KiB, free 365.8 MiB)
[2026-08-22T18:37:51.863+0000] {subprocess.py:93} INFO - 26/08/22 18:37:51 INFO MemoryStore: Block broadcast_4_piece0 stored as bytes in memory (estimated size 5.5 KiB, free 365.8 MiB)
[2026-08-22T18:37:51.864+0000] {subprocess.py:93} INFO - 26/08/22 18:37:51 INFO BlockManagerInfo: Added broadcast_4_piece0 in memory on 171e2e9810fc:35689 (size: 5.5 KiB, free: 366.2 MiB)
[2026-08-22T18:37:51.868+0000] {subprocess.py:93} INFO - 26/08/22 18:37:51 INFO SparkContext: Created broadcast 4 from broadcast at DAGScheduler.scala:1513
[2026-08-22T18:37:51.869+0000] {subprocess.py:93} INFO - 26/08/22 18:37:51 INFO DAGScheduler: Submitting 1 missing tasks from ResultStage 6 (MapPartitionsRDD[11] at count at NativeMethodAccessorImpl.java:0) (first 15 tasks are for partitions Vector(0))
[2026-08-22T18:37:51.870+0000] {subprocess.py:93} INFO - 26/08/22 18:37:51 INFO TaskSchedulerImpl: Adding task set 6.0 with 1 tasks resource profile 0
[2026-08-22T18:37:51.874+0000] {subprocess.py:93} INFO - 26/08/22 18:37:51 INFO TaskSetManager: Starting task 0.0 in stage 6.0 (TID 3) (171e2e9810fc, executor driver, partition 0, NODE_LOCAL, 4453 bytes) taskResourceAssignments Map()
[2026-08-22T18:37:51.875+0000] {subprocess.py:93} INFO - 26/08/22 18:37:51 INFO Executor: Running task 0.0 in stage 6.0 (TID 3)
[2026-08-22T18:37:51.895+0000] {subprocess.py:93} INFO - 26/08/22 18:37:51 INFO ShuffleBlockFetcherIterator: Getting 1 (60.0 B) non-empty blocks including 1 (60.0 B) local and 0 (0.0 B) host-local and 0 (0.0 B) push-merged-local and 0 (0.0 B) remote blocks
[2026-08-22T18:37:51.895+0000] {subprocess.py:93} INFO - 26/08/22 18:37:51 INFO ShuffleBlockFetcherIterator: Started 0 remote fetches in 1 ms
[2026-08-22T18:37:51.903+0000] {subprocess.py:93} INFO - 26/08/22 18:37:51 INFO Executor: Finished task 0.0 in stage 6.0 (TID 3). 2656 bytes result sent to driver
[2026-08-22T18:37:51.908+0000] {subprocess.py:93} INFO - 26/08/22 18:37:51 INFO TaskSetManager: Finished task 0.0 in stage 6.0 (TID 3) in 36 ms on 171e2e9810fc (executor driver) (1/1)
[2026-08-22T18:37:51.909+0000] {subprocess.py:93} INFO - 26/08/22 18:37:51 INFO TaskSchedulerImpl: Removed TaskSet 6.0, whose tasks have all completed, from pool
[2026-08-22T18:37:51.910+0000] {subprocess.py:93} INFO - 26/08/22 18:37:51 INFO DAGScheduler: ResultStage 6 (count at NativeMethodAccessorImpl.java:0) finished in 0.055 s
[2026-08-22T18:37:51.911+0000] {subprocess.py:93} INFO - 26/08/22 18:37:51 INFO DAGScheduler: Job 3 is finished. Cancelling potential speculative or zombie tasks for this job
[2026-08-22T18:37:51.913+0000] {subprocess.py:93} INFO - 26/08/22 18:37:51 INFO TaskSchedulerImpl: Killing all running tasks in stage 6: Stage finished
[2026-08-22T18:37:51.913+0000] {subprocess.py:93} INFO - 26/08/22 18:37:51 INFO DAGScheduler: Job 3 finished: count at NativeMethodAccessorImpl.java:0, took 0.068207 s
[2026-08-22T18:37:51.924+0000] {subprocess.py:93} INFO - Unique comments in file after internal deduplication: 100
[2026-08-22T18:37:51.925+0000] {subprocess.py:93} INFO - Checking for existing records in PostgreSQL...
[2026-08-22T18:37:52.016+0000] {subprocess.py:93} INFO - 26/08/22 18:37:52 INFO FileSourceStrategy: Pushed Filters:
[2026-08-22T18:37:52.016+0000] {subprocess.py:93} INFO - 26/08/22 18:37:52 INFO FileSourceStrategy: Post-Scan Filters:
[2026-08-22T18:37:52.018+0000] {subprocess.py:93} INFO - 26/08/22 18:37:52 INFO FileSourceStrategy: Output Data Schema: struct<snippet: struct<topLevelComment: struct<id: string>>>
[2026-08-22T18:37:52.047+0000] {subprocess.py:93} INFO - 26/08/22 18:37:52 INFO HashAggregateExec: spark.sql.codegen.aggregate.map.twolevel.enabled is set to true, but current version of codegened fast hashmap does not support this aggregate.
[2026-08-22T18:37:52.071+0000] {subprocess.py:93} INFO - 26/08/22 18:37:52 INFO MemoryStore: Block broadcast_5 stored as values in memory (estimated size 356.6 KiB, free 365.5 MiB)
[2026-08-22T18:37:52.091+0000] {subprocess.py:93} INFO - 26/08/22 18:37:52 INFO MemoryStore: Block broadcast_5_piece0 stored as bytes in memory (estimated size 35.2 KiB, free 365.4 MiB)
[2026-08-22T18:37:52.092+0000] {subprocess.py:93} INFO - 26/08/22 18:37:52 INFO BlockManagerInfo: Added broadcast_5_piece0 in memory on 171e2e9810fc:35689 (size: 35.2 KiB, free: 366.2 MiB)
[2026-08-22T18:37:52.093+0000] {subprocess.py:93} INFO - 26/08/22 18:37:52 INFO SparkContext: Created broadcast 5 from collect at /app/batch_comments_cleanup.py:108
[2026-08-22T18:37:52.095+0000] {subprocess.py:93} INFO - 26/08/22 18:37:52 INFO FileSourceScanExec: Planning scan with bin packing, max size: 4194304 bytes, open cost is considered as scanning 4194304 bytes.
[2026-08-22T18:37:52.112+0000] {subprocess.py:93} INFO - 26/08/22 18:37:52 INFO DAGScheduler: Registering RDD 15 (collect at /app/batch_comments_cleanup.py:108) as input to shuffle 2
[2026-08-22T18:37:52.112+0000] {subprocess.py:93} INFO - 26/08/22 18:37:52 INFO DAGScheduler: Got map stage job 4 (collect at /app/batch_comments_cleanup.py:108) with 1 output partitions
[2026-08-22T18:37:52.113+0000] {subprocess.py:93} INFO - 26/08/22 18:37:52 INFO DAGScheduler: Final stage: ShuffleMapStage 7 (collect at /app/batch_comments_cleanup.py:108)
[2026-08-22T18:37:52.114+0000] {subprocess.py:93} INFO - 26/08/22 18:37:52 INFO DAGScheduler: Parents of final stage: List()
[2026-08-22T18:37:52.114+0000] {subprocess.py:93} INFO - 26/08/22 18:37:52 INFO DAGScheduler: Missing parents: List()
[2026-08-22T18:37:52.116+0000] {subprocess.py:93} INFO - 26/08/22 18:37:52 INFO DAGScheduler: Submitting ShuffleMapStage 7 (MapPartitionsRDD[15] at collect at /app/batch_comments_cleanup.py:108), which has no missing parents
[2026-08-22T18:37:52.129+0000] {subprocess.py:93} INFO - 26/08/22 18:37:52 INFO MemoryStore: Block broadcast_6 stored as values in memory (estimated size 28.8 KiB, free 365.4 MiB)
[2026-08-22T18:37:52.133+0000] {subprocess.py:93} INFO - 26/08/22 18:37:52 INFO MemoryStore: Block broadcast_6_piece0 stored as bytes in memory (estimated size 13.4 KiB, free 365.4 MiB)
[2026-08-22T18:37:52.135+0000] {subprocess.py:93} INFO - 26/08/22 18:37:52 INFO BlockManagerInfo: Added broadcast_6_piece0 in memory on 171e2e9810fc:35689 (size: 13.4 KiB, free: 366.2 MiB)
[2026-08-22T18:37:52.138+0000] {subprocess.py:93} INFO - 26/08/22 18:37:52 INFO SparkContext: Created broadcast 6 from broadcast at DAGScheduler.scala:1513
[2026-08-22T18:37:52.139+0000] {subprocess.py:93} INFO - 26/08/22 18:37:52 INFO DAGScheduler: Submitting 1 missing tasks from ShuffleMapStage 7 (MapPartitionsRDD[15] at collect at /app/batch_comments_cleanup.py:108) (first 15 tasks are for partitions Vector(0))
[2026-08-22T18:37:52.140+0000] {subprocess.py:93} INFO - 26/08/22 18:37:52 INFO TaskSchedulerImpl: Adding task set 7.0 with 1 tasks resource profile 0
[2026-08-22T18:37:52.144+0000] {subprocess.py:93} INFO - 26/08/22 18:37:52 INFO TaskSetManager: Starting task 0.0 in stage 7.0 (TID 4) (171e2e9810fc, executor driver, partition 0, PROCESS_LOCAL, 4925 bytes) taskResourceAssignments Map()
[2026-08-22T18:37:52.146+0000] {subprocess.py:93} INFO - 26/08/22 18:37:52 INFO Executor: Running task 0.0 in stage 7.0 (TID 4)
[2026-08-22T18:37:52.166+0000] {subprocess.py:93} INFO - 26/08/22 18:37:52 INFO FileScanRDD: Reading File path: file:///tmp/spark_processing/aaf9f4ac-0949-44b3-9af7-2d444107a89d, range: 0-55047, partition values: [empty row]
[2026-08-22T18:37:52.180+0000] {subprocess.py:93} INFO - 26/08/22 18:37:52 INFO InternalParquetRecordReader: RecordReader initialized will read a total of 100 records.
[2026-08-22T18:37:52.183+0000] {subprocess.py:93} INFO - 26/08/22 18:37:52 INFO InternalParquetRecordReader: at row 0. reading next block
[2026-08-22T18:37:52.184+0000] {subprocess.py:93} INFO - 26/08/22 18:37:52 INFO InternalParquetRecordReader: block read in memory in 0 ms. row count = 100
[2026-08-22T18:37:52.280+0000] {subprocess.py:93} INFO - 26/08/22 18:37:52 INFO Executor: Finished task 0.0 in stage 7.0 (TID 4). 2727 bytes result sent to driver
[2026-08-22T18:37:52.284+0000] {subprocess.py:93} INFO - 26/08/22 18:37:52 INFO TaskSetManager: Finished task 0.0 in stage 7.0 (TID 4) in 140 ms on 171e2e9810fc (executor driver) (1/1)
[2026-08-22T18:37:52.286+0000] {subprocess.py:93} INFO - 26/08/22 18:37:52 INFO TaskSchedulerImpl: Removed TaskSet 7.0, whose tasks have all completed, from pool
[2026-08-22T18:37:52.288+0000] {subprocess.py:93} INFO - 26/08/22 18:37:52 INFO DAGScheduler: ShuffleMapStage 7 (collect at /app/batch_comments_cleanup.py:108) finished in 0.167 s
[2026-08-22T18:37:52.292+0000] {subprocess.py:93} INFO - 26/08/22 18:37:52 INFO DAGScheduler: looking for newly runnable stages
[2026-08-22T18:37:52.293+0000] {subprocess.py:93} INFO - 26/08/22 18:37:52 INFO DAGScheduler: running: Set()
[2026-08-22T18:37:52.294+0000] {subprocess.py:93} INFO - 26/08/22 18:37:52 INFO DAGScheduler: waiting: Set()
[2026-08-22T18:37:52.295+0000] {subprocess.py:93} INFO - 26/08/22 18:37:52 INFO DAGScheduler: failed: Set()
[2026-08-22T18:37:52.299+0000] {subprocess.py:93} INFO - 26/08/22 18:37:52 INFO ShufflePartitionsUtil: For shuffle(2), advisory target size: 67108864, actual target size 1048576, minimum partition size: 1048576
[2026-08-22T18:37:52.317+0000] {subprocess.py:93} INFO - 26/08/22 18:37:52 INFO HashAggregateExec: spark.sql.codegen.aggregate.map.twolevel.enabled is set to true, but current version of codegened fast hashmap does not support this aggregate.
[2026-08-22T18:37:52.349+0000] {subprocess.py:93} INFO - 26/08/22 18:37:52 INFO CodeGenerator: Code generated in 23.177767 ms
[2026-08-22T18:37:52.370+0000] {subprocess.py:93} INFO - 26/08/22 18:37:52 INFO SparkContext: Starting job: collect at /app/batch_comments_cleanup.py:108
[2026-08-22T18:37:52.373+0000] {subprocess.py:93} INFO - 26/08/22 18:37:52 INFO DAGScheduler: Got job 5 (collect at /app/batch_comments_cleanup.py:108) with 1 output partitions
[2026-08-22T18:37:52.374+0000] {subprocess.py:93} INFO - 26/08/22 18:37:52 INFO DAGScheduler: Final stage: ResultStage 9 (collect at /app/batch_comments_cleanup.py:108)
[2026-08-22T18:37:52.375+0000] {subprocess.py:93} INFO - 26/08/22 18:37:52 INFO DAGScheduler: Parents of final stage: List(ShuffleMapStage 8)
[2026-08-22T18:37:52.376+0000] {subprocess.py:93} INFO - 26/08/22 18:37:52 INFO DAGScheduler: Missing parents: List()
[2026-08-22T18:37:52.378+0000] {subprocess.py:93} INFO - 26/08/22 18:37:52 INFO DAGScheduler: Submitting ResultStage 9 (MapPartitionsRDD[18] at collect at /app/batch_comments_cleanup.py:108), which has no missing parents
[2026-08-22T18:37:52.393+0000] {subprocess.py:93} INFO - 26/08/22 18:37:52 INFO MemoryStore: Block broadcast_7 stored as values in memory (estimated size 32.6 KiB, free 365.4 MiB)
[2026-08-22T18:37:52.396+0000] {subprocess.py:93} INFO - 26/08/22 18:37:52 INFO MemoryStore: Block broadcast_7_piece0 stored as bytes in memory (estimated size 15.0 KiB, free 365.3 MiB)
[2026-08-22T18:37:52.397+0000] {subprocess.py:93} INFO - 26/08/22 18:37:52 INFO BlockManagerInfo: Added broadcast_7_piece0 in memory on 171e2e9810fc:35689 (size: 15.0 KiB, free: 366.2 MiB)
[2026-08-22T18:37:52.398+0000] {subprocess.py:93} INFO - 26/08/22 18:37:52 INFO SparkContext: Created broadcast 7 from broadcast at DAGScheduler.scala:1513
[2026-08-22T18:37:52.400+0000] {subprocess.py:93} INFO - 26/08/22 18:37:52 INFO DAGScheduler: Submitting 1 missing tasks from ResultStage 9 (MapPartitionsRDD[18] at collect at /app/batch_comments_cleanup.py:108) (first 15 tasks are for partitions Vector(0))
[2026-08-22T18:37:52.400+0000] {subprocess.py:93} INFO - 26/08/22 18:37:52 INFO TaskSchedulerImpl: Adding task set 9.0 with 1 tasks resource profile 0
[2026-08-22T18:37:52.404+0000] {subprocess.py:93} INFO - 26/08/22 18:37:52 INFO TaskSetManager: Starting task 0.0 in stage 9.0 (TID 5) (171e2e9810fc, executor driver, partition 0, NODE_LOCAL, 4453 bytes) taskResourceAssignments Map()
[2026-08-22T18:37:52.405+0000] {subprocess.py:93} INFO - 26/08/22 18:37:52 INFO Executor: Running task 0.0 in stage 9.0 (TID 5)
[2026-08-22T18:37:52.421+0000] {subprocess.py:93} INFO - 26/08/22 18:37:52 INFO ShuffleBlockFetcherIterator: Getting 1 (8.2 KiB) non-empty blocks including 1 (8.2 KiB) local and 0 (0.0 B) host-local and 0 (0.0 B) push-merged-local and 0 (0.0 B) remote blocks
[2026-08-22T18:37:52.422+0000] {subprocess.py:93} INFO - 26/08/22 18:37:52 INFO ShuffleBlockFetcherIterator: Started 0 remote fetches in 1 ms
[2026-08-22T18:37:52.440+0000] {subprocess.py:93} INFO - 26/08/22 18:37:52 INFO Executor: Finished task 0.0 in stage 9.0 (TID 5). 5893 bytes result sent to driver
[2026-08-22T18:37:52.444+0000] {subprocess.py:93} INFO - 26/08/22 18:37:52 INFO TaskSetManager: Finished task 0.0 in stage 9.0 (TID 5) in 39 ms on 171e2e9810fc (executor driver) (1/1)
[2026-08-22T18:37:52.446+0000] {subprocess.py:93} INFO - 26/08/22 18:37:52 INFO TaskSchedulerImpl: Removed TaskSet 9.0, whose tasks have all completed, from pool
[2026-08-22T18:37:52.446+0000] {subprocess.py:93} INFO - 26/08/22 18:37:52 INFO DAGScheduler: ResultStage 9 (collect at /app/batch_comments_cleanup.py:108) finished in 0.056 s
[2026-08-22T18:37:52.447+0000] {subprocess.py:93} INFO - 26/08/22 18:37:52 INFO DAGScheduler: Job 5 is finished. Cancelling potential speculative or zombie tasks for this job
[2026-08-22T18:37:52.448+0000] {subprocess.py:93} INFO - 26/08/22 18:37:52 INFO TaskSchedulerImpl: Killing all running tasks in stage 9: Stage finished
[2026-08-22T18:37:52.449+0000] {subprocess.py:93} INFO - 26/08/22 18:37:52 INFO DAGScheduler: Job 5 finished: collect at /app/batch_comments_cleanup.py:108, took 0.076679 s
[2026-08-22T18:37:53.490+0000] {subprocess.py:93} INFO - 26/08/22 18:37:53 INFO FileSourceStrategy: Pushed Filters:
[2026-08-22T18:37:53.491+0000] {subprocess.py:93} INFO - 26/08/22 18:37:53 INFO FileSourceStrategy: Post-Scan Filters:
[2026-08-22T18:37:53.491+0000] {subprocess.py:93} INFO - 26/08/22 18:37:53 INFO FileSourceStrategy: Output Data Schema: struct<snippet: struct<topLevelComment: struct<id: string>>>
[2026-08-22T18:37:53.633+0000] {subprocess.py:93} INFO - 26/08/22 18:37:53 INFO HashAggregateExec: spark.sql.codegen.aggregate.map.twolevel.enabled is set to true, but current version of codegened fast hashmap does not support this aggregate.
[2026-08-22T18:37:53.645+0000] {subprocess.py:93} INFO - 26/08/22 18:37:53 INFO MemoryStore: Block broadcast_8 stored as values in memory (estimated size 356.6 KiB, free 365.0 MiB)
[2026-08-22T18:37:53.662+0000] {subprocess.py:93} INFO - 26/08/22 18:37:53 INFO MemoryStore: Block broadcast_8_piece0 stored as bytes in memory (estimated size 35.2 KiB, free 365.0 MiB)
[2026-08-22T18:37:53.663+0000] {subprocess.py:93} INFO - 26/08/22 18:37:53 INFO BlockManagerInfo: Added broadcast_8_piece0 in memory on 171e2e9810fc:35689 (size: 35.2 KiB, free: 366.1 MiB)
[2026-08-22T18:37:53.665+0000] {subprocess.py:93} INFO - 26/08/22 18:37:53 INFO SparkContext: Created broadcast 8 from count at NativeMethodAccessorImpl.java:0
[2026-08-22T18:37:53.669+0000] {subprocess.py:93} INFO - 26/08/22 18:37:53 INFO FileSourceScanExec: Planning scan with bin packing, max size: 4194304 bytes, open cost is considered as scanning 4194304 bytes.
[2026-08-22T18:37:53.682+0000] {subprocess.py:93} INFO - 26/08/22 18:37:53 INFO DAGScheduler: Registering RDD 23 (count at NativeMethodAccessorImpl.java:0) as input to shuffle 3
[2026-08-22T18:37:53.682+0000] {subprocess.py:93} INFO - 26/08/22 18:37:53 INFO DAGScheduler: Got map stage job 6 (count at NativeMethodAccessorImpl.java:0) with 1 output partitions
[2026-08-22T18:37:53.683+0000] {subprocess.py:93} INFO - 26/08/22 18:37:53 INFO DAGScheduler: Final stage: ShuffleMapStage 10 (count at NativeMethodAccessorImpl.java:0)
[2026-08-22T18:37:53.683+0000] {subprocess.py:93} INFO - 26/08/22 18:37:53 INFO DAGScheduler: Parents of final stage: List()
[2026-08-22T18:37:53.684+0000] {subprocess.py:93} INFO - 26/08/22 18:37:53 INFO DAGScheduler: Missing parents: List()
[2026-08-22T18:37:53.687+0000] {subprocess.py:93} INFO - 26/08/22 18:37:53 INFO DAGScheduler: Submitting ShuffleMapStage 10 (MapPartitionsRDD[23] at count at NativeMethodAccessorImpl.java:0), which has no missing parents
[2026-08-22T18:37:53.702+0000] {subprocess.py:93} INFO - 26/08/22 18:37:53 INFO MemoryStore: Block broadcast_9 stored as values in memory (estimated size 28.8 KiB, free 364.9 MiB)
[2026-08-22T18:37:53.705+0000] {subprocess.py:93} INFO - 26/08/22 18:37:53 INFO MemoryStore: Block broadcast_9_piece0 stored as bytes in memory (estimated size 13.4 KiB, free 364.9 MiB)
[2026-08-22T18:37:53.705+0000] {subprocess.py:93} INFO - 26/08/22 18:37:53 INFO BlockManagerInfo: Added broadcast_9_piece0 in memory on 171e2e9810fc:35689 (size: 13.4 KiB, free: 366.1 MiB)
[2026-08-22T18:37:53.706+0000] {subprocess.py:93} INFO - 26/08/22 18:37:53 INFO SparkContext: Created broadcast 9 from broadcast at DAGScheduler.scala:1513
[2026-08-22T18:37:53.707+0000] {subprocess.py:93} INFO - 26/08/22 18:37:53 INFO DAGScheduler: Submitting 1 missing tasks from ShuffleMapStage 10 (MapPartitionsRDD[23] at count at NativeMethodAccessorImpl.java:0) (first 15 tasks are for partitions Vector(0))
[2026-08-22T18:37:53.710+0000] {subprocess.py:93} INFO - 26/08/22 18:37:53 INFO TaskSchedulerImpl: Adding task set 10.0 with 1 tasks resource profile 0
[2026-08-22T18:37:53.711+0000] {subprocess.py:93} INFO - 26/08/22 18:37:53 INFO TaskSetManager: Starting task 0.0 in stage 10.0 (TID 6) (171e2e9810fc, executor driver, partition 0, PROCESS_LOCAL, 4925 bytes) taskResourceAssignments Map()
[2026-08-22T18:37:53.715+0000] {subprocess.py:93} INFO - 26/08/22 18:37:53 INFO Executor: Running task 0.0 in stage 10.0 (TID 6)
[2026-08-22T18:37:53.716+0000] {subprocess.py:93} INFO - 26/08/22 18:37:53 INFO CodeGenerator: Code generated in 26.35153 ms
[2026-08-22T18:37:53.723+0000] {subprocess.py:93} INFO - 26/08/22 18:37:53 INFO DAGScheduler: Registering RDD 25 (count at NativeMethodAccessorImpl.java:0) as input to shuffle 4
[2026-08-22T18:37:53.725+0000] {subprocess.py:93} INFO - 26/08/22 18:37:53 INFO DAGScheduler: Got map stage job 7 (count at NativeMethodAccessorImpl.java:0) with 1 output partitions
[2026-08-22T18:37:53.725+0000] {subprocess.py:93} INFO - 26/08/22 18:37:53 INFO DAGScheduler: Final stage: ShuffleMapStage 11 (count at NativeMethodAccessorImpl.java:0)
[2026-08-22T18:37:53.726+0000] {subprocess.py:93} INFO - 26/08/22 18:37:53 INFO DAGScheduler: Parents of final stage: List()
[2026-08-22T18:37:53.727+0000] {subprocess.py:93} INFO - 26/08/22 18:37:53 INFO DAGScheduler: Missing parents: List()
[2026-08-22T18:37:53.732+0000] {subprocess.py:93} INFO - 26/08/22 18:37:53 INFO DAGScheduler: Submitting ShuffleMapStage 11 (MapPartitionsRDD[25] at count at NativeMethodAccessorImpl.java:0), which has no missing parents
[2026-08-22T18:37:53.743+0000] {subprocess.py:93} INFO - 26/08/22 18:37:53 INFO FileScanRDD: Reading File path: file:///tmp/spark_processing/aaf9f4ac-0949-44b3-9af7-2d444107a89d, range: 0-55047, partition values: [empty row]
[2026-08-22T18:37:53.764+0000] {subprocess.py:93} INFO - 26/08/22 18:37:53 INFO InternalParquetRecordReader: RecordReader initialized will read a total of 100 records.
[2026-08-22T18:37:53.773+0000] {subprocess.py:93} INFO - 26/08/22 18:37:53 INFO MemoryStore: Block broadcast_10 stored as values in memory (estimated size 15.9 KiB, free 364.6 MiB)
[2026-08-22T18:37:53.774+0000] {subprocess.py:93} INFO - 26/08/22 18:37:53 INFO InternalParquetRecordReader: at row 0. reading next block
[2026-08-22T18:37:53.775+0000] {subprocess.py:93} INFO - 26/08/22 18:37:53 INFO InternalParquetRecordReader: block read in memory in 0 ms. row count = 100
[2026-08-22T18:37:53.777+0000] {subprocess.py:93} INFO - 26/08/22 18:37:53 INFO MemoryStore: Block broadcast_10_piece0 stored as bytes in memory (estimated size 9.0 KiB, free 362.6 MiB)
[2026-08-22T18:37:53.778+0000] {subprocess.py:93} INFO - 26/08/22 18:37:53 INFO BlockManagerInfo: Added broadcast_10_piece0 in memory on 171e2e9810fc:35689 (size: 9.0 KiB, free: 366.1 MiB)
[2026-08-22T18:37:53.779+0000] {subprocess.py:93} INFO - 26/08/22 18:37:53 INFO SparkContext: Created broadcast 10 from broadcast at DAGScheduler.scala:1513
[2026-08-22T18:37:53.779+0000] {subprocess.py:93} INFO - 26/08/22 18:37:53 INFO DAGScheduler: Submitting 1 missing tasks from ShuffleMapStage 11 (MapPartitionsRDD[25] at count at NativeMethodAccessorImpl.java:0) (first 15 tasks are for partitions Vector(0))
[2026-08-22T18:37:53.781+0000] {subprocess.py:93} INFO - 26/08/22 18:37:53 INFO TaskSchedulerImpl: Adding task set 11.0 with 1 tasks resource profile 0
[2026-08-22T18:37:53.785+0000] {subprocess.py:93} INFO - 26/08/22 18:37:53 INFO TaskSetManager: Starting task 0.0 in stage 11.0 (TID 7) (171e2e9810fc, executor driver, partition 0, PROCESS_LOCAL, 4288 bytes) taskResourceAssignments Map()
[2026-08-22T18:37:53.790+0000] {subprocess.py:93} INFO - 26/08/22 18:37:53 INFO Executor: Running task 0.0 in stage 11.0 (TID 7)
[2026-08-22T18:37:53.912+0000] {subprocess.py:93} INFO - 26/08/22 18:37:53 INFO Executor: Finished task 0.0 in stage 10.0 (TID 6). 2727 bytes result sent to driver
[2026-08-22T18:37:53.919+0000] {subprocess.py:93} INFO - 26/08/22 18:37:53 INFO TaskSetManager: Finished task 0.0 in stage 10.0 (TID 6) in 206 ms on 171e2e9810fc (executor driver) (1/1)
[2026-08-22T18:37:53.920+0000] {subprocess.py:93} INFO - 26/08/22 18:37:53 INFO TaskSchedulerImpl: Removed TaskSet 10.0, whose tasks have all completed, from pool
[2026-08-22T18:37:53.921+0000] {subprocess.py:93} INFO - 26/08/22 18:37:53 INFO DAGScheduler: ShuffleMapStage 10 (count at NativeMethodAccessorImpl.java:0) finished in 0.232 s
[2026-08-22T18:37:53.921+0000] {subprocess.py:93} INFO - 26/08/22 18:37:53 INFO DAGScheduler: looking for newly runnable stages
[2026-08-22T18:37:53.923+0000] {subprocess.py:93} INFO - 26/08/22 18:37:53 INFO DAGScheduler: running: Set(ShuffleMapStage 11)
[2026-08-22T18:37:53.923+0000] {subprocess.py:93} INFO - 26/08/22 18:37:53 INFO DAGScheduler: waiting: Set()
[2026-08-22T18:37:53.924+0000] {subprocess.py:93} INFO - 26/08/22 18:37:53 INFO DAGScheduler: failed: Set()
[2026-08-22T18:37:53.926+0000] {subprocess.py:93} INFO - 26/08/22 18:37:53 INFO JDBCRDD: closed connection
[2026-08-22T18:37:53.931+0000] {subprocess.py:93} INFO - 26/08/22 18:37:53 INFO Executor: Finished task 0.0 in stage 11.0 (TID 7). 1770 bytes result sent to driver
[2026-08-22T18:37:53.933+0000] {subprocess.py:93} INFO - 26/08/22 18:37:53 INFO TaskSetManager: Finished task 0.0 in stage 11.0 (TID 7) in 149 ms on 171e2e9810fc (executor driver) (1/1)
[2026-08-22T18:37:53.935+0000] {subprocess.py:93} INFO - 26/08/22 18:37:53 INFO TaskSchedulerImpl: Removed TaskSet 11.0, whose tasks have all completed, from pool
[2026-08-22T18:37:53.935+0000] {subprocess.py:93} INFO - 26/08/22 18:37:53 INFO DAGScheduler: ShuffleMapStage 11 (count at NativeMethodAccessorImpl.java:0) finished in 0.201 s
[2026-08-22T18:37:53.937+0000] {subprocess.py:93} INFO - 26/08/22 18:37:53 INFO DAGScheduler: looking for newly runnable stages
[2026-08-22T18:37:53.938+0000] {subprocess.py:93} INFO - 26/08/22 18:37:53 INFO DAGScheduler: running: Set()
[2026-08-22T18:37:53.939+0000] {subprocess.py:93} INFO - 26/08/22 18:37:53 INFO DAGScheduler: waiting: Set()
[2026-08-22T18:37:53.939+0000] {subprocess.py:93} INFO - 26/08/22 18:37:53 INFO DAGScheduler: failed: Set()
[2026-08-22T18:37:53.971+0000] {subprocess.py:93} INFO - 26/08/22 18:37:53 INFO ShufflePartitionsUtil: For shuffle(3), advisory target size: 67108864, actual target size 1048576, minimum partition size: 1048576
[2026-08-22T18:37:53.987+0000] {subprocess.py:93} INFO - 26/08/22 18:37:53 INFO HashAggregateExec: spark.sql.codegen.aggregate.map.twolevel.enabled is set to true, but current version of codegened fast hashmap does not support this aggregate.
[2026-08-22T18:37:54.023+0000] {subprocess.py:93} INFO - 26/08/22 18:37:54 INFO CodeGenerator: Code generated in 27.548101 ms
[2026-08-22T18:37:54.034+0000] {subprocess.py:93} INFO - 26/08/22 18:37:54 INFO DAGScheduler: Registering RDD 28 (count at NativeMethodAccessorImpl.java:0) as input to shuffle 5
[2026-08-22T18:37:54.034+0000] {subprocess.py:93} INFO - 26/08/22 18:37:54 INFO DAGScheduler: Got map stage job 8 (count at NativeMethodAccessorImpl.java:0) with 1 output partitions
[2026-08-22T18:37:54.035+0000] {subprocess.py:93} INFO - 26/08/22 18:37:54 INFO DAGScheduler: Final stage: ShuffleMapStage 13 (count at NativeMethodAccessorImpl.java:0)
[2026-08-22T18:37:54.035+0000] {subprocess.py:93} INFO - 26/08/22 18:37:54 INFO DAGScheduler: Parents of final stage: List(ShuffleMapStage 12)
[2026-08-22T18:37:54.036+0000] {subprocess.py:93} INFO - 26/08/22 18:37:54 INFO DAGScheduler: Missing parents: List()
[2026-08-22T18:37:54.037+0000] {subprocess.py:93} INFO - 26/08/22 18:37:54 INFO DAGScheduler: Submitting ShuffleMapStage 13 (MapPartitionsRDD[28] at count at NativeMethodAccessorImpl.java:0), which has no missing parents
[2026-08-22T18:37:54.050+0000] {subprocess.py:93} INFO - 26/08/22 18:37:54 INFO MemoryStore: Block broadcast_11 stored as values in memory (estimated size 36.8 KiB, free 364.9 MiB)
[2026-08-22T18:37:54.053+0000] {subprocess.py:93} INFO - 26/08/22 18:37:54 INFO MemoryStore: Block broadcast_11_piece0 stored as bytes in memory (estimated size 17.1 KiB, free 364.8 MiB)
[2026-08-22T18:37:54.054+0000] {subprocess.py:93} INFO - 26/08/22 18:37:54 INFO BlockManagerInfo: Added broadcast_11_piece0 in memory on 171e2e9810fc:35689 (size: 17.1 KiB, free: 366.1 MiB)
[2026-08-22T18:37:54.055+0000] {subprocess.py:93} INFO - 26/08/22 18:37:54 INFO SparkContext: Created broadcast 11 from broadcast at DAGScheduler.scala:1513
[2026-08-22T18:37:54.056+0000] {subprocess.py:93} INFO - 26/08/22 18:37:54 INFO DAGScheduler: Submitting 1 missing tasks from ShuffleMapStage 13 (MapPartitionsRDD[28] at count at NativeMethodAccessorImpl.java:0) (first 15 tasks are for partitions Vector(0))
[2026-08-22T18:37:54.057+0000] {subprocess.py:93} INFO - 26/08/22 18:37:54 INFO TaskSchedulerImpl: Adding task set 13.0 with 1 tasks resource profile 0
[2026-08-22T18:37:54.060+0000] {subprocess.py:93} INFO - 26/08/22 18:37:54 INFO TaskSetManager: Starting task 0.0 in stage 13.0 (TID 8) (171e2e9810fc, executor driver, partition 0, NODE_LOCAL, 4442 bytes) taskResourceAssignments Map()
[2026-08-22T18:37:54.061+0000] {subprocess.py:93} INFO - 26/08/22 18:37:54 INFO Executor: Running task 0.0 in stage 13.0 (TID 8)
[2026-08-22T18:37:54.078+0000] {subprocess.py:93} INFO - 26/08/22 18:37:54 INFO ShuffleBlockFetcherIterator: Getting 1 (8.2 KiB) non-empty blocks including 1 (8.2 KiB) local and 0 (0.0 B) host-local and 0 (0.0 B) push-merged-local and 0 (0.0 B) remote blocks
[2026-08-22T18:37:54.080+0000] {subprocess.py:93} INFO - 26/08/22 18:37:54 INFO ShuffleBlockFetcherIterator: Started 0 remote fetches in 2 ms
[2026-08-22T18:37:54.099+0000] {subprocess.py:93} INFO - 26/08/22 18:37:54 INFO Executor: Finished task 0.0 in stage 13.0 (TID 8). 4312 bytes result sent to driver
[2026-08-22T18:37:54.102+0000] {subprocess.py:93} INFO - 26/08/22 18:37:54 INFO TaskSetManager: Finished task 0.0 in stage 13.0 (TID 8) in 43 ms on 171e2e9810fc (executor driver) (1/1)
[2026-08-22T18:37:54.103+0000] {subprocess.py:93} INFO - 26/08/22 18:37:54 INFO TaskSchedulerImpl: Removed TaskSet 13.0, whose tasks have all completed, from pool
[2026-08-22T18:37:54.105+0000] {subprocess.py:93} INFO - 26/08/22 18:37:54 INFO DAGScheduler: ShuffleMapStage 13 (count at NativeMethodAccessorImpl.java:0) finished in 0.057 s
[2026-08-22T18:37:54.106+0000] {subprocess.py:93} INFO - 26/08/22 18:37:54 INFO DAGScheduler: looking for newly runnable stages
[2026-08-22T18:37:54.107+0000] {subprocess.py:93} INFO - 26/08/22 18:37:54 INFO DAGScheduler: running: Set()
[2026-08-22T18:37:54.108+0000] {subprocess.py:93} INFO - 26/08/22 18:37:54 INFO DAGScheduler: waiting: Set()
[2026-08-22T18:37:54.109+0000] {subprocess.py:93} INFO - 26/08/22 18:37:54 INFO DAGScheduler: failed: Set()
[2026-08-22T18:37:54.138+0000] {subprocess.py:93} INFO - 26/08/22 18:37:54 INFO CodeGenerator: Code generated in 16.620757 ms
[2026-08-22T18:37:54.161+0000] {subprocess.py:93} INFO - 26/08/22 18:37:54 INFO SparkContext: Starting job: count at NativeMethodAccessorImpl.java:0
[2026-08-22T18:37:54.165+0000] {subprocess.py:93} INFO - 26/08/22 18:37:54 INFO DAGScheduler: Got job 9 (count at NativeMethodAccessorImpl.java:0) with 1 output partitions
[2026-08-22T18:37:54.166+0000] {subprocess.py:93} INFO - 26/08/22 18:37:54 INFO DAGScheduler: Final stage: ResultStage 16 (count at NativeMethodAccessorImpl.java:0)
[2026-08-22T18:37:54.167+0000] {subprocess.py:93} INFO - 26/08/22 18:37:54 INFO DAGScheduler: Parents of final stage: List(ShuffleMapStage 15)
[2026-08-22T18:37:54.168+0000] {subprocess.py:93} INFO - 26/08/22 18:37:54 INFO DAGScheduler: Missing parents: List()
[2026-08-22T18:37:54.169+0000] {subprocess.py:93} INFO - 26/08/22 18:37:54 INFO DAGScheduler: Submitting ResultStage 16 (MapPartitionsRDD[31] at count at NativeMethodAccessorImpl.java:0), which has no missing parents
[2026-08-22T18:37:54.172+0000] {subprocess.py:93} INFO - 26/08/22 18:37:54 INFO MemoryStore: Block broadcast_12 stored as values in memory (estimated size 11.1 KiB, free 364.8 MiB)
[2026-08-22T18:37:54.174+0000] {subprocess.py:93} INFO - 26/08/22 18:37:54 INFO MemoryStore: Block broadcast_12_piece0 stored as bytes in memory (estimated size 5.5 KiB, free 364.8 MiB)
[2026-08-22T18:37:54.176+0000] {subprocess.py:93} INFO - 26/08/22 18:37:54 INFO BlockManagerInfo: Added broadcast_12_piece0 in memory on 171e2e9810fc:35689 (size: 5.5 KiB, free: 366.1 MiB)
[2026-08-22T18:37:54.178+0000] {subprocess.py:93} INFO - 26/08/22 18:37:54 INFO SparkContext: Created broadcast 12 from broadcast at DAGScheduler.scala:1513
[2026-08-22T18:37:54.179+0000] {subprocess.py:93} INFO - 26/08/22 18:37:54 INFO DAGScheduler: Submitting 1 missing tasks from ResultStage 16 (MapPartitionsRDD[31] at count at NativeMethodAccessorImpl.java:0) (first 15 tasks are for partitions Vector(0))
[2026-08-22T18:37:54.179+0000] {subprocess.py:93} INFO - 26/08/22 18:37:54 INFO TaskSchedulerImpl: Adding task set 16.0 with 1 tasks resource profile 0
[2026-08-22T18:37:54.181+0000] {subprocess.py:93} INFO - 26/08/22 18:37:54 INFO TaskSetManager: Starting task 0.0 in stage 16.0 (TID 9) (171e2e9810fc, executor driver, partition 0, NODE_LOCAL, 4453 bytes) taskResourceAssignments Map()
[2026-08-22T18:37:54.183+0000] {subprocess.py:93} INFO - 26/08/22 18:37:54 INFO Executor: Running task 0.0 in stage 16.0 (TID 9)
[2026-08-22T18:37:54.190+0000] {subprocess.py:93} INFO - 26/08/22 18:37:54 INFO ShuffleBlockFetcherIterator: Getting 1 (60.0 B) non-empty blocks including 1 (60.0 B) local and 0 (0.0 B) host-local and 0 (0.0 B) push-merged-local and 0 (0.0 B) remote blocks
[2026-08-22T18:37:54.190+0000] {subprocess.py:93} INFO - 26/08/22 18:37:54 INFO ShuffleBlockFetcherIterator: Started 0 remote fetches in 0 ms
[2026-08-22T18:37:54.197+0000] {subprocess.py:93} INFO - 26/08/22 18:37:54 INFO Executor: Finished task 0.0 in stage 16.0 (TID 9). 2656 bytes result sent to driver
[2026-08-22T18:37:54.198+0000] {subprocess.py:93} INFO - 26/08/22 18:37:54 INFO TaskSetManager: Finished task 0.0 in stage 16.0 (TID 9) in 17 ms on 171e2e9810fc (executor driver) (1/1)
[2026-08-22T18:37:54.198+0000] {subprocess.py:93} INFO - 26/08/22 18:37:54 INFO TaskSchedulerImpl: Removed TaskSet 16.0, whose tasks have all completed, from pool
[2026-08-22T18:37:54.201+0000] {subprocess.py:93} INFO - 26/08/22 18:37:54 INFO DAGScheduler: ResultStage 16 (count at NativeMethodAccessorImpl.java:0) finished in 0.031 s
[2026-08-22T18:37:54.201+0000] {subprocess.py:93} INFO - 26/08/22 18:37:54 INFO DAGScheduler: Job 9 is finished. Cancelling potential speculative or zombie tasks for this job
[2026-08-22T18:37:54.202+0000] {subprocess.py:93} INFO - 26/08/22 18:37:54 INFO TaskSchedulerImpl: Killing all running tasks in stage 16: Stage finished
[2026-08-22T18:37:54.203+0000] {subprocess.py:93} INFO - 26/08/22 18:37:54 INFO DAGScheduler: Job 9 finished: count at NativeMethodAccessorImpl.java:0, took 0.041355 s
[2026-08-22T18:37:54.205+0000] {subprocess.py:93} INFO - New unique records ready for insertion: 100
[2026-08-22T18:37:54.206+0000] {subprocess.py:93} INFO - Writing new records to PostgreSQL database...
[2026-08-22T18:37:54.397+0000] {subprocess.py:93} INFO - 26/08/22 18:37:54 INFO FileSourceStrategy: Pushed Filters:
[2026-08-22T18:37:54.398+0000] {subprocess.py:93} INFO - 26/08/22 18:37:54 INFO FileSourceStrategy: Post-Scan Filters:
[2026-08-22T18:37:54.399+0000] {subprocess.py:93} INFO - 26/08/22 18:37:54 INFO FileSourceStrategy: Output Data Schema: struct<snippet: struct<channelId: string, videoId: string, topLevelComment: struct<id: string, snippet: struct<textDisplay: string, authorDisplayName: string, likeCount: int, publishedAt: string ... 2 more fields>> ... 1 more fields>>
[2026-08-22T18:37:54.478+0000] {subprocess.py:93} INFO - 26/08/22 18:37:54 INFO CodeGenerator: Code generated in 28.870044 ms
[2026-08-22T18:37:54.485+0000] {subprocess.py:93} INFO - 26/08/22 18:37:54 INFO MemoryStore: Block broadcast_13 stored as values in memory (estimated size 358.5 KiB, free 364.5 MiB)
[2026-08-22T18:37:54.497+0000] {subprocess.py:93} INFO - 26/08/22 18:37:54 INFO MemoryStore: Block broadcast_13_piece0 stored as bytes in memory (estimated size 35.4 KiB, free 364.4 MiB)
[2026-08-22T18:37:54.498+0000] {subprocess.py:93} INFO - 26/08/22 18:37:54 INFO BlockManagerInfo: Added broadcast_13_piece0 in memory on 171e2e9810fc:35689 (size: 35.4 KiB, free: 366.1 MiB)
[2026-08-22T18:37:54.499+0000] {subprocess.py:93} INFO - 26/08/22 18:37:54 INFO SparkContext: Created broadcast 13 from save at NativeMethodAccessorImpl.java:0
[2026-08-22T18:37:54.501+0000] {subprocess.py:93} INFO - 26/08/22 18:37:54 INFO FileSourceScanExec: Planning scan with bin packing, max size: 4194304 bytes, open cost is considered as scanning 4194304 bytes.
[2026-08-22T18:37:54.523+0000] {subprocess.py:93} INFO - 26/08/22 18:37:54 INFO DAGScheduler: Registering RDD 37 (save at NativeMethodAccessorImpl.java:0) as input to shuffle 6
[2026-08-22T18:37:54.524+0000] {subprocess.py:93} INFO - 26/08/22 18:37:54 INFO DAGScheduler: Got map stage job 10 (save at NativeMethodAccessorImpl.java:0) with 1 output partitions
[2026-08-22T18:37:54.525+0000] {subprocess.py:93} INFO - 26/08/22 18:37:54 INFO DAGScheduler: Final stage: ShuffleMapStage 17 (save at NativeMethodAccessorImpl.java:0)
[2026-08-22T18:37:54.526+0000] {subprocess.py:93} INFO - 26/08/22 18:37:54 INFO DAGScheduler: Parents of final stage: List()
[2026-08-22T18:37:54.527+0000] {subprocess.py:93} INFO - 26/08/22 18:37:54 INFO DAGScheduler: Missing parents: List()
[2026-08-22T18:37:54.528+0000] {subprocess.py:93} INFO - 26/08/22 18:37:54 INFO DAGScheduler: Submitting ShuffleMapStage 17 (MapPartitionsRDD[37] at save at NativeMethodAccessorImpl.java:0), which has no missing parents
[2026-08-22T18:37:54.552+0000] {subprocess.py:93} INFO - 26/08/22 18:37:54 INFO MemoryStore: Block broadcast_14 stored as values in memory (estimated size 34.4 KiB, free 364.4 MiB)
[2026-08-22T18:37:54.554+0000] {subprocess.py:93} INFO - 26/08/22 18:37:54 INFO MemoryStore: Block broadcast_14_piece0 stored as bytes in memory (estimated size 14.9 KiB, free 364.4 MiB)
[2026-08-22T18:37:54.555+0000] {subprocess.py:93} INFO - 26/08/22 18:37:54 INFO BlockManagerInfo: Added broadcast_14_piece0 in memory on 171e2e9810fc:35689 (size: 14.9 KiB, free: 366.0 MiB)
[2026-08-22T18:37:54.558+0000] {subprocess.py:93} INFO - 26/08/22 18:37:54 INFO SparkContext: Created broadcast 14 from broadcast at DAGScheduler.scala:1513
[2026-08-22T18:37:54.559+0000] {subprocess.py:93} INFO - 26/08/22 18:37:54 INFO DAGScheduler: Submitting 1 missing tasks from ShuffleMapStage 17 (MapPartitionsRDD[37] at save at NativeMethodAccessorImpl.java:0) (first 15 tasks are for partitions Vector(0))
[2026-08-22T18:37:54.560+0000] {subprocess.py:93} INFO - 26/08/22 18:37:54 INFO TaskSchedulerImpl: Adding task set 17.0 with 1 tasks resource profile 0
[2026-08-22T18:37:54.561+0000] {subprocess.py:93} INFO - 26/08/22 18:37:54 INFO DAGScheduler: Registering RDD 39 (save at NativeMethodAccessorImpl.java:0) as input to shuffle 7
[2026-08-22T18:37:54.561+0000] {subprocess.py:93} INFO - 26/08/22 18:37:54 INFO TaskSetManager: Starting task 0.0 in stage 17.0 (TID 10) (171e2e9810fc, executor driver, partition 0, PROCESS_LOCAL, 4925 bytes) taskResourceAssignments Map()
[2026-08-22T18:37:54.562+0000] {subprocess.py:93} INFO - 26/08/22 18:37:54 INFO DAGScheduler: Got map stage job 11 (save at NativeMethodAccessorImpl.java:0) with 1 output partitions
[2026-08-22T18:37:54.564+0000] {subprocess.py:93} INFO - 26/08/22 18:37:54 INFO DAGScheduler: Final stage: ShuffleMapStage 18 (save at NativeMethodAccessorImpl.java:0)
[2026-08-22T18:37:54.564+0000] {subprocess.py:93} INFO - 26/08/22 18:37:54 INFO Executor: Running task 0.0 in stage 17.0 (TID 10)
[2026-08-22T18:37:54.565+0000] {subprocess.py:93} INFO - 26/08/22 18:37:54 INFO DAGScheduler: Parents of final stage: List()
[2026-08-22T18:37:54.566+0000] {subprocess.py:93} INFO - 26/08/22 18:37:54 INFO DAGScheduler: Missing parents: List()
[2026-08-22T18:37:54.567+0000] {subprocess.py:93} INFO - 26/08/22 18:37:54 INFO DAGScheduler: Submitting ShuffleMapStage 18 (MapPartitionsRDD[39] at save at NativeMethodAccessorImpl.java:0), which has no missing parents
[2026-08-22T18:37:54.572+0000] {subprocess.py:93} INFO - 26/08/22 18:37:54 INFO MemoryStore: Block broadcast_15 stored as values in memory (estimated size 15.9 KiB, free 364.4 MiB)
[2026-08-22T18:37:54.575+0000] {subprocess.py:93} INFO - 26/08/22 18:37:54 INFO MemoryStore: Block broadcast_15_piece0 stored as bytes in memory (estimated size 9.0 KiB, free 364.4 MiB)
[2026-08-22T18:37:54.576+0000] {subprocess.py:93} INFO - 26/08/22 18:37:54 INFO BlockManagerInfo: Added broadcast_15_piece0 in memory on 171e2e9810fc:35689 (size: 9.0 KiB, free: 366.0 MiB)
[2026-08-22T18:37:54.579+0000] {subprocess.py:93} INFO - 26/08/22 18:37:54 INFO SparkContext: Created broadcast 15 from broadcast at DAGScheduler.scala:1513
[2026-08-22T18:37:54.580+0000] {subprocess.py:93} INFO - 26/08/22 18:37:54 INFO DAGScheduler: Submitting 1 missing tasks from ShuffleMapStage 18 (MapPartitionsRDD[39] at save at NativeMethodAccessorImpl.java:0) (first 15 tasks are for partitions Vector(0))
[2026-08-22T18:37:54.581+0000] {subprocess.py:93} INFO - 26/08/22 18:37:54 INFO TaskSchedulerImpl: Adding task set 18.0 with 1 tasks resource profile 0
[2026-08-22T18:37:54.584+0000] {subprocess.py:93} INFO - 26/08/22 18:37:54 INFO TaskSetManager: Starting task 0.0 in stage 18.0 (TID 11) (171e2e9810fc, executor driver, partition 0, PROCESS_LOCAL, 4288 bytes) taskResourceAssignments Map()
[2026-08-22T18:37:54.587+0000] {subprocess.py:93} INFO - 26/08/22 18:37:54 INFO Executor: Running task 0.0 in stage 18.0 (TID 11)
[2026-08-22T18:37:54.603+0000] {subprocess.py:93} INFO - 26/08/22 18:37:54 INFO CodeGenerator: Code generated in 17.175276 ms
[2026-08-22T18:37:54.629+0000] {subprocess.py:93} INFO - 26/08/22 18:37:54 INFO JDBCRDD: closed connection
[2026-08-22T18:37:54.631+0000] {subprocess.py:93} INFO - 26/08/22 18:37:54 INFO Executor: Finished task 0.0 in stage 18.0 (TID 11). 1770 bytes result sent to driver
[2026-08-22T18:37:54.633+0000] {subprocess.py:93} INFO - 26/08/22 18:37:54 INFO TaskSetManager: Finished task 0.0 in stage 18.0 (TID 11) in 51 ms on 171e2e9810fc (executor driver) (1/1)
[2026-08-22T18:37:54.634+0000] {subprocess.py:93} INFO - 26/08/22 18:37:54 INFO TaskSchedulerImpl: Removed TaskSet 18.0, whose tasks have all completed, from pool
[2026-08-22T18:37:54.635+0000] {subprocess.py:93} INFO - 26/08/22 18:37:54 INFO DAGScheduler: ShuffleMapStage 18 (save at NativeMethodAccessorImpl.java:0) finished in 0.069 s
[2026-08-22T18:37:54.636+0000] {subprocess.py:93} INFO - 26/08/22 18:37:54 INFO DAGScheduler: looking for newly runnable stages
[2026-08-22T18:37:54.636+0000] {subprocess.py:93} INFO - 26/08/22 18:37:54 INFO DAGScheduler: running: Set(ShuffleMapStage 17)
[2026-08-22T18:37:54.637+0000] {subprocess.py:93} INFO - 26/08/22 18:37:54 INFO DAGScheduler: waiting: Set()
[2026-08-22T18:37:54.637+0000] {subprocess.py:93} INFO - 26/08/22 18:37:54 INFO DAGScheduler: failed: Set()
[2026-08-22T18:37:54.689+0000] {subprocess.py:93} INFO - 26/08/22 18:37:54 INFO CodeGenerator: Code generated in 70.728803 ms
[2026-08-22T18:37:54.698+0000] {subprocess.py:93} INFO - 26/08/22 18:37:54 INFO BlockManagerInfo: Removed broadcast_6_piece0 on 171e2e9810fc:35689 in memory (size: 13.4 KiB, free: 366.0 MiB)
[2026-08-22T18:37:54.710+0000] {subprocess.py:93} INFO - 26/08/22 18:37:54 INFO BlockManagerInfo: Removed broadcast_10_piece0 on 171e2e9810fc:35689 in memory (size: 9.0 KiB, free: 366.1 MiB)
[2026-08-22T18:37:54.720+0000] {subprocess.py:93} INFO - 26/08/22 18:37:54 INFO BlockManagerInfo: Removed broadcast_7_piece0 on 171e2e9810fc:35689 in memory (size: 15.0 KiB, free: 366.1 MiB)
[2026-08-22T18:37:54.731+0000] {subprocess.py:93} INFO - 26/08/22 18:37:54 INFO BlockManagerInfo: Removed broadcast_8_piece0 on 171e2e9810fc:35689 in memory (size: 35.2 KiB, free: 366.1 MiB)
[2026-08-22T18:37:54.741+0000] {subprocess.py:93} INFO - 26/08/22 18:37:54 INFO CodeGenerator: Code generated in 20.454736 ms
[2026-08-22T18:37:54.744+0000] {subprocess.py:93} INFO - 26/08/22 18:37:54 INFO BlockManagerInfo: Removed broadcast_4_piece0 on 171e2e9810fc:35689 in memory (size: 5.5 KiB, free: 366.1 MiB)
[2026-08-22T18:37:54.754+0000] {subprocess.py:93} INFO - 26/08/22 18:37:54 INFO BlockManagerInfo: Removed broadcast_12_piece0 on 171e2e9810fc:35689 in memory (size: 5.5 KiB, free: 366.1 MiB)
[2026-08-22T18:37:54.758+0000] {subprocess.py:93} INFO - 26/08/22 18:37:54 INFO FileScanRDD: Reading File path: file:///tmp/spark_processing/aaf9f4ac-0949-44b3-9af7-2d444107a89d, range: 0-55047, partition values: [empty row]
[2026-08-22T18:37:54.765+0000] {subprocess.py:93} INFO - 26/08/22 18:37:54 INFO BlockManagerInfo: Removed broadcast_15_piece0 on 171e2e9810fc:35689 in memory (size: 9.0 KiB, free: 366.1 MiB)
[2026-08-22T18:37:54.780+0000] {subprocess.py:93} INFO - 26/08/22 18:37:54 INFO BlockManagerInfo: Removed broadcast_3_piece0 on 171e2e9810fc:35689 in memory (size: 17.0 KiB, free: 366.1 MiB)
[2026-08-22T18:37:54.790+0000] {subprocess.py:93} INFO - 26/08/22 18:37:54 INFO InternalParquetRecordReader: RecordReader initialized will read a total of 100 records.
[2026-08-22T18:37:54.794+0000] {subprocess.py:93} INFO - 26/08/22 18:37:54 INFO InternalParquetRecordReader: at row 0. reading next block
[2026-08-22T18:37:54.798+0000] {subprocess.py:93} INFO - 26/08/22 18:37:54 INFO BlockManagerInfo: Removed broadcast_11_piece0 on 171e2e9810fc:35689 in memory (size: 17.1 KiB, free: 366.2 MiB)
[2026-08-22T18:37:54.812+0000] {subprocess.py:93} INFO - 26/08/22 18:37:54 INFO InternalParquetRecordReader: block read in memory in 9 ms. row count = 100
[2026-08-22T18:37:54.814+0000] {subprocess.py:93} INFO - 26/08/22 18:37:54 INFO BlockManagerInfo: Removed broadcast_9_piece0 on 171e2e9810fc:35689 in memory (size: 13.4 KiB, free: 366.2 MiB)
[2026-08-22T18:37:54.911+0000] {subprocess.py:93} INFO - 26/08/22 18:37:54 INFO CodeGenerator: Code generated in 17.490605 ms
[2026-08-22T18:37:54.960+0000] {subprocess.py:93} INFO - 26/08/22 18:37:54 INFO CodeGenerator: Code generated in 19.212979 ms
[2026-08-22T18:37:54.992+0000] {subprocess.py:93} INFO - 26/08/22 18:37:54 INFO CodeGenerator: Code generated in 16.998182 ms
[2026-08-22T18:37:55.082+0000] {subprocess.py:93} INFO - 26/08/22 18:37:55 INFO Executor: Finished task 0.0 in stage 17.0 (TID 10). 2568 bytes result sent to driver
[2026-08-22T18:37:55.084+0000] {subprocess.py:93} INFO - 26/08/22 18:37:55 INFO TaskSetManager: Finished task 0.0 in stage 17.0 (TID 10) in 524 ms on 171e2e9810fc (executor driver) (1/1)
[2026-08-22T18:37:55.084+0000] {subprocess.py:93} INFO - 26/08/22 18:37:55 INFO TaskSchedulerImpl: Removed TaskSet 17.0, whose tasks have all completed, from pool
[2026-08-22T18:37:55.087+0000] {subprocess.py:93} INFO - 26/08/22 18:37:55 INFO DAGScheduler: ShuffleMapStage 17 (save at NativeMethodAccessorImpl.java:0) finished in 0.557 s
[2026-08-22T18:37:55.087+0000] {subprocess.py:93} INFO - 26/08/22 18:37:55 INFO DAGScheduler: looking for newly runnable stages
[2026-08-22T18:37:55.088+0000] {subprocess.py:93} INFO - 26/08/22 18:37:55 INFO DAGScheduler: running: Set()
[2026-08-22T18:37:55.089+0000] {subprocess.py:93} INFO - 26/08/22 18:37:55 INFO DAGScheduler: waiting: Set()
[2026-08-22T18:37:55.089+0000] {subprocess.py:93} INFO - 26/08/22 18:37:55 INFO DAGScheduler: failed: Set()
[2026-08-22T18:37:55.093+0000] {subprocess.py:93} INFO - 26/08/22 18:37:55 INFO ShufflePartitionsUtil: For shuffle(6), advisory target size: 67108864, actual target size 1048576, minimum partition size: 1048576
[2026-08-22T18:37:55.120+0000] {subprocess.py:93} INFO - 26/08/22 18:37:55 INFO CodeGenerator: Code generated in 16.30382 ms
[2026-08-22T18:37:55.183+0000] {subprocess.py:93} INFO - 26/08/22 18:37:55 INFO SparkContext: Starting job: save at NativeMethodAccessorImpl.java:0
[2026-08-22T18:37:55.187+0000] {subprocess.py:93} INFO - 26/08/22 18:37:55 INFO DAGScheduler: Got job 12 (save at NativeMethodAccessorImpl.java:0) with 1 output partitions
[2026-08-22T18:37:55.188+0000] {subprocess.py:93} INFO - 26/08/22 18:37:55 INFO DAGScheduler: Final stage: ResultStage 20 (save at NativeMethodAccessorImpl.java:0)
[2026-08-22T18:37:55.194+0000] {subprocess.py:93} INFO - 26/08/22 18:37:55 INFO DAGScheduler: Parents of final stage: List(ShuffleMapStage 19)
[2026-08-22T18:37:55.196+0000] {subprocess.py:93} INFO - 26/08/22 18:37:55 INFO DAGScheduler: Missing parents: List()
[2026-08-22T18:37:55.198+0000] {subprocess.py:93} INFO - 26/08/22 18:37:55 INFO DAGScheduler: Submitting ResultStage 20 (MapPartitionsRDD[45] at save at NativeMethodAccessorImpl.java:0), which has no missing parents
[2026-08-22T18:37:55.248+0000] {subprocess.py:93} INFO - 26/08/22 18:37:55 INFO MemoryStore: Block broadcast_16 stored as values in memory (estimated size 47.8 KiB, free 365.0 MiB)
[2026-08-22T18:37:55.250+0000] {subprocess.py:93} INFO - 26/08/22 18:37:55 INFO MemoryStore: Block broadcast_16_piece0 stored as bytes in memory (estimated size 20.1 KiB, free 365.0 MiB)
[2026-08-22T18:37:55.253+0000] {subprocess.py:93} INFO - 26/08/22 18:37:55 INFO BlockManagerInfo: Added broadcast_16_piece0 in memory on 171e2e9810fc:35689 (size: 20.1 KiB, free: 366.1 MiB)
[2026-08-22T18:37:55.256+0000] {subprocess.py:93} INFO - 26/08/22 18:37:55 INFO SparkContext: Created broadcast 16 from broadcast at DAGScheduler.scala:1513
[2026-08-22T18:37:55.256+0000] {subprocess.py:93} INFO - 26/08/22 18:37:55 INFO DAGScheduler: Submitting 1 missing tasks from ResultStage 20 (MapPartitionsRDD[45] at save at NativeMethodAccessorImpl.java:0) (first 15 tasks are for partitions Vector(0))
[2026-08-22T18:37:55.257+0000] {subprocess.py:93} INFO - 26/08/22 18:37:55 INFO TaskSchedulerImpl: Adding task set 20.0 with 1 tasks resource profile 0
[2026-08-22T18:37:55.262+0000] {subprocess.py:93} INFO - 26/08/22 18:37:55 INFO TaskSetManager: Starting task 0.0 in stage 20.0 (TID 12) (171e2e9810fc, executor driver, partition 0, NODE_LOCAL, 4453 bytes) taskResourceAssignments Map()
[2026-08-22T18:37:55.264+0000] {subprocess.py:93} INFO - 26/08/22 18:37:55 INFO Executor: Running task 0.0 in stage 20.0 (TID 12)
[2026-08-22T18:37:55.436+0000] {subprocess.py:93} INFO - 26/08/22 18:37:55 INFO ShuffleBlockFetcherIterator: Getting 1 (23.6 KiB) non-empty blocks including 1 (23.6 KiB) local and 0 (0.0 B) host-local and 0 (0.0 B) push-merged-local and 0 (0.0 B) remote blocks
[2026-08-22T18:37:55.437+0000] {subprocess.py:93} INFO - 26/08/22 18:37:55 INFO ShuffleBlockFetcherIterator: Started 0 remote fetches in 2 ms
[2026-08-22T18:37:55.534+0000] {subprocess.py:93} INFO - 26/08/22 18:37:55 INFO CodeGenerator: Code generated in 45.515294 ms
[2026-08-22T18:37:55.580+0000] {subprocess.py:93} INFO - 26/08/22 18:37:55 INFO CodeGenerator: Code generated in 28.46221 ms
[2026-08-22T18:37:55.617+0000] {subprocess.py:93} INFO - 26/08/22 18:37:55 INFO CodeGenerator: Code generated in 25.808871 ms
[2026-08-22T18:37:55.681+0000] {subprocess.py:93} INFO - 26/08/22 18:37:55 INFO CodeGenerator: Code generated in 24.107846 ms
[2026-08-22T18:37:55.810+0000] {subprocess.py:93} INFO - 26/08/22 18:37:55 ERROR Executor: Exception in task 0.0 in stage 20.0 (TID 12)
[2026-08-22T18:37:55.811+0000] {subprocess.py:93} INFO - java.sql.BatchUpdateException: Batch entry 0 INSERT INTO cleaned_comments ("comment_id","video_id","channel_id","author","comment_text","like_count","published_at") VALUES ('Ugw2OIhYfeQsvPiPrdp4AaABAg','FY8Cp4f0EvY','UCjyuZeuUvsb_8WTHR63iXxw','@Yamilrostran777','All clubs vs madrid and barca',0,'2026-06-20T19:33:42Z') was aborted: ERROR: column "published_at" is of type timestamp without time zone but expression is of type character varying
[2026-08-22T18:37:55.812+0000] {subprocess.py:93} INFO -   Hint: You will need to rewrite or cast the expression.
[2026-08-22T18:37:55.813+0000] {subprocess.py:93} INFO -   Position: 147  Call getNextException to see other errors in the batch.
[2026-08-22T18:37:55.814+0000] {subprocess.py:93} INFO - 	at org.postgresql.jdbc.BatchResultHandler.handleError(BatchResultHandler.java:165)
[2026-08-22T18:37:55.815+0000] {subprocess.py:93} INFO - 	at org.postgresql.jdbc.PgStatement.internalExecuteBatch(PgStatement.java:880)
[2026-08-22T18:37:55.815+0000] {subprocess.py:93} INFO - 	at org.postgresql.jdbc.PgStatement.executeBatch(PgStatement.java:919)
[2026-08-22T18:37:55.816+0000] {subprocess.py:93} INFO - 	at org.postgresql.jdbc.PgPreparedStatement.executeBatch(PgPreparedStatement.java:1685)
[2026-08-22T18:37:55.817+0000] {subprocess.py:93} INFO - 	at org.apache.spark.sql.execution.datasources.jdbc.JdbcUtils$.savePartition(JdbcUtils.scala:713)
[2026-08-22T18:37:55.818+0000] {subprocess.py:93} INFO - 	at org.apache.spark.sql.execution.datasources.jdbc.JdbcUtils$.$anonfun$saveTable$1(JdbcUtils.scala:868)
[2026-08-22T18:37:55.819+0000] {subprocess.py:93} INFO - 	at org.apache.spark.sql.execution.datasources.jdbc.JdbcUtils$.$anonfun$saveTable$1$adapted(JdbcUtils.scala:867)
[2026-08-22T18:37:55.819+0000] {subprocess.py:93} INFO - 	at org.apache.spark.rdd.RDD.$anonfun$foreachPartition$2(RDD.scala:1011)
[2026-08-22T18:37:55.820+0000] {subprocess.py:93} INFO - 	at org.apache.spark.rdd.RDD.$anonfun$foreachPartition$2$adapted(RDD.scala:1011)
[2026-08-22T18:37:55.821+0000] {subprocess.py:93} INFO - 	at org.apache.spark.SparkContext.$anonfun$runJob$5(SparkContext.scala:2268)
[2026-08-22T18:37:55.821+0000] {subprocess.py:93} INFO - 	at org.apache.spark.scheduler.ResultTask.runTask(ResultTask.scala:90)
[2026-08-22T18:37:55.822+0000] {subprocess.py:93} INFO - 	at org.apache.spark.scheduler.Task.run(Task.scala:136)
[2026-08-22T18:37:55.823+0000] {subprocess.py:93} INFO - 	at org.apache.spark.executor.Executor$TaskRunner.$anonfun$run$3(Executor.scala:548)
[2026-08-22T18:37:55.824+0000] {subprocess.py:93} INFO - 	at org.apache.spark.util.Utils$.tryWithSafeFinally(Utils.scala:1504)
[2026-08-22T18:37:55.825+0000] {subprocess.py:93} INFO - 	at org.apache.spark.executor.Executor$TaskRunner.run(Executor.scala:551)
[2026-08-22T18:37:55.825+0000] {subprocess.py:93} INFO - 	at java.util.concurrent.ThreadPoolExecutor.runWorker(ThreadPoolExecutor.java:1149)
[2026-08-22T18:37:55.826+0000] {subprocess.py:93} INFO - 	at java.util.concurrent.ThreadPoolExecutor$Worker.run(ThreadPoolExecutor.java:624)
[2026-08-22T18:37:55.827+0000] {subprocess.py:93} INFO - 	at java.lang.Thread.run(Thread.java:748)
[2026-08-22T18:37:55.827+0000] {subprocess.py:93} INFO - Caused by: org.postgresql.util.PSQLException: ERROR: column "published_at" is of type timestamp without time zone but expression is of type character varying
[2026-08-22T18:37:55.828+0000] {subprocess.py:93} INFO -   Hint: You will need to rewrite or cast the expression.
[2026-08-22T18:37:55.829+0000] {subprocess.py:93} INFO -   Position: 147
[2026-08-22T18:37:55.830+0000] {subprocess.py:93} INFO - 	at org.postgresql.core.v3.QueryExecutorImpl.receiveErrorResponse(QueryExecutorImpl.java:2713)
[2026-08-22T18:37:55.830+0000] {subprocess.py:93} INFO - 	at org.postgresql.core.v3.QueryExecutorImpl.processResults(QueryExecutorImpl.java:2401)
[2026-08-22T18:37:55.831+0000] {subprocess.py:93} INFO - 	at org.postgresql.core.v3.QueryExecutorImpl.execute(QueryExecutorImpl.java:368)
[2026-08-22T18:37:55.831+0000] {subprocess.py:93} INFO - 	at org.postgresql.core.v3.QueryExecutorImpl.execute(QueryExecutorImpl.java:327)
[2026-08-22T18:37:55.832+0000] {subprocess.py:93} INFO - 	at org.postgresql.jdbc.PgStatement.internalExecuteBatch(PgStatement.java:877)
[2026-08-22T18:37:55.833+0000] {subprocess.py:93} INFO - 	... 16 more
[2026-08-22T18:37:55.852+0000] {subprocess.py:93} INFO - 26/08/22 18:37:55 WARN TaskSetManager: Lost task 0.0 in stage 20.0 (TID 12) (171e2e9810fc executor driver): java.sql.BatchUpdateException: Batch entry 0 INSERT INTO cleaned_comments ("comment_id","video_id","channel_id","author","comment_text","like_count","published_at") VALUES ('Ugw2OIhYfeQsvPiPrdp4AaABAg','FY8Cp4f0EvY','UCjyuZeuUvsb_8WTHR63iXxw','@Yamilrostran777','All clubs vs madrid and barca',0,'2026-06-20T19:33:42Z') was aborted: ERROR: column "published_at" is of type timestamp without time zone but expression is of type character varying
[2026-08-22T18:37:55.863+0000] {subprocess.py:93} INFO -   Hint: You will need to rewrite or cast the expression.
[2026-08-22T18:37:55.865+0000] {subprocess.py:93} INFO -   Position: 147  Call getNextException to see other errors in the batch.
[2026-08-22T18:37:55.865+0000] {subprocess.py:93} INFO - 	at org.postgresql.jdbc.BatchResultHandler.handleError(BatchResultHandler.java:165)
[2026-08-22T18:37:55.866+0000] {subprocess.py:93} INFO - 	at org.postgresql.jdbc.PgStatement.internalExecuteBatch(PgStatement.java:880)
[2026-08-22T18:37:55.867+0000] {subprocess.py:93} INFO - 	at org.postgresql.jdbc.PgStatement.executeBatch(PgStatement.java:919)
[2026-08-22T18:37:55.867+0000] {subprocess.py:93} INFO - 	at org.postgresql.jdbc.PgPreparedStatement.executeBatch(PgPreparedStatement.java:1685)
[2026-08-22T18:37:55.871+0000] {subprocess.py:93} INFO - 	at org.apache.spark.sql.execution.datasources.jdbc.JdbcUtils$.savePartition(JdbcUtils.scala:713)
[2026-08-22T18:37:55.872+0000] {subprocess.py:93} INFO - 	at org.apache.spark.sql.execution.datasources.jdbc.JdbcUtils$.$anonfun$saveTable$1(JdbcUtils.scala:868)
[2026-08-22T18:37:55.872+0000] {subprocess.py:93} INFO - 	at org.apache.spark.sql.execution.datasources.jdbc.JdbcUtils$.$anonfun$saveTable$1$adapted(JdbcUtils.scala:867)
[2026-08-22T18:37:55.873+0000] {subprocess.py:93} INFO - 	at org.apache.spark.rdd.RDD.$anonfun$foreachPartition$2(RDD.scala:1011)
[2026-08-22T18:37:55.873+0000] {subprocess.py:93} INFO - 	at org.apache.spark.rdd.RDD.$anonfun$foreachPartition$2$adapted(RDD.scala:1011)
[2026-08-22T18:37:55.877+0000] {subprocess.py:93} INFO - 	at org.apache.spark.SparkContext.$anonfun$runJob$5(SparkContext.scala:2268)
[2026-08-22T18:37:55.877+0000] {subprocess.py:93} INFO - 	at org.apache.spark.scheduler.ResultTask.runTask(ResultTask.scala:90)
[2026-08-22T18:37:55.878+0000] {subprocess.py:93} INFO - 	at org.apache.spark.scheduler.Task.run(Task.scala:136)
[2026-08-22T18:37:55.878+0000] {subprocess.py:93} INFO - 	at org.apache.spark.executor.Executor$TaskRunner.$anonfun$run$3(Executor.scala:548)
[2026-08-22T18:37:55.879+0000] {subprocess.py:93} INFO - 	at org.apache.spark.util.Utils$.tryWithSafeFinally(Utils.scala:1504)
[2026-08-22T18:37:55.879+0000] {subprocess.py:93} INFO - 	at org.apache.spark.executor.Executor$TaskRunner.run(Executor.scala:551)
[2026-08-22T18:37:55.880+0000] {subprocess.py:93} INFO - 	at java.util.concurrent.ThreadPoolExecutor.runWorker(ThreadPoolExecutor.java:1149)
[2026-08-22T18:37:55.880+0000] {subprocess.py:93} INFO - 	at java.util.concurrent.ThreadPoolExecutor$Worker.run(ThreadPoolExecutor.java:624)
[2026-08-22T18:37:55.881+0000] {subprocess.py:93} INFO - 	at java.lang.Thread.run(Thread.java:748)
[2026-08-22T18:37:55.881+0000] {subprocess.py:93} INFO - Caused by: org.postgresql.util.PSQLException: ERROR: column "published_at" is of type timestamp without time zone but expression is of type character varying
[2026-08-22T18:37:55.884+0000] {subprocess.py:93} INFO -   Hint: You will need to rewrite or cast the expression.
[2026-08-22T18:37:55.884+0000] {subprocess.py:93} INFO -   Position: 147
[2026-08-22T18:37:55.885+0000] {subprocess.py:93} INFO - 	at org.postgresql.core.v3.QueryExecutorImpl.receiveErrorResponse(QueryExecutorImpl.java:2713)
[2026-08-22T18:37:55.885+0000] {subprocess.py:93} INFO - 	at org.postgresql.core.v3.QueryExecutorImpl.processResults(QueryExecutorImpl.java:2401)
[2026-08-22T18:37:55.885+0000] {subprocess.py:93} INFO - 	at org.postgresql.core.v3.QueryExecutorImpl.execute(QueryExecutorImpl.java:368)
[2026-08-22T18:37:55.886+0000] {subprocess.py:93} INFO - 	at org.postgresql.core.v3.QueryExecutorImpl.execute(QueryExecutorImpl.java:327)
[2026-08-22T18:37:55.886+0000] {subprocess.py:93} INFO - 	at org.postgresql.jdbc.PgStatement.internalExecuteBatch(PgStatement.java:877)
[2026-08-22T18:37:55.887+0000] {subprocess.py:93} INFO - 	... 16 more
[2026-08-22T18:37:55.889+0000] {subprocess.py:93} INFO - 
[2026-08-22T18:37:55.889+0000] {subprocess.py:93} INFO - 26/08/22 18:37:55 ERROR TaskSetManager: Task 0 in stage 20.0 failed 1 times; aborting job
[2026-08-22T18:37:55.890+0000] {subprocess.py:93} INFO - 26/08/22 18:37:55 INFO TaskSchedulerImpl: Removed TaskSet 20.0, whose tasks have all completed, from pool
[2026-08-22T18:37:55.891+0000] {subprocess.py:93} INFO - 26/08/22 18:37:55 INFO TaskSchedulerImpl: Cancelling stage 20
[2026-08-22T18:37:55.894+0000] {subprocess.py:93} INFO - 26/08/22 18:37:55 INFO TaskSchedulerImpl: Killing all running tasks in stage 20: Stage cancelled
[2026-08-22T18:37:55.894+0000] {subprocess.py:93} INFO - 26/08/22 18:37:55 INFO DAGScheduler: ResultStage 20 (save at NativeMethodAccessorImpl.java:0) failed in 0.662 s due to Job aborted due to stage failure: Task 0 in stage 20.0 failed 1 times, most recent failure: Lost task 0.0 in stage 20.0 (TID 12) (171e2e9810fc executor driver): java.sql.BatchUpdateException: Batch entry 0 INSERT INTO cleaned_comments ("comment_id","video_id","channel_id","author","comment_text","like_count","published_at") VALUES ('Ugw2OIhYfeQsvPiPrdp4AaABAg','FY8Cp4f0EvY','UCjyuZeuUvsb_8WTHR63iXxw','@Yamilrostran777','All clubs vs madrid and barca',0,'2026-06-20T19:33:42Z') was aborted: ERROR: column "published_at" is of type timestamp without time zone but expression is of type character varying
[2026-08-22T18:37:55.895+0000] {subprocess.py:93} INFO -   Hint: You will need to rewrite or cast the expression.
[2026-08-22T18:37:55.895+0000] {subprocess.py:93} INFO -   Position: 147  Call getNextException to see other errors in the batch.
[2026-08-22T18:37:55.896+0000] {subprocess.py:93} INFO - 	at org.postgresql.jdbc.BatchResultHandler.handleError(BatchResultHandler.java:165)
[2026-08-22T18:37:55.897+0000] {subprocess.py:93} INFO - 	at org.postgresql.jdbc.PgStatement.internalExecuteBatch(PgStatement.java:880)
[2026-08-22T18:37:55.898+0000] {subprocess.py:93} INFO - 	at org.postgresql.jdbc.PgStatement.executeBatch(PgStatement.java:919)
[2026-08-22T18:37:55.899+0000] {subprocess.py:93} INFO - 	at org.postgresql.jdbc.PgPreparedStatement.executeBatch(PgPreparedStatement.java:1685)
[2026-08-22T18:37:55.899+0000] {subprocess.py:93} INFO - 	at org.apache.spark.sql.execution.datasources.jdbc.JdbcUtils$.savePartition(JdbcUtils.scala:713)
[2026-08-22T18:37:55.900+0000] {subprocess.py:93} INFO - 	at org.apache.spark.sql.execution.datasources.jdbc.JdbcUtils$.$anonfun$saveTable$1(JdbcUtils.scala:868)
[2026-08-22T18:37:55.901+0000] {subprocess.py:93} INFO - 	at org.apache.spark.sql.execution.datasources.jdbc.JdbcUtils$.$anonfun$saveTable$1$adapted(JdbcUtils.scala:867)
[2026-08-22T18:37:55.901+0000] {subprocess.py:93} INFO - 	at org.apache.spark.rdd.RDD.$anonfun$foreachPartition$2(RDD.scala:1011)
[2026-08-22T18:37:55.902+0000] {subprocess.py:93} INFO - 	at org.apache.spark.rdd.RDD.$anonfun$foreachPartition$2$adapted(RDD.scala:1011)
[2026-08-22T18:37:55.902+0000] {subprocess.py:93} INFO - 	at org.apache.spark.SparkContext.$anonfun$runJob$5(SparkContext.scala:2268)
[2026-08-22T18:37:55.903+0000] {subprocess.py:93} INFO - 	at org.apache.spark.scheduler.ResultTask.runTask(ResultTask.scala:90)
[2026-08-22T18:37:55.903+0000] {subprocess.py:93} INFO - 	at org.apache.spark.scheduler.Task.run(Task.scala:136)
[2026-08-22T18:37:55.904+0000] {subprocess.py:93} INFO - 	at org.apache.spark.executor.Executor$TaskRunner.$anonfun$run$3(Executor.scala:548)
[2026-08-22T18:37:55.904+0000] {subprocess.py:93} INFO - 	at org.apache.spark.util.Utils$.tryWithSafeFinally(Utils.scala:1504)
[2026-08-22T18:37:55.905+0000] {subprocess.py:93} INFO - 	at org.apache.spark.executor.Executor$TaskRunner.run(Executor.scala:551)
[2026-08-22T18:37:55.905+0000] {subprocess.py:93} INFO - 	at java.util.concurrent.ThreadPoolExecutor.runWorker(ThreadPoolExecutor.java:1149)
[2026-08-22T18:37:55.906+0000] {subprocess.py:93} INFO - 	at java.util.concurrent.ThreadPoolExecutor$Worker.run(ThreadPoolExecutor.java:624)
[2026-08-22T18:37:55.907+0000] {subprocess.py:93} INFO - 	at java.lang.Thread.run(Thread.java:748)
[2026-08-22T18:37:55.907+0000] {subprocess.py:93} INFO - Caused by: org.postgresql.util.PSQLException: ERROR: column "published_at" is of type timestamp without time zone but expression is of type character varying
[2026-08-22T18:37:55.908+0000] {subprocess.py:93} INFO -   Hint: You will need to rewrite or cast the expression.
[2026-08-22T18:37:55.909+0000] {subprocess.py:93} INFO -   Position: 147
[2026-08-22T18:37:55.910+0000] {subprocess.py:93} INFO - 	at org.postgresql.core.v3.QueryExecutorImpl.receiveErrorResponse(QueryExecutorImpl.java:2713)
[2026-08-22T18:37:55.910+0000] {subprocess.py:93} INFO - 	at org.postgresql.core.v3.QueryExecutorImpl.processResults(QueryExecutorImpl.java:2401)
[2026-08-22T18:37:55.911+0000] {subprocess.py:93} INFO - 	at org.postgresql.core.v3.QueryExecutorImpl.execute(QueryExecutorImpl.java:368)
[2026-08-22T18:37:55.911+0000] {subprocess.py:93} INFO - 	at org.postgresql.core.v3.QueryExecutorImpl.execute(QueryExecutorImpl.java:327)
[2026-08-22T18:37:55.912+0000] {subprocess.py:93} INFO - 	at org.postgresql.jdbc.PgStatement.internalExecuteBatch(PgStatement.java:877)
[2026-08-22T18:37:55.912+0000] {subprocess.py:93} INFO - 	... 16 more
[2026-08-22T18:37:55.913+0000] {subprocess.py:93} INFO - 
[2026-08-22T18:37:55.913+0000] {subprocess.py:93} INFO - Driver stacktrace:
[2026-08-22T18:37:55.914+0000] {subprocess.py:93} INFO - 26/08/22 18:37:55 INFO DAGScheduler: Job 12 failed: save at NativeMethodAccessorImpl.java:0, took 0.685432 s
[2026-08-22T18:37:56.101+0000] {subprocess.py:93} INFO - Error occurred during Spark batch processing: An error occurred while calling o77.save.
[2026-08-22T18:37:56.101+0000] {subprocess.py:93} INFO - : org.apache.spark.SparkException: Job aborted due to stage failure: Task 0 in stage 20.0 failed 1 times, most recent failure: Lost task 0.0 in stage 20.0 (TID 12) (171e2e9810fc executor driver): java.sql.BatchUpdateException: Batch entry 0 INSERT INTO cleaned_comments ("comment_id","video_id","channel_id","author","comment_text","like_count","published_at") VALUES ('Ugw2OIhYfeQsvPiPrdp4AaABAg','FY8Cp4f0EvY','UCjyuZeuUvsb_8WTHR63iXxw','@Yamilrostran777','All clubs vs madrid and barca',0,'2026-06-20T19:33:42Z') was aborted: ERROR: column "published_at" is of type timestamp without time zone but expression is of type character varying
[2026-08-22T18:37:56.102+0000] {subprocess.py:93} INFO -   Hint: You will need to rewrite or cast the expression.
[2026-08-22T18:37:56.103+0000] {subprocess.py:93} INFO -   Position: 147  Call getNextException to see other errors in the batch.
[2026-08-22T18:37:56.103+0000] {subprocess.py:93} INFO - 	at org.postgresql.jdbc.BatchResultHandler.handleError(BatchResultHandler.java:165)
[2026-08-22T18:37:56.104+0000] {subprocess.py:93} INFO - 	at org.postgresql.jdbc.PgStatement.internalExecuteBatch(PgStatement.java:880)
[2026-08-22T18:37:56.104+0000] {subprocess.py:93} INFO - 	at org.postgresql.jdbc.PgStatement.executeBatch(PgStatement.java:919)
[2026-08-22T18:37:56.105+0000] {subprocess.py:93} INFO - 	at org.postgresql.jdbc.PgPreparedStatement.executeBatch(PgPreparedStatement.java:1685)
[2026-08-22T18:37:56.105+0000] {subprocess.py:93} INFO - 	at org.apache.spark.sql.execution.datasources.jdbc.JdbcUtils$.savePartition(JdbcUtils.scala:713)
[2026-08-22T18:37:56.106+0000] {subprocess.py:93} INFO - 	at org.apache.spark.sql.execution.datasources.jdbc.JdbcUtils$.$anonfun$saveTable$1(JdbcUtils.scala:868)
[2026-08-22T18:37:56.106+0000] {subprocess.py:93} INFO - 	at org.apache.spark.sql.execution.datasources.jdbc.JdbcUtils$.$anonfun$saveTable$1$adapted(JdbcUtils.scala:867)
[2026-08-22T18:37:56.106+0000] {subprocess.py:93} INFO - 	at org.apache.spark.rdd.RDD.$anonfun$foreachPartition$2(RDD.scala:1011)
[2026-08-22T18:37:56.107+0000] {subprocess.py:93} INFO - 	at org.apache.spark.rdd.RDD.$anonfun$foreachPartition$2$adapted(RDD.scala:1011)
[2026-08-22T18:37:56.107+0000] {subprocess.py:93} INFO - 	at org.apache.spark.SparkContext.$anonfun$runJob$5(SparkContext.scala:2268)
[2026-08-22T18:37:56.108+0000] {subprocess.py:93} INFO - 	at org.apache.spark.scheduler.ResultTask.runTask(ResultTask.scala:90)
[2026-08-22T18:37:56.109+0000] {subprocess.py:93} INFO - 	at org.apache.spark.scheduler.Task.run(Task.scala:136)
[2026-08-22T18:37:56.110+0000] {subprocess.py:93} INFO - 	at org.apache.spark.executor.Executor$TaskRunner.$anonfun$run$3(Executor.scala:548)
[2026-08-22T18:37:56.111+0000] {subprocess.py:93} INFO - 	at org.apache.spark.util.Utils$.tryWithSafeFinally(Utils.scala:1504)
[2026-08-22T18:37:56.111+0000] {subprocess.py:93} INFO - 	at org.apache.spark.executor.Executor$TaskRunner.run(Executor.scala:551)
[2026-08-22T18:37:56.112+0000] {subprocess.py:93} INFO - 	at java.util.concurrent.ThreadPoolExecutor.runWorker(ThreadPoolExecutor.java:1149)
[2026-08-22T18:37:56.113+0000] {subprocess.py:93} INFO - 	at java.util.concurrent.ThreadPoolExecutor$Worker.run(ThreadPoolExecutor.java:624)
[2026-08-22T18:37:56.113+0000] {subprocess.py:93} INFO - 	at java.lang.Thread.run(Thread.java:748)
[2026-08-22T18:37:56.114+0000] {subprocess.py:93} INFO - Caused by: org.postgresql.util.PSQLException: ERROR: column "published_at" is of type timestamp without time zone but expression is of type character varying
[2026-08-22T18:37:56.114+0000] {subprocess.py:93} INFO -   Hint: You will need to rewrite or cast the expression.
[2026-08-22T18:37:56.115+0000] {subprocess.py:93} INFO -   Position: 147
[2026-08-22T18:37:56.115+0000] {subprocess.py:93} INFO - 	at org.postgresql.core.v3.QueryExecutorImpl.receiveErrorResponse(QueryExecutorImpl.java:2713)
[2026-08-22T18:37:56.116+0000] {subprocess.py:93} INFO - 	at org.postgresql.core.v3.QueryExecutorImpl.processResults(QueryExecutorImpl.java:2401)
[2026-08-22T18:37:56.116+0000] {subprocess.py:93} INFO - 	at org.postgresql.core.v3.QueryExecutorImpl.execute(QueryExecutorImpl.java:368)
[2026-08-22T18:37:56.117+0000] {subprocess.py:93} INFO - 	at org.postgresql.core.v3.QueryExecutorImpl.execute(QueryExecutorImpl.java:327)
[2026-08-22T18:37:56.117+0000] {subprocess.py:93} INFO - 	at org.postgresql.jdbc.PgStatement.internalExecuteBatch(PgStatement.java:877)
[2026-08-22T18:37:56.118+0000] {subprocess.py:93} INFO - 	... 16 more
[2026-08-22T18:37:56.118+0000] {subprocess.py:93} INFO - 
[2026-08-22T18:37:56.119+0000] {subprocess.py:93} INFO - Driver stacktrace:
[2026-08-22T18:37:56.119+0000] {subprocess.py:93} INFO - 	at org.apache.spark.scheduler.DAGScheduler.failJobAndIndependentStages(DAGScheduler.scala:2672)
[2026-08-22T18:37:56.120+0000] {subprocess.py:93} INFO - 	at org.apache.spark.scheduler.DAGScheduler.$anonfun$abortStage$2(DAGScheduler.scala:2608)
[2026-08-22T18:37:56.120+0000] {subprocess.py:93} INFO - 	at org.apache.spark.scheduler.DAGScheduler.$anonfun$abortStage$2$adapted(DAGScheduler.scala:2607)
[2026-08-22T18:37:56.121+0000] {subprocess.py:93} INFO - 	at scala.collection.mutable.ResizableArray.foreach(ResizableArray.scala:62)
[2026-08-22T18:37:56.121+0000] {subprocess.py:93} INFO - 	at scala.collection.mutable.ResizableArray.foreach$(ResizableArray.scala:55)
[2026-08-22T18:37:56.122+0000] {subprocess.py:93} INFO - 	at scala.collection.mutable.ArrayBuffer.foreach(ArrayBuffer.scala:49)
[2026-08-22T18:37:56.122+0000] {subprocess.py:93} INFO - 	at org.apache.spark.scheduler.DAGScheduler.abortStage(DAGScheduler.scala:2607)
[2026-08-22T18:37:56.123+0000] {subprocess.py:93} INFO - 	at org.apache.spark.scheduler.DAGScheduler.$anonfun$handleTaskSetFailed$1(DAGScheduler.scala:1182)
[2026-08-22T18:37:56.124+0000] {subprocess.py:93} INFO - 	at org.apache.spark.scheduler.DAGScheduler.$anonfun$handleTaskSetFailed$1$adapted(DAGScheduler.scala:1182)
[2026-08-22T18:37:56.125+0000] {subprocess.py:93} INFO - 	at scala.Option.foreach(Option.scala:407)
[2026-08-22T18:37:56.126+0000] {subprocess.py:93} INFO - 	at org.apache.spark.scheduler.DAGScheduler.handleTaskSetFailed(DAGScheduler.scala:1182)
[2026-08-22T18:37:56.127+0000] {subprocess.py:93} INFO - 	at org.apache.spark.scheduler.DAGSchedulerEventProcessLoop.doOnReceive(DAGScheduler.scala:2860)
[2026-08-22T18:37:56.127+0000] {subprocess.py:93} INFO - 	at org.apache.spark.scheduler.DAGSchedulerEventProcessLoop.onReceive(DAGScheduler.scala:2802)
[2026-08-22T18:37:56.128+0000] {subprocess.py:93} INFO - 	at org.apache.spark.scheduler.DAGSchedulerEventProcessLoop.onReceive(DAGScheduler.scala:2791)
[2026-08-22T18:37:56.129+0000] {subprocess.py:93} INFO - 	at org.apache.spark.util.EventLoop$$anon$1.run(EventLoop.scala:49)
[2026-08-22T18:37:56.130+0000] {subprocess.py:93} INFO - 	at org.apache.spark.scheduler.DAGScheduler.runJob(DAGScheduler.scala:952)
[2026-08-22T18:37:56.131+0000] {subprocess.py:93} INFO - 	at org.apache.spark.SparkContext.runJob(SparkContext.scala:2228)
[2026-08-22T18:37:56.132+0000] {subprocess.py:93} INFO - 	at org.apache.spark.SparkContext.runJob(SparkContext.scala:2249)
[2026-08-22T18:37:56.132+0000] {subprocess.py:93} INFO - 	at org.apache.spark.SparkContext.runJob(SparkContext.scala:2268)
[2026-08-22T18:37:56.133+0000] {subprocess.py:93} INFO - 	at org.apache.spark.SparkContext.runJob(SparkContext.scala:2293)
[2026-08-22T18:37:56.133+0000] {subprocess.py:93} INFO - 	at org.apache.spark.rdd.RDD.$anonfun$foreachPartition$1(RDD.scala:1011)
[2026-08-22T18:37:56.134+0000] {subprocess.py:93} INFO - 	at org.apache.spark.rdd.RDDOperationScope$.withScope(RDDOperationScope.scala:151)
[2026-08-22T18:37:56.135+0000] {subprocess.py:93} INFO - 	at org.apache.spark.rdd.RDDOperationScope$.withScope(RDDOperationScope.scala:112)
[2026-08-22T18:37:56.135+0000] {subprocess.py:93} INFO - 	at org.apache.spark.rdd.RDD.withScope(RDD.scala:406)
[2026-08-22T18:37:56.136+0000] {subprocess.py:93} INFO - 	at org.apache.spark.rdd.RDD.foreachPartition(RDD.scala:1009)
[2026-08-22T18:37:56.136+0000] {subprocess.py:93} INFO - 	at org.apache.spark.sql.execution.datasources.jdbc.JdbcUtils$.saveTable(JdbcUtils.scala:867)
[2026-08-22T18:37:56.137+0000] {subprocess.py:93} INFO - 	at org.apache.spark.sql.execution.datasources.jdbc.JdbcRelationProvider.createRelation(JdbcRelationProvider.scala:70)
[2026-08-22T18:37:56.138+0000] {subprocess.py:93} INFO - 	at org.apache.spark.sql.execution.datasources.SaveIntoDataSourceCommand.run(SaveIntoDataSourceCommand.scala:45)
[2026-08-22T18:37:56.138+0000] {subprocess.py:93} INFO - 	at org.apache.spark.sql.execution.command.ExecutedCommandExec.sideEffectResult$lzycompute(commands.scala:75)
[2026-08-22T18:37:56.139+0000] {subprocess.py:93} INFO - 	at org.apache.spark.sql.execution.command.ExecutedCommandExec.sideEffectResult(commands.scala:73)
[2026-08-22T18:37:56.140+0000] {subprocess.py:93} INFO - 	at org.apache.spark.sql.execution.command.ExecutedCommandExec.executeCollect(commands.scala:84)
[2026-08-22T18:37:56.140+0000] {subprocess.py:93} INFO - 	at org.apache.spark.sql.execution.QueryExecution$$anonfun$eagerlyExecuteCommands$1.$anonfun$applyOrElse$1(QueryExecution.scala:98)
[2026-08-22T18:37:56.141+0000] {subprocess.py:93} INFO - 	at org.apache.spark.sql.execution.SQLExecution$.$anonfun$withNewExecutionId$6(SQLExecution.scala:109)
[2026-08-22T18:37:56.141+0000] {subprocess.py:93} INFO - 	at org.apache.spark.sql.execution.SQLExecution$.withSQLConfPropagated(SQLExecution.scala:169)
[2026-08-22T18:37:56.142+0000] {subprocess.py:93} INFO - 	at org.apache.spark.sql.execution.SQLExecution$.$anonfun$withNewExecutionId$1(SQLExecution.scala:95)
[2026-08-22T18:37:56.143+0000] {subprocess.py:93} INFO - 	at org.apache.spark.sql.SparkSession.withActive(SparkSession.scala:779)
[2026-08-22T18:37:56.143+0000] {subprocess.py:93} INFO - 	at org.apache.spark.sql.execution.SQLExecution$.withNewExecutionId(SQLExecution.scala:64)
[2026-08-22T18:37:56.144+0000] {subprocess.py:93} INFO - 	at org.apache.spark.sql.execution.QueryExecution$$anonfun$eagerlyExecuteCommands$1.applyOrElse(QueryExecution.scala:98)
[2026-08-22T18:37:56.146+0000] {subprocess.py:93} INFO - 	at org.apache.spark.sql.execution.QueryExecution$$anonfun$eagerlyExecuteCommands$1.applyOrElse(QueryExecution.scala:94)
[2026-08-22T18:37:56.146+0000] {subprocess.py:93} INFO - 	at org.apache.spark.sql.catalyst.trees.TreeNode.$anonfun$transformDownWithPruning$1(TreeNode.scala:584)
[2026-08-22T18:37:56.147+0000] {subprocess.py:93} INFO - 	at org.apache.spark.sql.catalyst.trees.CurrentOrigin$.withOrigin(TreeNode.scala:176)
[2026-08-22T18:37:56.148+0000] {subprocess.py:93} INFO - 	at org.apache.spark.sql.catalyst.trees.TreeNode.transformDownWithPruning(TreeNode.scala:584)
[2026-08-22T18:37:56.148+0000] {subprocess.py:93} INFO - 	at org.apache.spark.sql.catalyst.plans.logical.LogicalPlan.org$apache$spark$sql$catalyst$plans$logical$AnalysisHelper$$super$transformDownWithPruning(LogicalPlan.scala:30)
[2026-08-22T18:37:56.149+0000] {subprocess.py:93} INFO - 	at org.apache.spark.sql.catalyst.plans.logical.AnalysisHelper.transformDownWithPruning(AnalysisHelper.scala:267)
[2026-08-22T18:37:56.149+0000] {subprocess.py:93} INFO - 	at org.apache.spark.sql.catalyst.plans.logical.AnalysisHelper.transformDownWithPruning$(AnalysisHelper.scala:263)
[2026-08-22T18:37:56.150+0000] {subprocess.py:93} INFO - 	at org.apache.spark.sql.catalyst.plans.logical.LogicalPlan.transformDownWithPruning(LogicalPlan.scala:30)
[2026-08-22T18:37:56.150+0000] {subprocess.py:93} INFO - 	at org.apache.spark.sql.catalyst.plans.logical.LogicalPlan.transformDownWithPruning(LogicalPlan.scala:30)
[2026-08-22T18:37:56.151+0000] {subprocess.py:93} INFO - 	at org.apache.spark.sql.catalyst.trees.TreeNode.transformDown(TreeNode.scala:560)
[2026-08-22T18:37:56.152+0000] {subprocess.py:93} INFO - 	at org.apache.spark.sql.execution.QueryExecution.eagerlyExecuteCommands(QueryExecution.scala:94)
[2026-08-22T18:37:56.152+0000] {subprocess.py:93} INFO - 	at org.apache.spark.sql.execution.QueryExecution.commandExecuted$lzycompute(QueryExecution.scala:81)
[2026-08-22T18:37:56.152+0000] {subprocess.py:93} INFO - 	at org.apache.spark.sql.execution.QueryExecution.commandExecuted(QueryExecution.scala:79)
[2026-08-22T18:37:56.153+0000] {subprocess.py:93} INFO - 	at org.apache.spark.sql.execution.QueryExecution.assertCommandExecuted(QueryExecution.scala:116)
[2026-08-22T18:37:56.153+0000] {subprocess.py:93} INFO - 	at org.apache.spark.sql.DataFrameWriter.runCommand(DataFrameWriter.scala:860)
[2026-08-22T18:37:56.154+0000] {subprocess.py:93} INFO - 	at org.apache.spark.sql.DataFrameWriter.saveToV1Source(DataFrameWriter.scala:390)
[2026-08-22T18:37:56.154+0000] {subprocess.py:93} INFO - 	at org.apache.spark.sql.DataFrameWriter.saveInternal(DataFrameWriter.scala:363)
[2026-08-22T18:37:56.154+0000] {subprocess.py:93} INFO - 	at org.apache.spark.sql.DataFrameWriter.save(DataFrameWriter.scala:247)
[2026-08-22T18:37:56.155+0000] {subprocess.py:93} INFO - 	at sun.reflect.NativeMethodAccessorImpl.invoke0(Native Method)
[2026-08-22T18:37:56.155+0000] {subprocess.py:93} INFO - 	at sun.reflect.NativeMethodAccessorImpl.invoke(NativeMethodAccessorImpl.java:62)
[2026-08-22T18:37:56.156+0000] {subprocess.py:93} INFO - 	at sun.reflect.DelegatingMethodAccessorImpl.invoke(DelegatingMethodAccessorImpl.java:43)
[2026-08-22T18:37:56.156+0000] {subprocess.py:93} INFO - 	at java.lang.reflect.Method.invoke(Method.java:498)
[2026-08-22T18:37:56.156+0000] {subprocess.py:93} INFO - 	at py4j.reflection.MethodInvoker.invoke(MethodInvoker.java:244)
[2026-08-22T18:37:56.156+0000] {subprocess.py:93} INFO - 	at py4j.reflection.ReflectionEngine.invoke(ReflectionEngine.java:357)
[2026-08-22T18:37:56.157+0000] {subprocess.py:93} INFO - 	at py4j.Gateway.invoke(Gateway.java:282)
[2026-08-22T18:37:56.157+0000] {subprocess.py:93} INFO - 	at py4j.commands.AbstractCommand.invokeMethod(AbstractCommand.java:132)
[2026-08-22T18:37:56.159+0000] {subprocess.py:93} INFO - 	at py4j.commands.CallCommand.execute(CallCommand.java:79)
[2026-08-22T18:37:56.160+0000] {subprocess.py:93} INFO - 	at py4j.ClientServerConnection.waitForCommands(ClientServerConnection.java:182)
[2026-08-22T18:37:56.161+0000] {subprocess.py:93} INFO - 	at py4j.ClientServerConnection.run(ClientServerConnection.java:106)
[2026-08-22T18:37:56.161+0000] {subprocess.py:93} INFO - 	at java.lang.Thread.run(Thread.java:748)
[2026-08-22T18:37:56.162+0000] {subprocess.py:93} INFO - Caused by: java.sql.BatchUpdateException: Batch entry 0 INSERT INTO cleaned_comments ("comment_id","video_id","channel_id","author","comment_text","like_count","published_at") VALUES ('Ugw2OIhYfeQsvPiPrdp4AaABAg','FY8Cp4f0EvY','UCjyuZeuUvsb_8WTHR63iXxw','@Yamilrostran777','All clubs vs madrid and barca',0,'2026-06-20T19:33:42Z') was aborted: ERROR: column "published_at" is of type timestamp without time zone but expression is of type character varying
[2026-08-22T18:37:56.163+0000] {subprocess.py:93} INFO -   Hint: You will need to rewrite or cast the expression.
[2026-08-22T18:37:56.164+0000] {subprocess.py:93} INFO -   Position: 147  Call getNextException to see other errors in the batch.
[2026-08-22T18:37:56.165+0000] {subprocess.py:93} INFO - 	at org.postgresql.jdbc.BatchResultHandler.handleError(BatchResultHandler.java:165)
[2026-08-22T18:37:56.165+0000] {subprocess.py:93} INFO - 	at org.postgresql.jdbc.PgStatement.internalExecuteBatch(PgStatement.java:880)
[2026-08-22T18:37:56.166+0000] {subprocess.py:93} INFO - 	at org.postgresql.jdbc.PgStatement.executeBatch(PgStatement.java:919)
[2026-08-22T18:37:56.166+0000] {subprocess.py:93} INFO - 	at org.postgresql.jdbc.PgPreparedStatement.executeBatch(PgPreparedStatement.java:1685)
[2026-08-22T18:37:56.167+0000] {subprocess.py:93} INFO - 	at org.apache.spark.sql.execution.datasources.jdbc.JdbcUtils$.savePartition(JdbcUtils.scala:713)
[2026-08-22T18:37:56.167+0000] {subprocess.py:93} INFO - 	at org.apache.spark.sql.execution.datasources.jdbc.JdbcUtils$.$anonfun$saveTable$1(JdbcUtils.scala:868)
[2026-08-22T18:37:56.168+0000] {subprocess.py:93} INFO - 	at org.apache.spark.sql.execution.datasources.jdbc.JdbcUtils$.$anonfun$saveTable$1$adapted(JdbcUtils.scala:867)
[2026-08-22T18:37:56.168+0000] {subprocess.py:93} INFO - 	at org.apache.spark.rdd.RDD.$anonfun$foreachPartition$2(RDD.scala:1011)
[2026-08-22T18:37:56.169+0000] {subprocess.py:93} INFO - 	at org.apache.spark.rdd.RDD.$anonfun$foreachPartition$2$adapted(RDD.scala:1011)
[2026-08-22T18:37:56.169+0000] {subprocess.py:93} INFO - 	at org.apache.spark.SparkContext.$anonfun$runJob$5(SparkContext.scala:2268)
[2026-08-22T18:37:56.170+0000] {subprocess.py:93} INFO - 	at org.apache.spark.scheduler.ResultTask.runTask(ResultTask.scala:90)
[2026-08-22T18:37:56.171+0000] {subprocess.py:93} INFO - 	at org.apache.spark.scheduler.Task.run(Task.scala:136)
[2026-08-22T18:37:56.171+0000] {subprocess.py:93} INFO - 	at org.apache.spark.executor.Executor$TaskRunner.$anonfun$run$3(Executor.scala:548)
[2026-08-22T18:37:56.171+0000] {subprocess.py:93} INFO - 	at org.apache.spark.util.Utils$.tryWithSafeFinally(Utils.scala:1504)
[2026-08-22T18:37:56.172+0000] {subprocess.py:93} INFO - 	at org.apache.spark.executor.Executor$TaskRunner.run(Executor.scala:551)
[2026-08-22T18:37:56.172+0000] {subprocess.py:93} INFO - 	at java.util.concurrent.ThreadPoolExecutor.runWorker(ThreadPoolExecutor.java:1149)
[2026-08-22T18:37:56.173+0000] {subprocess.py:93} INFO - 	at java.util.concurrent.ThreadPoolExecutor$Worker.run(ThreadPoolExecutor.java:624)
[2026-08-22T18:37:56.173+0000] {subprocess.py:93} INFO - 	... 1 more
[2026-08-22T18:37:56.174+0000] {subprocess.py:93} INFO - Caused by: org.postgresql.util.PSQLException: ERROR: column "published_at" is of type timestamp without time zone but expression is of type character varying
[2026-08-22T18:37:56.175+0000] {subprocess.py:93} INFO -   Hint: You will need to rewrite or cast the expression.
[2026-08-22T18:37:56.176+0000] {subprocess.py:93} INFO -   Position: 147
[2026-08-22T18:37:56.177+0000] {subprocess.py:93} INFO - 	at org.postgresql.core.v3.QueryExecutorImpl.receiveErrorResponse(QueryExecutorImpl.java:2713)
[2026-08-22T18:37:56.177+0000] {subprocess.py:93} INFO - 	at org.postgresql.core.v3.QueryExecutorImpl.processResults(QueryExecutorImpl.java:2401)
[2026-08-22T18:37:56.178+0000] {subprocess.py:93} INFO - 	at org.postgresql.core.v3.QueryExecutorImpl.execute(QueryExecutorImpl.java:368)
[2026-08-22T18:37:56.178+0000] {subprocess.py:93} INFO - 	at org.postgresql.core.v3.QueryExecutorImpl.execute(QueryExecutorImpl.java:327)
[2026-08-22T18:37:56.179+0000] {subprocess.py:93} INFO - 	at org.postgresql.jdbc.PgStatement.internalExecuteBatch(PgStatement.java:877)
[2026-08-22T18:37:56.180+0000] {subprocess.py:93} INFO - 	... 16 more
[2026-08-22T18:37:56.180+0000] {subprocess.py:93} INFO - 
[2026-08-22T18:37:56.181+0000] {subprocess.py:93} INFO - 26/08/22 18:37:56 INFO SparkUI: Stopped Spark web UI at http://171e2e9810fc:4041
[2026-08-22T18:37:56.181+0000] {subprocess.py:93} INFO - 26/08/22 18:37:56 INFO MapOutputTrackerMasterEndpoint: MapOutputTrackerMasterEndpoint stopped!
[2026-08-22T18:37:56.224+0000] {subprocess.py:93} INFO - 26/08/22 18:37:56 INFO MemoryStore: MemoryStore cleared
[2026-08-22T18:37:56.226+0000] {subprocess.py:93} INFO - 26/08/22 18:37:56 INFO BlockManager: BlockManager stopped
[2026-08-22T18:37:56.233+0000] {subprocess.py:93} INFO - 26/08/22 18:37:56 INFO BlockManagerMaster: BlockManagerMaster stopped
[2026-08-22T18:37:56.247+0000] {subprocess.py:93} INFO - 26/08/22 18:37:56 INFO OutputCommitCoordinator$OutputCommitCoordinatorEndpoint: OutputCommitCoordinator stopped!
[2026-08-22T18:37:56.268+0000] {subprocess.py:93} INFO - 26/08/22 18:37:56 INFO SparkContext: Successfully stopped SparkContext
[2026-08-22T18:37:56.389+0000] {subprocess.py:93} INFO - Spark session stopped.
[2026-08-22T18:37:56.390+0000] {subprocess.py:93} INFO - Removed temporary local file: /tmp/spark_processing/aaf9f4ac-0949-44b3-9af7-2d444107a89d
[2026-08-22T18:37:56.453+0000] {subprocess.py:93} INFO - 26/08/22 18:37:56 INFO ShutdownHookManager: Shutdown hook called
[2026-08-22T18:37:56.455+0000] {subprocess.py:93} INFO - 26/08/22 18:37:56 INFO ShutdownHookManager: Deleting directory /tmp/spark-23e362cd-e0e7-48b3-810d-0d5a06a7f34b
[2026-08-22T18:37:56.462+0000] {subprocess.py:93} INFO - 26/08/22 18:37:56 INFO ShutdownHookManager: Deleting directory /tmp/spark-a1ee60a1-a17e-4f86-96a5-c419acbe59a7/pyspark-f80f0e85-eafa-42a5-9179-77ce9475a7a6
[2026-08-22T18:37:56.467+0000] {subprocess.py:93} INFO - 26/08/22 18:37:56 INFO ShutdownHookManager: Deleting directory /tmp/spark-a1ee60a1-a17e-4f86-96a5-c419acbe59a7
[2026-08-22T18:37:56.639+0000] {subprocess.py:93} INFO - === Processing finished successfully: Sat Aug 22 18:37:56 UTC 2026 ===
[2026-08-22T18:37:56.642+0000] {subprocess.py:97} INFO - Command exited with return code 0
[2026-08-22T18:37:56.673+0000] {taskinstance.py:1138} INFO - Marking task as SUCCESS. dag_id=2_sports_goat_run_batch, task_id=ingest_batch_job, execution_date=20260822T183638, start_date=20260822T183720, end_date=20260822T183756
[2026-08-22T18:37:56.733+0000] {local_task_job_runner.py:234} INFO - Task exited with return code 0
[2026-08-22T18:37:56.746+0000] {taskinstance.py:3280} INFO - 0 downstream tasks scheduled from follow-on schedule check
