[2026-08-04T17:45:34.031+0000] {processor.py:161} INFO - Started process (PID=150) to work on /opt/airflow/dags/sports_goat_pipeline.py
[2026-08-04T17:45:34.033+0000] {processor.py:830} INFO - Processing file /opt/airflow/dags/sports_goat_pipeline.py for tasks to queue
[2026-08-04T17:45:34.040+0000] {logging_mixin.py:188} INFO - [2026-08-04T17:45:34.036+0000] {dagbag.py:538} INFO - Filling up the DagBag from /opt/airflow/dags/sports_goat_pipeline.py
[2026-08-04T17:45:34.144+0000] {logging_mixin.py:188} INFO - [2026-08-04T17:45:34.141+0000] {templater.py:95} ERROR - Failed to resolve template field 'bash_command'
Traceback (most recent call last):
  File "/home/airflow/.local/lib/python3.10/site-packages/airflow/template/templater.py", line 93, in resolve_template_files
    setattr(self, field, env.loader.get_source(env, content)[0])  # type: ignore
  File "/home/airflow/.local/lib/python3.10/site-packages/jinja2/loaders.py", line 204, in get_source
    raise TemplateNotFound(template)
jinja2.exceptions.TemplateNotFound: bash /app/run_batch.sh
[2026-08-04T17:45:34.158+0000] {logging_mixin.py:188} INFO - [2026-08-04T17:45:34.158+0000] {templater.py:95} ERROR - Failed to resolve template field 'bash_command'
Traceback (most recent call last):
  File "/home/airflow/.local/lib/python3.10/site-packages/airflow/template/templater.py", line 93, in resolve_template_files
    setattr(self, field, env.loader.get_source(env, content)[0])  # type: ignore
  File "/home/airflow/.local/lib/python3.10/site-packages/jinja2/loaders.py", line 204, in get_source
    raise TemplateNotFound(template)
jinja2.exceptions.TemplateNotFound: bash /app/run_raw_to_clean.sh
[2026-08-04T17:45:34.159+0000] {processor.py:840} INFO - DAG(s) '2_sports_goat_run_batch', '1_sports_goat_raw_to_clean' retrieved from /opt/airflow/dags/sports_goat_pipeline.py
[2026-08-04T17:45:34.814+0000] {logging_mixin.py:188} INFO - [2026-08-04T17:45:34.813+0000] {override.py:1769} INFO - Created Permission View: can edit on DAG:2_sports_goat_run_batch
[2026-08-04T17:45:34.850+0000] {logging_mixin.py:188} INFO - [2026-08-04T17:45:34.849+0000] {override.py:1769} INFO - Created Permission View: can delete on DAG:2_sports_goat_run_batch
[2026-08-04T17:45:34.880+0000] {logging_mixin.py:188} INFO - [2026-08-04T17:45:34.879+0000] {override.py:1769} INFO - Created Permission View: can read on DAG:2_sports_goat_run_batch
[2026-08-04T17:45:34.916+0000] {logging_mixin.py:188} INFO - [2026-08-04T17:45:34.915+0000] {override.py:1769} INFO - Created Permission View: can edit on DAG:1_sports_goat_raw_to_clean
[2026-08-04T17:45:34.931+0000] {logging_mixin.py:188} INFO - [2026-08-04T17:45:34.931+0000] {override.py:1769} INFO - Created Permission View: can delete on DAG:1_sports_goat_raw_to_clean
[2026-08-04T17:45:34.944+0000] {logging_mixin.py:188} INFO - [2026-08-04T17:45:34.944+0000] {override.py:1769} INFO - Created Permission View: can read on DAG:1_sports_goat_raw_to_clean
[2026-08-04T17:45:34.945+0000] {logging_mixin.py:188} INFO - [2026-08-04T17:45:34.945+0000] {dag.py:3036} INFO - Sync 2 DAGs
[2026-08-04T17:45:34.971+0000] {logging_mixin.py:188} INFO - [2026-08-04T17:45:34.971+0000] {dag.py:3058} INFO - Creating ORM DAG for 1_sports_goat_raw_to_clean
[2026-08-04T17:45:34.973+0000] {logging_mixin.py:188} INFO - [2026-08-04T17:45:34.972+0000] {dag.py:3058} INFO - Creating ORM DAG for 2_sports_goat_run_batch
[2026-08-04T17:45:34.999+0000] {logging_mixin.py:188} INFO - [2026-08-04T17:45:34.999+0000] {dag.py:3823} INFO - Setting next_dagrun for 1_sports_goat_raw_to_clean to 2026-08-03 17:45:00+00:00, run_after=2026-08-04 17:45:00+00:00
[2026-08-04T17:45:35.005+0000] {logging_mixin.py:188} INFO - [2026-08-04T17:45:35.004+0000] {dag.py:3823} INFO - Setting next_dagrun for 2_sports_goat_run_batch to 2026-08-02 18:00:00+00:00, run_after=2026-08-03 18:00:00+00:00
[2026-08-04T17:45:35.040+0000] {processor.py:183} INFO - Processing /opt/airflow/dags/sports_goat_pipeline.py took 1.027 seconds
[2026-08-04T17:46:07.203+0000] {processor.py:161} INFO - Started process (PID=169) to work on /opt/airflow/dags/sports_goat_pipeline.py
[2026-08-04T17:46:07.207+0000] {processor.py:830} INFO - Processing file /opt/airflow/dags/sports_goat_pipeline.py for tasks to queue
[2026-08-04T17:46:07.209+0000] {logging_mixin.py:188} INFO - [2026-08-04T17:46:07.209+0000] {dagbag.py:538} INFO - Filling up the DagBag from /opt/airflow/dags/sports_goat_pipeline.py
[2026-08-04T17:46:07.235+0000] {logging_mixin.py:188} INFO - [2026-08-04T17:46:07.234+0000] {templater.py:95} ERROR - Failed to resolve template field 'bash_command'
Traceback (most recent call last):
  File "/home/airflow/.local/lib/python3.10/site-packages/airflow/template/templater.py", line 93, in resolve_template_files
    setattr(self, field, env.loader.get_source(env, content)[0])  # type: ignore
  File "/home/airflow/.local/lib/python3.10/site-packages/jinja2/loaders.py", line 204, in get_source
    raise TemplateNotFound(template)
jinja2.exceptions.TemplateNotFound: bash /app/run_raw_to_clean.sh
[2026-08-04T17:46:07.244+0000] {logging_mixin.py:188} INFO - [2026-08-04T17:46:07.243+0000] {templater.py:95} ERROR - Failed to resolve template field 'bash_command'
Traceback (most recent call last):
  File "/home/airflow/.local/lib/python3.10/site-packages/airflow/template/templater.py", line 93, in resolve_template_files
    setattr(self, field, env.loader.get_source(env, content)[0])  # type: ignore
  File "/home/airflow/.local/lib/python3.10/site-packages/jinja2/loaders.py", line 204, in get_source
    raise TemplateNotFound(template)
jinja2.exceptions.TemplateNotFound: bash /app/run_batch.sh
[2026-08-04T17:46:07.245+0000] {processor.py:840} INFO - DAG(s) '1_sports_goat_raw_to_clean', '2_sports_goat_run_batch' retrieved from /opt/airflow/dags/sports_goat_pipeline.py
[2026-08-04T17:46:07.285+0000] {logging_mixin.py:188} INFO - [2026-08-04T17:46:07.285+0000] {dag.py:3036} INFO - Sync 2 DAGs
[2026-08-04T17:46:07.325+0000] {logging_mixin.py:188} INFO - [2026-08-04T17:46:07.324+0000] {dag.py:3823} INFO - Setting next_dagrun for 1_sports_goat_raw_to_clean to 2026-08-03 17:45:00+00:00, run_after=2026-08-04 17:45:00+00:00
[2026-08-04T17:46:07.335+0000] {logging_mixin.py:188} INFO - [2026-08-04T17:46:07.335+0000] {dag.py:3823} INFO - Setting next_dagrun for 2_sports_goat_run_batch to 2026-08-03 18:00:00+00:00, run_after=2026-08-04 18:00:00+00:00
[2026-08-04T17:46:07.373+0000] {processor.py:183} INFO - Processing /opt/airflow/dags/sports_goat_pipeline.py took 0.176 seconds
[2026-08-04T17:46:37.486+0000] {processor.py:161} INFO - Started process (PID=188) to work on /opt/airflow/dags/sports_goat_pipeline.py
[2026-08-04T17:46:37.489+0000] {processor.py:830} INFO - Processing file /opt/airflow/dags/sports_goat_pipeline.py for tasks to queue
[2026-08-04T17:46:37.491+0000] {logging_mixin.py:188} INFO - [2026-08-04T17:46:37.490+0000] {dagbag.py:538} INFO - Filling up the DagBag from /opt/airflow/dags/sports_goat_pipeline.py
[2026-08-04T17:46:37.524+0000] {logging_mixin.py:188} INFO - [2026-08-04T17:46:37.523+0000] {templater.py:95} ERROR - Failed to resolve template field 'bash_command'
Traceback (most recent call last):
  File "/home/airflow/.local/lib/python3.10/site-packages/airflow/template/templater.py", line 93, in resolve_template_files
    setattr(self, field, env.loader.get_source(env, content)[0])  # type: ignore
  File "/home/airflow/.local/lib/python3.10/site-packages/jinja2/loaders.py", line 204, in get_source
    raise TemplateNotFound(template)
jinja2.exceptions.TemplateNotFound: bash /app/run_batch.sh
[2026-08-04T17:46:37.533+0000] {logging_mixin.py:188} INFO - [2026-08-04T17:46:37.533+0000] {templater.py:95} ERROR - Failed to resolve template field 'bash_command'
Traceback (most recent call last):
  File "/home/airflow/.local/lib/python3.10/site-packages/airflow/template/templater.py", line 93, in resolve_template_files
    setattr(self, field, env.loader.get_source(env, content)[0])  # type: ignore
  File "/home/airflow/.local/lib/python3.10/site-packages/jinja2/loaders.py", line 204, in get_source
    raise TemplateNotFound(template)
jinja2.exceptions.TemplateNotFound: bash /app/run_raw_to_clean.sh
[2026-08-04T17:46:37.535+0000] {processor.py:840} INFO - DAG(s) '2_sports_goat_run_batch', '1_sports_goat_raw_to_clean' retrieved from /opt/airflow/dags/sports_goat_pipeline.py
[2026-08-04T17:46:37.577+0000] {logging_mixin.py:188} INFO - [2026-08-04T17:46:37.576+0000] {dag.py:3036} INFO - Sync 2 DAGs
[2026-08-04T17:46:37.621+0000] {logging_mixin.py:188} INFO - [2026-08-04T17:46:37.621+0000] {dag.py:3823} INFO - Setting next_dagrun for 1_sports_goat_raw_to_clean to 2026-08-04 17:45:00+00:00, run_after=2026-08-05 17:45:00+00:00
[2026-08-04T17:46:37.632+0000] {logging_mixin.py:188} INFO - [2026-08-04T17:46:37.631+0000] {dag.py:3823} INFO - Setting next_dagrun for 2_sports_goat_run_batch to 2026-08-03 18:00:00+00:00, run_after=2026-08-04 18:00:00+00:00
[2026-08-04T17:46:37.669+0000] {processor.py:183} INFO - Processing /opt/airflow/dags/sports_goat_pipeline.py took 0.191 seconds
[2026-08-04T17:47:08.125+0000] {processor.py:161} INFO - Started process (PID=189) to work on /opt/airflow/dags/sports_goat_pipeline.py
[2026-08-04T17:47:08.127+0000] {processor.py:830} INFO - Processing file /opt/airflow/dags/sports_goat_pipeline.py for tasks to queue
[2026-08-04T17:47:08.129+0000] {logging_mixin.py:188} INFO - [2026-08-04T17:47:08.128+0000] {dagbag.py:538} INFO - Filling up the DagBag from /opt/airflow/dags/sports_goat_pipeline.py
[2026-08-04T17:47:08.151+0000] {logging_mixin.py:188} INFO - [2026-08-04T17:47:08.150+0000] {templater.py:95} ERROR - Failed to resolve template field 'bash_command'
Traceback (most recent call last):
  File "/home/airflow/.local/lib/python3.10/site-packages/airflow/template/templater.py", line 93, in resolve_template_files
    setattr(self, field, env.loader.get_source(env, content)[0])  # type: ignore
  File "/home/airflow/.local/lib/python3.10/site-packages/jinja2/loaders.py", line 204, in get_source
    raise TemplateNotFound(template)
jinja2.exceptions.TemplateNotFound: bash /app/run_batch.sh
[2026-08-04T17:47:08.158+0000] {logging_mixin.py:188} INFO - [2026-08-04T17:47:08.158+0000] {templater.py:95} ERROR - Failed to resolve template field 'bash_command'
Traceback (most recent call last):
  File "/home/airflow/.local/lib/python3.10/site-packages/airflow/template/templater.py", line 93, in resolve_template_files
    setattr(self, field, env.loader.get_source(env, content)[0])  # type: ignore
  File "/home/airflow/.local/lib/python3.10/site-packages/jinja2/loaders.py", line 204, in get_source
    raise TemplateNotFound(template)
jinja2.exceptions.TemplateNotFound: bash /app/run_raw_to_clean.sh
[2026-08-04T17:47:08.160+0000] {processor.py:840} INFO - DAG(s) '2_sports_goat_run_batch', '1_sports_goat_raw_to_clean' retrieved from /opt/airflow/dags/sports_goat_pipeline.py
[2026-08-04T17:47:08.197+0000] {logging_mixin.py:188} INFO - [2026-08-04T17:47:08.196+0000] {dag.py:3036} INFO - Sync 2 DAGs
[2026-08-04T17:47:08.229+0000] {logging_mixin.py:188} INFO - [2026-08-04T17:47:08.229+0000] {dag.py:3823} INFO - Setting next_dagrun for 1_sports_goat_raw_to_clean to 2026-08-04 17:45:00+00:00, run_after=2026-08-05 17:45:00+00:00
[2026-08-04T17:47:08.237+0000] {logging_mixin.py:188} INFO - [2026-08-04T17:47:08.236+0000] {dag.py:3823} INFO - Setting next_dagrun for 2_sports_goat_run_batch to 2026-08-03 18:00:00+00:00, run_after=2026-08-04 18:00:00+00:00
[2026-08-04T17:47:08.267+0000] {processor.py:183} INFO - Processing /opt/airflow/dags/sports_goat_pipeline.py took 0.147 seconds
[2026-08-04T17:47:38.577+0000] {processor.py:161} INFO - Started process (PID=190) to work on /opt/airflow/dags/sports_goat_pipeline.py
[2026-08-04T17:47:38.578+0000] {processor.py:830} INFO - Processing file /opt/airflow/dags/sports_goat_pipeline.py for tasks to queue
[2026-08-04T17:47:38.580+0000] {logging_mixin.py:188} INFO - [2026-08-04T17:47:38.579+0000] {dagbag.py:538} INFO - Filling up the DagBag from /opt/airflow/dags/sports_goat_pipeline.py
[2026-08-04T17:47:38.599+0000] {logging_mixin.py:188} INFO - [2026-08-04T17:47:38.598+0000] {templater.py:95} ERROR - Failed to resolve template field 'bash_command'
Traceback (most recent call last):
  File "/home/airflow/.local/lib/python3.10/site-packages/airflow/template/templater.py", line 93, in resolve_template_files
    setattr(self, field, env.loader.get_source(env, content)[0])  # type: ignore
  File "/home/airflow/.local/lib/python3.10/site-packages/jinja2/loaders.py", line 204, in get_source
    raise TemplateNotFound(template)
jinja2.exceptions.TemplateNotFound: bash /app/run_batch.sh
[2026-08-04T17:47:38.606+0000] {logging_mixin.py:188} INFO - [2026-08-04T17:47:38.605+0000] {templater.py:95} ERROR - Failed to resolve template field 'bash_command'
Traceback (most recent call last):
  File "/home/airflow/.local/lib/python3.10/site-packages/airflow/template/templater.py", line 93, in resolve_template_files
    setattr(self, field, env.loader.get_source(env, content)[0])  # type: ignore
  File "/home/airflow/.local/lib/python3.10/site-packages/jinja2/loaders.py", line 204, in get_source
    raise TemplateNotFound(template)
jinja2.exceptions.TemplateNotFound: bash /app/run_raw_to_clean.sh
[2026-08-04T17:47:38.607+0000] {processor.py:840} INFO - DAG(s) '2_sports_goat_run_batch', '1_sports_goat_raw_to_clean' retrieved from /opt/airflow/dags/sports_goat_pipeline.py
[2026-08-04T17:47:38.637+0000] {logging_mixin.py:188} INFO - [2026-08-04T17:47:38.637+0000] {dag.py:3036} INFO - Sync 2 DAGs
[2026-08-04T17:47:38.665+0000] {logging_mixin.py:188} INFO - [2026-08-04T17:47:38.665+0000] {dag.py:3823} INFO - Setting next_dagrun for 1_sports_goat_raw_to_clean to 2026-08-04 17:45:00+00:00, run_after=2026-08-05 17:45:00+00:00
[2026-08-04T17:47:38.675+0000] {logging_mixin.py:188} INFO - [2026-08-04T17:47:38.674+0000] {dag.py:3823} INFO - Setting next_dagrun for 2_sports_goat_run_batch to 2026-08-03 18:00:00+00:00, run_after=2026-08-04 18:00:00+00:00
[2026-08-04T17:47:38.703+0000] {processor.py:183} INFO - Processing /opt/airflow/dags/sports_goat_pipeline.py took 0.130 seconds
[2026-08-04T17:48:09.275+0000] {processor.py:161} INFO - Started process (PID=191) to work on /opt/airflow/dags/sports_goat_pipeline.py
[2026-08-04T17:48:09.282+0000] {processor.py:830} INFO - Processing file /opt/airflow/dags/sports_goat_pipeline.py for tasks to queue
[2026-08-04T17:48:09.287+0000] {logging_mixin.py:188} INFO - [2026-08-04T17:48:09.285+0000] {dagbag.py:538} INFO - Filling up the DagBag from /opt/airflow/dags/sports_goat_pipeline.py
[2026-08-04T17:48:09.345+0000] {logging_mixin.py:188} INFO - [2026-08-04T17:48:09.343+0000] {templater.py:95} ERROR - Failed to resolve template field 'bash_command'
Traceback (most recent call last):
  File "/home/airflow/.local/lib/python3.10/site-packages/airflow/template/templater.py", line 93, in resolve_template_files
    setattr(self, field, env.loader.get_source(env, content)[0])  # type: ignore
  File "/home/airflow/.local/lib/python3.10/site-packages/jinja2/loaders.py", line 204, in get_source
    raise TemplateNotFound(template)
jinja2.exceptions.TemplateNotFound: bash /app/run_raw_to_clean.sh
[2026-08-04T17:48:09.377+0000] {logging_mixin.py:188} INFO - [2026-08-04T17:48:09.375+0000] {templater.py:95} ERROR - Failed to resolve template field 'bash_command'
Traceback (most recent call last):
  File "/home/airflow/.local/lib/python3.10/site-packages/airflow/template/templater.py", line 93, in resolve_template_files
    setattr(self, field, env.loader.get_source(env, content)[0])  # type: ignore
  File "/home/airflow/.local/lib/python3.10/site-packages/jinja2/loaders.py", line 204, in get_source
    raise TemplateNotFound(template)
jinja2.exceptions.TemplateNotFound: bash /app/run_batch.sh
[2026-08-04T17:48:09.379+0000] {processor.py:840} INFO - DAG(s) '1_sports_goat_raw_to_clean', '2_sports_goat_run_batch' retrieved from /opt/airflow/dags/sports_goat_pipeline.py
[2026-08-04T17:48:09.554+0000] {logging_mixin.py:188} INFO - [2026-08-04T17:48:09.553+0000] {dag.py:3036} INFO - Sync 2 DAGs
[2026-08-04T17:48:09.650+0000] {logging_mixin.py:188} INFO - [2026-08-04T17:48:09.650+0000] {dag.py:3823} INFO - Setting next_dagrun for 1_sports_goat_raw_to_clean to 2026-08-04 17:45:00+00:00, run_after=2026-08-05 17:45:00+00:00
[2026-08-04T17:48:09.683+0000] {logging_mixin.py:188} INFO - [2026-08-04T17:48:09.682+0000] {dag.py:3823} INFO - Setting next_dagrun for 2_sports_goat_run_batch to 2026-08-03 18:00:00+00:00, run_after=2026-08-04 18:00:00+00:00
[2026-08-04T17:48:09.809+0000] {processor.py:183} INFO - Processing /opt/airflow/dags/sports_goat_pipeline.py took 0.559 seconds
[2026-08-04T17:48:39.955+0000] {processor.py:161} INFO - Started process (PID=192) to work on /opt/airflow/dags/sports_goat_pipeline.py
[2026-08-04T17:48:39.957+0000] {processor.py:830} INFO - Processing file /opt/airflow/dags/sports_goat_pipeline.py for tasks to queue
[2026-08-04T17:48:39.960+0000] {logging_mixin.py:188} INFO - [2026-08-04T17:48:39.959+0000] {dagbag.py:538} INFO - Filling up the DagBag from /opt/airflow/dags/sports_goat_pipeline.py
[2026-08-04T17:48:39.992+0000] {logging_mixin.py:188} INFO - [2026-08-04T17:48:39.991+0000] {templater.py:95} ERROR - Failed to resolve template field 'bash_command'
Traceback (most recent call last):
  File "/home/airflow/.local/lib/python3.10/site-packages/airflow/template/templater.py", line 93, in resolve_template_files
    setattr(self, field, env.loader.get_source(env, content)[0])  # type: ignore
  File "/home/airflow/.local/lib/python3.10/site-packages/jinja2/loaders.py", line 204, in get_source
    raise TemplateNotFound(template)
jinja2.exceptions.TemplateNotFound: bash /app/run_raw_to_clean.sh
[2026-08-04T17:48:40.001+0000] {logging_mixin.py:188} INFO - [2026-08-04T17:48:40.000+0000] {templater.py:95} ERROR - Failed to resolve template field 'bash_command'
Traceback (most recent call last):
  File "/home/airflow/.local/lib/python3.10/site-packages/airflow/template/templater.py", line 93, in resolve_template_files
    setattr(self, field, env.loader.get_source(env, content)[0])  # type: ignore
  File "/home/airflow/.local/lib/python3.10/site-packages/jinja2/loaders.py", line 204, in get_source
    raise TemplateNotFound(template)
jinja2.exceptions.TemplateNotFound: bash /app/run_batch.sh
[2026-08-04T17:48:40.001+0000] {processor.py:840} INFO - DAG(s) '1_sports_goat_raw_to_clean', '2_sports_goat_run_batch' retrieved from /opt/airflow/dags/sports_goat_pipeline.py
[2026-08-04T17:48:40.045+0000] {logging_mixin.py:188} INFO - [2026-08-04T17:48:40.045+0000] {dag.py:3036} INFO - Sync 2 DAGs
[2026-08-04T17:48:40.100+0000] {logging_mixin.py:188} INFO - [2026-08-04T17:48:40.099+0000] {dag.py:3823} INFO - Setting next_dagrun for 1_sports_goat_raw_to_clean to 2026-08-04 17:45:00+00:00, run_after=2026-08-05 17:45:00+00:00
[2026-08-04T17:48:40.110+0000] {logging_mixin.py:188} INFO - [2026-08-04T17:48:40.109+0000] {dag.py:3823} INFO - Setting next_dagrun for 2_sports_goat_run_batch to 2026-08-03 18:00:00+00:00, run_after=2026-08-04 18:00:00+00:00
[2026-08-04T17:48:40.142+0000] {processor.py:183} INFO - Processing /opt/airflow/dags/sports_goat_pipeline.py took 0.192 seconds
[2026-08-04T17:49:10.884+0000] {processor.py:161} INFO - Started process (PID=193) to work on /opt/airflow/dags/sports_goat_pipeline.py
[2026-08-04T17:49:10.885+0000] {processor.py:830} INFO - Processing file /opt/airflow/dags/sports_goat_pipeline.py for tasks to queue
[2026-08-04T17:49:10.887+0000] {logging_mixin.py:188} INFO - [2026-08-04T17:49:10.886+0000] {dagbag.py:538} INFO - Filling up the DagBag from /opt/airflow/dags/sports_goat_pipeline.py
[2026-08-04T17:49:10.926+0000] {logging_mixin.py:188} INFO - [2026-08-04T17:49:10.925+0000] {templater.py:95} ERROR - Failed to resolve template field 'bash_command'
Traceback (most recent call last):
  File "/home/airflow/.local/lib/python3.10/site-packages/airflow/template/templater.py", line 93, in resolve_template_files
    setattr(self, field, env.loader.get_source(env, content)[0])  # type: ignore
  File "/home/airflow/.local/lib/python3.10/site-packages/jinja2/loaders.py", line 204, in get_source
    raise TemplateNotFound(template)
jinja2.exceptions.TemplateNotFound: bash /app/run_batch.sh
[2026-08-04T17:49:10.943+0000] {logging_mixin.py:188} INFO - [2026-08-04T17:49:10.941+0000] {templater.py:95} ERROR - Failed to resolve template field 'bash_command'
Traceback (most recent call last):
  File "/home/airflow/.local/lib/python3.10/site-packages/airflow/template/templater.py", line 93, in resolve_template_files
    setattr(self, field, env.loader.get_source(env, content)[0])  # type: ignore
  File "/home/airflow/.local/lib/python3.10/site-packages/jinja2/loaders.py", line 204, in get_source
    raise TemplateNotFound(template)
jinja2.exceptions.TemplateNotFound: bash /app/run_raw_to_clean.sh
[2026-08-04T17:49:10.944+0000] {processor.py:840} INFO - DAG(s) '2_sports_goat_run_batch', '1_sports_goat_raw_to_clean' retrieved from /opt/airflow/dags/sports_goat_pipeline.py
[2026-08-04T17:49:11.000+0000] {logging_mixin.py:188} INFO - [2026-08-04T17:49:11.000+0000] {dag.py:3036} INFO - Sync 2 DAGs
[2026-08-04T17:49:11.062+0000] {logging_mixin.py:188} INFO - [2026-08-04T17:49:11.062+0000] {dag.py:3823} INFO - Setting next_dagrun for 1_sports_goat_raw_to_clean to 2026-08-04 17:45:00+00:00, run_after=2026-08-05 17:45:00+00:00
[2026-08-04T17:49:11.081+0000] {logging_mixin.py:188} INFO - [2026-08-04T17:49:11.080+0000] {dag.py:3823} INFO - Setting next_dagrun for 2_sports_goat_run_batch to 2026-08-03 18:00:00+00:00, run_after=2026-08-04 18:00:00+00:00
[2026-08-04T17:49:11.138+0000] {processor.py:183} INFO - Processing /opt/airflow/dags/sports_goat_pipeline.py took 0.263 seconds
[2026-08-04T17:49:41.435+0000] {processor.py:161} INFO - Started process (PID=194) to work on /opt/airflow/dags/sports_goat_pipeline.py
[2026-08-04T17:49:41.437+0000] {processor.py:830} INFO - Processing file /opt/airflow/dags/sports_goat_pipeline.py for tasks to queue
[2026-08-04T17:49:41.442+0000] {logging_mixin.py:188} INFO - [2026-08-04T17:49:41.441+0000] {dagbag.py:538} INFO - Filling up the DagBag from /opt/airflow/dags/sports_goat_pipeline.py
[2026-08-04T17:49:41.482+0000] {logging_mixin.py:188} INFO - [2026-08-04T17:49:41.480+0000] {templater.py:95} ERROR - Failed to resolve template field 'bash_command'
Traceback (most recent call last):
  File "/home/airflow/.local/lib/python3.10/site-packages/airflow/template/templater.py", line 93, in resolve_template_files
    setattr(self, field, env.loader.get_source(env, content)[0])  # type: ignore
  File "/home/airflow/.local/lib/python3.10/site-packages/jinja2/loaders.py", line 204, in get_source
    raise TemplateNotFound(template)
jinja2.exceptions.TemplateNotFound: bash /app/run_raw_to_clean.sh
[2026-08-04T17:49:41.496+0000] {logging_mixin.py:188} INFO - [2026-08-04T17:49:41.496+0000] {templater.py:95} ERROR - Failed to resolve template field 'bash_command'
Traceback (most recent call last):
  File "/home/airflow/.local/lib/python3.10/site-packages/airflow/template/templater.py", line 93, in resolve_template_files
    setattr(self, field, env.loader.get_source(env, content)[0])  # type: ignore
  File "/home/airflow/.local/lib/python3.10/site-packages/jinja2/loaders.py", line 204, in get_source
    raise TemplateNotFound(template)
jinja2.exceptions.TemplateNotFound: bash /app/run_batch.sh
[2026-08-04T17:49:41.497+0000] {processor.py:840} INFO - DAG(s) '1_sports_goat_raw_to_clean', '2_sports_goat_run_batch' retrieved from /opt/airflow/dags/sports_goat_pipeline.py
[2026-08-04T17:49:41.546+0000] {logging_mixin.py:188} INFO - [2026-08-04T17:49:41.545+0000] {dag.py:3036} INFO - Sync 2 DAGs
[2026-08-04T17:49:41.586+0000] {logging_mixin.py:188} INFO - [2026-08-04T17:49:41.585+0000] {dag.py:3823} INFO - Setting next_dagrun for 1_sports_goat_raw_to_clean to 2026-08-04 17:45:00+00:00, run_after=2026-08-05 17:45:00+00:00
[2026-08-04T17:49:41.593+0000] {logging_mixin.py:188} INFO - [2026-08-04T17:49:41.593+0000] {dag.py:3823} INFO - Setting next_dagrun for 2_sports_goat_run_batch to 2026-08-03 18:00:00+00:00, run_after=2026-08-04 18:00:00+00:00
[2026-08-04T17:49:41.638+0000] {processor.py:183} INFO - Processing /opt/airflow/dags/sports_goat_pipeline.py took 0.209 seconds
[2026-08-04T17:50:12.211+0000] {processor.py:161} INFO - Started process (PID=195) to work on /opt/airflow/dags/sports_goat_pipeline.py
[2026-08-04T17:50:12.214+0000] {processor.py:830} INFO - Processing file /opt/airflow/dags/sports_goat_pipeline.py for tasks to queue
[2026-08-04T17:50:12.217+0000] {logging_mixin.py:188} INFO - [2026-08-04T17:50:12.216+0000] {dagbag.py:538} INFO - Filling up the DagBag from /opt/airflow/dags/sports_goat_pipeline.py
[2026-08-04T17:50:12.244+0000] {logging_mixin.py:188} INFO - [2026-08-04T17:50:12.243+0000] {templater.py:95} ERROR - Failed to resolve template field 'bash_command'
Traceback (most recent call last):
  File "/home/airflow/.local/lib/python3.10/site-packages/airflow/template/templater.py", line 93, in resolve_template_files
    setattr(self, field, env.loader.get_source(env, content)[0])  # type: ignore
  File "/home/airflow/.local/lib/python3.10/site-packages/jinja2/loaders.py", line 204, in get_source
    raise TemplateNotFound(template)
jinja2.exceptions.TemplateNotFound: bash /app/run_batch.sh
[2026-08-04T17:50:12.254+0000] {logging_mixin.py:188} INFO - [2026-08-04T17:50:12.253+0000] {templater.py:95} ERROR - Failed to resolve template field 'bash_command'
Traceback (most recent call last):
  File "/home/airflow/.local/lib/python3.10/site-packages/airflow/template/templater.py", line 93, in resolve_template_files
    setattr(self, field, env.loader.get_source(env, content)[0])  # type: ignore
  File "/home/airflow/.local/lib/python3.10/site-packages/jinja2/loaders.py", line 204, in get_source
    raise TemplateNotFound(template)
jinja2.exceptions.TemplateNotFound: bash /app/run_raw_to_clean.sh
[2026-08-04T17:50:12.255+0000] {processor.py:840} INFO - DAG(s) '2_sports_goat_run_batch', '1_sports_goat_raw_to_clean' retrieved from /opt/airflow/dags/sports_goat_pipeline.py
[2026-08-04T17:50:12.295+0000] {logging_mixin.py:188} INFO - [2026-08-04T17:50:12.295+0000] {dag.py:3036} INFO - Sync 2 DAGs
[2026-08-04T17:50:12.337+0000] {logging_mixin.py:188} INFO - [2026-08-04T17:50:12.337+0000] {dag.py:3823} INFO - Setting next_dagrun for 1_sports_goat_raw_to_clean to 2026-08-04 17:45:00+00:00, run_after=2026-08-05 17:45:00+00:00
[2026-08-04T17:50:12.357+0000] {logging_mixin.py:188} INFO - [2026-08-04T17:50:12.356+0000] {dag.py:3823} INFO - Setting next_dagrun for 2_sports_goat_run_batch to 2026-08-03 18:00:00+00:00, run_after=2026-08-04 18:00:00+00:00
[2026-08-04T17:50:12.410+0000] {processor.py:183} INFO - Processing /opt/airflow/dags/sports_goat_pipeline.py took 0.205 seconds
[2026-08-04T17:50:42.994+0000] {processor.py:161} INFO - Started process (PID=196) to work on /opt/airflow/dags/sports_goat_pipeline.py
[2026-08-04T17:50:42.996+0000] {processor.py:830} INFO - Processing file /opt/airflow/dags/sports_goat_pipeline.py for tasks to queue
[2026-08-04T17:50:42.998+0000] {logging_mixin.py:188} INFO - [2026-08-04T17:50:42.997+0000] {dagbag.py:538} INFO - Filling up the DagBag from /opt/airflow/dags/sports_goat_pipeline.py
[2026-08-04T17:50:43.025+0000] {logging_mixin.py:188} INFO - [2026-08-04T17:50:43.023+0000] {templater.py:95} ERROR - Failed to resolve template field 'bash_command'
Traceback (most recent call last):
  File "/home/airflow/.local/lib/python3.10/site-packages/airflow/template/templater.py", line 93, in resolve_template_files
    setattr(self, field, env.loader.get_source(env, content)[0])  # type: ignore
  File "/home/airflow/.local/lib/python3.10/site-packages/jinja2/loaders.py", line 204, in get_source
    raise TemplateNotFound(template)
jinja2.exceptions.TemplateNotFound: bash /app/run_batch.sh
[2026-08-04T17:50:43.037+0000] {logging_mixin.py:188} INFO - [2026-08-04T17:50:43.037+0000] {templater.py:95} ERROR - Failed to resolve template field 'bash_command'
Traceback (most recent call last):
  File "/home/airflow/.local/lib/python3.10/site-packages/airflow/template/templater.py", line 93, in resolve_template_files
    setattr(self, field, env.loader.get_source(env, content)[0])  # type: ignore
  File "/home/airflow/.local/lib/python3.10/site-packages/jinja2/loaders.py", line 204, in get_source
    raise TemplateNotFound(template)
jinja2.exceptions.TemplateNotFound: bash /app/run_raw_to_clean.sh
[2026-08-04T17:50:43.040+0000] {processor.py:840} INFO - DAG(s) '2_sports_goat_run_batch', '1_sports_goat_raw_to_clean' retrieved from /opt/airflow/dags/sports_goat_pipeline.py
[2026-08-04T17:50:43.124+0000] {logging_mixin.py:188} INFO - [2026-08-04T17:50:43.124+0000] {dag.py:3036} INFO - Sync 2 DAGs
[2026-08-04T17:50:43.173+0000] {logging_mixin.py:188} INFO - [2026-08-04T17:50:43.172+0000] {dag.py:3823} INFO - Setting next_dagrun for 1_sports_goat_raw_to_clean to 2026-08-04 17:45:00+00:00, run_after=2026-08-05 17:45:00+00:00
[2026-08-04T17:50:43.180+0000] {logging_mixin.py:188} INFO - [2026-08-04T17:50:43.180+0000] {dag.py:3823} INFO - Setting next_dagrun for 2_sports_goat_run_batch to 2026-08-03 18:00:00+00:00, run_after=2026-08-04 18:00:00+00:00
[2026-08-04T17:50:43.210+0000] {processor.py:183} INFO - Processing /opt/airflow/dags/sports_goat_pipeline.py took 0.223 seconds
[2026-08-04T17:51:13.355+0000] {processor.py:161} INFO - Started process (PID=197) to work on /opt/airflow/dags/sports_goat_pipeline.py
[2026-08-04T17:51:13.357+0000] {processor.py:830} INFO - Processing file /opt/airflow/dags/sports_goat_pipeline.py for tasks to queue
[2026-08-04T17:51:13.359+0000] {logging_mixin.py:188} INFO - [2026-08-04T17:51:13.358+0000] {dagbag.py:538} INFO - Filling up the DagBag from /opt/airflow/dags/sports_goat_pipeline.py
[2026-08-04T17:51:13.397+0000] {logging_mixin.py:188} INFO - [2026-08-04T17:51:13.393+0000] {templater.py:95} ERROR - Failed to resolve template field 'bash_command'
Traceback (most recent call last):
  File "/home/airflow/.local/lib/python3.10/site-packages/airflow/template/templater.py", line 93, in resolve_template_files
    setattr(self, field, env.loader.get_source(env, content)[0])  # type: ignore
  File "/home/airflow/.local/lib/python3.10/site-packages/jinja2/loaders.py", line 204, in get_source
    raise TemplateNotFound(template)
jinja2.exceptions.TemplateNotFound: bash /app/run_raw_to_clean.sh
[2026-08-04T17:51:13.408+0000] {logging_mixin.py:188} INFO - [2026-08-04T17:51:13.408+0000] {templater.py:95} ERROR - Failed to resolve template field 'bash_command'
Traceback (most recent call last):
  File "/home/airflow/.local/lib/python3.10/site-packages/airflow/template/templater.py", line 93, in resolve_template_files
    setattr(self, field, env.loader.get_source(env, content)[0])  # type: ignore
  File "/home/airflow/.local/lib/python3.10/site-packages/jinja2/loaders.py", line 204, in get_source
    raise TemplateNotFound(template)
jinja2.exceptions.TemplateNotFound: bash /app/run_batch.sh
[2026-08-04T17:51:13.409+0000] {processor.py:840} INFO - DAG(s) '1_sports_goat_raw_to_clean', '2_sports_goat_run_batch' retrieved from /opt/airflow/dags/sports_goat_pipeline.py
[2026-08-04T17:51:13.453+0000] {logging_mixin.py:188} INFO - [2026-08-04T17:51:13.452+0000] {dag.py:3036} INFO - Sync 2 DAGs
[2026-08-04T17:51:13.493+0000] {logging_mixin.py:188} INFO - [2026-08-04T17:51:13.493+0000] {dag.py:3823} INFO - Setting next_dagrun for 1_sports_goat_raw_to_clean to 2026-08-04 17:45:00+00:00, run_after=2026-08-05 17:45:00+00:00
[2026-08-04T17:51:13.501+0000] {logging_mixin.py:188} INFO - [2026-08-04T17:51:13.501+0000] {dag.py:3823} INFO - Setting next_dagrun for 2_sports_goat_run_batch to 2026-08-03 18:00:00+00:00, run_after=2026-08-04 18:00:00+00:00
[2026-08-04T17:51:13.535+0000] {processor.py:183} INFO - Processing /opt/airflow/dags/sports_goat_pipeline.py took 0.189 seconds
[2026-08-04T17:51:44.108+0000] {processor.py:161} INFO - Started process (PID=198) to work on /opt/airflow/dags/sports_goat_pipeline.py
[2026-08-04T17:51:44.111+0000] {processor.py:830} INFO - Processing file /opt/airflow/dags/sports_goat_pipeline.py for tasks to queue
[2026-08-04T17:51:44.114+0000] {logging_mixin.py:188} INFO - [2026-08-04T17:51:44.113+0000] {dagbag.py:538} INFO - Filling up the DagBag from /opt/airflow/dags/sports_goat_pipeline.py
[2026-08-04T17:51:44.142+0000] {logging_mixin.py:188} INFO - [2026-08-04T17:51:44.140+0000] {templater.py:95} ERROR - Failed to resolve template field 'bash_command'
Traceback (most recent call last):
  File "/home/airflow/.local/lib/python3.10/site-packages/airflow/template/templater.py", line 93, in resolve_template_files
    setattr(self, field, env.loader.get_source(env, content)[0])  # type: ignore
  File "/home/airflow/.local/lib/python3.10/site-packages/jinja2/loaders.py", line 204, in get_source
    raise TemplateNotFound(template)
jinja2.exceptions.TemplateNotFound: bash /app/run_batch.sh
[2026-08-04T17:51:44.154+0000] {logging_mixin.py:188} INFO - [2026-08-04T17:51:44.154+0000] {templater.py:95} ERROR - Failed to resolve template field 'bash_command'
Traceback (most recent call last):
  File "/home/airflow/.local/lib/python3.10/site-packages/airflow/template/templater.py", line 93, in resolve_template_files
    setattr(self, field, env.loader.get_source(env, content)[0])  # type: ignore
  File "/home/airflow/.local/lib/python3.10/site-packages/jinja2/loaders.py", line 204, in get_source
    raise TemplateNotFound(template)
jinja2.exceptions.TemplateNotFound: bash /app/run_raw_to_clean.sh
[2026-08-04T17:51:44.155+0000] {processor.py:840} INFO - DAG(s) '2_sports_goat_run_batch', '1_sports_goat_raw_to_clean' retrieved from /opt/airflow/dags/sports_goat_pipeline.py
[2026-08-04T17:51:44.215+0000] {logging_mixin.py:188} INFO - [2026-08-04T17:51:44.214+0000] {dag.py:3036} INFO - Sync 2 DAGs
[2026-08-04T17:51:44.269+0000] {logging_mixin.py:188} INFO - [2026-08-04T17:51:44.269+0000] {dag.py:3823} INFO - Setting next_dagrun for 1_sports_goat_raw_to_clean to 2026-08-04 17:45:00+00:00, run_after=2026-08-05 17:45:00+00:00
[2026-08-04T17:51:44.281+0000] {logging_mixin.py:188} INFO - [2026-08-04T17:51:44.280+0000] {dag.py:3823} INFO - Setting next_dagrun for 2_sports_goat_run_batch to 2026-08-03 18:00:00+00:00, run_after=2026-08-04 18:00:00+00:00
[2026-08-04T17:51:44.316+0000] {processor.py:183} INFO - Processing /opt/airflow/dags/sports_goat_pipeline.py took 0.214 seconds
[2026-08-04T17:52:14.799+0000] {processor.py:161} INFO - Started process (PID=199) to work on /opt/airflow/dags/sports_goat_pipeline.py
[2026-08-04T17:52:14.801+0000] {processor.py:830} INFO - Processing file /opt/airflow/dags/sports_goat_pipeline.py for tasks to queue
[2026-08-04T17:52:14.804+0000] {logging_mixin.py:188} INFO - [2026-08-04T17:52:14.803+0000] {dagbag.py:538} INFO - Filling up the DagBag from /opt/airflow/dags/sports_goat_pipeline.py
[2026-08-04T17:52:14.836+0000] {logging_mixin.py:188} INFO - [2026-08-04T17:52:14.835+0000] {templater.py:95} ERROR - Failed to resolve template field 'bash_command'
Traceback (most recent call last):
  File "/home/airflow/.local/lib/python3.10/site-packages/airflow/template/templater.py", line 93, in resolve_template_files
    setattr(self, field, env.loader.get_source(env, content)[0])  # type: ignore
  File "/home/airflow/.local/lib/python3.10/site-packages/jinja2/loaders.py", line 204, in get_source
    raise TemplateNotFound(template)
jinja2.exceptions.TemplateNotFound: bash /app/run_batch.sh
[2026-08-04T17:52:14.846+0000] {logging_mixin.py:188} INFO - [2026-08-04T17:52:14.846+0000] {templater.py:95} ERROR - Failed to resolve template field 'bash_command'
Traceback (most recent call last):
  File "/home/airflow/.local/lib/python3.10/site-packages/airflow/template/templater.py", line 93, in resolve_template_files
    setattr(self, field, env.loader.get_source(env, content)[0])  # type: ignore
  File "/home/airflow/.local/lib/python3.10/site-packages/jinja2/loaders.py", line 204, in get_source
    raise TemplateNotFound(template)
jinja2.exceptions.TemplateNotFound: bash /app/run_raw_to_clean.sh
[2026-08-04T17:52:14.847+0000] {processor.py:840} INFO - DAG(s) '2_sports_goat_run_batch', '1_sports_goat_raw_to_clean' retrieved from /opt/airflow/dags/sports_goat_pipeline.py
[2026-08-04T17:52:14.891+0000] {logging_mixin.py:188} INFO - [2026-08-04T17:52:14.890+0000] {dag.py:3036} INFO - Sync 2 DAGs
[2026-08-04T17:52:14.933+0000] {logging_mixin.py:188} INFO - [2026-08-04T17:52:14.933+0000] {dag.py:3823} INFO - Setting next_dagrun for 1_sports_goat_raw_to_clean to 2026-08-04 17:45:00+00:00, run_after=2026-08-05 17:45:00+00:00
[2026-08-04T17:52:14.940+0000] {logging_mixin.py:188} INFO - [2026-08-04T17:52:14.940+0000] {dag.py:3823} INFO - Setting next_dagrun for 2_sports_goat_run_batch to 2026-08-03 18:00:00+00:00, run_after=2026-08-04 18:00:00+00:00
[2026-08-04T17:52:14.965+0000] {processor.py:183} INFO - Processing /opt/airflow/dags/sports_goat_pipeline.py took 0.171 seconds
[2026-08-04T17:52:45.337+0000] {processor.py:161} INFO - Started process (PID=200) to work on /opt/airflow/dags/sports_goat_pipeline.py
[2026-08-04T17:52:45.340+0000] {processor.py:830} INFO - Processing file /opt/airflow/dags/sports_goat_pipeline.py for tasks to queue
[2026-08-04T17:52:45.343+0000] {logging_mixin.py:188} INFO - [2026-08-04T17:52:45.342+0000] {dagbag.py:538} INFO - Filling up the DagBag from /opt/airflow/dags/sports_goat_pipeline.py
[2026-08-04T17:52:45.366+0000] {logging_mixin.py:188} INFO - [2026-08-04T17:52:45.365+0000] {templater.py:95} ERROR - Failed to resolve template field 'bash_command'
Traceback (most recent call last):
  File "/home/airflow/.local/lib/python3.10/site-packages/airflow/template/templater.py", line 93, in resolve_template_files
    setattr(self, field, env.loader.get_source(env, content)[0])  # type: ignore
  File "/home/airflow/.local/lib/python3.10/site-packages/jinja2/loaders.py", line 204, in get_source
    raise TemplateNotFound(template)
jinja2.exceptions.TemplateNotFound: bash /app/run_batch.sh
[2026-08-04T17:52:45.377+0000] {logging_mixin.py:188} INFO - [2026-08-04T17:52:45.376+0000] {templater.py:95} ERROR - Failed to resolve template field 'bash_command'
Traceback (most recent call last):
  File "/home/airflow/.local/lib/python3.10/site-packages/airflow/template/templater.py", line 93, in resolve_template_files
    setattr(self, field, env.loader.get_source(env, content)[0])  # type: ignore
  File "/home/airflow/.local/lib/python3.10/site-packages/jinja2/loaders.py", line 204, in get_source
    raise TemplateNotFound(template)
jinja2.exceptions.TemplateNotFound: bash /app/run_raw_to_clean.sh
[2026-08-04T17:52:45.378+0000] {processor.py:840} INFO - DAG(s) '2_sports_goat_run_batch', '1_sports_goat_raw_to_clean' retrieved from /opt/airflow/dags/sports_goat_pipeline.py
[2026-08-04T17:52:45.418+0000] {logging_mixin.py:188} INFO - [2026-08-04T17:52:45.417+0000] {dag.py:3036} INFO - Sync 2 DAGs
[2026-08-04T17:52:45.457+0000] {logging_mixin.py:188} INFO - [2026-08-04T17:52:45.457+0000] {dag.py:3823} INFO - Setting next_dagrun for 1_sports_goat_raw_to_clean to 2026-08-04 17:45:00+00:00, run_after=2026-08-05 17:45:00+00:00
[2026-08-04T17:52:45.466+0000] {logging_mixin.py:188} INFO - [2026-08-04T17:52:45.466+0000] {dag.py:3823} INFO - Setting next_dagrun for 2_sports_goat_run_batch to 2026-08-03 18:00:00+00:00, run_after=2026-08-04 18:00:00+00:00
[2026-08-04T17:52:45.499+0000] {processor.py:183} INFO - Processing /opt/airflow/dags/sports_goat_pipeline.py took 0.168 seconds
[2026-08-04T17:53:16.030+0000] {processor.py:161} INFO - Started process (PID=201) to work on /opt/airflow/dags/sports_goat_pipeline.py
[2026-08-04T17:53:16.032+0000] {processor.py:830} INFO - Processing file /opt/airflow/dags/sports_goat_pipeline.py for tasks to queue
[2026-08-04T17:53:16.035+0000] {logging_mixin.py:188} INFO - [2026-08-04T17:53:16.034+0000] {dagbag.py:538} INFO - Filling up the DagBag from /opt/airflow/dags/sports_goat_pipeline.py
[2026-08-04T17:53:16.062+0000] {logging_mixin.py:188} INFO - [2026-08-04T17:53:16.061+0000] {templater.py:95} ERROR - Failed to resolve template field 'bash_command'
Traceback (most recent call last):
  File "/home/airflow/.local/lib/python3.10/site-packages/airflow/template/templater.py", line 93, in resolve_template_files
    setattr(self, field, env.loader.get_source(env, content)[0])  # type: ignore
  File "/home/airflow/.local/lib/python3.10/site-packages/jinja2/loaders.py", line 204, in get_source
    raise TemplateNotFound(template)
jinja2.exceptions.TemplateNotFound: bash /app/run_batch.sh
[2026-08-04T17:53:16.072+0000] {logging_mixin.py:188} INFO - [2026-08-04T17:53:16.072+0000] {templater.py:95} ERROR - Failed to resolve template field 'bash_command'
Traceback (most recent call last):
  File "/home/airflow/.local/lib/python3.10/site-packages/airflow/template/templater.py", line 93, in resolve_template_files
    setattr(self, field, env.loader.get_source(env, content)[0])  # type: ignore
  File "/home/airflow/.local/lib/python3.10/site-packages/jinja2/loaders.py", line 204, in get_source
    raise TemplateNotFound(template)
jinja2.exceptions.TemplateNotFound: bash /app/run_raw_to_clean.sh
[2026-08-04T17:53:16.073+0000] {processor.py:840} INFO - DAG(s) '2_sports_goat_run_batch', '1_sports_goat_raw_to_clean' retrieved from /opt/airflow/dags/sports_goat_pipeline.py
[2026-08-04T17:53:16.114+0000] {logging_mixin.py:188} INFO - [2026-08-04T17:53:16.113+0000] {dag.py:3036} INFO - Sync 2 DAGs
[2026-08-04T17:53:16.155+0000] {logging_mixin.py:188} INFO - [2026-08-04T17:53:16.154+0000] {dag.py:3823} INFO - Setting next_dagrun for 1_sports_goat_raw_to_clean to 2026-08-04 17:45:00+00:00, run_after=2026-08-05 17:45:00+00:00
[2026-08-04T17:53:16.171+0000] {logging_mixin.py:188} INFO - [2026-08-04T17:53:16.170+0000] {dag.py:3823} INFO - Setting next_dagrun for 2_sports_goat_run_batch to 2026-08-03 18:00:00+00:00, run_after=2026-08-04 18:00:00+00:00
[2026-08-04T17:53:16.229+0000] {processor.py:183} INFO - Processing /opt/airflow/dags/sports_goat_pipeline.py took 0.205 seconds
[2026-08-04T17:53:46.723+0000] {processor.py:161} INFO - Started process (PID=202) to work on /opt/airflow/dags/sports_goat_pipeline.py
[2026-08-04T17:53:46.729+0000] {processor.py:830} INFO - Processing file /opt/airflow/dags/sports_goat_pipeline.py for tasks to queue
[2026-08-04T17:53:46.732+0000] {logging_mixin.py:188} INFO - [2026-08-04T17:53:46.731+0000] {dagbag.py:538} INFO - Filling up the DagBag from /opt/airflow/dags/sports_goat_pipeline.py
[2026-08-04T17:53:46.756+0000] {logging_mixin.py:188} INFO - [2026-08-04T17:53:46.755+0000] {templater.py:95} ERROR - Failed to resolve template field 'bash_command'
Traceback (most recent call last):
  File "/home/airflow/.local/lib/python3.10/site-packages/airflow/template/templater.py", line 93, in resolve_template_files
    setattr(self, field, env.loader.get_source(env, content)[0])  # type: ignore
  File "/home/airflow/.local/lib/python3.10/site-packages/jinja2/loaders.py", line 204, in get_source
    raise TemplateNotFound(template)
jinja2.exceptions.TemplateNotFound: bash /app/run_raw_to_clean.sh
[2026-08-04T17:53:46.766+0000] {logging_mixin.py:188} INFO - [2026-08-04T17:53:46.765+0000] {templater.py:95} ERROR - Failed to resolve template field 'bash_command'
Traceback (most recent call last):
  File "/home/airflow/.local/lib/python3.10/site-packages/airflow/template/templater.py", line 93, in resolve_template_files
    setattr(self, field, env.loader.get_source(env, content)[0])  # type: ignore
  File "/home/airflow/.local/lib/python3.10/site-packages/jinja2/loaders.py", line 204, in get_source
    raise TemplateNotFound(template)
jinja2.exceptions.TemplateNotFound: bash /app/run_batch.sh
[2026-08-04T17:53:46.767+0000] {processor.py:840} INFO - DAG(s) '1_sports_goat_raw_to_clean', '2_sports_goat_run_batch' retrieved from /opt/airflow/dags/sports_goat_pipeline.py
[2026-08-04T17:53:46.803+0000] {logging_mixin.py:188} INFO - [2026-08-04T17:53:46.802+0000] {dag.py:3036} INFO - Sync 2 DAGs
[2026-08-04T17:53:46.838+0000] {logging_mixin.py:188} INFO - [2026-08-04T17:53:46.838+0000] {dag.py:3823} INFO - Setting next_dagrun for 1_sports_goat_raw_to_clean to 2026-08-04 17:45:00+00:00, run_after=2026-08-05 17:45:00+00:00
[2026-08-04T17:53:46.844+0000] {logging_mixin.py:188} INFO - [2026-08-04T17:53:46.844+0000] {dag.py:3823} INFO - Setting next_dagrun for 2_sports_goat_run_batch to 2026-08-03 18:00:00+00:00, run_after=2026-08-04 18:00:00+00:00
[2026-08-04T17:53:46.871+0000] {processor.py:183} INFO - Processing /opt/airflow/dags/sports_goat_pipeline.py took 0.157 seconds
[2026-08-04T17:54:17.443+0000] {processor.py:161} INFO - Started process (PID=203) to work on /opt/airflow/dags/sports_goat_pipeline.py
[2026-08-04T17:54:17.445+0000] {processor.py:830} INFO - Processing file /opt/airflow/dags/sports_goat_pipeline.py for tasks to queue
[2026-08-04T17:54:17.447+0000] {logging_mixin.py:188} INFO - [2026-08-04T17:54:17.446+0000] {dagbag.py:538} INFO - Filling up the DagBag from /opt/airflow/dags/sports_goat_pipeline.py
[2026-08-04T17:54:17.478+0000] {logging_mixin.py:188} INFO - [2026-08-04T17:54:17.476+0000] {templater.py:95} ERROR - Failed to resolve template field 'bash_command'
Traceback (most recent call last):
  File "/home/airflow/.local/lib/python3.10/site-packages/airflow/template/templater.py", line 93, in resolve_template_files
    setattr(self, field, env.loader.get_source(env, content)[0])  # type: ignore
  File "/home/airflow/.local/lib/python3.10/site-packages/jinja2/loaders.py", line 204, in get_source
    raise TemplateNotFound(template)
jinja2.exceptions.TemplateNotFound: bash /app/run_batch.sh
[2026-08-04T17:54:17.486+0000] {logging_mixin.py:188} INFO - [2026-08-04T17:54:17.486+0000] {templater.py:95} ERROR - Failed to resolve template field 'bash_command'
Traceback (most recent call last):
  File "/home/airflow/.local/lib/python3.10/site-packages/airflow/template/templater.py", line 93, in resolve_template_files
    setattr(self, field, env.loader.get_source(env, content)[0])  # type: ignore
  File "/home/airflow/.local/lib/python3.10/site-packages/jinja2/loaders.py", line 204, in get_source
    raise TemplateNotFound(template)
jinja2.exceptions.TemplateNotFound: bash /app/run_raw_to_clean.sh
[2026-08-04T17:54:17.487+0000] {processor.py:840} INFO - DAG(s) '2_sports_goat_run_batch', '1_sports_goat_raw_to_clean' retrieved from /opt/airflow/dags/sports_goat_pipeline.py
[2026-08-04T17:54:17.524+0000] {logging_mixin.py:188} INFO - [2026-08-04T17:54:17.524+0000] {dag.py:3036} INFO - Sync 2 DAGs
[2026-08-04T17:54:17.563+0000] {logging_mixin.py:188} INFO - [2026-08-04T17:54:17.563+0000] {dag.py:3823} INFO - Setting next_dagrun for 1_sports_goat_raw_to_clean to 2026-08-04 17:45:00+00:00, run_after=2026-08-05 17:45:00+00:00
[2026-08-04T17:54:17.579+0000] {logging_mixin.py:188} INFO - [2026-08-04T17:54:17.579+0000] {dag.py:3823} INFO - Setting next_dagrun for 2_sports_goat_run_batch to 2026-08-03 18:00:00+00:00, run_after=2026-08-04 18:00:00+00:00
[2026-08-04T17:54:17.610+0000] {processor.py:183} INFO - Processing /opt/airflow/dags/sports_goat_pipeline.py took 0.172 seconds
[2026-08-04T17:54:48.054+0000] {processor.py:161} INFO - Started process (PID=204) to work on /opt/airflow/dags/sports_goat_pipeline.py
[2026-08-04T17:54:48.056+0000] {processor.py:830} INFO - Processing file /opt/airflow/dags/sports_goat_pipeline.py for tasks to queue
[2026-08-04T17:54:48.058+0000] {logging_mixin.py:188} INFO - [2026-08-04T17:54:48.057+0000] {dagbag.py:538} INFO - Filling up the DagBag from /opt/airflow/dags/sports_goat_pipeline.py
[2026-08-04T17:54:48.085+0000] {logging_mixin.py:188} INFO - [2026-08-04T17:54:48.084+0000] {templater.py:95} ERROR - Failed to resolve template field 'bash_command'
Traceback (most recent call last):
  File "/home/airflow/.local/lib/python3.10/site-packages/airflow/template/templater.py", line 93, in resolve_template_files
    setattr(self, field, env.loader.get_source(env, content)[0])  # type: ignore
  File "/home/airflow/.local/lib/python3.10/site-packages/jinja2/loaders.py", line 204, in get_source
    raise TemplateNotFound(template)
jinja2.exceptions.TemplateNotFound: bash /app/run_raw_to_clean.sh
[2026-08-04T17:54:48.092+0000] {logging_mixin.py:188} INFO - [2026-08-04T17:54:48.091+0000] {templater.py:95} ERROR - Failed to resolve template field 'bash_command'
Traceback (most recent call last):
  File "/home/airflow/.local/lib/python3.10/site-packages/airflow/template/templater.py", line 93, in resolve_template_files
    setattr(self, field, env.loader.get_source(env, content)[0])  # type: ignore
  File "/home/airflow/.local/lib/python3.10/site-packages/jinja2/loaders.py", line 204, in get_source
    raise TemplateNotFound(template)
jinja2.exceptions.TemplateNotFound: bash /app/run_batch.sh
[2026-08-04T17:54:48.093+0000] {processor.py:840} INFO - DAG(s) '1_sports_goat_raw_to_clean', '2_sports_goat_run_batch' retrieved from /opt/airflow/dags/sports_goat_pipeline.py
[2026-08-04T17:54:48.132+0000] {logging_mixin.py:188} INFO - [2026-08-04T17:54:48.131+0000] {dag.py:3036} INFO - Sync 2 DAGs
[2026-08-04T17:54:48.167+0000] {logging_mixin.py:188} INFO - [2026-08-04T17:54:48.166+0000] {dag.py:3823} INFO - Setting next_dagrun for 1_sports_goat_raw_to_clean to 2026-08-04 17:45:00+00:00, run_after=2026-08-05 17:45:00+00:00
[2026-08-04T17:54:48.177+0000] {logging_mixin.py:188} INFO - [2026-08-04T17:54:48.176+0000] {dag.py:3823} INFO - Setting next_dagrun for 2_sports_goat_run_batch to 2026-08-03 18:00:00+00:00, run_after=2026-08-04 18:00:00+00:00
[2026-08-04T17:54:48.205+0000] {processor.py:183} INFO - Processing /opt/airflow/dags/sports_goat_pipeline.py took 0.155 seconds
[2026-08-04T17:55:19.307+0000] {processor.py:161} INFO - Started process (PID=205) to work on /opt/airflow/dags/sports_goat_pipeline.py
[2026-08-04T17:55:19.312+0000] {processor.py:830} INFO - Processing file /opt/airflow/dags/sports_goat_pipeline.py for tasks to queue
[2026-08-04T17:55:19.314+0000] {logging_mixin.py:188} INFO - [2026-08-04T17:55:19.313+0000] {dagbag.py:538} INFO - Filling up the DagBag from /opt/airflow/dags/sports_goat_pipeline.py
[2026-08-04T17:55:19.345+0000] {logging_mixin.py:188} INFO - [2026-08-04T17:55:19.342+0000] {templater.py:95} ERROR - Failed to resolve template field 'bash_command'
Traceback (most recent call last):
  File "/home/airflow/.local/lib/python3.10/site-packages/airflow/template/templater.py", line 93, in resolve_template_files
    setattr(self, field, env.loader.get_source(env, content)[0])  # type: ignore
  File "/home/airflow/.local/lib/python3.10/site-packages/jinja2/loaders.py", line 204, in get_source
    raise TemplateNotFound(template)
jinja2.exceptions.TemplateNotFound: bash /app/run_raw_to_clean.sh
[2026-08-04T17:55:19.357+0000] {logging_mixin.py:188} INFO - [2026-08-04T17:55:19.356+0000] {templater.py:95} ERROR - Failed to resolve template field 'bash_command'
Traceback (most recent call last):
  File "/home/airflow/.local/lib/python3.10/site-packages/airflow/template/templater.py", line 93, in resolve_template_files
    setattr(self, field, env.loader.get_source(env, content)[0])  # type: ignore
  File "/home/airflow/.local/lib/python3.10/site-packages/jinja2/loaders.py", line 204, in get_source
    raise TemplateNotFound(template)
jinja2.exceptions.TemplateNotFound: bash /app/run_batch.sh
[2026-08-04T17:55:19.358+0000] {processor.py:840} INFO - DAG(s) '1_sports_goat_raw_to_clean', '2_sports_goat_run_batch' retrieved from /opt/airflow/dags/sports_goat_pipeline.py
[2026-08-04T17:55:19.411+0000] {logging_mixin.py:188} INFO - [2026-08-04T17:55:19.411+0000] {dag.py:3036} INFO - Sync 2 DAGs
[2026-08-04T17:55:19.468+0000] {logging_mixin.py:188} INFO - [2026-08-04T17:55:19.468+0000] {dag.py:3823} INFO - Setting next_dagrun for 1_sports_goat_raw_to_clean to 2026-08-04 17:45:00+00:00, run_after=2026-08-05 17:45:00+00:00
[2026-08-04T17:55:19.476+0000] {logging_mixin.py:188} INFO - [2026-08-04T17:55:19.476+0000] {dag.py:3823} INFO - Setting next_dagrun for 2_sports_goat_run_batch to 2026-08-03 18:00:00+00:00, run_after=2026-08-04 18:00:00+00:00
[2026-08-04T17:55:19.514+0000] {processor.py:183} INFO - Processing /opt/airflow/dags/sports_goat_pipeline.py took 0.221 seconds
[2026-08-04T17:55:50.274+0000] {processor.py:161} INFO - Started process (PID=206) to work on /opt/airflow/dags/sports_goat_pipeline.py
[2026-08-04T17:55:50.276+0000] {processor.py:830} INFO - Processing file /opt/airflow/dags/sports_goat_pipeline.py for tasks to queue
[2026-08-04T17:55:50.278+0000] {logging_mixin.py:188} INFO - [2026-08-04T17:55:50.278+0000] {dagbag.py:538} INFO - Filling up the DagBag from /opt/airflow/dags/sports_goat_pipeline.py
[2026-08-04T17:55:50.299+0000] {logging_mixin.py:188} INFO - [2026-08-04T17:55:50.298+0000] {templater.py:95} ERROR - Failed to resolve template field 'bash_command'
Traceback (most recent call last):
  File "/home/airflow/.local/lib/python3.10/site-packages/airflow/template/templater.py", line 93, in resolve_template_files
    setattr(self, field, env.loader.get_source(env, content)[0])  # type: ignore
  File "/home/airflow/.local/lib/python3.10/site-packages/jinja2/loaders.py", line 204, in get_source
    raise TemplateNotFound(template)
jinja2.exceptions.TemplateNotFound: bash /app/run_batch.sh
[2026-08-04T17:55:50.309+0000] {logging_mixin.py:188} INFO - [2026-08-04T17:55:50.308+0000] {templater.py:95} ERROR - Failed to resolve template field 'bash_command'
Traceback (most recent call last):
  File "/home/airflow/.local/lib/python3.10/site-packages/airflow/template/templater.py", line 93, in resolve_template_files
    setattr(self, field, env.loader.get_source(env, content)[0])  # type: ignore
  File "/home/airflow/.local/lib/python3.10/site-packages/jinja2/loaders.py", line 204, in get_source
    raise TemplateNotFound(template)
jinja2.exceptions.TemplateNotFound: bash /app/run_raw_to_clean.sh
[2026-08-04T17:55:50.309+0000] {processor.py:840} INFO - DAG(s) '2_sports_goat_run_batch', '1_sports_goat_raw_to_clean' retrieved from /opt/airflow/dags/sports_goat_pipeline.py
[2026-08-04T17:55:50.344+0000] {logging_mixin.py:188} INFO - [2026-08-04T17:55:50.344+0000] {dag.py:3036} INFO - Sync 2 DAGs
[2026-08-04T17:55:50.383+0000] {logging_mixin.py:188} INFO - [2026-08-04T17:55:50.383+0000] {dag.py:3823} INFO - Setting next_dagrun for 1_sports_goat_raw_to_clean to 2026-08-04 17:45:00+00:00, run_after=2026-08-05 17:45:00+00:00
[2026-08-04T17:55:50.389+0000] {logging_mixin.py:188} INFO - [2026-08-04T17:55:50.389+0000] {dag.py:3823} INFO - Setting next_dagrun for 2_sports_goat_run_batch to 2026-08-03 18:00:00+00:00, run_after=2026-08-04 18:00:00+00:00
[2026-08-04T17:55:50.412+0000] {processor.py:183} INFO - Processing /opt/airflow/dags/sports_goat_pipeline.py took 0.145 seconds
[2026-08-04T17:56:20.644+0000] {processor.py:161} INFO - Started process (PID=207) to work on /opt/airflow/dags/sports_goat_pipeline.py
[2026-08-04T17:56:20.649+0000] {processor.py:830} INFO - Processing file /opt/airflow/dags/sports_goat_pipeline.py for tasks to queue
[2026-08-04T17:56:20.652+0000] {logging_mixin.py:188} INFO - [2026-08-04T17:56:20.651+0000] {dagbag.py:538} INFO - Filling up the DagBag from /opt/airflow/dags/sports_goat_pipeline.py
[2026-08-04T17:56:20.690+0000] {logging_mixin.py:188} INFO - [2026-08-04T17:56:20.688+0000] {templater.py:95} ERROR - Failed to resolve template field 'bash_command'
Traceback (most recent call last):
  File "/home/airflow/.local/lib/python3.10/site-packages/airflow/template/templater.py", line 93, in resolve_template_files
    setattr(self, field, env.loader.get_source(env, content)[0])  # type: ignore
  File "/home/airflow/.local/lib/python3.10/site-packages/jinja2/loaders.py", line 204, in get_source
    raise TemplateNotFound(template)
jinja2.exceptions.TemplateNotFound: bash /app/run_batch.sh
[2026-08-04T17:56:20.706+0000] {logging_mixin.py:188} INFO - [2026-08-04T17:56:20.705+0000] {templater.py:95} ERROR - Failed to resolve template field 'bash_command'
Traceback (most recent call last):
  File "/home/airflow/.local/lib/python3.10/site-packages/airflow/template/templater.py", line 93, in resolve_template_files
    setattr(self, field, env.loader.get_source(env, content)[0])  # type: ignore
  File "/home/airflow/.local/lib/python3.10/site-packages/jinja2/loaders.py", line 204, in get_source
    raise TemplateNotFound(template)
jinja2.exceptions.TemplateNotFound: bash /app/run_raw_to_clean.sh
[2026-08-04T17:56:20.707+0000] {processor.py:840} INFO - DAG(s) '2_sports_goat_run_batch', '1_sports_goat_raw_to_clean' retrieved from /opt/airflow/dags/sports_goat_pipeline.py
[2026-08-04T17:56:20.775+0000] {logging_mixin.py:188} INFO - [2026-08-04T17:56:20.774+0000] {dag.py:3036} INFO - Sync 2 DAGs
[2026-08-04T17:56:20.853+0000] {logging_mixin.py:188} INFO - [2026-08-04T17:56:20.853+0000] {dag.py:3823} INFO - Setting next_dagrun for 1_sports_goat_raw_to_clean to 2026-08-04 17:45:00+00:00, run_after=2026-08-05 17:45:00+00:00
[2026-08-04T17:56:20.871+0000] {logging_mixin.py:188} INFO - [2026-08-04T17:56:20.871+0000] {dag.py:3823} INFO - Setting next_dagrun for 2_sports_goat_run_batch to 2026-08-03 18:00:00+00:00, run_after=2026-08-04 18:00:00+00:00
[2026-08-04T17:56:20.959+0000] {processor.py:183} INFO - Processing /opt/airflow/dags/sports_goat_pipeline.py took 0.324 seconds
[2026-08-04T17:56:51.146+0000] {processor.py:161} INFO - Started process (PID=208) to work on /opt/airflow/dags/sports_goat_pipeline.py
[2026-08-04T17:56:51.147+0000] {processor.py:830} INFO - Processing file /opt/airflow/dags/sports_goat_pipeline.py for tasks to queue
[2026-08-04T17:56:51.150+0000] {logging_mixin.py:188} INFO - [2026-08-04T17:56:51.149+0000] {dagbag.py:538} INFO - Filling up the DagBag from /opt/airflow/dags/sports_goat_pipeline.py
[2026-08-04T17:56:51.183+0000] {logging_mixin.py:188} INFO - [2026-08-04T17:56:51.182+0000] {templater.py:95} ERROR - Failed to resolve template field 'bash_command'
Traceback (most recent call last):
  File "/home/airflow/.local/lib/python3.10/site-packages/airflow/template/templater.py", line 93, in resolve_template_files
    setattr(self, field, env.loader.get_source(env, content)[0])  # type: ignore
  File "/home/airflow/.local/lib/python3.10/site-packages/jinja2/loaders.py", line 204, in get_source
    raise TemplateNotFound(template)
jinja2.exceptions.TemplateNotFound: bash /app/run_batch.sh
[2026-08-04T17:56:51.190+0000] {logging_mixin.py:188} INFO - [2026-08-04T17:56:51.189+0000] {templater.py:95} ERROR - Failed to resolve template field 'bash_command'
Traceback (most recent call last):
  File "/home/airflow/.local/lib/python3.10/site-packages/airflow/template/templater.py", line 93, in resolve_template_files
    setattr(self, field, env.loader.get_source(env, content)[0])  # type: ignore
  File "/home/airflow/.local/lib/python3.10/site-packages/jinja2/loaders.py", line 204, in get_source
    raise TemplateNotFound(template)
jinja2.exceptions.TemplateNotFound: bash /app/run_raw_to_clean.sh
[2026-08-04T17:56:51.190+0000] {processor.py:840} INFO - DAG(s) '2_sports_goat_run_batch', '1_sports_goat_raw_to_clean' retrieved from /opt/airflow/dags/sports_goat_pipeline.py
[2026-08-04T17:56:51.221+0000] {logging_mixin.py:188} INFO - [2026-08-04T17:56:51.220+0000] {dag.py:3036} INFO - Sync 2 DAGs
[2026-08-04T17:56:51.248+0000] {logging_mixin.py:188} INFO - [2026-08-04T17:56:51.247+0000] {dag.py:3823} INFO - Setting next_dagrun for 1_sports_goat_raw_to_clean to 2026-08-04 17:45:00+00:00, run_after=2026-08-05 17:45:00+00:00
[2026-08-04T17:56:51.258+0000] {logging_mixin.py:188} INFO - [2026-08-04T17:56:51.257+0000] {dag.py:3823} INFO - Setting next_dagrun for 2_sports_goat_run_batch to 2026-08-03 18:00:00+00:00, run_after=2026-08-04 18:00:00+00:00
[2026-08-04T17:56:51.293+0000] {processor.py:183} INFO - Processing /opt/airflow/dags/sports_goat_pipeline.py took 0.155 seconds
[2026-08-04T17:57:21.448+0000] {processor.py:161} INFO - Started process (PID=209) to work on /opt/airflow/dags/sports_goat_pipeline.py
[2026-08-04T17:57:21.449+0000] {processor.py:830} INFO - Processing file /opt/airflow/dags/sports_goat_pipeline.py for tasks to queue
[2026-08-04T17:57:21.451+0000] {logging_mixin.py:188} INFO - [2026-08-04T17:57:21.451+0000] {dagbag.py:538} INFO - Filling up the DagBag from /opt/airflow/dags/sports_goat_pipeline.py
[2026-08-04T17:57:21.475+0000] {logging_mixin.py:188} INFO - [2026-08-04T17:57:21.474+0000] {templater.py:95} ERROR - Failed to resolve template field 'bash_command'
Traceback (most recent call last):
  File "/home/airflow/.local/lib/python3.10/site-packages/airflow/template/templater.py", line 93, in resolve_template_files
    setattr(self, field, env.loader.get_source(env, content)[0])  # type: ignore
  File "/home/airflow/.local/lib/python3.10/site-packages/jinja2/loaders.py", line 204, in get_source
    raise TemplateNotFound(template)
jinja2.exceptions.TemplateNotFound: bash /app/run_batch.sh
[2026-08-04T17:57:21.483+0000] {logging_mixin.py:188} INFO - [2026-08-04T17:57:21.483+0000] {templater.py:95} ERROR - Failed to resolve template field 'bash_command'
Traceback (most recent call last):
  File "/home/airflow/.local/lib/python3.10/site-packages/airflow/template/templater.py", line 93, in resolve_template_files
    setattr(self, field, env.loader.get_source(env, content)[0])  # type: ignore
  File "/home/airflow/.local/lib/python3.10/site-packages/jinja2/loaders.py", line 204, in get_source
    raise TemplateNotFound(template)
jinja2.exceptions.TemplateNotFound: bash /app/run_raw_to_clean.sh
[2026-08-04T17:57:21.485+0000] {processor.py:840} INFO - DAG(s) '2_sports_goat_run_batch', '1_sports_goat_raw_to_clean' retrieved from /opt/airflow/dags/sports_goat_pipeline.py
[2026-08-04T17:57:21.528+0000] {logging_mixin.py:188} INFO - [2026-08-04T17:57:21.527+0000] {dag.py:3036} INFO - Sync 2 DAGs
[2026-08-04T17:57:21.555+0000] {logging_mixin.py:188} INFO - [2026-08-04T17:57:21.554+0000] {dag.py:3823} INFO - Setting next_dagrun for 1_sports_goat_raw_to_clean to 2026-08-04 17:45:00+00:00, run_after=2026-08-05 17:45:00+00:00
[2026-08-04T17:57:21.561+0000] {logging_mixin.py:188} INFO - [2026-08-04T17:57:21.561+0000] {dag.py:3823} INFO - Setting next_dagrun for 2_sports_goat_run_batch to 2026-08-03 18:00:00+00:00, run_after=2026-08-04 18:00:00+00:00
[2026-08-04T17:57:21.591+0000] {processor.py:183} INFO - Processing /opt/airflow/dags/sports_goat_pipeline.py took 0.148 seconds
[2026-08-04T17:57:51.924+0000] {processor.py:161} INFO - Started process (PID=210) to work on /opt/airflow/dags/sports_goat_pipeline.py
[2026-08-04T17:57:51.930+0000] {processor.py:830} INFO - Processing file /opt/airflow/dags/sports_goat_pipeline.py for tasks to queue
[2026-08-04T17:57:51.934+0000] {logging_mixin.py:188} INFO - [2026-08-04T17:57:51.932+0000] {dagbag.py:538} INFO - Filling up the DagBag from /opt/airflow/dags/sports_goat_pipeline.py
[2026-08-04T17:57:51.993+0000] {logging_mixin.py:188} INFO - [2026-08-04T17:57:51.991+0000] {templater.py:95} ERROR - Failed to resolve template field 'bash_command'
Traceback (most recent call last):
  File "/home/airflow/.local/lib/python3.10/site-packages/airflow/template/templater.py", line 93, in resolve_template_files
    setattr(self, field, env.loader.get_source(env, content)[0])  # type: ignore
  File "/home/airflow/.local/lib/python3.10/site-packages/jinja2/loaders.py", line 204, in get_source
    raise TemplateNotFound(template)
jinja2.exceptions.TemplateNotFound: bash /app/run_raw_to_clean.sh
[2026-08-04T17:57:52.047+0000] {logging_mixin.py:188} INFO - [2026-08-04T17:57:52.044+0000] {templater.py:95} ERROR - Failed to resolve template field 'bash_command'
Traceback (most recent call last):
  File "/home/airflow/.local/lib/python3.10/site-packages/airflow/template/templater.py", line 93, in resolve_template_files
    setattr(self, field, env.loader.get_source(env, content)[0])  # type: ignore
  File "/home/airflow/.local/lib/python3.10/site-packages/jinja2/loaders.py", line 204, in get_source
    raise TemplateNotFound(template)
jinja2.exceptions.TemplateNotFound: bash /app/run_batch.sh
[2026-08-04T17:57:52.049+0000] {processor.py:840} INFO - DAG(s) '1_sports_goat_raw_to_clean', '2_sports_goat_run_batch' retrieved from /opt/airflow/dags/sports_goat_pipeline.py
[2026-08-04T17:57:52.296+0000] {logging_mixin.py:188} INFO - [2026-08-04T17:57:52.292+0000] {dag.py:3036} INFO - Sync 2 DAGs
[2026-08-04T17:57:52.431+0000] {logging_mixin.py:188} INFO - [2026-08-04T17:57:52.431+0000] {dag.py:3823} INFO - Setting next_dagrun for 1_sports_goat_raw_to_clean to 2026-08-04 17:45:00+00:00, run_after=2026-08-05 17:45:00+00:00
[2026-08-04T17:57:52.445+0000] {logging_mixin.py:188} INFO - [2026-08-04T17:57:52.445+0000] {dag.py:3823} INFO - Setting next_dagrun for 2_sports_goat_run_batch to 2026-08-03 18:00:00+00:00, run_after=2026-08-04 18:00:00+00:00
[2026-08-04T17:57:52.518+0000] {processor.py:183} INFO - Processing /opt/airflow/dags/sports_goat_pipeline.py took 0.603 seconds
[2026-08-04T17:58:22.891+0000] {processor.py:161} INFO - Started process (PID=211) to work on /opt/airflow/dags/sports_goat_pipeline.py
[2026-08-04T17:58:22.894+0000] {processor.py:830} INFO - Processing file /opt/airflow/dags/sports_goat_pipeline.py for tasks to queue
[2026-08-04T17:58:22.896+0000] {logging_mixin.py:188} INFO - [2026-08-04T17:58:22.895+0000] {dagbag.py:538} INFO - Filling up the DagBag from /opt/airflow/dags/sports_goat_pipeline.py
[2026-08-04T17:58:22.937+0000] {logging_mixin.py:188} INFO - [2026-08-04T17:58:22.935+0000] {templater.py:95} ERROR - Failed to resolve template field 'bash_command'
Traceback (most recent call last):
  File "/home/airflow/.local/lib/python3.10/site-packages/airflow/template/templater.py", line 93, in resolve_template_files
    setattr(self, field, env.loader.get_source(env, content)[0])  # type: ignore
  File "/home/airflow/.local/lib/python3.10/site-packages/jinja2/loaders.py", line 204, in get_source
    raise TemplateNotFound(template)
jinja2.exceptions.TemplateNotFound: bash /app/run_raw_to_clean.sh
[2026-08-04T17:58:22.946+0000] {logging_mixin.py:188} INFO - [2026-08-04T17:58:22.945+0000] {templater.py:95} ERROR - Failed to resolve template field 'bash_command'
Traceback (most recent call last):
  File "/home/airflow/.local/lib/python3.10/site-packages/airflow/template/templater.py", line 93, in resolve_template_files
    setattr(self, field, env.loader.get_source(env, content)[0])  # type: ignore
  File "/home/airflow/.local/lib/python3.10/site-packages/jinja2/loaders.py", line 204, in get_source
    raise TemplateNotFound(template)
jinja2.exceptions.TemplateNotFound: bash /app/run_batch.sh
[2026-08-04T17:58:22.947+0000] {processor.py:840} INFO - DAG(s) '1_sports_goat_raw_to_clean', '2_sports_goat_run_batch' retrieved from /opt/airflow/dags/sports_goat_pipeline.py
[2026-08-04T17:58:22.997+0000] {logging_mixin.py:188} INFO - [2026-08-04T17:58:22.997+0000] {dag.py:3036} INFO - Sync 2 DAGs
[2026-08-04T17:58:23.051+0000] {logging_mixin.py:188} INFO - [2026-08-04T17:58:23.050+0000] {dag.py:3823} INFO - Setting next_dagrun for 1_sports_goat_raw_to_clean to 2026-08-04 17:45:00+00:00, run_after=2026-08-05 17:45:00+00:00
[2026-08-04T17:58:23.065+0000] {logging_mixin.py:188} INFO - [2026-08-04T17:58:23.064+0000] {dag.py:3823} INFO - Setting next_dagrun for 2_sports_goat_run_batch to 2026-08-03 18:00:00+00:00, run_after=2026-08-04 18:00:00+00:00
[2026-08-04T17:58:23.107+0000] {processor.py:183} INFO - Processing /opt/airflow/dags/sports_goat_pipeline.py took 0.226 seconds
[2026-08-04T17:58:53.584+0000] {processor.py:161} INFO - Started process (PID=212) to work on /opt/airflow/dags/sports_goat_pipeline.py
[2026-08-04T17:58:53.586+0000] {processor.py:830} INFO - Processing file /opt/airflow/dags/sports_goat_pipeline.py for tasks to queue
[2026-08-04T17:58:53.589+0000] {logging_mixin.py:188} INFO - [2026-08-04T17:58:53.587+0000] {dagbag.py:538} INFO - Filling up the DagBag from /opt/airflow/dags/sports_goat_pipeline.py
[2026-08-04T17:58:53.619+0000] {logging_mixin.py:188} INFO - [2026-08-04T17:58:53.618+0000] {templater.py:95} ERROR - Failed to resolve template field 'bash_command'
Traceback (most recent call last):
  File "/home/airflow/.local/lib/python3.10/site-packages/airflow/template/templater.py", line 93, in resolve_template_files
    setattr(self, field, env.loader.get_source(env, content)[0])  # type: ignore
  File "/home/airflow/.local/lib/python3.10/site-packages/jinja2/loaders.py", line 204, in get_source
    raise TemplateNotFound(template)
jinja2.exceptions.TemplateNotFound: bash /app/run_raw_to_clean.sh
[2026-08-04T17:58:53.632+0000] {logging_mixin.py:188} INFO - [2026-08-04T17:58:53.631+0000] {templater.py:95} ERROR - Failed to resolve template field 'bash_command'
Traceback (most recent call last):
  File "/home/airflow/.local/lib/python3.10/site-packages/airflow/template/templater.py", line 93, in resolve_template_files
    setattr(self, field, env.loader.get_source(env, content)[0])  # type: ignore
  File "/home/airflow/.local/lib/python3.10/site-packages/jinja2/loaders.py", line 204, in get_source
    raise TemplateNotFound(template)
jinja2.exceptions.TemplateNotFound: bash /app/run_batch.sh
[2026-08-04T17:58:53.633+0000] {processor.py:840} INFO - DAG(s) '1_sports_goat_raw_to_clean', '2_sports_goat_run_batch' retrieved from /opt/airflow/dags/sports_goat_pipeline.py
[2026-08-04T17:58:53.671+0000] {logging_mixin.py:188} INFO - [2026-08-04T17:58:53.671+0000] {dag.py:3036} INFO - Sync 2 DAGs
[2026-08-04T17:58:53.710+0000] {logging_mixin.py:188} INFO - [2026-08-04T17:58:53.709+0000] {dag.py:3823} INFO - Setting next_dagrun for 1_sports_goat_raw_to_clean to 2026-08-04 17:45:00+00:00, run_after=2026-08-05 17:45:00+00:00
[2026-08-04T17:58:53.720+0000] {logging_mixin.py:188} INFO - [2026-08-04T17:58:53.719+0000] {dag.py:3823} INFO - Setting next_dagrun for 2_sports_goat_run_batch to 2026-08-03 18:00:00+00:00, run_after=2026-08-04 18:00:00+00:00
[2026-08-04T17:58:53.757+0000] {processor.py:183} INFO - Processing /opt/airflow/dags/sports_goat_pipeline.py took 0.180 seconds
[2026-08-04T17:59:23.898+0000] {processor.py:161} INFO - Started process (PID=213) to work on /opt/airflow/dags/sports_goat_pipeline.py
[2026-08-04T17:59:23.900+0000] {processor.py:830} INFO - Processing file /opt/airflow/dags/sports_goat_pipeline.py for tasks to queue
[2026-08-04T17:59:23.902+0000] {logging_mixin.py:188} INFO - [2026-08-04T17:59:23.901+0000] {dagbag.py:538} INFO - Filling up the DagBag from /opt/airflow/dags/sports_goat_pipeline.py
[2026-08-04T17:59:23.934+0000] {logging_mixin.py:188} INFO - [2026-08-04T17:59:23.933+0000] {templater.py:95} ERROR - Failed to resolve template field 'bash_command'
Traceback (most recent call last):
  File "/home/airflow/.local/lib/python3.10/site-packages/airflow/template/templater.py", line 93, in resolve_template_files
    setattr(self, field, env.loader.get_source(env, content)[0])  # type: ignore
  File "/home/airflow/.local/lib/python3.10/site-packages/jinja2/loaders.py", line 204, in get_source
    raise TemplateNotFound(template)
jinja2.exceptions.TemplateNotFound: bash /app/run_raw_to_clean.sh
[2026-08-04T17:59:23.942+0000] {logging_mixin.py:188} INFO - [2026-08-04T17:59:23.941+0000] {templater.py:95} ERROR - Failed to resolve template field 'bash_command'
Traceback (most recent call last):
  File "/home/airflow/.local/lib/python3.10/site-packages/airflow/template/templater.py", line 93, in resolve_template_files
    setattr(self, field, env.loader.get_source(env, content)[0])  # type: ignore
  File "/home/airflow/.local/lib/python3.10/site-packages/jinja2/loaders.py", line 204, in get_source
    raise TemplateNotFound(template)
jinja2.exceptions.TemplateNotFound: bash /app/run_batch.sh
[2026-08-04T17:59:23.943+0000] {processor.py:840} INFO - DAG(s) '1_sports_goat_raw_to_clean', '2_sports_goat_run_batch' retrieved from /opt/airflow/dags/sports_goat_pipeline.py
[2026-08-04T17:59:23.984+0000] {logging_mixin.py:188} INFO - [2026-08-04T17:59:23.984+0000] {dag.py:3036} INFO - Sync 2 DAGs
[2026-08-04T17:59:24.020+0000] {logging_mixin.py:188} INFO - [2026-08-04T17:59:24.020+0000] {dag.py:3823} INFO - Setting next_dagrun for 1_sports_goat_raw_to_clean to 2026-08-04 17:45:00+00:00, run_after=2026-08-05 17:45:00+00:00
[2026-08-04T17:59:24.033+0000] {logging_mixin.py:188} INFO - [2026-08-04T17:59:24.032+0000] {dag.py:3823} INFO - Setting next_dagrun for 2_sports_goat_run_batch to 2026-08-03 18:00:00+00:00, run_after=2026-08-04 18:00:00+00:00
[2026-08-04T17:59:24.065+0000] {processor.py:183} INFO - Processing /opt/airflow/dags/sports_goat_pipeline.py took 0.171 seconds
[2026-08-04T17:59:54.257+0000] {processor.py:161} INFO - Started process (PID=214) to work on /opt/airflow/dags/sports_goat_pipeline.py
[2026-08-04T17:59:54.260+0000] {processor.py:830} INFO - Processing file /opt/airflow/dags/sports_goat_pipeline.py for tasks to queue
[2026-08-04T17:59:54.263+0000] {logging_mixin.py:188} INFO - [2026-08-04T17:59:54.262+0000] {dagbag.py:538} INFO - Filling up the DagBag from /opt/airflow/dags/sports_goat_pipeline.py
[2026-08-04T17:59:54.306+0000] {logging_mixin.py:188} INFO - [2026-08-04T17:59:54.304+0000] {templater.py:95} ERROR - Failed to resolve template field 'bash_command'
Traceback (most recent call last):
  File "/home/airflow/.local/lib/python3.10/site-packages/airflow/template/templater.py", line 93, in resolve_template_files
    setattr(self, field, env.loader.get_source(env, content)[0])  # type: ignore
  File "/home/airflow/.local/lib/python3.10/site-packages/jinja2/loaders.py", line 204, in get_source
    raise TemplateNotFound(template)
jinja2.exceptions.TemplateNotFound: bash /app/run_raw_to_clean.sh
[2026-08-04T17:59:54.332+0000] {logging_mixin.py:188} INFO - [2026-08-04T17:59:54.331+0000] {templater.py:95} ERROR - Failed to resolve template field 'bash_command'
Traceback (most recent call last):
  File "/home/airflow/.local/lib/python3.10/site-packages/airflow/template/templater.py", line 93, in resolve_template_files
    setattr(self, field, env.loader.get_source(env, content)[0])  # type: ignore
  File "/home/airflow/.local/lib/python3.10/site-packages/jinja2/loaders.py", line 204, in get_source
    raise TemplateNotFound(template)
jinja2.exceptions.TemplateNotFound: bash /app/run_batch.sh
[2026-08-04T17:59:54.333+0000] {processor.py:840} INFO - DAG(s) '1_sports_goat_raw_to_clean', '2_sports_goat_run_batch' retrieved from /opt/airflow/dags/sports_goat_pipeline.py
[2026-08-04T17:59:54.412+0000] {logging_mixin.py:188} INFO - [2026-08-04T17:59:54.412+0000] {dag.py:3036} INFO - Sync 2 DAGs
[2026-08-04T17:59:54.468+0000] {logging_mixin.py:188} INFO - [2026-08-04T17:59:54.467+0000] {dag.py:3823} INFO - Setting next_dagrun for 1_sports_goat_raw_to_clean to 2026-08-04 17:45:00+00:00, run_after=2026-08-05 17:45:00+00:00
[2026-08-04T17:59:54.484+0000] {logging_mixin.py:188} INFO - [2026-08-04T17:59:54.483+0000] {dag.py:3823} INFO - Setting next_dagrun for 2_sports_goat_run_batch to 2026-08-03 18:00:00+00:00, run_after=2026-08-04 18:00:00+00:00
[2026-08-04T17:59:54.530+0000] {processor.py:183} INFO - Processing /opt/airflow/dags/sports_goat_pipeline.py took 0.282 seconds
[2026-08-04T18:00:24.830+0000] {processor.py:161} INFO - Started process (PID=224) to work on /opt/airflow/dags/sports_goat_pipeline.py
[2026-08-04T18:00:24.834+0000] {processor.py:830} INFO - Processing file /opt/airflow/dags/sports_goat_pipeline.py for tasks to queue
[2026-08-04T18:00:24.836+0000] {logging_mixin.py:188} INFO - [2026-08-04T18:00:24.835+0000] {dagbag.py:538} INFO - Filling up the DagBag from /opt/airflow/dags/sports_goat_pipeline.py
[2026-08-04T18:00:24.863+0000] {logging_mixin.py:188} INFO - [2026-08-04T18:00:24.862+0000] {templater.py:95} ERROR - Failed to resolve template field 'bash_command'
Traceback (most recent call last):
  File "/home/airflow/.local/lib/python3.10/site-packages/airflow/template/templater.py", line 93, in resolve_template_files
    setattr(self, field, env.loader.get_source(env, content)[0])  # type: ignore
  File "/home/airflow/.local/lib/python3.10/site-packages/jinja2/loaders.py", line 204, in get_source
    raise TemplateNotFound(template)
jinja2.exceptions.TemplateNotFound: bash /app/run_batch.sh
[2026-08-04T18:00:24.873+0000] {logging_mixin.py:188} INFO - [2026-08-04T18:00:24.873+0000] {templater.py:95} ERROR - Failed to resolve template field 'bash_command'
Traceback (most recent call last):
  File "/home/airflow/.local/lib/python3.10/site-packages/airflow/template/templater.py", line 93, in resolve_template_files
    setattr(self, field, env.loader.get_source(env, content)[0])  # type: ignore
  File "/home/airflow/.local/lib/python3.10/site-packages/jinja2/loaders.py", line 204, in get_source
    raise TemplateNotFound(template)
jinja2.exceptions.TemplateNotFound: bash /app/run_raw_to_clean.sh
[2026-08-04T18:00:24.874+0000] {processor.py:840} INFO - DAG(s) '2_sports_goat_run_batch', '1_sports_goat_raw_to_clean' retrieved from /opt/airflow/dags/sports_goat_pipeline.py
[2026-08-04T18:00:24.909+0000] {logging_mixin.py:188} INFO - [2026-08-04T18:00:24.909+0000] {dag.py:3036} INFO - Sync 2 DAGs
[2026-08-04T18:00:24.956+0000] {logging_mixin.py:188} INFO - [2026-08-04T18:00:24.956+0000] {dag.py:3823} INFO - Setting next_dagrun for 1_sports_goat_raw_to_clean to 2026-08-04 17:45:00+00:00, run_after=2026-08-05 17:45:00+00:00
[2026-08-04T18:00:24.964+0000] {logging_mixin.py:188} INFO - [2026-08-04T18:00:24.964+0000] {dag.py:3823} INFO - Setting next_dagrun for 2_sports_goat_run_batch to 2026-08-04 18:00:00+00:00, run_after=2026-08-05 18:00:00+00:00
[2026-08-04T18:00:24.998+0000] {processor.py:183} INFO - Processing /opt/airflow/dags/sports_goat_pipeline.py took 0.177 seconds
[2026-08-04T18:00:55.229+0000] {processor.py:161} INFO - Started process (PID=225) to work on /opt/airflow/dags/sports_goat_pipeline.py
[2026-08-04T18:00:55.233+0000] {processor.py:830} INFO - Processing file /opt/airflow/dags/sports_goat_pipeline.py for tasks to queue
[2026-08-04T18:00:55.235+0000] {logging_mixin.py:188} INFO - [2026-08-04T18:00:55.234+0000] {dagbag.py:538} INFO - Filling up the DagBag from /opt/airflow/dags/sports_goat_pipeline.py
[2026-08-04T18:00:55.258+0000] {logging_mixin.py:188} INFO - [2026-08-04T18:00:55.257+0000] {templater.py:95} ERROR - Failed to resolve template field 'bash_command'
Traceback (most recent call last):
  File "/home/airflow/.local/lib/python3.10/site-packages/airflow/template/templater.py", line 93, in resolve_template_files
    setattr(self, field, env.loader.get_source(env, content)[0])  # type: ignore
  File "/home/airflow/.local/lib/python3.10/site-packages/jinja2/loaders.py", line 204, in get_source
    raise TemplateNotFound(template)
jinja2.exceptions.TemplateNotFound: bash /app/run_raw_to_clean.sh
[2026-08-04T18:00:55.268+0000] {logging_mixin.py:188} INFO - [2026-08-04T18:00:55.267+0000] {templater.py:95} ERROR - Failed to resolve template field 'bash_command'
Traceback (most recent call last):
  File "/home/airflow/.local/lib/python3.10/site-packages/airflow/template/templater.py", line 93, in resolve_template_files
    setattr(self, field, env.loader.get_source(env, content)[0])  # type: ignore
  File "/home/airflow/.local/lib/python3.10/site-packages/jinja2/loaders.py", line 204, in get_source
    raise TemplateNotFound(template)
jinja2.exceptions.TemplateNotFound: bash /app/run_batch.sh
[2026-08-04T18:00:55.269+0000] {processor.py:840} INFO - DAG(s) '1_sports_goat_raw_to_clean', '2_sports_goat_run_batch' retrieved from /opt/airflow/dags/sports_goat_pipeline.py
[2026-08-04T18:00:55.307+0000] {logging_mixin.py:188} INFO - [2026-08-04T18:00:55.307+0000] {dag.py:3036} INFO - Sync 2 DAGs
[2026-08-04T18:00:55.346+0000] {logging_mixin.py:188} INFO - [2026-08-04T18:00:55.346+0000] {dag.py:3823} INFO - Setting next_dagrun for 1_sports_goat_raw_to_clean to 2026-08-04 17:45:00+00:00, run_after=2026-08-05 17:45:00+00:00
[2026-08-04T18:00:55.355+0000] {logging_mixin.py:188} INFO - [2026-08-04T18:00:55.355+0000] {dag.py:3823} INFO - Setting next_dagrun for 2_sports_goat_run_batch to 2026-08-04 18:00:00+00:00, run_after=2026-08-05 18:00:00+00:00
[2026-08-04T18:00:55.393+0000] {processor.py:183} INFO - Processing /opt/airflow/dags/sports_goat_pipeline.py took 0.170 seconds
[2026-08-04T18:01:25.539+0000] {processor.py:161} INFO - Started process (PID=226) to work on /opt/airflow/dags/sports_goat_pipeline.py
[2026-08-04T18:01:25.541+0000] {processor.py:830} INFO - Processing file /opt/airflow/dags/sports_goat_pipeline.py for tasks to queue
[2026-08-04T18:01:25.543+0000] {logging_mixin.py:188} INFO - [2026-08-04T18:01:25.543+0000] {dagbag.py:538} INFO - Filling up the DagBag from /opt/airflow/dags/sports_goat_pipeline.py
[2026-08-04T18:01:25.565+0000] {logging_mixin.py:188} INFO - [2026-08-04T18:01:25.563+0000] {templater.py:95} ERROR - Failed to resolve template field 'bash_command'
Traceback (most recent call last):
  File "/home/airflow/.local/lib/python3.10/site-packages/airflow/template/templater.py", line 93, in resolve_template_files
    setattr(self, field, env.loader.get_source(env, content)[0])  # type: ignore
  File "/home/airflow/.local/lib/python3.10/site-packages/jinja2/loaders.py", line 204, in get_source
    raise TemplateNotFound(template)
jinja2.exceptions.TemplateNotFound: bash /app/run_raw_to_clean.sh
[2026-08-04T18:01:25.573+0000] {logging_mixin.py:188} INFO - [2026-08-04T18:01:25.572+0000] {templater.py:95} ERROR - Failed to resolve template field 'bash_command'
Traceback (most recent call last):
  File "/home/airflow/.local/lib/python3.10/site-packages/airflow/template/templater.py", line 93, in resolve_template_files
    setattr(self, field, env.loader.get_source(env, content)[0])  # type: ignore
  File "/home/airflow/.local/lib/python3.10/site-packages/jinja2/loaders.py", line 204, in get_source
    raise TemplateNotFound(template)
jinja2.exceptions.TemplateNotFound: bash /app/run_batch.sh
[2026-08-04T18:01:25.575+0000] {processor.py:840} INFO - DAG(s) '1_sports_goat_raw_to_clean', '2_sports_goat_run_batch' retrieved from /opt/airflow/dags/sports_goat_pipeline.py
[2026-08-04T18:01:25.605+0000] {logging_mixin.py:188} INFO - [2026-08-04T18:01:25.605+0000] {dag.py:3036} INFO - Sync 2 DAGs
[2026-08-04T18:01:25.642+0000] {logging_mixin.py:188} INFO - [2026-08-04T18:01:25.641+0000] {dag.py:3823} INFO - Setting next_dagrun for 1_sports_goat_raw_to_clean to 2026-08-04 17:45:00+00:00, run_after=2026-08-05 17:45:00+00:00
[2026-08-04T18:01:25.649+0000] {logging_mixin.py:188} INFO - [2026-08-04T18:01:25.649+0000] {dag.py:3823} INFO - Setting next_dagrun for 2_sports_goat_run_batch to 2026-08-04 18:00:00+00:00, run_after=2026-08-05 18:00:00+00:00
[2026-08-04T18:01:25.682+0000] {processor.py:183} INFO - Processing /opt/airflow/dags/sports_goat_pipeline.py took 0.147 seconds
[2026-08-04T18:01:55.842+0000] {processor.py:161} INFO - Started process (PID=227) to work on /opt/airflow/dags/sports_goat_pipeline.py
[2026-08-04T18:01:55.845+0000] {processor.py:830} INFO - Processing file /opt/airflow/dags/sports_goat_pipeline.py for tasks to queue
[2026-08-04T18:01:55.847+0000] {logging_mixin.py:188} INFO - [2026-08-04T18:01:55.846+0000] {dagbag.py:538} INFO - Filling up the DagBag from /opt/airflow/dags/sports_goat_pipeline.py
[2026-08-04T18:01:55.872+0000] {logging_mixin.py:188} INFO - [2026-08-04T18:01:55.871+0000] {templater.py:95} ERROR - Failed to resolve template field 'bash_command'
Traceback (most recent call last):
  File "/home/airflow/.local/lib/python3.10/site-packages/airflow/template/templater.py", line 93, in resolve_template_files
    setattr(self, field, env.loader.get_source(env, content)[0])  # type: ignore
  File "/home/airflow/.local/lib/python3.10/site-packages/jinja2/loaders.py", line 204, in get_source
    raise TemplateNotFound(template)
jinja2.exceptions.TemplateNotFound: bash /app/run_batch.sh
[2026-08-04T18:01:55.881+0000] {logging_mixin.py:188} INFO - [2026-08-04T18:01:55.880+0000] {templater.py:95} ERROR - Failed to resolve template field 'bash_command'
Traceback (most recent call last):
  File "/home/airflow/.local/lib/python3.10/site-packages/airflow/template/templater.py", line 93, in resolve_template_files
    setattr(self, field, env.loader.get_source(env, content)[0])  # type: ignore
  File "/home/airflow/.local/lib/python3.10/site-packages/jinja2/loaders.py", line 204, in get_source
    raise TemplateNotFound(template)
jinja2.exceptions.TemplateNotFound: bash /app/run_raw_to_clean.sh
[2026-08-04T18:01:55.882+0000] {processor.py:840} INFO - DAG(s) '2_sports_goat_run_batch', '1_sports_goat_raw_to_clean' retrieved from /opt/airflow/dags/sports_goat_pipeline.py
[2026-08-04T18:01:55.916+0000] {logging_mixin.py:188} INFO - [2026-08-04T18:01:55.916+0000] {dag.py:3036} INFO - Sync 2 DAGs
[2026-08-04T18:01:55.949+0000] {logging_mixin.py:188} INFO - [2026-08-04T18:01:55.949+0000] {dag.py:3823} INFO - Setting next_dagrun for 1_sports_goat_raw_to_clean to 2026-08-04 17:45:00+00:00, run_after=2026-08-05 17:45:00+00:00
[2026-08-04T18:01:55.957+0000] {logging_mixin.py:188} INFO - [2026-08-04T18:01:55.957+0000] {dag.py:3823} INFO - Setting next_dagrun for 2_sports_goat_run_batch to 2026-08-04 18:00:00+00:00, run_after=2026-08-05 18:00:00+00:00
[2026-08-04T18:01:55.991+0000] {processor.py:183} INFO - Processing /opt/airflow/dags/sports_goat_pipeline.py took 0.153 seconds
[2026-08-04T18:02:26.229+0000] {processor.py:161} INFO - Started process (PID=228) to work on /opt/airflow/dags/sports_goat_pipeline.py
[2026-08-04T18:02:26.233+0000] {processor.py:830} INFO - Processing file /opt/airflow/dags/sports_goat_pipeline.py for tasks to queue
[2026-08-04T18:02:26.237+0000] {logging_mixin.py:188} INFO - [2026-08-04T18:02:26.236+0000] {dagbag.py:538} INFO - Filling up the DagBag from /opt/airflow/dags/sports_goat_pipeline.py
[2026-08-04T18:02:26.298+0000] {logging_mixin.py:188} INFO - [2026-08-04T18:02:26.296+0000] {templater.py:95} ERROR - Failed to resolve template field 'bash_command'
Traceback (most recent call last):
  File "/home/airflow/.local/lib/python3.10/site-packages/airflow/template/templater.py", line 93, in resolve_template_files
    setattr(self, field, env.loader.get_source(env, content)[0])  # type: ignore
  File "/home/airflow/.local/lib/python3.10/site-packages/jinja2/loaders.py", line 204, in get_source
    raise TemplateNotFound(template)
jinja2.exceptions.TemplateNotFound: bash /app/run_batch.sh
[2026-08-04T18:02:26.311+0000] {logging_mixin.py:188} INFO - [2026-08-04T18:02:26.310+0000] {templater.py:95} ERROR - Failed to resolve template field 'bash_command'
Traceback (most recent call last):
  File "/home/airflow/.local/lib/python3.10/site-packages/airflow/template/templater.py", line 93, in resolve_template_files
    setattr(self, field, env.loader.get_source(env, content)[0])  # type: ignore
  File "/home/airflow/.local/lib/python3.10/site-packages/jinja2/loaders.py", line 204, in get_source
    raise TemplateNotFound(template)
jinja2.exceptions.TemplateNotFound: bash /app/run_raw_to_clean.sh
[2026-08-04T18:02:26.312+0000] {processor.py:840} INFO - DAG(s) '2_sports_goat_run_batch', '1_sports_goat_raw_to_clean' retrieved from /opt/airflow/dags/sports_goat_pipeline.py
[2026-08-04T18:02:26.361+0000] {logging_mixin.py:188} INFO - [2026-08-04T18:02:26.361+0000] {dag.py:3036} INFO - Sync 2 DAGs
[2026-08-04T18:02:26.421+0000] {logging_mixin.py:188} INFO - [2026-08-04T18:02:26.420+0000] {dag.py:3823} INFO - Setting next_dagrun for 1_sports_goat_raw_to_clean to 2026-08-04 17:45:00+00:00, run_after=2026-08-05 17:45:00+00:00
[2026-08-04T18:02:26.429+0000] {logging_mixin.py:188} INFO - [2026-08-04T18:02:26.429+0000] {dag.py:3823} INFO - Setting next_dagrun for 2_sports_goat_run_batch to 2026-08-04 18:00:00+00:00, run_after=2026-08-05 18:00:00+00:00
[2026-08-04T18:02:26.455+0000] {processor.py:183} INFO - Processing /opt/airflow/dags/sports_goat_pipeline.py took 0.235 seconds
[2026-08-04T18:02:56.647+0000] {processor.py:161} INFO - Started process (PID=229) to work on /opt/airflow/dags/sports_goat_pipeline.py
[2026-08-04T18:02:56.650+0000] {processor.py:830} INFO - Processing file /opt/airflow/dags/sports_goat_pipeline.py for tasks to queue
[2026-08-04T18:02:56.651+0000] {logging_mixin.py:188} INFO - [2026-08-04T18:02:56.651+0000] {dagbag.py:538} INFO - Filling up the DagBag from /opt/airflow/dags/sports_goat_pipeline.py
[2026-08-04T18:02:56.679+0000] {logging_mixin.py:188} INFO - [2026-08-04T18:02:56.678+0000] {templater.py:95} ERROR - Failed to resolve template field 'bash_command'
Traceback (most recent call last):
  File "/home/airflow/.local/lib/python3.10/site-packages/airflow/template/templater.py", line 93, in resolve_template_files
    setattr(self, field, env.loader.get_source(env, content)[0])  # type: ignore
  File "/home/airflow/.local/lib/python3.10/site-packages/jinja2/loaders.py", line 204, in get_source
    raise TemplateNotFound(template)
jinja2.exceptions.TemplateNotFound: bash /app/run_raw_to_clean.sh
[2026-08-04T18:02:56.687+0000] {logging_mixin.py:188} INFO - [2026-08-04T18:02:56.686+0000] {templater.py:95} ERROR - Failed to resolve template field 'bash_command'
Traceback (most recent call last):
  File "/home/airflow/.local/lib/python3.10/site-packages/airflow/template/templater.py", line 93, in resolve_template_files
    setattr(self, field, env.loader.get_source(env, content)[0])  # type: ignore
  File "/home/airflow/.local/lib/python3.10/site-packages/jinja2/loaders.py", line 204, in get_source
    raise TemplateNotFound(template)
jinja2.exceptions.TemplateNotFound: bash /app/run_batch.sh
[2026-08-04T18:02:56.688+0000] {processor.py:840} INFO - DAG(s) '1_sports_goat_raw_to_clean', '2_sports_goat_run_batch' retrieved from /opt/airflow/dags/sports_goat_pipeline.py
[2026-08-04T18:02:56.725+0000] {logging_mixin.py:188} INFO - [2026-08-04T18:02:56.725+0000] {dag.py:3036} INFO - Sync 2 DAGs
[2026-08-04T18:02:56.762+0000] {logging_mixin.py:188} INFO - [2026-08-04T18:02:56.761+0000] {dag.py:3823} INFO - Setting next_dagrun for 1_sports_goat_raw_to_clean to 2026-08-04 17:45:00+00:00, run_after=2026-08-05 17:45:00+00:00
[2026-08-04T18:02:56.774+0000] {logging_mixin.py:188} INFO - [2026-08-04T18:02:56.774+0000] {dag.py:3823} INFO - Setting next_dagrun for 2_sports_goat_run_batch to 2026-08-04 18:00:00+00:00, run_after=2026-08-05 18:00:00+00:00
[2026-08-04T18:02:56.806+0000] {processor.py:183} INFO - Processing /opt/airflow/dags/sports_goat_pipeline.py took 0.163 seconds
[2026-08-04T18:03:26.942+0000] {processor.py:161} INFO - Started process (PID=230) to work on /opt/airflow/dags/sports_goat_pipeline.py
[2026-08-04T18:03:26.944+0000] {processor.py:830} INFO - Processing file /opt/airflow/dags/sports_goat_pipeline.py for tasks to queue
[2026-08-04T18:03:26.946+0000] {logging_mixin.py:188} INFO - [2026-08-04T18:03:26.945+0000] {dagbag.py:538} INFO - Filling up the DagBag from /opt/airflow/dags/sports_goat_pipeline.py
[2026-08-04T18:03:26.968+0000] {logging_mixin.py:188} INFO - [2026-08-04T18:03:26.966+0000] {templater.py:95} ERROR - Failed to resolve template field 'bash_command'
Traceback (most recent call last):
  File "/home/airflow/.local/lib/python3.10/site-packages/airflow/template/templater.py", line 93, in resolve_template_files
    setattr(self, field, env.loader.get_source(env, content)[0])  # type: ignore
  File "/home/airflow/.local/lib/python3.10/site-packages/jinja2/loaders.py", line 204, in get_source
    raise TemplateNotFound(template)
jinja2.exceptions.TemplateNotFound: bash /app/run_raw_to_clean.sh
[2026-08-04T18:03:26.977+0000] {logging_mixin.py:188} INFO - [2026-08-04T18:03:26.976+0000] {templater.py:95} ERROR - Failed to resolve template field 'bash_command'
Traceback (most recent call last):
  File "/home/airflow/.local/lib/python3.10/site-packages/airflow/template/templater.py", line 93, in resolve_template_files
    setattr(self, field, env.loader.get_source(env, content)[0])  # type: ignore
  File "/home/airflow/.local/lib/python3.10/site-packages/jinja2/loaders.py", line 204, in get_source
    raise TemplateNotFound(template)
jinja2.exceptions.TemplateNotFound: bash /app/run_batch.sh
[2026-08-04T18:03:26.978+0000] {processor.py:840} INFO - DAG(s) '1_sports_goat_raw_to_clean', '2_sports_goat_run_batch' retrieved from /opt/airflow/dags/sports_goat_pipeline.py
[2026-08-04T18:03:27.011+0000] {logging_mixin.py:188} INFO - [2026-08-04T18:03:27.011+0000] {dag.py:3036} INFO - Sync 2 DAGs
[2026-08-04T18:03:27.043+0000] {logging_mixin.py:188} INFO - [2026-08-04T18:03:27.043+0000] {dag.py:3823} INFO - Setting next_dagrun for 1_sports_goat_raw_to_clean to 2026-08-04 17:45:00+00:00, run_after=2026-08-05 17:45:00+00:00
[2026-08-04T18:03:27.054+0000] {logging_mixin.py:188} INFO - [2026-08-04T18:03:27.053+0000] {dag.py:3823} INFO - Setting next_dagrun for 2_sports_goat_run_batch to 2026-08-04 18:00:00+00:00, run_after=2026-08-05 18:00:00+00:00
[2026-08-04T18:03:27.088+0000] {processor.py:183} INFO - Processing /opt/airflow/dags/sports_goat_pipeline.py took 0.150 seconds
[2026-08-04T18:03:57.239+0000] {processor.py:161} INFO - Started process (PID=231) to work on /opt/airflow/dags/sports_goat_pipeline.py
[2026-08-04T18:03:57.241+0000] {processor.py:830} INFO - Processing file /opt/airflow/dags/sports_goat_pipeline.py for tasks to queue
[2026-08-04T18:03:57.242+0000] {logging_mixin.py:188} INFO - [2026-08-04T18:03:57.242+0000] {dagbag.py:538} INFO - Filling up the DagBag from /opt/airflow/dags/sports_goat_pipeline.py
[2026-08-04T18:03:57.262+0000] {logging_mixin.py:188} INFO - [2026-08-04T18:03:57.261+0000] {templater.py:95} ERROR - Failed to resolve template field 'bash_command'
Traceback (most recent call last):
  File "/home/airflow/.local/lib/python3.10/site-packages/airflow/template/templater.py", line 93, in resolve_template_files
    setattr(self, field, env.loader.get_source(env, content)[0])  # type: ignore
  File "/home/airflow/.local/lib/python3.10/site-packages/jinja2/loaders.py", line 204, in get_source
    raise TemplateNotFound(template)
jinja2.exceptions.TemplateNotFound: bash /app/run_raw_to_clean.sh
[2026-08-04T18:03:57.270+0000] {logging_mixin.py:188} INFO - [2026-08-04T18:03:57.270+0000] {templater.py:95} ERROR - Failed to resolve template field 'bash_command'
Traceback (most recent call last):
  File "/home/airflow/.local/lib/python3.10/site-packages/airflow/template/templater.py", line 93, in resolve_template_files
    setattr(self, field, env.loader.get_source(env, content)[0])  # type: ignore
  File "/home/airflow/.local/lib/python3.10/site-packages/jinja2/loaders.py", line 204, in get_source
    raise TemplateNotFound(template)
jinja2.exceptions.TemplateNotFound: bash /app/run_batch.sh
[2026-08-04T18:03:57.271+0000] {processor.py:840} INFO - DAG(s) '1_sports_goat_raw_to_clean', '2_sports_goat_run_batch' retrieved from /opt/airflow/dags/sports_goat_pipeline.py
[2026-08-04T18:03:57.300+0000] {logging_mixin.py:188} INFO - [2026-08-04T18:03:57.300+0000] {dag.py:3036} INFO - Sync 2 DAGs
[2026-08-04T18:03:57.331+0000] {logging_mixin.py:188} INFO - [2026-08-04T18:03:57.330+0000] {dag.py:3823} INFO - Setting next_dagrun for 1_sports_goat_raw_to_clean to 2026-08-04 17:45:00+00:00, run_after=2026-08-05 17:45:00+00:00
[2026-08-04T18:03:57.338+0000] {logging_mixin.py:188} INFO - [2026-08-04T18:03:57.338+0000] {dag.py:3823} INFO - Setting next_dagrun for 2_sports_goat_run_batch to 2026-08-04 18:00:00+00:00, run_after=2026-08-05 18:00:00+00:00
[2026-08-04T18:03:57.363+0000] {processor.py:183} INFO - Processing /opt/airflow/dags/sports_goat_pipeline.py took 0.128 seconds
[2026-08-04T18:04:27.568+0000] {processor.py:161} INFO - Started process (PID=232) to work on /opt/airflow/dags/sports_goat_pipeline.py
[2026-08-04T18:04:27.571+0000] {processor.py:830} INFO - Processing file /opt/airflow/dags/sports_goat_pipeline.py for tasks to queue
[2026-08-04T18:04:27.573+0000] {logging_mixin.py:188} INFO - [2026-08-04T18:04:27.572+0000] {dagbag.py:538} INFO - Filling up the DagBag from /opt/airflow/dags/sports_goat_pipeline.py
[2026-08-04T18:04:27.603+0000] {logging_mixin.py:188} INFO - [2026-08-04T18:04:27.602+0000] {templater.py:95} ERROR - Failed to resolve template field 'bash_command'
Traceback (most recent call last):
  File "/home/airflow/.local/lib/python3.10/site-packages/airflow/template/templater.py", line 93, in resolve_template_files
    setattr(self, field, env.loader.get_source(env, content)[0])  # type: ignore
  File "/home/airflow/.local/lib/python3.10/site-packages/jinja2/loaders.py", line 204, in get_source
    raise TemplateNotFound(template)
jinja2.exceptions.TemplateNotFound: bash /app/run_raw_to_clean.sh
[2026-08-04T18:04:27.615+0000] {logging_mixin.py:188} INFO - [2026-08-04T18:04:27.614+0000] {templater.py:95} ERROR - Failed to resolve template field 'bash_command'
Traceback (most recent call last):
  File "/home/airflow/.local/lib/python3.10/site-packages/airflow/template/templater.py", line 93, in resolve_template_files
    setattr(self, field, env.loader.get_source(env, content)[0])  # type: ignore
  File "/home/airflow/.local/lib/python3.10/site-packages/jinja2/loaders.py", line 204, in get_source
    raise TemplateNotFound(template)
jinja2.exceptions.TemplateNotFound: bash /app/run_batch.sh
[2026-08-04T18:04:27.616+0000] {processor.py:840} INFO - DAG(s) '1_sports_goat_raw_to_clean', '2_sports_goat_run_batch' retrieved from /opt/airflow/dags/sports_goat_pipeline.py
[2026-08-04T18:04:27.654+0000] {logging_mixin.py:188} INFO - [2026-08-04T18:04:27.653+0000] {dag.py:3036} INFO - Sync 2 DAGs
[2026-08-04T18:04:27.696+0000] {logging_mixin.py:188} INFO - [2026-08-04T18:04:27.695+0000] {dag.py:3823} INFO - Setting next_dagrun for 1_sports_goat_raw_to_clean to 2026-08-04 17:45:00+00:00, run_after=2026-08-05 17:45:00+00:00
[2026-08-04T18:04:27.705+0000] {logging_mixin.py:188} INFO - [2026-08-04T18:04:27.704+0000] {dag.py:3823} INFO - Setting next_dagrun for 2_sports_goat_run_batch to 2026-08-04 18:00:00+00:00, run_after=2026-08-05 18:00:00+00:00
[2026-08-04T18:04:27.742+0000] {processor.py:183} INFO - Processing /opt/airflow/dags/sports_goat_pipeline.py took 0.185 seconds
[2026-08-04T18:04:52.015+0000] {processor.py:161} INFO - Started process (PID=233) to work on /opt/airflow/dags/sports_goat_pipeline.py
[2026-08-04T18:04:52.017+0000] {processor.py:830} INFO - Processing file /opt/airflow/dags/sports_goat_pipeline.py for tasks to queue
[2026-08-04T18:04:52.019+0000] {logging_mixin.py:188} INFO - [2026-08-04T18:04:52.018+0000] {dagbag.py:538} INFO - Filling up the DagBag from /opt/airflow/dags/sports_goat_pipeline.py
[2026-08-04T18:04:52.047+0000] {processor.py:840} INFO - DAG(s) '1_sports_goat_raw_to_clean', '2_sports_goat_run_batch' retrieved from /opt/airflow/dags/sports_goat_pipeline.py
[2026-08-04T18:04:52.392+0000] {logging_mixin.py:188} INFO - [2026-08-04T18:04:52.392+0000] {dag.py:3036} INFO - Sync 2 DAGs
[2026-08-04T18:04:52.438+0000] {logging_mixin.py:188} INFO - [2026-08-04T18:04:52.438+0000] {dag.py:3823} INFO - Setting next_dagrun for 1_sports_goat_raw_to_clean to 2026-08-04 17:45:00+00:00, run_after=2026-08-05 17:45:00+00:00
[2026-08-04T18:04:52.450+0000] {logging_mixin.py:188} INFO - [2026-08-04T18:04:52.450+0000] {dag.py:3823} INFO - Setting next_dagrun for 2_sports_goat_run_batch to 2026-08-04 18:00:00+00:00, run_after=2026-08-05 18:00:00+00:00
[2026-08-04T18:04:52.503+0000] {processor.py:183} INFO - Processing /opt/airflow/dags/sports_goat_pipeline.py took 0.492 seconds
[2026-08-04T18:05:22.826+0000] {processor.py:161} INFO - Started process (PID=234) to work on /opt/airflow/dags/sports_goat_pipeline.py
[2026-08-04T18:05:22.832+0000] {processor.py:830} INFO - Processing file /opt/airflow/dags/sports_goat_pipeline.py for tasks to queue
[2026-08-04T18:05:22.835+0000] {logging_mixin.py:188} INFO - [2026-08-04T18:05:22.834+0000] {dagbag.py:538} INFO - Filling up the DagBag from /opt/airflow/dags/sports_goat_pipeline.py
[2026-08-04T18:05:22.870+0000] {processor.py:840} INFO - DAG(s) '2_sports_goat_run_batch', '1_sports_goat_raw_to_clean' retrieved from /opt/airflow/dags/sports_goat_pipeline.py
[2026-08-04T18:05:22.935+0000] {logging_mixin.py:188} INFO - [2026-08-04T18:05:22.935+0000] {dag.py:3036} INFO - Sync 2 DAGs
[2026-08-04T18:05:22.994+0000] {logging_mixin.py:188} INFO - [2026-08-04T18:05:22.994+0000] {dag.py:3823} INFO - Setting next_dagrun for 1_sports_goat_raw_to_clean to 2026-08-04 17:45:00+00:00, run_after=2026-08-05 17:45:00+00:00
[2026-08-04T18:05:23.003+0000] {logging_mixin.py:188} INFO - [2026-08-04T18:05:23.002+0000] {dag.py:3823} INFO - Setting next_dagrun for 2_sports_goat_run_batch to 2026-08-04 18:00:00+00:00, run_after=2026-08-05 18:00:00+00:00
[2026-08-04T18:05:23.049+0000] {processor.py:183} INFO - Processing /opt/airflow/dags/sports_goat_pipeline.py took 0.233 seconds
[2026-08-04T18:05:53.659+0000] {processor.py:161} INFO - Started process (PID=263) to work on /opt/airflow/dags/sports_goat_pipeline.py
[2026-08-04T18:05:53.661+0000] {processor.py:830} INFO - Processing file /opt/airflow/dags/sports_goat_pipeline.py for tasks to queue
[2026-08-04T18:05:53.662+0000] {logging_mixin.py:188} INFO - [2026-08-04T18:05:53.662+0000] {dagbag.py:538} INFO - Filling up the DagBag from /opt/airflow/dags/sports_goat_pipeline.py
[2026-08-04T18:05:53.688+0000] {processor.py:840} INFO - DAG(s) '1_sports_goat_raw_to_clean', '2_sports_goat_run_batch' retrieved from /opt/airflow/dags/sports_goat_pipeline.py
[2026-08-04T18:05:53.725+0000] {logging_mixin.py:188} INFO - [2026-08-04T18:05:53.725+0000] {dag.py:3036} INFO - Sync 2 DAGs
[2026-08-04T18:05:53.763+0000] {logging_mixin.py:188} INFO - [2026-08-04T18:05:53.763+0000] {dag.py:3823} INFO - Setting next_dagrun for 1_sports_goat_raw_to_clean to 2026-08-04 17:45:00+00:00, run_after=2026-08-05 17:45:00+00:00
[2026-08-04T18:05:53.772+0000] {logging_mixin.py:188} INFO - [2026-08-04T18:05:53.771+0000] {dag.py:3823} INFO - Setting next_dagrun for 2_sports_goat_run_batch to 2026-08-04 18:00:00+00:00, run_after=2026-08-05 18:00:00+00:00
[2026-08-04T18:05:53.802+0000] {processor.py:183} INFO - Processing /opt/airflow/dags/sports_goat_pipeline.py took 0.148 seconds
[2026-08-04T18:06:23.874+0000] {processor.py:161} INFO - Started process (PID=264) to work on /opt/airflow/dags/sports_goat_pipeline.py
[2026-08-04T18:06:23.876+0000] {processor.py:830} INFO - Processing file /opt/airflow/dags/sports_goat_pipeline.py for tasks to queue
[2026-08-04T18:06:23.878+0000] {logging_mixin.py:188} INFO - [2026-08-04T18:06:23.877+0000] {dagbag.py:538} INFO - Filling up the DagBag from /opt/airflow/dags/sports_goat_pipeline.py
[2026-08-04T18:06:23.900+0000] {processor.py:840} INFO - DAG(s) '1_sports_goat_raw_to_clean', '2_sports_goat_run_batch' retrieved from /opt/airflow/dags/sports_goat_pipeline.py
[2026-08-04T18:06:23.938+0000] {logging_mixin.py:188} INFO - [2026-08-04T18:06:23.938+0000] {dag.py:3036} INFO - Sync 2 DAGs
[2026-08-04T18:06:23.971+0000] {logging_mixin.py:188} INFO - [2026-08-04T18:06:23.971+0000] {dag.py:3823} INFO - Setting next_dagrun for 1_sports_goat_raw_to_clean to 2026-08-04 17:45:00+00:00, run_after=2026-08-05 17:45:00+00:00
[2026-08-04T18:06:23.980+0000] {logging_mixin.py:188} INFO - [2026-08-04T18:06:23.979+0000] {dag.py:3823} INFO - Setting next_dagrun for 2_sports_goat_run_batch to 2026-08-04 18:00:00+00:00, run_after=2026-08-05 18:00:00+00:00
[2026-08-04T18:06:24.004+0000] {processor.py:183} INFO - Processing /opt/airflow/dags/sports_goat_pipeline.py took 0.135 seconds
[2026-08-04T18:06:54.409+0000] {processor.py:161} INFO - Started process (PID=285) to work on /opt/airflow/dags/sports_goat_pipeline.py
[2026-08-04T18:06:54.411+0000] {processor.py:830} INFO - Processing file /opt/airflow/dags/sports_goat_pipeline.py for tasks to queue
[2026-08-04T18:06:54.413+0000] {logging_mixin.py:188} INFO - [2026-08-04T18:06:54.413+0000] {dagbag.py:538} INFO - Filling up the DagBag from /opt/airflow/dags/sports_goat_pipeline.py
[2026-08-04T18:06:54.442+0000] {processor.py:840} INFO - DAG(s) '2_sports_goat_run_batch', '1_sports_goat_raw_to_clean' retrieved from /opt/airflow/dags/sports_goat_pipeline.py
[2026-08-04T18:06:54.489+0000] {logging_mixin.py:188} INFO - [2026-08-04T18:06:54.488+0000] {dag.py:3036} INFO - Sync 2 DAGs
[2026-08-04T18:06:54.537+0000] {logging_mixin.py:188} INFO - [2026-08-04T18:06:54.536+0000] {dag.py:3823} INFO - Setting next_dagrun for 1_sports_goat_raw_to_clean to 2026-08-04 17:45:00+00:00, run_after=2026-08-05 17:45:00+00:00
[2026-08-04T18:06:54.545+0000] {logging_mixin.py:188} INFO - [2026-08-04T18:06:54.545+0000] {dag.py:3823} INFO - Setting next_dagrun for 2_sports_goat_run_batch to 2026-08-04 18:00:00+00:00, run_after=2026-08-05 18:00:00+00:00
[2026-08-04T18:06:54.577+0000] {processor.py:183} INFO - Processing /opt/airflow/dags/sports_goat_pipeline.py took 0.174 seconds
[2026-08-04T18:07:24.818+0000] {processor.py:161} INFO - Started process (PID=286) to work on /opt/airflow/dags/sports_goat_pipeline.py
[2026-08-04T18:07:24.820+0000] {processor.py:830} INFO - Processing file /opt/airflow/dags/sports_goat_pipeline.py for tasks to queue
[2026-08-04T18:07:24.822+0000] {logging_mixin.py:188} INFO - [2026-08-04T18:07:24.822+0000] {dagbag.py:538} INFO - Filling up the DagBag from /opt/airflow/dags/sports_goat_pipeline.py
[2026-08-04T18:07:24.849+0000] {processor.py:840} INFO - DAG(s) '2_sports_goat_run_batch', '1_sports_goat_raw_to_clean' retrieved from /opt/airflow/dags/sports_goat_pipeline.py
[2026-08-04T18:07:24.882+0000] {logging_mixin.py:188} INFO - [2026-08-04T18:07:24.882+0000] {dag.py:3036} INFO - Sync 2 DAGs
[2026-08-04T18:07:24.911+0000] {logging_mixin.py:188} INFO - [2026-08-04T18:07:24.911+0000] {dag.py:3823} INFO - Setting next_dagrun for 1_sports_goat_raw_to_clean to 2026-08-04 17:45:00+00:00, run_after=2026-08-05 17:45:00+00:00
[2026-08-04T18:07:24.918+0000] {logging_mixin.py:188} INFO - [2026-08-04T18:07:24.917+0000] {dag.py:3823} INFO - Setting next_dagrun for 2_sports_goat_run_batch to 2026-08-04 18:00:00+00:00, run_after=2026-08-05 18:00:00+00:00
[2026-08-04T18:07:24.943+0000] {processor.py:183} INFO - Processing /opt/airflow/dags/sports_goat_pipeline.py took 0.129 seconds
[2026-08-04T18:07:55.495+0000] {processor.py:161} INFO - Started process (PID=287) to work on /opt/airflow/dags/sports_goat_pipeline.py
[2026-08-04T18:07:55.497+0000] {processor.py:830} INFO - Processing file /opt/airflow/dags/sports_goat_pipeline.py for tasks to queue
[2026-08-04T18:07:55.499+0000] {logging_mixin.py:188} INFO - [2026-08-04T18:07:55.498+0000] {dagbag.py:538} INFO - Filling up the DagBag from /opt/airflow/dags/sports_goat_pipeline.py
[2026-08-04T18:07:55.521+0000] {processor.py:840} INFO - DAG(s) '2_sports_goat_run_batch', '1_sports_goat_raw_to_clean' retrieved from /opt/airflow/dags/sports_goat_pipeline.py
[2026-08-04T18:07:55.562+0000] {logging_mixin.py:188} INFO - [2026-08-04T18:07:55.562+0000] {dag.py:3036} INFO - Sync 2 DAGs
[2026-08-04T18:07:55.611+0000] {logging_mixin.py:188} INFO - [2026-08-04T18:07:55.610+0000] {dag.py:3823} INFO - Setting next_dagrun for 1_sports_goat_raw_to_clean to 2026-08-04 17:45:00+00:00, run_after=2026-08-05 17:45:00+00:00
[2026-08-04T18:07:55.619+0000] {logging_mixin.py:188} INFO - [2026-08-04T18:07:55.618+0000] {dag.py:3823} INFO - Setting next_dagrun for 2_sports_goat_run_batch to 2026-08-04 18:00:00+00:00, run_after=2026-08-05 18:00:00+00:00
[2026-08-04T18:07:55.654+0000] {processor.py:183} INFO - Processing /opt/airflow/dags/sports_goat_pipeline.py took 0.166 seconds
[2026-08-04T18:08:25.837+0000] {processor.py:161} INFO - Started process (PID=288) to work on /opt/airflow/dags/sports_goat_pipeline.py
[2026-08-04T18:08:25.840+0000] {processor.py:830} INFO - Processing file /opt/airflow/dags/sports_goat_pipeline.py for tasks to queue
[2026-08-04T18:08:25.843+0000] {logging_mixin.py:188} INFO - [2026-08-04T18:08:25.842+0000] {dagbag.py:538} INFO - Filling up the DagBag from /opt/airflow/dags/sports_goat_pipeline.py
[2026-08-04T18:08:25.917+0000] {processor.py:840} INFO - DAG(s) '1_sports_goat_raw_to_clean', '2_sports_goat_run_batch' retrieved from /opt/airflow/dags/sports_goat_pipeline.py
[2026-08-04T18:08:26.117+0000] {logging_mixin.py:188} INFO - [2026-08-04T18:08:26.117+0000] {dag.py:3036} INFO - Sync 2 DAGs
[2026-08-04T18:08:26.291+0000] {logging_mixin.py:188} INFO - [2026-08-04T18:08:26.290+0000] {dag.py:3823} INFO - Setting next_dagrun for 1_sports_goat_raw_to_clean to 2026-08-04 17:45:00+00:00, run_after=2026-08-05 17:45:00+00:00
[2026-08-04T18:08:26.303+0000] {logging_mixin.py:188} INFO - [2026-08-04T18:08:26.303+0000] {dag.py:3823} INFO - Setting next_dagrun for 2_sports_goat_run_batch to 2026-08-04 18:00:00+00:00, run_after=2026-08-05 18:00:00+00:00
[2026-08-04T18:08:26.378+0000] {processor.py:183} INFO - Processing /opt/airflow/dags/sports_goat_pipeline.py took 0.546 seconds
[2026-08-04T18:08:56.908+0000] {processor.py:161} INFO - Started process (PID=289) to work on /opt/airflow/dags/sports_goat_pipeline.py
[2026-08-04T18:08:56.911+0000] {processor.py:830} INFO - Processing file /opt/airflow/dags/sports_goat_pipeline.py for tasks to queue
[2026-08-04T18:08:56.914+0000] {logging_mixin.py:188} INFO - [2026-08-04T18:08:56.913+0000] {dagbag.py:538} INFO - Filling up the DagBag from /opt/airflow/dags/sports_goat_pipeline.py
[2026-08-04T18:08:57.044+0000] {processor.py:840} INFO - DAG(s) '1_sports_goat_raw_to_clean', '2_sports_goat_run_batch' retrieved from /opt/airflow/dags/sports_goat_pipeline.py
[2026-08-04T18:08:57.211+0000] {logging_mixin.py:188} INFO - [2026-08-04T18:08:57.210+0000] {dag.py:3036} INFO - Sync 2 DAGs
[2026-08-04T18:08:57.297+0000] {logging_mixin.py:188} INFO - [2026-08-04T18:08:57.296+0000] {dag.py:3823} INFO - Setting next_dagrun for 1_sports_goat_raw_to_clean to 2026-08-04 17:45:00+00:00, run_after=2026-08-05 17:45:00+00:00
[2026-08-04T18:08:57.326+0000] {logging_mixin.py:188} INFO - [2026-08-04T18:08:57.326+0000] {dag.py:3823} INFO - Setting next_dagrun for 2_sports_goat_run_batch to 2026-08-04 18:00:00+00:00, run_after=2026-08-05 18:00:00+00:00
[2026-08-04T18:08:57.420+0000] {processor.py:183} INFO - Processing /opt/airflow/dags/sports_goat_pipeline.py took 0.510 seconds
[2026-08-04T18:09:28.080+0000] {processor.py:161} INFO - Started process (PID=290) to work on /opt/airflow/dags/sports_goat_pipeline.py
[2026-08-04T18:09:28.082+0000] {processor.py:830} INFO - Processing file /opt/airflow/dags/sports_goat_pipeline.py for tasks to queue
[2026-08-04T18:09:28.084+0000] {logging_mixin.py:188} INFO - [2026-08-04T18:09:28.083+0000] {dagbag.py:538} INFO - Filling up the DagBag from /opt/airflow/dags/sports_goat_pipeline.py
[2026-08-04T18:09:28.105+0000] {processor.py:840} INFO - DAG(s) '2_sports_goat_run_batch', '1_sports_goat_raw_to_clean' retrieved from /opt/airflow/dags/sports_goat_pipeline.py
[2026-08-04T18:09:28.143+0000] {logging_mixin.py:188} INFO - [2026-08-04T18:09:28.143+0000] {dag.py:3036} INFO - Sync 2 DAGs
[2026-08-04T18:09:28.170+0000] {logging_mixin.py:188} INFO - [2026-08-04T18:09:28.170+0000] {dag.py:3823} INFO - Setting next_dagrun for 1_sports_goat_raw_to_clean to 2026-08-04 17:45:00+00:00, run_after=2026-08-05 17:45:00+00:00
[2026-08-04T18:09:28.178+0000] {logging_mixin.py:188} INFO - [2026-08-04T18:09:28.178+0000] {dag.py:3823} INFO - Setting next_dagrun for 2_sports_goat_run_batch to 2026-08-04 18:00:00+00:00, run_after=2026-08-05 18:00:00+00:00
[2026-08-04T18:09:28.208+0000] {processor.py:183} INFO - Processing /opt/airflow/dags/sports_goat_pipeline.py took 0.133 seconds
[2026-08-04T18:09:58.576+0000] {processor.py:161} INFO - Started process (PID=291) to work on /opt/airflow/dags/sports_goat_pipeline.py
[2026-08-04T18:09:58.579+0000] {processor.py:830} INFO - Processing file /opt/airflow/dags/sports_goat_pipeline.py for tasks to queue
[2026-08-04T18:09:58.582+0000] {logging_mixin.py:188} INFO - [2026-08-04T18:09:58.580+0000] {dagbag.py:538} INFO - Filling up the DagBag from /opt/airflow/dags/sports_goat_pipeline.py
[2026-08-04T18:09:58.605+0000] {processor.py:840} INFO - DAG(s) '2_sports_goat_run_batch', '1_sports_goat_raw_to_clean' retrieved from /opt/airflow/dags/sports_goat_pipeline.py
[2026-08-04T18:09:58.641+0000] {logging_mixin.py:188} INFO - [2026-08-04T18:09:58.640+0000] {dag.py:3036} INFO - Sync 2 DAGs
[2026-08-04T18:09:58.675+0000] {logging_mixin.py:188} INFO - [2026-08-04T18:09:58.675+0000] {dag.py:3823} INFO - Setting next_dagrun for 1_sports_goat_raw_to_clean to 2026-08-04 17:45:00+00:00, run_after=2026-08-05 17:45:00+00:00
[2026-08-04T18:09:58.684+0000] {logging_mixin.py:188} INFO - [2026-08-04T18:09:58.683+0000] {dag.py:3823} INFO - Setting next_dagrun for 2_sports_goat_run_batch to 2026-08-04 18:00:00+00:00, run_after=2026-08-05 18:00:00+00:00
[2026-08-04T18:09:58.712+0000] {processor.py:183} INFO - Processing /opt/airflow/dags/sports_goat_pipeline.py took 0.142 seconds
[2026-08-04T18:10:29.142+0000] {processor.py:161} INFO - Started process (PID=292) to work on /opt/airflow/dags/sports_goat_pipeline.py
[2026-08-04T18:10:29.144+0000] {processor.py:830} INFO - Processing file /opt/airflow/dags/sports_goat_pipeline.py for tasks to queue
[2026-08-04T18:10:29.146+0000] {logging_mixin.py:188} INFO - [2026-08-04T18:10:29.145+0000] {dagbag.py:538} INFO - Filling up the DagBag from /opt/airflow/dags/sports_goat_pipeline.py
[2026-08-04T18:10:29.168+0000] {processor.py:840} INFO - DAG(s) '2_sports_goat_run_batch', '1_sports_goat_raw_to_clean' retrieved from /opt/airflow/dags/sports_goat_pipeline.py
[2026-08-04T18:10:29.204+0000] {logging_mixin.py:188} INFO - [2026-08-04T18:10:29.203+0000] {dag.py:3036} INFO - Sync 2 DAGs
[2026-08-04T18:10:29.239+0000] {logging_mixin.py:188} INFO - [2026-08-04T18:10:29.239+0000] {dag.py:3823} INFO - Setting next_dagrun for 1_sports_goat_raw_to_clean to 2026-08-04 17:45:00+00:00, run_after=2026-08-05 17:45:00+00:00
[2026-08-04T18:10:29.246+0000] {logging_mixin.py:188} INFO - [2026-08-04T18:10:29.246+0000] {dag.py:3823} INFO - Setting next_dagrun for 2_sports_goat_run_batch to 2026-08-04 18:00:00+00:00, run_after=2026-08-05 18:00:00+00:00
[2026-08-04T18:10:29.281+0000] {processor.py:183} INFO - Processing /opt/airflow/dags/sports_goat_pipeline.py took 0.144 seconds
[2026-08-04T18:10:59.652+0000] {processor.py:161} INFO - Started process (PID=293) to work on /opt/airflow/dags/sports_goat_pipeline.py
[2026-08-04T18:10:59.656+0000] {processor.py:830} INFO - Processing file /opt/airflow/dags/sports_goat_pipeline.py for tasks to queue
[2026-08-04T18:10:59.657+0000] {logging_mixin.py:188} INFO - [2026-08-04T18:10:59.657+0000] {dagbag.py:538} INFO - Filling up the DagBag from /opt/airflow/dags/sports_goat_pipeline.py
[2026-08-04T18:10:59.683+0000] {processor.py:840} INFO - DAG(s) '2_sports_goat_run_batch', '1_sports_goat_raw_to_clean' retrieved from /opt/airflow/dags/sports_goat_pipeline.py
[2026-08-04T18:10:59.727+0000] {logging_mixin.py:188} INFO - [2026-08-04T18:10:59.727+0000] {dag.py:3036} INFO - Sync 2 DAGs
[2026-08-04T18:10:59.760+0000] {logging_mixin.py:188} INFO - [2026-08-04T18:10:59.760+0000] {dag.py:3823} INFO - Setting next_dagrun for 1_sports_goat_raw_to_clean to 2026-08-04 17:45:00+00:00, run_after=2026-08-05 17:45:00+00:00
[2026-08-04T18:10:59.767+0000] {logging_mixin.py:188} INFO - [2026-08-04T18:10:59.766+0000] {dag.py:3823} INFO - Setting next_dagrun for 2_sports_goat_run_batch to 2026-08-04 18:00:00+00:00, run_after=2026-08-05 18:00:00+00:00
[2026-08-04T18:10:59.797+0000] {processor.py:183} INFO - Processing /opt/airflow/dags/sports_goat_pipeline.py took 0.150 seconds
[2026-08-04T18:11:30.121+0000] {processor.py:161} INFO - Started process (PID=294) to work on /opt/airflow/dags/sports_goat_pipeline.py
[2026-08-04T18:11:30.123+0000] {processor.py:830} INFO - Processing file /opt/airflow/dags/sports_goat_pipeline.py for tasks to queue
[2026-08-04T18:11:30.125+0000] {logging_mixin.py:188} INFO - [2026-08-04T18:11:30.124+0000] {dagbag.py:538} INFO - Filling up the DagBag from /opt/airflow/dags/sports_goat_pipeline.py
[2026-08-04T18:11:30.148+0000] {processor.py:840} INFO - DAG(s) '2_sports_goat_run_batch', '1_sports_goat_raw_to_clean' retrieved from /opt/airflow/dags/sports_goat_pipeline.py
[2026-08-04T18:11:30.191+0000] {logging_mixin.py:188} INFO - [2026-08-04T18:11:30.191+0000] {dag.py:3036} INFO - Sync 2 DAGs
[2026-08-04T18:11:30.223+0000] {logging_mixin.py:188} INFO - [2026-08-04T18:11:30.222+0000] {dag.py:3823} INFO - Setting next_dagrun for 1_sports_goat_raw_to_clean to 2026-08-04 17:45:00+00:00, run_after=2026-08-05 17:45:00+00:00
[2026-08-04T18:11:30.230+0000] {logging_mixin.py:188} INFO - [2026-08-04T18:11:30.230+0000] {dag.py:3823} INFO - Setting next_dagrun for 2_sports_goat_run_batch to 2026-08-04 18:00:00+00:00, run_after=2026-08-05 18:00:00+00:00
[2026-08-04T18:11:30.259+0000] {processor.py:183} INFO - Processing /opt/airflow/dags/sports_goat_pipeline.py took 0.144 seconds
[2026-08-04T18:12:00.657+0000] {processor.py:161} INFO - Started process (PID=295) to work on /opt/airflow/dags/sports_goat_pipeline.py
[2026-08-04T18:12:00.658+0000] {processor.py:830} INFO - Processing file /opt/airflow/dags/sports_goat_pipeline.py for tasks to queue
[2026-08-04T18:12:00.659+0000] {logging_mixin.py:188} INFO - [2026-08-04T18:12:00.659+0000] {dagbag.py:538} INFO - Filling up the DagBag from /opt/airflow/dags/sports_goat_pipeline.py
[2026-08-04T18:12:00.678+0000] {processor.py:840} INFO - DAG(s) '1_sports_goat_raw_to_clean', '2_sports_goat_run_batch' retrieved from /opt/airflow/dags/sports_goat_pipeline.py
[2026-08-04T18:12:00.705+0000] {logging_mixin.py:188} INFO - [2026-08-04T18:12:00.705+0000] {dag.py:3036} INFO - Sync 2 DAGs
[2026-08-04T18:12:00.732+0000] {logging_mixin.py:188} INFO - [2026-08-04T18:12:00.732+0000] {dag.py:3823} INFO - Setting next_dagrun for 1_sports_goat_raw_to_clean to 2026-08-04 17:45:00+00:00, run_after=2026-08-05 17:45:00+00:00
[2026-08-04T18:12:00.738+0000] {logging_mixin.py:188} INFO - [2026-08-04T18:12:00.737+0000] {dag.py:3823} INFO - Setting next_dagrun for 2_sports_goat_run_batch to 2026-08-04 18:00:00+00:00, run_after=2026-08-05 18:00:00+00:00
[2026-08-04T18:12:00.760+0000] {processor.py:183} INFO - Processing /opt/airflow/dags/sports_goat_pipeline.py took 0.107 seconds
[2026-08-04T18:12:31.242+0000] {processor.py:161} INFO - Started process (PID=296) to work on /opt/airflow/dags/sports_goat_pipeline.py
[2026-08-04T18:12:31.245+0000] {processor.py:830} INFO - Processing file /opt/airflow/dags/sports_goat_pipeline.py for tasks to queue
[2026-08-04T18:12:31.247+0000] {logging_mixin.py:188} INFO - [2026-08-04T18:12:31.247+0000] {dagbag.py:538} INFO - Filling up the DagBag from /opt/airflow/dags/sports_goat_pipeline.py
[2026-08-04T18:12:31.269+0000] {processor.py:840} INFO - DAG(s) '2_sports_goat_run_batch', '1_sports_goat_raw_to_clean' retrieved from /opt/airflow/dags/sports_goat_pipeline.py
[2026-08-04T18:12:31.298+0000] {logging_mixin.py:188} INFO - [2026-08-04T18:12:31.297+0000] {dag.py:3036} INFO - Sync 2 DAGs
[2026-08-04T18:12:31.322+0000] {logging_mixin.py:188} INFO - [2026-08-04T18:12:31.322+0000] {dag.py:3823} INFO - Setting next_dagrun for 1_sports_goat_raw_to_clean to 2026-08-04 17:45:00+00:00, run_after=2026-08-05 17:45:00+00:00
[2026-08-04T18:12:31.328+0000] {logging_mixin.py:188} INFO - [2026-08-04T18:12:31.328+0000] {dag.py:3823} INFO - Setting next_dagrun for 2_sports_goat_run_batch to 2026-08-04 18:00:00+00:00, run_after=2026-08-05 18:00:00+00:00
[2026-08-04T18:12:31.356+0000] {processor.py:183} INFO - Processing /opt/airflow/dags/sports_goat_pipeline.py took 0.119 seconds
[2026-08-04T18:13:01.802+0000] {processor.py:161} INFO - Started process (PID=297) to work on /opt/airflow/dags/sports_goat_pipeline.py
[2026-08-04T18:13:01.803+0000] {processor.py:830} INFO - Processing file /opt/airflow/dags/sports_goat_pipeline.py for tasks to queue
[2026-08-04T18:13:01.804+0000] {logging_mixin.py:188} INFO - [2026-08-04T18:13:01.804+0000] {dagbag.py:538} INFO - Filling up the DagBag from /opt/airflow/dags/sports_goat_pipeline.py
[2026-08-04T18:13:01.828+0000] {processor.py:840} INFO - DAG(s) '2_sports_goat_run_batch', '1_sports_goat_raw_to_clean' retrieved from /opt/airflow/dags/sports_goat_pipeline.py
[2026-08-04T18:13:01.858+0000] {logging_mixin.py:188} INFO - [2026-08-04T18:13:01.858+0000] {dag.py:3036} INFO - Sync 2 DAGs
[2026-08-04T18:13:01.883+0000] {logging_mixin.py:188} INFO - [2026-08-04T18:13:01.882+0000] {dag.py:3823} INFO - Setting next_dagrun for 1_sports_goat_raw_to_clean to 2026-08-04 17:45:00+00:00, run_after=2026-08-05 17:45:00+00:00
[2026-08-04T18:13:01.888+0000] {logging_mixin.py:188} INFO - [2026-08-04T18:13:01.888+0000] {dag.py:3823} INFO - Setting next_dagrun for 2_sports_goat_run_batch to 2026-08-04 18:00:00+00:00, run_after=2026-08-05 18:00:00+00:00
[2026-08-04T18:13:01.916+0000] {processor.py:183} INFO - Processing /opt/airflow/dags/sports_goat_pipeline.py took 0.119 seconds
[2026-08-04T18:13:32.434+0000] {processor.py:161} INFO - Started process (PID=298) to work on /opt/airflow/dags/sports_goat_pipeline.py
[2026-08-04T18:13:32.443+0000] {processor.py:830} INFO - Processing file /opt/airflow/dags/sports_goat_pipeline.py for tasks to queue
[2026-08-04T18:13:32.552+0000] {logging_mixin.py:188} INFO - [2026-08-04T18:13:32.551+0000] {dagbag.py:538} INFO - Filling up the DagBag from /opt/airflow/dags/sports_goat_pipeline.py
[2026-08-04T18:13:32.650+0000] {processor.py:840} INFO - DAG(s) '2_sports_goat_run_batch', '1_sports_goat_raw_to_clean' retrieved from /opt/airflow/dags/sports_goat_pipeline.py
[2026-08-04T18:13:32.729+0000] {logging_mixin.py:188} INFO - [2026-08-04T18:13:32.729+0000] {dag.py:3036} INFO - Sync 2 DAGs
[2026-08-04T18:13:32.769+0000] {logging_mixin.py:188} INFO - [2026-08-04T18:13:32.768+0000] {dag.py:3823} INFO - Setting next_dagrun for 1_sports_goat_raw_to_clean to 2026-08-04 17:45:00+00:00, run_after=2026-08-05 17:45:00+00:00
[2026-08-04T18:13:32.780+0000] {logging_mixin.py:188} INFO - [2026-08-04T18:13:32.779+0000] {dag.py:3823} INFO - Setting next_dagrun for 2_sports_goat_run_batch to 2026-08-04 18:00:00+00:00, run_after=2026-08-05 18:00:00+00:00
[2026-08-04T18:13:32.819+0000] {processor.py:183} INFO - Processing /opt/airflow/dags/sports_goat_pipeline.py took 0.394 seconds
[2026-08-04T18:14:03.345+0000] {processor.py:161} INFO - Started process (PID=299) to work on /opt/airflow/dags/sports_goat_pipeline.py
[2026-08-04T18:14:03.347+0000] {processor.py:830} INFO - Processing file /opt/airflow/dags/sports_goat_pipeline.py for tasks to queue
[2026-08-04T18:14:03.349+0000] {logging_mixin.py:188} INFO - [2026-08-04T18:14:03.349+0000] {dagbag.py:538} INFO - Filling up the DagBag from /opt/airflow/dags/sports_goat_pipeline.py
[2026-08-04T18:14:03.376+0000] {processor.py:840} INFO - DAG(s) '1_sports_goat_raw_to_clean', '2_sports_goat_run_batch' retrieved from /opt/airflow/dags/sports_goat_pipeline.py
[2026-08-04T18:14:03.410+0000] {logging_mixin.py:188} INFO - [2026-08-04T18:14:03.410+0000] {dag.py:3036} INFO - Sync 2 DAGs
[2026-08-04T18:14:03.447+0000] {logging_mixin.py:188} INFO - [2026-08-04T18:14:03.446+0000] {dag.py:3823} INFO - Setting next_dagrun for 1_sports_goat_raw_to_clean to 2026-08-04 17:45:00+00:00, run_after=2026-08-05 17:45:00+00:00
[2026-08-04T18:14:03.455+0000] {logging_mixin.py:188} INFO - [2026-08-04T18:14:03.454+0000] {dag.py:3823} INFO - Setting next_dagrun for 2_sports_goat_run_batch to 2026-08-04 18:00:00+00:00, run_after=2026-08-05 18:00:00+00:00
[2026-08-04T18:14:03.481+0000] {processor.py:183} INFO - Processing /opt/airflow/dags/sports_goat_pipeline.py took 0.142 seconds
[2026-08-04T18:14:33.915+0000] {processor.py:161} INFO - Started process (PID=300) to work on /opt/airflow/dags/sports_goat_pipeline.py
[2026-08-04T18:14:33.917+0000] {processor.py:830} INFO - Processing file /opt/airflow/dags/sports_goat_pipeline.py for tasks to queue
[2026-08-04T18:14:33.919+0000] {logging_mixin.py:188} INFO - [2026-08-04T18:14:33.918+0000] {dagbag.py:538} INFO - Filling up the DagBag from /opt/airflow/dags/sports_goat_pipeline.py
[2026-08-04T18:14:33.944+0000] {processor.py:840} INFO - DAG(s) '1_sports_goat_raw_to_clean', '2_sports_goat_run_batch' retrieved from /opt/airflow/dags/sports_goat_pipeline.py
[2026-08-04T18:14:33.980+0000] {logging_mixin.py:188} INFO - [2026-08-04T18:14:33.980+0000] {dag.py:3036} INFO - Sync 2 DAGs
[2026-08-04T18:14:34.009+0000] {logging_mixin.py:188} INFO - [2026-08-04T18:14:34.009+0000] {dag.py:3823} INFO - Setting next_dagrun for 1_sports_goat_raw_to_clean to 2026-08-04 17:45:00+00:00, run_after=2026-08-05 17:45:00+00:00
[2026-08-04T18:14:34.017+0000] {logging_mixin.py:188} INFO - [2026-08-04T18:14:34.016+0000] {dag.py:3823} INFO - Setting next_dagrun for 2_sports_goat_run_batch to 2026-08-04 18:00:00+00:00, run_after=2026-08-05 18:00:00+00:00
[2026-08-04T18:14:34.048+0000] {processor.py:183} INFO - Processing /opt/airflow/dags/sports_goat_pipeline.py took 0.138 seconds
[2026-08-04T18:15:04.470+0000] {processor.py:161} INFO - Started process (PID=301) to work on /opt/airflow/dags/sports_goat_pipeline.py
[2026-08-04T18:15:04.472+0000] {processor.py:830} INFO - Processing file /opt/airflow/dags/sports_goat_pipeline.py for tasks to queue
[2026-08-04T18:15:04.474+0000] {logging_mixin.py:188} INFO - [2026-08-04T18:15:04.473+0000] {dagbag.py:538} INFO - Filling up the DagBag from /opt/airflow/dags/sports_goat_pipeline.py
[2026-08-04T18:15:04.498+0000] {processor.py:840} INFO - DAG(s) '2_sports_goat_run_batch', '1_sports_goat_raw_to_clean' retrieved from /opt/airflow/dags/sports_goat_pipeline.py
[2026-08-04T18:15:04.537+0000] {logging_mixin.py:188} INFO - [2026-08-04T18:15:04.536+0000] {dag.py:3036} INFO - Sync 2 DAGs
[2026-08-04T18:15:04.572+0000] {logging_mixin.py:188} INFO - [2026-08-04T18:15:04.572+0000] {dag.py:3823} INFO - Setting next_dagrun for 1_sports_goat_raw_to_clean to 2026-08-04 17:45:00+00:00, run_after=2026-08-05 17:45:00+00:00
[2026-08-04T18:15:04.581+0000] {logging_mixin.py:188} INFO - [2026-08-04T18:15:04.581+0000] {dag.py:3823} INFO - Setting next_dagrun for 2_sports_goat_run_batch to 2026-08-04 18:00:00+00:00, run_after=2026-08-05 18:00:00+00:00
[2026-08-04T18:15:04.617+0000] {processor.py:183} INFO - Processing /opt/airflow/dags/sports_goat_pipeline.py took 0.152 seconds
[2026-08-04T18:15:35.003+0000] {processor.py:161} INFO - Started process (PID=302) to work on /opt/airflow/dags/sports_goat_pipeline.py
[2026-08-04T18:15:35.006+0000] {processor.py:830} INFO - Processing file /opt/airflow/dags/sports_goat_pipeline.py for tasks to queue
[2026-08-04T18:15:35.008+0000] {logging_mixin.py:188} INFO - [2026-08-04T18:15:35.007+0000] {dagbag.py:538} INFO - Filling up the DagBag from /opt/airflow/dags/sports_goat_pipeline.py
[2026-08-04T18:15:35.041+0000] {processor.py:840} INFO - DAG(s) '1_sports_goat_raw_to_clean', '2_sports_goat_run_batch' retrieved from /opt/airflow/dags/sports_goat_pipeline.py
[2026-08-04T18:15:35.082+0000] {logging_mixin.py:188} INFO - [2026-08-04T18:15:35.082+0000] {dag.py:3036} INFO - Sync 2 DAGs
[2026-08-04T18:15:35.124+0000] {logging_mixin.py:188} INFO - [2026-08-04T18:15:35.124+0000] {dag.py:3823} INFO - Setting next_dagrun for 1_sports_goat_raw_to_clean to 2026-08-04 17:45:00+00:00, run_after=2026-08-05 17:45:00+00:00
[2026-08-04T18:15:35.134+0000] {logging_mixin.py:188} INFO - [2026-08-04T18:15:35.134+0000] {dag.py:3823} INFO - Setting next_dagrun for 2_sports_goat_run_batch to 2026-08-04 18:00:00+00:00, run_after=2026-08-05 18:00:00+00:00
[2026-08-04T18:15:35.164+0000] {processor.py:183} INFO - Processing /opt/airflow/dags/sports_goat_pipeline.py took 0.167 seconds
[2026-08-04T18:16:05.592+0000] {processor.py:161} INFO - Started process (PID=303) to work on /opt/airflow/dags/sports_goat_pipeline.py
[2026-08-04T18:16:05.595+0000] {processor.py:830} INFO - Processing file /opt/airflow/dags/sports_goat_pipeline.py for tasks to queue
[2026-08-04T18:16:05.599+0000] {logging_mixin.py:188} INFO - [2026-08-04T18:16:05.598+0000] {dagbag.py:538} INFO - Filling up the DagBag from /opt/airflow/dags/sports_goat_pipeline.py
[2026-08-04T18:16:05.630+0000] {processor.py:840} INFO - DAG(s) '2_sports_goat_run_batch', '1_sports_goat_raw_to_clean' retrieved from /opt/airflow/dags/sports_goat_pipeline.py
[2026-08-04T18:16:05.670+0000] {logging_mixin.py:188} INFO - [2026-08-04T18:16:05.670+0000] {dag.py:3036} INFO - Sync 2 DAGs
[2026-08-04T18:16:05.711+0000] {logging_mixin.py:188} INFO - [2026-08-04T18:16:05.711+0000] {dag.py:3823} INFO - Setting next_dagrun for 1_sports_goat_raw_to_clean to 2026-08-04 17:45:00+00:00, run_after=2026-08-05 17:45:00+00:00
[2026-08-04T18:16:05.723+0000] {logging_mixin.py:188} INFO - [2026-08-04T18:16:05.723+0000] {dag.py:3823} INFO - Setting next_dagrun for 2_sports_goat_run_batch to 2026-08-04 18:00:00+00:00, run_after=2026-08-05 18:00:00+00:00
[2026-08-04T18:16:05.757+0000] {processor.py:183} INFO - Processing /opt/airflow/dags/sports_goat_pipeline.py took 0.171 seconds
[2026-08-04T18:16:36.048+0000] {processor.py:161} INFO - Started process (PID=304) to work on /opt/airflow/dags/sports_goat_pipeline.py
[2026-08-04T18:16:36.050+0000] {processor.py:830} INFO - Processing file /opt/airflow/dags/sports_goat_pipeline.py for tasks to queue
[2026-08-04T18:16:36.052+0000] {logging_mixin.py:188} INFO - [2026-08-04T18:16:36.051+0000] {dagbag.py:538} INFO - Filling up the DagBag from /opt/airflow/dags/sports_goat_pipeline.py
[2026-08-04T18:16:36.078+0000] {processor.py:840} INFO - DAG(s) '1_sports_goat_raw_to_clean', '2_sports_goat_run_batch' retrieved from /opt/airflow/dags/sports_goat_pipeline.py
[2026-08-04T18:16:36.116+0000] {logging_mixin.py:188} INFO - [2026-08-04T18:16:36.116+0000] {dag.py:3036} INFO - Sync 2 DAGs
[2026-08-04T18:16:36.154+0000] {logging_mixin.py:188} INFO - [2026-08-04T18:16:36.154+0000] {dag.py:3823} INFO - Setting next_dagrun for 1_sports_goat_raw_to_clean to 2026-08-04 17:45:00+00:00, run_after=2026-08-05 17:45:00+00:00
[2026-08-04T18:16:36.163+0000] {logging_mixin.py:188} INFO - [2026-08-04T18:16:36.163+0000] {dag.py:3823} INFO - Setting next_dagrun for 2_sports_goat_run_batch to 2026-08-04 18:00:00+00:00, run_after=2026-08-05 18:00:00+00:00
[2026-08-04T18:16:36.195+0000] {processor.py:183} INFO - Processing /opt/airflow/dags/sports_goat_pipeline.py took 0.152 seconds
[2026-08-04T18:17:06.604+0000] {processor.py:161} INFO - Started process (PID=305) to work on /opt/airflow/dags/sports_goat_pipeline.py
[2026-08-04T18:17:06.606+0000] {processor.py:830} INFO - Processing file /opt/airflow/dags/sports_goat_pipeline.py for tasks to queue
[2026-08-04T18:17:06.608+0000] {logging_mixin.py:188} INFO - [2026-08-04T18:17:06.607+0000] {dagbag.py:538} INFO - Filling up the DagBag from /opt/airflow/dags/sports_goat_pipeline.py
[2026-08-04T18:17:06.631+0000] {processor.py:840} INFO - DAG(s) '1_sports_goat_raw_to_clean', '2_sports_goat_run_batch' retrieved from /opt/airflow/dags/sports_goat_pipeline.py
[2026-08-04T18:17:06.682+0000] {logging_mixin.py:188} INFO - [2026-08-04T18:17:06.682+0000] {dag.py:3036} INFO - Sync 2 DAGs
[2026-08-04T18:17:06.729+0000] {logging_mixin.py:188} INFO - [2026-08-04T18:17:06.728+0000] {dag.py:3823} INFO - Setting next_dagrun for 1_sports_goat_raw_to_clean to 2026-08-04 17:45:00+00:00, run_after=2026-08-05 17:45:00+00:00
[2026-08-04T18:17:06.738+0000] {logging_mixin.py:188} INFO - [2026-08-04T18:17:06.737+0000] {dag.py:3823} INFO - Setting next_dagrun for 2_sports_goat_run_batch to 2026-08-04 18:00:00+00:00, run_after=2026-08-05 18:00:00+00:00
[2026-08-04T18:17:06.773+0000] {processor.py:183} INFO - Processing /opt/airflow/dags/sports_goat_pipeline.py took 0.173 seconds
[2026-08-04T18:17:37.156+0000] {processor.py:161} INFO - Started process (PID=306) to work on /opt/airflow/dags/sports_goat_pipeline.py
[2026-08-04T18:17:37.159+0000] {processor.py:830} INFO - Processing file /opt/airflow/dags/sports_goat_pipeline.py for tasks to queue
[2026-08-04T18:17:37.162+0000] {logging_mixin.py:188} INFO - [2026-08-04T18:17:37.161+0000] {dagbag.py:538} INFO - Filling up the DagBag from /opt/airflow/dags/sports_goat_pipeline.py
[2026-08-04T18:17:37.182+0000] {processor.py:840} INFO - DAG(s) '2_sports_goat_run_batch', '1_sports_goat_raw_to_clean' retrieved from /opt/airflow/dags/sports_goat_pipeline.py
[2026-08-04T18:17:37.210+0000] {logging_mixin.py:188} INFO - [2026-08-04T18:17:37.210+0000] {dag.py:3036} INFO - Sync 2 DAGs
[2026-08-04T18:17:37.243+0000] {logging_mixin.py:188} INFO - [2026-08-04T18:17:37.243+0000] {dag.py:3823} INFO - Setting next_dagrun for 1_sports_goat_raw_to_clean to 2026-08-04 17:45:00+00:00, run_after=2026-08-05 17:45:00+00:00
[2026-08-04T18:17:37.252+0000] {logging_mixin.py:188} INFO - [2026-08-04T18:17:37.252+0000] {dag.py:3823} INFO - Setting next_dagrun for 2_sports_goat_run_batch to 2026-08-04 18:00:00+00:00, run_after=2026-08-05 18:00:00+00:00
[2026-08-04T18:17:37.279+0000] {processor.py:183} INFO - Processing /opt/airflow/dags/sports_goat_pipeline.py took 0.128 seconds
[2026-08-04T18:18:07.728+0000] {processor.py:161} INFO - Started process (PID=307) to work on /opt/airflow/dags/sports_goat_pipeline.py
[2026-08-04T18:18:07.730+0000] {processor.py:830} INFO - Processing file /opt/airflow/dags/sports_goat_pipeline.py for tasks to queue
[2026-08-04T18:18:07.731+0000] {logging_mixin.py:188} INFO - [2026-08-04T18:18:07.731+0000] {dagbag.py:538} INFO - Filling up the DagBag from /opt/airflow/dags/sports_goat_pipeline.py
[2026-08-04T18:18:07.763+0000] {processor.py:840} INFO - DAG(s) '2_sports_goat_run_batch', '1_sports_goat_raw_to_clean' retrieved from /opt/airflow/dags/sports_goat_pipeline.py
[2026-08-04T18:18:07.790+0000] {logging_mixin.py:188} INFO - [2026-08-04T18:18:07.790+0000] {dag.py:3036} INFO - Sync 2 DAGs
[2026-08-04T18:18:07.814+0000] {logging_mixin.py:188} INFO - [2026-08-04T18:18:07.814+0000] {dag.py:3823} INFO - Setting next_dagrun for 1_sports_goat_raw_to_clean to 2026-08-04 17:45:00+00:00, run_after=2026-08-05 17:45:00+00:00
[2026-08-04T18:18:07.821+0000] {logging_mixin.py:188} INFO - [2026-08-04T18:18:07.821+0000] {dag.py:3823} INFO - Setting next_dagrun for 2_sports_goat_run_batch to 2026-08-04 18:00:00+00:00, run_after=2026-08-05 18:00:00+00:00
[2026-08-04T18:18:07.844+0000] {processor.py:183} INFO - Processing /opt/airflow/dags/sports_goat_pipeline.py took 0.120 seconds
[2026-08-04T18:18:38.101+0000] {processor.py:161} INFO - Started process (PID=308) to work on /opt/airflow/dags/sports_goat_pipeline.py
[2026-08-04T18:18:38.103+0000] {processor.py:830} INFO - Processing file /opt/airflow/dags/sports_goat_pipeline.py for tasks to queue
[2026-08-04T18:18:38.105+0000] {logging_mixin.py:188} INFO - [2026-08-04T18:18:38.104+0000] {dagbag.py:538} INFO - Filling up the DagBag from /opt/airflow/dags/sports_goat_pipeline.py
[2026-08-04T18:18:38.129+0000] {processor.py:840} INFO - DAG(s) '2_sports_goat_run_batch', '1_sports_goat_raw_to_clean' retrieved from /opt/airflow/dags/sports_goat_pipeline.py
[2026-08-04T18:18:38.168+0000] {logging_mixin.py:188} INFO - [2026-08-04T18:18:38.168+0000] {dag.py:3036} INFO - Sync 2 DAGs
[2026-08-04T18:18:38.200+0000] {logging_mixin.py:188} INFO - [2026-08-04T18:18:38.200+0000] {dag.py:3823} INFO - Setting next_dagrun for 1_sports_goat_raw_to_clean to 2026-08-04 17:45:00+00:00, run_after=2026-08-05 17:45:00+00:00
[2026-08-04T18:18:38.207+0000] {logging_mixin.py:188} INFO - [2026-08-04T18:18:38.207+0000] {dag.py:3823} INFO - Setting next_dagrun for 2_sports_goat_run_batch to 2026-08-04 18:00:00+00:00, run_after=2026-08-05 18:00:00+00:00
[2026-08-04T18:18:38.240+0000] {processor.py:183} INFO - Processing /opt/airflow/dags/sports_goat_pipeline.py took 0.145 seconds
[2026-08-04T18:19:08.488+0000] {processor.py:161} INFO - Started process (PID=309) to work on /opt/airflow/dags/sports_goat_pipeline.py
[2026-08-04T18:19:08.490+0000] {processor.py:830} INFO - Processing file /opt/airflow/dags/sports_goat_pipeline.py for tasks to queue
[2026-08-04T18:19:08.491+0000] {logging_mixin.py:188} INFO - [2026-08-04T18:19:08.491+0000] {dagbag.py:538} INFO - Filling up the DagBag from /opt/airflow/dags/sports_goat_pipeline.py
[2026-08-04T18:19:08.514+0000] {processor.py:840} INFO - DAG(s) '2_sports_goat_run_batch', '1_sports_goat_raw_to_clean' retrieved from /opt/airflow/dags/sports_goat_pipeline.py
[2026-08-04T18:19:08.547+0000] {logging_mixin.py:188} INFO - [2026-08-04T18:19:08.547+0000] {dag.py:3036} INFO - Sync 2 DAGs
[2026-08-04T18:19:08.582+0000] {logging_mixin.py:188} INFO - [2026-08-04T18:19:08.582+0000] {dag.py:3823} INFO - Setting next_dagrun for 1_sports_goat_raw_to_clean to 2026-08-04 17:45:00+00:00, run_after=2026-08-05 17:45:00+00:00
[2026-08-04T18:19:08.591+0000] {logging_mixin.py:188} INFO - [2026-08-04T18:19:08.590+0000] {dag.py:3823} INFO - Setting next_dagrun for 2_sports_goat_run_batch to 2026-08-04 18:00:00+00:00, run_after=2026-08-05 18:00:00+00:00
[2026-08-04T18:19:08.622+0000] {processor.py:183} INFO - Processing /opt/airflow/dags/sports_goat_pipeline.py took 0.138 seconds
[2026-08-04T18:19:38.852+0000] {processor.py:161} INFO - Started process (PID=310) to work on /opt/airflow/dags/sports_goat_pipeline.py
[2026-08-04T18:19:38.854+0000] {processor.py:830} INFO - Processing file /opt/airflow/dags/sports_goat_pipeline.py for tasks to queue
[2026-08-04T18:19:38.855+0000] {logging_mixin.py:188} INFO - [2026-08-04T18:19:38.855+0000] {dagbag.py:538} INFO - Filling up the DagBag from /opt/airflow/dags/sports_goat_pipeline.py
[2026-08-04T18:19:38.894+0000] {processor.py:840} INFO - DAG(s) '2_sports_goat_run_batch', '1_sports_goat_raw_to_clean' retrieved from /opt/airflow/dags/sports_goat_pipeline.py
[2026-08-04T18:19:38.956+0000] {logging_mixin.py:188} INFO - [2026-08-04T18:19:38.955+0000] {dag.py:3036} INFO - Sync 2 DAGs
[2026-08-04T18:19:39.013+0000] {logging_mixin.py:188} INFO - [2026-08-04T18:19:39.013+0000] {dag.py:3823} INFO - Setting next_dagrun for 1_sports_goat_raw_to_clean to 2026-08-04 17:45:00+00:00, run_after=2026-08-05 17:45:00+00:00
[2026-08-04T18:19:39.027+0000] {logging_mixin.py:188} INFO - [2026-08-04T18:19:39.026+0000] {dag.py:3823} INFO - Setting next_dagrun for 2_sports_goat_run_batch to 2026-08-04 18:00:00+00:00, run_after=2026-08-05 18:00:00+00:00
[2026-08-04T18:19:39.063+0000] {processor.py:183} INFO - Processing /opt/airflow/dags/sports_goat_pipeline.py took 0.216 seconds
[2026-08-04T18:20:09.299+0000] {processor.py:161} INFO - Started process (PID=311) to work on /opt/airflow/dags/sports_goat_pipeline.py
[2026-08-04T18:20:09.301+0000] {processor.py:830} INFO - Processing file /opt/airflow/dags/sports_goat_pipeline.py for tasks to queue
[2026-08-04T18:20:09.303+0000] {logging_mixin.py:188} INFO - [2026-08-04T18:20:09.302+0000] {dagbag.py:538} INFO - Filling up the DagBag from /opt/airflow/dags/sports_goat_pipeline.py
[2026-08-04T18:20:09.326+0000] {processor.py:840} INFO - DAG(s) '1_sports_goat_raw_to_clean', '2_sports_goat_run_batch' retrieved from /opt/airflow/dags/sports_goat_pipeline.py
[2026-08-04T18:20:09.363+0000] {logging_mixin.py:188} INFO - [2026-08-04T18:20:09.363+0000] {dag.py:3036} INFO - Sync 2 DAGs
[2026-08-04T18:20:09.406+0000] {logging_mixin.py:188} INFO - [2026-08-04T18:20:09.405+0000] {dag.py:3823} INFO - Setting next_dagrun for 1_sports_goat_raw_to_clean to 2026-08-04 17:45:00+00:00, run_after=2026-08-05 17:45:00+00:00
[2026-08-04T18:20:09.415+0000] {logging_mixin.py:188} INFO - [2026-08-04T18:20:09.415+0000] {dag.py:3823} INFO - Setting next_dagrun for 2_sports_goat_run_batch to 2026-08-04 18:00:00+00:00, run_after=2026-08-05 18:00:00+00:00
[2026-08-04T18:20:09.451+0000] {processor.py:183} INFO - Processing /opt/airflow/dags/sports_goat_pipeline.py took 0.156 seconds
[2026-08-04T18:20:39.651+0000] {processor.py:161} INFO - Started process (PID=312) to work on /opt/airflow/dags/sports_goat_pipeline.py
[2026-08-04T18:20:39.653+0000] {processor.py:830} INFO - Processing file /opt/airflow/dags/sports_goat_pipeline.py for tasks to queue
[2026-08-04T18:20:39.655+0000] {logging_mixin.py:188} INFO - [2026-08-04T18:20:39.655+0000] {dagbag.py:538} INFO - Filling up the DagBag from /opt/airflow/dags/sports_goat_pipeline.py
[2026-08-04T18:20:39.679+0000] {processor.py:840} INFO - DAG(s) '1_sports_goat_raw_to_clean', '2_sports_goat_run_batch' retrieved from /opt/airflow/dags/sports_goat_pipeline.py
[2026-08-04T18:20:39.710+0000] {logging_mixin.py:188} INFO - [2026-08-04T18:20:39.710+0000] {dag.py:3036} INFO - Sync 2 DAGs
[2026-08-04T18:20:39.740+0000] {logging_mixin.py:188} INFO - [2026-08-04T18:20:39.739+0000] {dag.py:3823} INFO - Setting next_dagrun for 1_sports_goat_raw_to_clean to 2026-08-04 17:45:00+00:00, run_after=2026-08-05 17:45:00+00:00
[2026-08-04T18:20:39.747+0000] {logging_mixin.py:188} INFO - [2026-08-04T18:20:39.747+0000] {dag.py:3823} INFO - Setting next_dagrun for 2_sports_goat_run_batch to 2026-08-04 18:00:00+00:00, run_after=2026-08-05 18:00:00+00:00
[2026-08-04T18:20:39.772+0000] {processor.py:183} INFO - Processing /opt/airflow/dags/sports_goat_pipeline.py took 0.125 seconds
[2026-08-04T18:21:10.014+0000] {processor.py:161} INFO - Started process (PID=313) to work on /opt/airflow/dags/sports_goat_pipeline.py
[2026-08-04T18:21:10.015+0000] {processor.py:830} INFO - Processing file /opt/airflow/dags/sports_goat_pipeline.py for tasks to queue
[2026-08-04T18:21:10.017+0000] {logging_mixin.py:188} INFO - [2026-08-04T18:21:10.016+0000] {dagbag.py:538} INFO - Filling up the DagBag from /opt/airflow/dags/sports_goat_pipeline.py
[2026-08-04T18:21:10.041+0000] {processor.py:840} INFO - DAG(s) '2_sports_goat_run_batch', '1_sports_goat_raw_to_clean' retrieved from /opt/airflow/dags/sports_goat_pipeline.py
[2026-08-04T18:21:10.073+0000] {logging_mixin.py:188} INFO - [2026-08-04T18:21:10.073+0000] {dag.py:3036} INFO - Sync 2 DAGs
[2026-08-04T18:21:10.108+0000] {logging_mixin.py:188} INFO - [2026-08-04T18:21:10.108+0000] {dag.py:3823} INFO - Setting next_dagrun for 1_sports_goat_raw_to_clean to 2026-08-04 17:45:00+00:00, run_after=2026-08-05 17:45:00+00:00
[2026-08-04T18:21:10.114+0000] {logging_mixin.py:188} INFO - [2026-08-04T18:21:10.114+0000] {dag.py:3823} INFO - Setting next_dagrun for 2_sports_goat_run_batch to 2026-08-04 18:00:00+00:00, run_after=2026-08-05 18:00:00+00:00
[2026-08-04T18:21:10.143+0000] {processor.py:183} INFO - Processing /opt/airflow/dags/sports_goat_pipeline.py took 0.135 seconds
[2026-08-04T18:21:40.430+0000] {processor.py:161} INFO - Started process (PID=314) to work on /opt/airflow/dags/sports_goat_pipeline.py
[2026-08-04T18:21:40.433+0000] {processor.py:830} INFO - Processing file /opt/airflow/dags/sports_goat_pipeline.py for tasks to queue
[2026-08-04T18:21:40.436+0000] {logging_mixin.py:188} INFO - [2026-08-04T18:21:40.435+0000] {dagbag.py:538} INFO - Filling up the DagBag from /opt/airflow/dags/sports_goat_pipeline.py
[2026-08-04T18:21:40.458+0000] {processor.py:840} INFO - DAG(s) '2_sports_goat_run_batch', '1_sports_goat_raw_to_clean' retrieved from /opt/airflow/dags/sports_goat_pipeline.py
[2026-08-04T18:21:40.490+0000] {logging_mixin.py:188} INFO - [2026-08-04T18:21:40.490+0000] {dag.py:3036} INFO - Sync 2 DAGs
[2026-08-04T18:21:40.520+0000] {logging_mixin.py:188} INFO - [2026-08-04T18:21:40.520+0000] {dag.py:3823} INFO - Setting next_dagrun for 1_sports_goat_raw_to_clean to 2026-08-04 17:45:00+00:00, run_after=2026-08-05 17:45:00+00:00
[2026-08-04T18:21:40.527+0000] {logging_mixin.py:188} INFO - [2026-08-04T18:21:40.526+0000] {dag.py:3823} INFO - Setting next_dagrun for 2_sports_goat_run_batch to 2026-08-04 18:00:00+00:00, run_after=2026-08-05 18:00:00+00:00
[2026-08-04T18:21:40.554+0000] {processor.py:183} INFO - Processing /opt/airflow/dags/sports_goat_pipeline.py took 0.129 seconds
[2026-08-04T18:22:10.797+0000] {processor.py:161} INFO - Started process (PID=315) to work on /opt/airflow/dags/sports_goat_pipeline.py
[2026-08-04T18:22:10.799+0000] {processor.py:830} INFO - Processing file /opt/airflow/dags/sports_goat_pipeline.py for tasks to queue
[2026-08-04T18:22:10.801+0000] {logging_mixin.py:188} INFO - [2026-08-04T18:22:10.800+0000] {dagbag.py:538} INFO - Filling up the DagBag from /opt/airflow/dags/sports_goat_pipeline.py
[2026-08-04T18:22:10.818+0000] {processor.py:840} INFO - DAG(s) '1_sports_goat_raw_to_clean', '2_sports_goat_run_batch' retrieved from /opt/airflow/dags/sports_goat_pipeline.py
[2026-08-04T18:22:10.846+0000] {logging_mixin.py:188} INFO - [2026-08-04T18:22:10.845+0000] {dag.py:3036} INFO - Sync 2 DAGs
[2026-08-04T18:22:10.870+0000] {logging_mixin.py:188} INFO - [2026-08-04T18:22:10.870+0000] {dag.py:3823} INFO - Setting next_dagrun for 1_sports_goat_raw_to_clean to 2026-08-04 17:45:00+00:00, run_after=2026-08-05 17:45:00+00:00
[2026-08-04T18:22:10.875+0000] {logging_mixin.py:188} INFO - [2026-08-04T18:22:10.875+0000] {dag.py:3823} INFO - Setting next_dagrun for 2_sports_goat_run_batch to 2026-08-04 18:00:00+00:00, run_after=2026-08-05 18:00:00+00:00
[2026-08-04T18:22:10.900+0000] {processor.py:183} INFO - Processing /opt/airflow/dags/sports_goat_pipeline.py took 0.107 seconds
[2026-08-04T18:22:41.153+0000] {processor.py:161} INFO - Started process (PID=316) to work on /opt/airflow/dags/sports_goat_pipeline.py
[2026-08-04T18:22:41.155+0000] {processor.py:830} INFO - Processing file /opt/airflow/dags/sports_goat_pipeline.py for tasks to queue
[2026-08-04T18:22:41.156+0000] {logging_mixin.py:188} INFO - [2026-08-04T18:22:41.156+0000] {dagbag.py:538} INFO - Filling up the DagBag from /opt/airflow/dags/sports_goat_pipeline.py
[2026-08-04T18:22:41.184+0000] {processor.py:840} INFO - DAG(s) '2_sports_goat_run_batch', '1_sports_goat_raw_to_clean' retrieved from /opt/airflow/dags/sports_goat_pipeline.py
[2026-08-04T18:22:41.222+0000] {logging_mixin.py:188} INFO - [2026-08-04T18:22:41.222+0000] {dag.py:3036} INFO - Sync 2 DAGs
[2026-08-04T18:22:41.345+0000] {logging_mixin.py:188} INFO - [2026-08-04T18:22:41.345+0000] {dag.py:3823} INFO - Setting next_dagrun for 1_sports_goat_raw_to_clean to 2026-08-04 17:45:00+00:00, run_after=2026-08-05 17:45:00+00:00
[2026-08-04T18:22:41.361+0000] {logging_mixin.py:188} INFO - [2026-08-04T18:22:41.360+0000] {dag.py:3823} INFO - Setting next_dagrun for 2_sports_goat_run_batch to 2026-08-04 18:00:00+00:00, run_after=2026-08-05 18:00:00+00:00
[2026-08-04T18:22:41.436+0000] {processor.py:183} INFO - Processing /opt/airflow/dags/sports_goat_pipeline.py took 0.287 seconds
[2026-08-04T18:23:11.644+0000] {processor.py:161} INFO - Started process (PID=317) to work on /opt/airflow/dags/sports_goat_pipeline.py
[2026-08-04T18:23:11.646+0000] {processor.py:830} INFO - Processing file /opt/airflow/dags/sports_goat_pipeline.py for tasks to queue
[2026-08-04T18:23:11.649+0000] {logging_mixin.py:188} INFO - [2026-08-04T18:23:11.648+0000] {dagbag.py:538} INFO - Filling up the DagBag from /opt/airflow/dags/sports_goat_pipeline.py
[2026-08-04T18:23:11.669+0000] {processor.py:840} INFO - DAG(s) '2_sports_goat_run_batch', '1_sports_goat_raw_to_clean' retrieved from /opt/airflow/dags/sports_goat_pipeline.py
[2026-08-04T18:23:11.702+0000] {logging_mixin.py:188} INFO - [2026-08-04T18:23:11.701+0000] {dag.py:3036} INFO - Sync 2 DAGs
[2026-08-04T18:23:11.728+0000] {logging_mixin.py:188} INFO - [2026-08-04T18:23:11.728+0000] {dag.py:3823} INFO - Setting next_dagrun for 1_sports_goat_raw_to_clean to 2026-08-04 17:45:00+00:00, run_after=2026-08-05 17:45:00+00:00
[2026-08-04T18:23:11.734+0000] {logging_mixin.py:188} INFO - [2026-08-04T18:23:11.734+0000] {dag.py:3823} INFO - Setting next_dagrun for 2_sports_goat_run_batch to 2026-08-04 18:00:00+00:00, run_after=2026-08-05 18:00:00+00:00
[2026-08-04T18:23:11.758+0000] {processor.py:183} INFO - Processing /opt/airflow/dags/sports_goat_pipeline.py took 0.124 seconds
[2026-08-04T18:23:42.075+0000] {processor.py:161} INFO - Started process (PID=318) to work on /opt/airflow/dags/sports_goat_pipeline.py
[2026-08-04T18:23:42.077+0000] {processor.py:830} INFO - Processing file /opt/airflow/dags/sports_goat_pipeline.py for tasks to queue
[2026-08-04T18:23:42.079+0000] {logging_mixin.py:188} INFO - [2026-08-04T18:23:42.079+0000] {dagbag.py:538} INFO - Filling up the DagBag from /opt/airflow/dags/sports_goat_pipeline.py
[2026-08-04T18:23:42.099+0000] {processor.py:840} INFO - DAG(s) '2_sports_goat_run_batch', '1_sports_goat_raw_to_clean' retrieved from /opt/airflow/dags/sports_goat_pipeline.py
[2026-08-04T18:23:42.132+0000] {logging_mixin.py:188} INFO - [2026-08-04T18:23:42.132+0000] {dag.py:3036} INFO - Sync 2 DAGs
[2026-08-04T18:23:42.163+0000] {logging_mixin.py:188} INFO - [2026-08-04T18:23:42.163+0000] {dag.py:3823} INFO - Setting next_dagrun for 1_sports_goat_raw_to_clean to 2026-08-04 17:45:00+00:00, run_after=2026-08-05 17:45:00+00:00
[2026-08-04T18:23:42.171+0000] {logging_mixin.py:188} INFO - [2026-08-04T18:23:42.171+0000] {dag.py:3823} INFO - Setting next_dagrun for 2_sports_goat_run_batch to 2026-08-04 18:00:00+00:00, run_after=2026-08-05 18:00:00+00:00
[2026-08-04T18:23:42.197+0000] {processor.py:183} INFO - Processing /opt/airflow/dags/sports_goat_pipeline.py took 0.126 seconds
[2026-08-04T18:24:12.445+0000] {processor.py:161} INFO - Started process (PID=319) to work on /opt/airflow/dags/sports_goat_pipeline.py
[2026-08-04T18:24:12.447+0000] {processor.py:830} INFO - Processing file /opt/airflow/dags/sports_goat_pipeline.py for tasks to queue
[2026-08-04T18:24:12.448+0000] {logging_mixin.py:188} INFO - [2026-08-04T18:24:12.448+0000] {dagbag.py:538} INFO - Filling up the DagBag from /opt/airflow/dags/sports_goat_pipeline.py
[2026-08-04T18:24:12.466+0000] {processor.py:840} INFO - DAG(s) '2_sports_goat_run_batch', '1_sports_goat_raw_to_clean' retrieved from /opt/airflow/dags/sports_goat_pipeline.py
[2026-08-04T18:24:12.495+0000] {logging_mixin.py:188} INFO - [2026-08-04T18:24:12.494+0000] {dag.py:3036} INFO - Sync 2 DAGs
[2026-08-04T18:24:12.522+0000] {logging_mixin.py:188} INFO - [2026-08-04T18:24:12.521+0000] {dag.py:3823} INFO - Setting next_dagrun for 1_sports_goat_raw_to_clean to 2026-08-04 17:45:00+00:00, run_after=2026-08-05 17:45:00+00:00
[2026-08-04T18:24:12.528+0000] {logging_mixin.py:188} INFO - [2026-08-04T18:24:12.528+0000] {dag.py:3823} INFO - Setting next_dagrun for 2_sports_goat_run_batch to 2026-08-04 18:00:00+00:00, run_after=2026-08-05 18:00:00+00:00
[2026-08-04T18:24:12.552+0000] {processor.py:183} INFO - Processing /opt/airflow/dags/sports_goat_pipeline.py took 0.111 seconds
[2026-08-04T18:24:42.820+0000] {processor.py:161} INFO - Started process (PID=320) to work on /opt/airflow/dags/sports_goat_pipeline.py
[2026-08-04T18:24:42.822+0000] {processor.py:830} INFO - Processing file /opt/airflow/dags/sports_goat_pipeline.py for tasks to queue
[2026-08-04T18:24:42.823+0000] {logging_mixin.py:188} INFO - [2026-08-04T18:24:42.823+0000] {dagbag.py:538} INFO - Filling up the DagBag from /opt/airflow/dags/sports_goat_pipeline.py
[2026-08-04T18:24:42.842+0000] {processor.py:840} INFO - DAG(s) '1_sports_goat_raw_to_clean', '2_sports_goat_run_batch' retrieved from /opt/airflow/dags/sports_goat_pipeline.py
[2026-08-04T18:24:42.870+0000] {logging_mixin.py:188} INFO - [2026-08-04T18:24:42.869+0000] {dag.py:3036} INFO - Sync 2 DAGs
[2026-08-04T18:24:42.896+0000] {logging_mixin.py:188} INFO - [2026-08-04T18:24:42.896+0000] {dag.py:3823} INFO - Setting next_dagrun for 1_sports_goat_raw_to_clean to 2026-08-04 17:45:00+00:00, run_after=2026-08-05 17:45:00+00:00
[2026-08-04T18:24:42.903+0000] {logging_mixin.py:188} INFO - [2026-08-04T18:24:42.902+0000] {dag.py:3823} INFO - Setting next_dagrun for 2_sports_goat_run_batch to 2026-08-04 18:00:00+00:00, run_after=2026-08-05 18:00:00+00:00
[2026-08-04T18:24:42.927+0000] {processor.py:183} INFO - Processing /opt/airflow/dags/sports_goat_pipeline.py took 0.112 seconds
[2026-08-04T18:25:13.158+0000] {processor.py:161} INFO - Started process (PID=321) to work on /opt/airflow/dags/sports_goat_pipeline.py
[2026-08-04T18:25:13.159+0000] {processor.py:830} INFO - Processing file /opt/airflow/dags/sports_goat_pipeline.py for tasks to queue
[2026-08-04T18:25:13.161+0000] {logging_mixin.py:188} INFO - [2026-08-04T18:25:13.161+0000] {dagbag.py:538} INFO - Filling up the DagBag from /opt/airflow/dags/sports_goat_pipeline.py
[2026-08-04T18:25:13.181+0000] {processor.py:840} INFO - DAG(s) '2_sports_goat_run_batch', '1_sports_goat_raw_to_clean' retrieved from /opt/airflow/dags/sports_goat_pipeline.py
[2026-08-04T18:25:13.212+0000] {logging_mixin.py:188} INFO - [2026-08-04T18:25:13.211+0000] {dag.py:3036} INFO - Sync 2 DAGs
[2026-08-04T18:25:13.242+0000] {logging_mixin.py:188} INFO - [2026-08-04T18:25:13.242+0000] {dag.py:3823} INFO - Setting next_dagrun for 1_sports_goat_raw_to_clean to 2026-08-04 17:45:00+00:00, run_after=2026-08-05 17:45:00+00:00
[2026-08-04T18:25:13.249+0000] {logging_mixin.py:188} INFO - [2026-08-04T18:25:13.249+0000] {dag.py:3823} INFO - Setting next_dagrun for 2_sports_goat_run_batch to 2026-08-04 18:00:00+00:00, run_after=2026-08-05 18:00:00+00:00
[2026-08-04T18:25:13.282+0000] {processor.py:183} INFO - Processing /opt/airflow/dags/sports_goat_pipeline.py took 0.128 seconds
[2026-08-04T18:26:57.037+0000] {processor.py:161} INFO - Started process (PID=56) to work on /opt/airflow/dags/sports_goat_pipeline.py
[2026-08-04T18:26:57.045+0000] {processor.py:830} INFO - Processing file /opt/airflow/dags/sports_goat_pipeline.py for tasks to queue
[2026-08-04T18:26:57.048+0000] {logging_mixin.py:188} INFO - [2026-08-04T18:26:57.047+0000] {dagbag.py:538} INFO - Filling up the DagBag from /opt/airflow/dags/sports_goat_pipeline.py
[2026-08-04T18:26:57.082+0000] {processor.py:840} INFO - DAG(s) '1_sports_goat_raw_to_clean', '2_sports_goat_run_batch' retrieved from /opt/airflow/dags/sports_goat_pipeline.py
[2026-08-04T18:26:57.106+0000] {logging_mixin.py:188} INFO - [2026-08-04T18:26:57.105+0000] {dag.py:3036} INFO - Sync 2 DAGs
[2026-08-04T18:26:57.188+0000] {logging_mixin.py:188} INFO - [2026-08-04T18:26:57.187+0000] {dag.py:3823} INFO - Setting next_dagrun for 1_sports_goat_raw_to_clean to 2026-08-04 17:45:00+00:00, run_after=2026-08-05 17:45:00+00:00
[2026-08-04T18:26:57.202+0000] {logging_mixin.py:188} INFO - [2026-08-04T18:26:57.201+0000] {dag.py:3823} INFO - Setting next_dagrun for 2_sports_goat_run_batch to 2026-08-04 18:00:00+00:00, run_after=2026-08-05 18:00:00+00:00
[2026-08-04T18:26:57.247+0000] {processor.py:183} INFO - Processing /opt/airflow/dags/sports_goat_pipeline.py took 0.229 seconds
[2026-08-04T18:27:27.415+0000] {processor.py:161} INFO - Started process (PID=65) to work on /opt/airflow/dags/sports_goat_pipeline.py
[2026-08-04T18:27:27.418+0000] {processor.py:830} INFO - Processing file /opt/airflow/dags/sports_goat_pipeline.py for tasks to queue
[2026-08-04T18:27:27.422+0000] {logging_mixin.py:188} INFO - [2026-08-04T18:27:27.421+0000] {dagbag.py:538} INFO - Filling up the DagBag from /opt/airflow/dags/sports_goat_pipeline.py
[2026-08-04T18:27:27.504+0000] {processor.py:840} INFO - DAG(s) '1_sports_goat_raw_to_clean', '2_sports_goat_run_batch' retrieved from /opt/airflow/dags/sports_goat_pipeline.py
[2026-08-04T18:27:27.898+0000] {logging_mixin.py:188} INFO - [2026-08-04T18:27:27.897+0000] {dag.py:3036} INFO - Sync 2 DAGs
[2026-08-04T18:27:27.949+0000] {logging_mixin.py:188} INFO - [2026-08-04T18:27:27.948+0000] {dag.py:3823} INFO - Setting next_dagrun for 1_sports_goat_raw_to_clean to 2026-08-04 17:45:00+00:00, run_after=2026-08-05 17:45:00+00:00
[2026-08-04T18:27:27.960+0000] {logging_mixin.py:188} INFO - [2026-08-04T18:27:27.959+0000] {dag.py:3823} INFO - Setting next_dagrun for 2_sports_goat_run_batch to 2026-08-04 18:00:00+00:00, run_after=2026-08-05 18:00:00+00:00
[2026-08-04T18:27:28.005+0000] {processor.py:183} INFO - Processing /opt/airflow/dags/sports_goat_pipeline.py took 0.609 seconds
[2026-08-04T18:27:58.401+0000] {processor.py:161} INFO - Started process (PID=66) to work on /opt/airflow/dags/sports_goat_pipeline.py
[2026-08-04T18:27:58.404+0000] {processor.py:830} INFO - Processing file /opt/airflow/dags/sports_goat_pipeline.py for tasks to queue
[2026-08-04T18:27:58.406+0000] {logging_mixin.py:188} INFO - [2026-08-04T18:27:58.405+0000] {dagbag.py:538} INFO - Filling up the DagBag from /opt/airflow/dags/sports_goat_pipeline.py
[2026-08-04T18:27:58.433+0000] {processor.py:840} INFO - DAG(s) '2_sports_goat_run_batch', '1_sports_goat_raw_to_clean' retrieved from /opt/airflow/dags/sports_goat_pipeline.py
[2026-08-04T18:27:58.469+0000] {logging_mixin.py:188} INFO - [2026-08-04T18:27:58.469+0000] {dag.py:3036} INFO - Sync 2 DAGs
[2026-08-04T18:27:58.500+0000] {logging_mixin.py:188} INFO - [2026-08-04T18:27:58.499+0000] {dag.py:3823} INFO - Setting next_dagrun for 1_sports_goat_raw_to_clean to 2026-08-04 17:45:00+00:00, run_after=2026-08-05 17:45:00+00:00
[2026-08-04T18:27:58.506+0000] {logging_mixin.py:188} INFO - [2026-08-04T18:27:58.506+0000] {dag.py:3823} INFO - Setting next_dagrun for 2_sports_goat_run_batch to 2026-08-04 18:00:00+00:00, run_after=2026-08-05 18:00:00+00:00
[2026-08-04T18:27:58.530+0000] {processor.py:183} INFO - Processing /opt/airflow/dags/sports_goat_pipeline.py took 0.137 seconds
[2026-08-04T18:28:28.926+0000] {processor.py:161} INFO - Started process (PID=67) to work on /opt/airflow/dags/sports_goat_pipeline.py
[2026-08-04T18:28:28.929+0000] {processor.py:830} INFO - Processing file /opt/airflow/dags/sports_goat_pipeline.py for tasks to queue
[2026-08-04T18:28:28.930+0000] {logging_mixin.py:188} INFO - [2026-08-04T18:28:28.930+0000] {dagbag.py:538} INFO - Filling up the DagBag from /opt/airflow/dags/sports_goat_pipeline.py
[2026-08-04T18:28:28.953+0000] {processor.py:840} INFO - DAG(s) '1_sports_goat_raw_to_clean', '2_sports_goat_run_batch' retrieved from /opt/airflow/dags/sports_goat_pipeline.py
[2026-08-04T18:28:28.986+0000] {logging_mixin.py:188} INFO - [2026-08-04T18:28:28.986+0000] {dag.py:3036} INFO - Sync 2 DAGs
[2026-08-04T18:28:29.015+0000] {logging_mixin.py:188} INFO - [2026-08-04T18:28:29.015+0000] {dag.py:3823} INFO - Setting next_dagrun for 1_sports_goat_raw_to_clean to 2026-08-04 17:45:00+00:00, run_after=2026-08-05 17:45:00+00:00
[2026-08-04T18:28:29.023+0000] {logging_mixin.py:188} INFO - [2026-08-04T18:28:29.023+0000] {dag.py:3823} INFO - Setting next_dagrun for 2_sports_goat_run_batch to 2026-08-04 18:00:00+00:00, run_after=2026-08-05 18:00:00+00:00
[2026-08-04T18:28:29.053+0000] {processor.py:183} INFO - Processing /opt/airflow/dags/sports_goat_pipeline.py took 0.131 seconds
[2026-08-04T18:28:59.508+0000] {processor.py:161} INFO - Started process (PID=68) to work on /opt/airflow/dags/sports_goat_pipeline.py
[2026-08-04T18:28:59.510+0000] {processor.py:830} INFO - Processing file /opt/airflow/dags/sports_goat_pipeline.py for tasks to queue
[2026-08-04T18:28:59.511+0000] {logging_mixin.py:188} INFO - [2026-08-04T18:28:59.511+0000] {dagbag.py:538} INFO - Filling up the DagBag from /opt/airflow/dags/sports_goat_pipeline.py
[2026-08-04T18:28:59.537+0000] {processor.py:840} INFO - DAG(s) '2_sports_goat_run_batch', '1_sports_goat_raw_to_clean' retrieved from /opt/airflow/dags/sports_goat_pipeline.py
[2026-08-04T18:28:59.587+0000] {logging_mixin.py:188} INFO - [2026-08-04T18:28:59.586+0000] {dag.py:3036} INFO - Sync 2 DAGs
[2026-08-04T18:28:59.643+0000] {logging_mixin.py:188} INFO - [2026-08-04T18:28:59.643+0000] {dag.py:3823} INFO - Setting next_dagrun for 1_sports_goat_raw_to_clean to 2026-08-04 17:45:00+00:00, run_after=2026-08-05 17:45:00+00:00
[2026-08-04T18:28:59.657+0000] {logging_mixin.py:188} INFO - [2026-08-04T18:28:59.656+0000] {dag.py:3823} INFO - Setting next_dagrun for 2_sports_goat_run_batch to 2026-08-04 18:00:00+00:00, run_after=2026-08-05 18:00:00+00:00
[2026-08-04T18:28:59.714+0000] {processor.py:183} INFO - Processing /opt/airflow/dags/sports_goat_pipeline.py took 0.211 seconds
[2026-08-04T18:29:29.857+0000] {processor.py:161} INFO - Started process (PID=69) to work on /opt/airflow/dags/sports_goat_pipeline.py
[2026-08-04T18:29:29.859+0000] {processor.py:830} INFO - Processing file /opt/airflow/dags/sports_goat_pipeline.py for tasks to queue
[2026-08-04T18:29:29.861+0000] {logging_mixin.py:188} INFO - [2026-08-04T18:29:29.860+0000] {dagbag.py:538} INFO - Filling up the DagBag from /opt/airflow/dags/sports_goat_pipeline.py
[2026-08-04T18:29:29.904+0000] {processor.py:840} INFO - DAG(s) '1_sports_goat_raw_to_clean', '2_sports_goat_run_batch' retrieved from /opt/airflow/dags/sports_goat_pipeline.py
[2026-08-04T18:29:29.946+0000] {logging_mixin.py:188} INFO - [2026-08-04T18:29:29.945+0000] {dag.py:3036} INFO - Sync 2 DAGs
[2026-08-04T18:29:29.999+0000] {logging_mixin.py:188} INFO - [2026-08-04T18:29:29.998+0000] {dag.py:3823} INFO - Setting next_dagrun for 1_sports_goat_raw_to_clean to 2026-08-04 17:45:00+00:00, run_after=2026-08-05 17:45:00+00:00
[2026-08-04T18:29:30.007+0000] {logging_mixin.py:188} INFO - [2026-08-04T18:29:30.007+0000] {dag.py:3823} INFO - Setting next_dagrun for 2_sports_goat_run_batch to 2026-08-04 18:00:00+00:00, run_after=2026-08-05 18:00:00+00:00
[2026-08-04T18:29:30.038+0000] {processor.py:183} INFO - Processing /opt/airflow/dags/sports_goat_pipeline.py took 0.187 seconds
[2026-08-04T18:30:00.095+0000] {processor.py:161} INFO - Started process (PID=70) to work on /opt/airflow/dags/sports_goat_pipeline.py
[2026-08-04T18:30:00.097+0000] {processor.py:830} INFO - Processing file /opt/airflow/dags/sports_goat_pipeline.py for tasks to queue
[2026-08-04T18:30:00.099+0000] {logging_mixin.py:188} INFO - [2026-08-04T18:30:00.098+0000] {dagbag.py:538} INFO - Filling up the DagBag from /opt/airflow/dags/sports_goat_pipeline.py
[2026-08-04T18:30:00.136+0000] {processor.py:840} INFO - DAG(s) '1_sports_goat_raw_to_clean', '2_sports_goat_run_batch' retrieved from /opt/airflow/dags/sports_goat_pipeline.py
[2026-08-04T18:30:00.202+0000] {logging_mixin.py:188} INFO - [2026-08-04T18:30:00.201+0000] {dag.py:3036} INFO - Sync 2 DAGs
[2026-08-04T18:30:00.266+0000] {logging_mixin.py:188} INFO - [2026-08-04T18:30:00.265+0000] {dag.py:3823} INFO - Setting next_dagrun for 1_sports_goat_raw_to_clean to 2026-08-04 17:45:00+00:00, run_after=2026-08-05 17:45:00+00:00
[2026-08-04T18:30:00.279+0000] {logging_mixin.py:188} INFO - [2026-08-04T18:30:00.279+0000] {dag.py:3823} INFO - Setting next_dagrun for 2_sports_goat_run_batch to 2026-08-04 18:00:00+00:00, run_after=2026-08-05 18:00:00+00:00
[2026-08-04T18:30:00.305+0000] {processor.py:183} INFO - Processing /opt/airflow/dags/sports_goat_pipeline.py took 0.214 seconds
[2026-08-04T18:30:30.952+0000] {processor.py:161} INFO - Started process (PID=71) to work on /opt/airflow/dags/sports_goat_pipeline.py
[2026-08-04T18:30:30.954+0000] {processor.py:830} INFO - Processing file /opt/airflow/dags/sports_goat_pipeline.py for tasks to queue
[2026-08-04T18:30:30.958+0000] {logging_mixin.py:188} INFO - [2026-08-04T18:30:30.957+0000] {dagbag.py:538} INFO - Filling up the DagBag from /opt/airflow/dags/sports_goat_pipeline.py
[2026-08-04T18:30:30.998+0000] {processor.py:840} INFO - DAG(s) '2_sports_goat_run_batch', '1_sports_goat_raw_to_clean' retrieved from /opt/airflow/dags/sports_goat_pipeline.py
[2026-08-04T18:30:31.050+0000] {logging_mixin.py:188} INFO - [2026-08-04T18:30:31.050+0000] {dag.py:3036} INFO - Sync 2 DAGs
[2026-08-04T18:30:31.084+0000] {logging_mixin.py:188} INFO - [2026-08-04T18:30:31.084+0000] {dag.py:3823} INFO - Setting next_dagrun for 1_sports_goat_raw_to_clean to 2026-08-04 17:45:00+00:00, run_after=2026-08-05 17:45:00+00:00
[2026-08-04T18:30:31.092+0000] {logging_mixin.py:188} INFO - [2026-08-04T18:30:31.092+0000] {dag.py:3823} INFO - Setting next_dagrun for 2_sports_goat_run_batch to 2026-08-04 18:00:00+00:00, run_after=2026-08-05 18:00:00+00:00
[2026-08-04T18:30:31.129+0000] {processor.py:183} INFO - Processing /opt/airflow/dags/sports_goat_pipeline.py took 0.204 seconds
[2026-08-04T18:31:01.534+0000] {processor.py:161} INFO - Started process (PID=72) to work on /opt/airflow/dags/sports_goat_pipeline.py
[2026-08-04T18:31:01.536+0000] {processor.py:830} INFO - Processing file /opt/airflow/dags/sports_goat_pipeline.py for tasks to queue
[2026-08-04T18:31:01.541+0000] {logging_mixin.py:188} INFO - [2026-08-04T18:31:01.539+0000] {dagbag.py:538} INFO - Filling up the DagBag from /opt/airflow/dags/sports_goat_pipeline.py
[2026-08-04T18:31:01.577+0000] {processor.py:840} INFO - DAG(s) '2_sports_goat_run_batch', '1_sports_goat_raw_to_clean' retrieved from /opt/airflow/dags/sports_goat_pipeline.py
[2026-08-04T18:31:01.614+0000] {logging_mixin.py:188} INFO - [2026-08-04T18:31:01.614+0000] {dag.py:3036} INFO - Sync 2 DAGs
[2026-08-04T18:31:01.651+0000] {logging_mixin.py:188} INFO - [2026-08-04T18:31:01.650+0000] {dag.py:3823} INFO - Setting next_dagrun for 1_sports_goat_raw_to_clean to 2026-08-04 17:45:00+00:00, run_after=2026-08-05 17:45:00+00:00
[2026-08-04T18:31:01.660+0000] {logging_mixin.py:188} INFO - [2026-08-04T18:31:01.660+0000] {dag.py:3823} INFO - Setting next_dagrun for 2_sports_goat_run_batch to 2026-08-04 18:00:00+00:00, run_after=2026-08-05 18:00:00+00:00
[2026-08-04T18:31:01.693+0000] {processor.py:183} INFO - Processing /opt/airflow/dags/sports_goat_pipeline.py took 0.165 seconds
[2026-08-04T18:31:31.844+0000] {processor.py:161} INFO - Started process (PID=73) to work on /opt/airflow/dags/sports_goat_pipeline.py
[2026-08-04T18:31:31.847+0000] {processor.py:830} INFO - Processing file /opt/airflow/dags/sports_goat_pipeline.py for tasks to queue
[2026-08-04T18:31:31.849+0000] {logging_mixin.py:188} INFO - [2026-08-04T18:31:31.848+0000] {dagbag.py:538} INFO - Filling up the DagBag from /opt/airflow/dags/sports_goat_pipeline.py
[2026-08-04T18:31:31.943+0000] {processor.py:840} INFO - DAG(s) '1_sports_goat_raw_to_clean', '2_sports_goat_run_batch' retrieved from /opt/airflow/dags/sports_goat_pipeline.py
[2026-08-04T18:31:32.101+0000] {logging_mixin.py:188} INFO - [2026-08-04T18:31:32.100+0000] {dag.py:3036} INFO - Sync 2 DAGs
[2026-08-04T18:31:32.147+0000] {logging_mixin.py:188} INFO - [2026-08-04T18:31:32.147+0000] {dag.py:3823} INFO - Setting next_dagrun for 1_sports_goat_raw_to_clean to 2026-08-04 17:45:00+00:00, run_after=2026-08-05 17:45:00+00:00
[2026-08-04T18:31:32.155+0000] {logging_mixin.py:188} INFO - [2026-08-04T18:31:32.154+0000] {dag.py:3823} INFO - Setting next_dagrun for 2_sports_goat_run_batch to 2026-08-04 18:00:00+00:00, run_after=2026-08-05 18:00:00+00:00
[2026-08-04T18:31:32.185+0000] {processor.py:183} INFO - Processing /opt/airflow/dags/sports_goat_pipeline.py took 0.364 seconds
[2026-08-04T18:32:02.508+0000] {processor.py:161} INFO - Started process (PID=74) to work on /opt/airflow/dags/sports_goat_pipeline.py
[2026-08-04T18:32:02.510+0000] {processor.py:830} INFO - Processing file /opt/airflow/dags/sports_goat_pipeline.py for tasks to queue
[2026-08-04T18:32:02.512+0000] {logging_mixin.py:188} INFO - [2026-08-04T18:32:02.511+0000] {dagbag.py:538} INFO - Filling up the DagBag from /opt/airflow/dags/sports_goat_pipeline.py
[2026-08-04T18:32:02.540+0000] {processor.py:840} INFO - DAG(s) '2_sports_goat_run_batch', '1_sports_goat_raw_to_clean' retrieved from /opt/airflow/dags/sports_goat_pipeline.py
[2026-08-04T18:32:02.579+0000] {logging_mixin.py:188} INFO - [2026-08-04T18:32:02.579+0000] {dag.py:3036} INFO - Sync 2 DAGs
[2026-08-04T18:32:02.628+0000] {logging_mixin.py:188} INFO - [2026-08-04T18:32:02.628+0000] {dag.py:3823} INFO - Setting next_dagrun for 1_sports_goat_raw_to_clean to 2026-08-04 17:45:00+00:00, run_after=2026-08-05 17:45:00+00:00
[2026-08-04T18:32:02.638+0000] {logging_mixin.py:188} INFO - [2026-08-04T18:32:02.637+0000] {dag.py:3823} INFO - Setting next_dagrun for 2_sports_goat_run_batch to 2026-08-04 18:00:00+00:00, run_after=2026-08-05 18:00:00+00:00
[2026-08-04T18:32:02.694+0000] {processor.py:183} INFO - Processing /opt/airflow/dags/sports_goat_pipeline.py took 0.192 seconds
[2026-08-04T18:32:33.034+0000] {processor.py:161} INFO - Started process (PID=75) to work on /opt/airflow/dags/sports_goat_pipeline.py
[2026-08-04T18:32:33.038+0000] {processor.py:830} INFO - Processing file /opt/airflow/dags/sports_goat_pipeline.py for tasks to queue
[2026-08-04T18:32:33.049+0000] {logging_mixin.py:188} INFO - [2026-08-04T18:32:33.041+0000] {dagbag.py:538} INFO - Filling up the DagBag from /opt/airflow/dags/sports_goat_pipeline.py
[2026-08-04T18:32:33.161+0000] {processor.py:840} INFO - DAG(s) '1_sports_goat_raw_to_clean', '2_sports_goat_run_batch' retrieved from /opt/airflow/dags/sports_goat_pipeline.py
[2026-08-04T18:32:33.394+0000] {logging_mixin.py:188} INFO - [2026-08-04T18:32:33.393+0000] {dag.py:3036} INFO - Sync 2 DAGs
[2026-08-04T18:32:33.481+0000] {logging_mixin.py:188} INFO - [2026-08-04T18:32:33.480+0000] {dag.py:3823} INFO - Setting next_dagrun for 1_sports_goat_raw_to_clean to 2026-08-04 17:45:00+00:00, run_after=2026-08-05 17:45:00+00:00
[2026-08-04T18:32:33.494+0000] {logging_mixin.py:188} INFO - [2026-08-04T18:32:33.494+0000] {dag.py:3823} INFO - Setting next_dagrun for 2_sports_goat_run_batch to 2026-08-04 18:00:00+00:00, run_after=2026-08-05 18:00:00+00:00
[2026-08-04T18:32:33.525+0000] {processor.py:183} INFO - Processing /opt/airflow/dags/sports_goat_pipeline.py took 0.500 seconds
[2026-08-04T18:32:52.082+0000] {processor.py:161} INFO - Started process (PID=55) to work on /opt/airflow/dags/sports_goat_pipeline.py
[2026-08-04T18:32:52.087+0000] {processor.py:830} INFO - Processing file /opt/airflow/dags/sports_goat_pipeline.py for tasks to queue
[2026-08-04T18:32:52.094+0000] {logging_mixin.py:188} INFO - [2026-08-04T18:32:52.091+0000] {dagbag.py:538} INFO - Filling up the DagBag from /opt/airflow/dags/sports_goat_pipeline.py
[2026-08-04T18:32:52.138+0000] {processor.py:840} INFO - DAG(s) '2_sports_goat_run_batch', '1_sports_goat_raw_to_clean' retrieved from /opt/airflow/dags/sports_goat_pipeline.py
[2026-08-04T18:32:52.162+0000] {logging_mixin.py:188} INFO - [2026-08-04T18:32:52.161+0000] {dag.py:3036} INFO - Sync 2 DAGs
[2026-08-04T18:32:52.242+0000] {logging_mixin.py:188} INFO - [2026-08-04T18:32:52.242+0000] {dag.py:3823} INFO - Setting next_dagrun for 1_sports_goat_raw_to_clean to 2026-08-04 17:45:00+00:00, run_after=2026-08-05 17:45:00+00:00
[2026-08-04T18:32:52.256+0000] {logging_mixin.py:188} INFO - [2026-08-04T18:32:52.256+0000] {dag.py:3823} INFO - Setting next_dagrun for 2_sports_goat_run_batch to 2026-08-04 18:00:00+00:00, run_after=2026-08-05 18:00:00+00:00
[2026-08-04T18:32:52.297+0000] {processor.py:183} INFO - Processing /opt/airflow/dags/sports_goat_pipeline.py took 0.234 seconds
[2026-08-04T18:33:23.159+0000] {processor.py:161} INFO - Started process (PID=70) to work on /opt/airflow/dags/sports_goat_pipeline.py
[2026-08-04T18:33:23.162+0000] {processor.py:830} INFO - Processing file /opt/airflow/dags/sports_goat_pipeline.py for tasks to queue
[2026-08-04T18:33:23.165+0000] {logging_mixin.py:188} INFO - [2026-08-04T18:33:23.164+0000] {dagbag.py:538} INFO - Filling up the DagBag from /opt/airflow/dags/sports_goat_pipeline.py
[2026-08-04T18:33:23.197+0000] {processor.py:840} INFO - DAG(s) '2_sports_goat_run_batch', '1_sports_goat_raw_to_clean' retrieved from /opt/airflow/dags/sports_goat_pipeline.py
[2026-08-04T18:33:23.366+0000] {logging_mixin.py:188} INFO - [2026-08-04T18:33:23.365+0000] {dag.py:3036} INFO - Sync 2 DAGs
[2026-08-04T18:33:23.412+0000] {logging_mixin.py:188} INFO - [2026-08-04T18:33:23.411+0000] {dag.py:3823} INFO - Setting next_dagrun for 1_sports_goat_raw_to_clean to 2026-08-04 17:45:00+00:00, run_after=2026-08-05 17:45:00+00:00
[2026-08-04T18:33:23.421+0000] {logging_mixin.py:188} INFO - [2026-08-04T18:33:23.421+0000] {dag.py:3823} INFO - Setting next_dagrun for 2_sports_goat_run_batch to 2026-08-04 18:00:00+00:00, run_after=2026-08-05 18:00:00+00:00
[2026-08-04T18:33:23.454+0000] {processor.py:183} INFO - Processing /opt/airflow/dags/sports_goat_pipeline.py took 0.303 seconds
[2026-08-04T18:33:54.581+0000] {processor.py:161} INFO - Started process (PID=71) to work on /opt/airflow/dags/sports_goat_pipeline.py
[2026-08-04T18:33:54.584+0000] {processor.py:830} INFO - Processing file /opt/airflow/dags/sports_goat_pipeline.py for tasks to queue
[2026-08-04T18:33:54.586+0000] {logging_mixin.py:188} INFO - [2026-08-04T18:33:54.585+0000] {dagbag.py:538} INFO - Filling up the DagBag from /opt/airflow/dags/sports_goat_pipeline.py
[2026-08-04T18:33:54.610+0000] {processor.py:840} INFO - DAG(s) '2_sports_goat_run_batch', '1_sports_goat_raw_to_clean' retrieved from /opt/airflow/dags/sports_goat_pipeline.py
[2026-08-04T18:33:54.647+0000] {logging_mixin.py:188} INFO - [2026-08-04T18:33:54.647+0000] {dag.py:3036} INFO - Sync 2 DAGs
[2026-08-04T18:33:54.674+0000] {logging_mixin.py:188} INFO - [2026-08-04T18:33:54.674+0000] {dag.py:3823} INFO - Setting next_dagrun for 1_sports_goat_raw_to_clean to 2026-08-04 17:45:00+00:00, run_after=2026-08-05 17:45:00+00:00
[2026-08-04T18:33:54.681+0000] {logging_mixin.py:188} INFO - [2026-08-04T18:33:54.680+0000] {dag.py:3823} INFO - Setting next_dagrun for 2_sports_goat_run_batch to 2026-08-04 18:00:00+00:00, run_after=2026-08-05 18:00:00+00:00
[2026-08-04T18:33:54.705+0000] {processor.py:183} INFO - Processing /opt/airflow/dags/sports_goat_pipeline.py took 0.142 seconds
[2026-08-04T18:34:24.882+0000] {processor.py:161} INFO - Started process (PID=72) to work on /opt/airflow/dags/sports_goat_pipeline.py
[2026-08-04T18:34:24.884+0000] {processor.py:830} INFO - Processing file /opt/airflow/dags/sports_goat_pipeline.py for tasks to queue
[2026-08-04T18:34:24.886+0000] {logging_mixin.py:188} INFO - [2026-08-04T18:34:24.885+0000] {dagbag.py:538} INFO - Filling up the DagBag from /opt/airflow/dags/sports_goat_pipeline.py
[2026-08-04T18:34:24.906+0000] {processor.py:840} INFO - DAG(s) '2_sports_goat_run_batch', '1_sports_goat_raw_to_clean' retrieved from /opt/airflow/dags/sports_goat_pipeline.py
[2026-08-04T18:34:24.939+0000] {logging_mixin.py:188} INFO - [2026-08-04T18:34:24.939+0000] {dag.py:3036} INFO - Sync 2 DAGs
[2026-08-04T18:34:24.966+0000] {logging_mixin.py:188} INFO - [2026-08-04T18:34:24.965+0000] {dag.py:3823} INFO - Setting next_dagrun for 1_sports_goat_raw_to_clean to 2026-08-04 17:45:00+00:00, run_after=2026-08-05 17:45:00+00:00
[2026-08-04T18:34:24.972+0000] {logging_mixin.py:188} INFO - [2026-08-04T18:34:24.972+0000] {dag.py:3823} INFO - Setting next_dagrun for 2_sports_goat_run_batch to 2026-08-04 18:00:00+00:00, run_after=2026-08-05 18:00:00+00:00
[2026-08-04T18:34:24.997+0000] {processor.py:183} INFO - Processing /opt/airflow/dags/sports_goat_pipeline.py took 0.119 seconds
[2026-08-04T18:34:55.205+0000] {processor.py:161} INFO - Started process (PID=73) to work on /opt/airflow/dags/sports_goat_pipeline.py
[2026-08-04T18:34:55.208+0000] {processor.py:830} INFO - Processing file /opt/airflow/dags/sports_goat_pipeline.py for tasks to queue
[2026-08-04T18:34:55.210+0000] {logging_mixin.py:188} INFO - [2026-08-04T18:34:55.209+0000] {dagbag.py:538} INFO - Filling up the DagBag from /opt/airflow/dags/sports_goat_pipeline.py
[2026-08-04T18:34:55.236+0000] {processor.py:840} INFO - DAG(s) '1_sports_goat_raw_to_clean', '2_sports_goat_run_batch' retrieved from /opt/airflow/dags/sports_goat_pipeline.py
[2026-08-04T18:34:55.271+0000] {logging_mixin.py:188} INFO - [2026-08-04T18:34:55.271+0000] {dag.py:3036} INFO - Sync 2 DAGs
[2026-08-04T18:34:55.306+0000] {logging_mixin.py:188} INFO - [2026-08-04T18:34:55.306+0000] {dag.py:3823} INFO - Setting next_dagrun for 1_sports_goat_raw_to_clean to 2026-08-04 17:45:00+00:00, run_after=2026-08-05 17:45:00+00:00
[2026-08-04T18:34:55.323+0000] {logging_mixin.py:188} INFO - [2026-08-04T18:34:55.322+0000] {dag.py:3823} INFO - Setting next_dagrun for 2_sports_goat_run_batch to 2026-08-04 18:00:00+00:00, run_after=2026-08-05 18:00:00+00:00
[2026-08-04T18:34:55.354+0000] {processor.py:183} INFO - Processing /opt/airflow/dags/sports_goat_pipeline.py took 0.164 seconds
[2026-08-04T18:35:25.543+0000] {processor.py:161} INFO - Started process (PID=74) to work on /opt/airflow/dags/sports_goat_pipeline.py
[2026-08-04T18:35:25.545+0000] {processor.py:830} INFO - Processing file /opt/airflow/dags/sports_goat_pipeline.py for tasks to queue
[2026-08-04T18:35:25.547+0000] {logging_mixin.py:188} INFO - [2026-08-04T18:35:25.546+0000] {dagbag.py:538} INFO - Filling up the DagBag from /opt/airflow/dags/sports_goat_pipeline.py
[2026-08-04T18:35:25.571+0000] {processor.py:840} INFO - DAG(s) '1_sports_goat_raw_to_clean', '2_sports_goat_run_batch' retrieved from /opt/airflow/dags/sports_goat_pipeline.py
[2026-08-04T18:35:25.607+0000] {logging_mixin.py:188} INFO - [2026-08-04T18:35:25.606+0000] {dag.py:3036} INFO - Sync 2 DAGs
[2026-08-04T18:35:25.641+0000] {logging_mixin.py:188} INFO - [2026-08-04T18:35:25.641+0000] {dag.py:3823} INFO - Setting next_dagrun for 1_sports_goat_raw_to_clean to 2026-08-04 17:45:00+00:00, run_after=2026-08-05 17:45:00+00:00
[2026-08-04T18:35:25.649+0000] {logging_mixin.py:188} INFO - [2026-08-04T18:35:25.649+0000] {dag.py:3823} INFO - Setting next_dagrun for 2_sports_goat_run_batch to 2026-08-04 18:00:00+00:00, run_after=2026-08-05 18:00:00+00:00
[2026-08-04T18:35:25.677+0000] {processor.py:183} INFO - Processing /opt/airflow/dags/sports_goat_pipeline.py took 0.138 seconds
[2026-08-04T18:35:55.888+0000] {processor.py:161} INFO - Started process (PID=75) to work on /opt/airflow/dags/sports_goat_pipeline.py
[2026-08-04T18:35:55.890+0000] {processor.py:830} INFO - Processing file /opt/airflow/dags/sports_goat_pipeline.py for tasks to queue
[2026-08-04T18:35:55.891+0000] {logging_mixin.py:188} INFO - [2026-08-04T18:35:55.891+0000] {dagbag.py:538} INFO - Filling up the DagBag from /opt/airflow/dags/sports_goat_pipeline.py
[2026-08-04T18:35:55.911+0000] {processor.py:840} INFO - DAG(s) '2_sports_goat_run_batch', '1_sports_goat_raw_to_clean' retrieved from /opt/airflow/dags/sports_goat_pipeline.py
[2026-08-04T18:35:55.948+0000] {logging_mixin.py:188} INFO - [2026-08-04T18:35:55.948+0000] {dag.py:3036} INFO - Sync 2 DAGs
[2026-08-04T18:35:55.976+0000] {logging_mixin.py:188} INFO - [2026-08-04T18:35:55.976+0000] {dag.py:3823} INFO - Setting next_dagrun for 1_sports_goat_raw_to_clean to 2026-08-04 17:45:00+00:00, run_after=2026-08-05 17:45:00+00:00
[2026-08-04T18:35:55.983+0000] {logging_mixin.py:188} INFO - [2026-08-04T18:35:55.982+0000] {dag.py:3823} INFO - Setting next_dagrun for 2_sports_goat_run_batch to 2026-08-04 18:00:00+00:00, run_after=2026-08-05 18:00:00+00:00
[2026-08-04T18:35:56.025+0000] {processor.py:183} INFO - Processing /opt/airflow/dags/sports_goat_pipeline.py took 0.143 seconds
[2026-08-04T18:36:26.263+0000] {processor.py:161} INFO - Started process (PID=76) to work on /opt/airflow/dags/sports_goat_pipeline.py
[2026-08-04T18:36:26.266+0000] {processor.py:830} INFO - Processing file /opt/airflow/dags/sports_goat_pipeline.py for tasks to queue
[2026-08-04T18:36:26.268+0000] {logging_mixin.py:188} INFO - [2026-08-04T18:36:26.267+0000] {dagbag.py:538} INFO - Filling up the DagBag from /opt/airflow/dags/sports_goat_pipeline.py
[2026-08-04T18:36:26.295+0000] {processor.py:840} INFO - DAG(s) '1_sports_goat_raw_to_clean', '2_sports_goat_run_batch' retrieved from /opt/airflow/dags/sports_goat_pipeline.py
[2026-08-04T18:36:26.330+0000] {logging_mixin.py:188} INFO - [2026-08-04T18:36:26.330+0000] {dag.py:3036} INFO - Sync 2 DAGs
[2026-08-04T18:36:26.359+0000] {logging_mixin.py:188} INFO - [2026-08-04T18:36:26.358+0000] {dag.py:3823} INFO - Setting next_dagrun for 1_sports_goat_raw_to_clean to 2026-08-04 17:45:00+00:00, run_after=2026-08-05 17:45:00+00:00
[2026-08-04T18:36:26.365+0000] {logging_mixin.py:188} INFO - [2026-08-04T18:36:26.365+0000] {dag.py:3823} INFO - Setting next_dagrun for 2_sports_goat_run_batch to 2026-08-04 18:00:00+00:00, run_after=2026-08-05 18:00:00+00:00
[2026-08-04T18:36:26.402+0000] {processor.py:183} INFO - Processing /opt/airflow/dags/sports_goat_pipeline.py took 0.146 seconds
[2026-08-04T18:36:56.683+0000] {processor.py:161} INFO - Started process (PID=77) to work on /opt/airflow/dags/sports_goat_pipeline.py
[2026-08-04T18:36:56.687+0000] {processor.py:830} INFO - Processing file /opt/airflow/dags/sports_goat_pipeline.py for tasks to queue
[2026-08-04T18:36:56.692+0000] {logging_mixin.py:188} INFO - [2026-08-04T18:36:56.690+0000] {dagbag.py:538} INFO - Filling up the DagBag from /opt/airflow/dags/sports_goat_pipeline.py
[2026-08-04T18:36:56.730+0000] {processor.py:840} INFO - DAG(s) '1_sports_goat_raw_to_clean', '2_sports_goat_run_batch' retrieved from /opt/airflow/dags/sports_goat_pipeline.py
[2026-08-04T18:36:56.778+0000] {logging_mixin.py:188} INFO - [2026-08-04T18:36:56.778+0000] {dag.py:3036} INFO - Sync 2 DAGs
[2026-08-04T18:36:56.820+0000] {logging_mixin.py:188} INFO - [2026-08-04T18:36:56.819+0000] {dag.py:3823} INFO - Setting next_dagrun for 1_sports_goat_raw_to_clean to 2026-08-04 17:45:00+00:00, run_after=2026-08-05 17:45:00+00:00
[2026-08-04T18:36:56.828+0000] {logging_mixin.py:188} INFO - [2026-08-04T18:36:56.828+0000] {dag.py:3823} INFO - Setting next_dagrun for 2_sports_goat_run_batch to 2026-08-04 18:00:00+00:00, run_after=2026-08-05 18:00:00+00:00
[2026-08-04T18:36:56.859+0000] {processor.py:183} INFO - Processing /opt/airflow/dags/sports_goat_pipeline.py took 0.189 seconds
[2026-08-04T18:37:28.026+0000] {processor.py:161} INFO - Started process (PID=78) to work on /opt/airflow/dags/sports_goat_pipeline.py
[2026-08-04T18:37:28.029+0000] {processor.py:830} INFO - Processing file /opt/airflow/dags/sports_goat_pipeline.py for tasks to queue
[2026-08-04T18:37:28.031+0000] {logging_mixin.py:188} INFO - [2026-08-04T18:37:28.030+0000] {dagbag.py:538} INFO - Filling up the DagBag from /opt/airflow/dags/sports_goat_pipeline.py
[2026-08-04T18:37:28.059+0000] {processor.py:840} INFO - DAG(s) '2_sports_goat_run_batch', '1_sports_goat_raw_to_clean' retrieved from /opt/airflow/dags/sports_goat_pipeline.py
[2026-08-04T18:37:28.098+0000] {logging_mixin.py:188} INFO - [2026-08-04T18:37:28.097+0000] {dag.py:3036} INFO - Sync 2 DAGs
[2026-08-04T18:37:28.131+0000] {logging_mixin.py:188} INFO - [2026-08-04T18:37:28.131+0000] {dag.py:3823} INFO - Setting next_dagrun for 1_sports_goat_raw_to_clean to 2026-08-04 17:45:00+00:00, run_after=2026-08-05 17:45:00+00:00
[2026-08-04T18:37:28.139+0000] {logging_mixin.py:188} INFO - [2026-08-04T18:37:28.138+0000] {dag.py:3823} INFO - Setting next_dagrun for 2_sports_goat_run_batch to 2026-08-04 18:00:00+00:00, run_after=2026-08-05 18:00:00+00:00
[2026-08-04T18:37:28.169+0000] {processor.py:183} INFO - Processing /opt/airflow/dags/sports_goat_pipeline.py took 0.149 seconds
[2026-08-04T18:37:58.438+0000] {processor.py:161} INFO - Started process (PID=79) to work on /opt/airflow/dags/sports_goat_pipeline.py
[2026-08-04T18:37:58.441+0000] {processor.py:830} INFO - Processing file /opt/airflow/dags/sports_goat_pipeline.py for tasks to queue
[2026-08-04T18:37:58.443+0000] {logging_mixin.py:188} INFO - [2026-08-04T18:37:58.442+0000] {dagbag.py:538} INFO - Filling up the DagBag from /opt/airflow/dags/sports_goat_pipeline.py
[2026-08-04T18:37:58.485+0000] {processor.py:840} INFO - DAG(s) '2_sports_goat_run_batch', '1_sports_goat_raw_to_clean' retrieved from /opt/airflow/dags/sports_goat_pipeline.py
[2026-08-04T18:37:58.536+0000] {logging_mixin.py:188} INFO - [2026-08-04T18:37:58.535+0000] {dag.py:3036} INFO - Sync 2 DAGs
[2026-08-04T18:37:58.568+0000] {logging_mixin.py:188} INFO - [2026-08-04T18:37:58.568+0000] {dag.py:3823} INFO - Setting next_dagrun for 1_sports_goat_raw_to_clean to 2026-08-04 17:45:00+00:00, run_after=2026-08-05 17:45:00+00:00
[2026-08-04T18:37:58.576+0000] {logging_mixin.py:188} INFO - [2026-08-04T18:37:58.575+0000] {dag.py:3823} INFO - Setting next_dagrun for 2_sports_goat_run_batch to 2026-08-04 18:00:00+00:00, run_after=2026-08-05 18:00:00+00:00
[2026-08-04T18:37:58.706+0000] {processor.py:183} INFO - Processing /opt/airflow/dags/sports_goat_pipeline.py took 0.274 seconds
[2026-08-04T18:38:28.794+0000] {processor.py:161} INFO - Started process (PID=80) to work on /opt/airflow/dags/sports_goat_pipeline.py
[2026-08-04T18:38:28.803+0000] {processor.py:830} INFO - Processing file /opt/airflow/dags/sports_goat_pipeline.py for tasks to queue
[2026-08-04T18:38:28.805+0000] {logging_mixin.py:188} INFO - [2026-08-04T18:38:28.804+0000] {dagbag.py:538} INFO - Filling up the DagBag from /opt/airflow/dags/sports_goat_pipeline.py
[2026-08-04T18:38:28.859+0000] {processor.py:840} INFO - DAG(s) '2_sports_goat_run_batch', '1_sports_goat_raw_to_clean' retrieved from /opt/airflow/dags/sports_goat_pipeline.py
[2026-08-04T18:38:28.912+0000] {logging_mixin.py:188} INFO - [2026-08-04T18:38:28.912+0000] {dag.py:3036} INFO - Sync 2 DAGs
[2026-08-04T18:38:28.990+0000] {logging_mixin.py:188} INFO - [2026-08-04T18:38:28.989+0000] {dag.py:3823} INFO - Setting next_dagrun for 1_sports_goat_raw_to_clean to 2026-08-04 17:45:00+00:00, run_after=2026-08-05 17:45:00+00:00
[2026-08-04T18:38:28.995+0000] {logging_mixin.py:188} INFO - [2026-08-04T18:38:28.995+0000] {dag.py:3823} INFO - Setting next_dagrun for 2_sports_goat_run_batch to 2026-08-04 18:00:00+00:00, run_after=2026-08-05 18:00:00+00:00
[2026-08-04T18:38:29.094+0000] {processor.py:183} INFO - Processing /opt/airflow/dags/sports_goat_pipeline.py took 0.308 seconds
[2026-08-04T18:39:00.148+0000] {processor.py:161} INFO - Started process (PID=81) to work on /opt/airflow/dags/sports_goat_pipeline.py
[2026-08-04T18:39:00.149+0000] {processor.py:830} INFO - Processing file /opt/airflow/dags/sports_goat_pipeline.py for tasks to queue
[2026-08-04T18:39:00.151+0000] {logging_mixin.py:188} INFO - [2026-08-04T18:39:00.150+0000] {dagbag.py:538} INFO - Filling up the DagBag from /opt/airflow/dags/sports_goat_pipeline.py
[2026-08-04T18:39:00.172+0000] {processor.py:840} INFO - DAG(s) '1_sports_goat_raw_to_clean', '2_sports_goat_run_batch' retrieved from /opt/airflow/dags/sports_goat_pipeline.py
[2026-08-04T18:39:00.202+0000] {logging_mixin.py:188} INFO - [2026-08-04T18:39:00.202+0000] {dag.py:3036} INFO - Sync 2 DAGs
[2026-08-04T18:39:00.234+0000] {logging_mixin.py:188} INFO - [2026-08-04T18:39:00.234+0000] {dag.py:3823} INFO - Setting next_dagrun for 1_sports_goat_raw_to_clean to 2026-08-04 17:45:00+00:00, run_after=2026-08-05 17:45:00+00:00
[2026-08-04T18:39:00.244+0000] {logging_mixin.py:188} INFO - [2026-08-04T18:39:00.243+0000] {dag.py:3823} INFO - Setting next_dagrun for 2_sports_goat_run_batch to 2026-08-04 18:00:00+00:00, run_after=2026-08-05 18:00:00+00:00
[2026-08-04T18:39:00.269+0000] {processor.py:183} INFO - Processing /opt/airflow/dags/sports_goat_pipeline.py took 0.126 seconds
[2026-08-04T18:39:30.474+0000] {processor.py:161} INFO - Started process (PID=82) to work on /opt/airflow/dags/sports_goat_pipeline.py
[2026-08-04T18:39:30.476+0000] {processor.py:830} INFO - Processing file /opt/airflow/dags/sports_goat_pipeline.py for tasks to queue
[2026-08-04T18:39:30.479+0000] {logging_mixin.py:188} INFO - [2026-08-04T18:39:30.478+0000] {dagbag.py:538} INFO - Filling up the DagBag from /opt/airflow/dags/sports_goat_pipeline.py
[2026-08-04T18:39:30.508+0000] {processor.py:840} INFO - DAG(s) '1_sports_goat_raw_to_clean', '2_sports_goat_run_batch' retrieved from /opt/airflow/dags/sports_goat_pipeline.py
[2026-08-04T18:39:30.553+0000] {logging_mixin.py:188} INFO - [2026-08-04T18:39:30.553+0000] {dag.py:3036} INFO - Sync 2 DAGs
[2026-08-04T18:39:30.592+0000] {logging_mixin.py:188} INFO - [2026-08-04T18:39:30.591+0000] {dag.py:3823} INFO - Setting next_dagrun for 1_sports_goat_raw_to_clean to 2026-08-04 17:45:00+00:00, run_after=2026-08-05 17:45:00+00:00
[2026-08-04T18:39:30.599+0000] {logging_mixin.py:188} INFO - [2026-08-04T18:39:30.599+0000] {dag.py:3823} INFO - Setting next_dagrun for 2_sports_goat_run_batch to 2026-08-04 18:00:00+00:00, run_after=2026-08-05 18:00:00+00:00
[2026-08-04T18:39:30.846+0000] {processor.py:183} INFO - Processing /opt/airflow/dags/sports_goat_pipeline.py took 0.378 seconds
[2026-08-04T18:40:01.722+0000] {processor.py:161} INFO - Started process (PID=83) to work on /opt/airflow/dags/sports_goat_pipeline.py
[2026-08-04T18:40:01.723+0000] {processor.py:830} INFO - Processing file /opt/airflow/dags/sports_goat_pipeline.py for tasks to queue
[2026-08-04T18:40:01.725+0000] {logging_mixin.py:188} INFO - [2026-08-04T18:40:01.724+0000] {dagbag.py:538} INFO - Filling up the DagBag from /opt/airflow/dags/sports_goat_pipeline.py
[2026-08-04T18:40:01.758+0000] {processor.py:840} INFO - DAG(s) '1_sports_goat_raw_to_clean', '2_sports_goat_run_batch' retrieved from /opt/airflow/dags/sports_goat_pipeline.py
[2026-08-04T18:40:01.794+0000] {logging_mixin.py:188} INFO - [2026-08-04T18:40:01.793+0000] {dag.py:3036} INFO - Sync 2 DAGs
[2026-08-04T18:40:01.837+0000] {logging_mixin.py:188} INFO - [2026-08-04T18:40:01.837+0000] {dag.py:3823} INFO - Setting next_dagrun for 1_sports_goat_raw_to_clean to 2026-08-04 17:45:00+00:00, run_after=2026-08-05 17:45:00+00:00
[2026-08-04T18:40:01.848+0000] {logging_mixin.py:188} INFO - [2026-08-04T18:40:01.848+0000] {dag.py:3823} INFO - Setting next_dagrun for 2_sports_goat_run_batch to 2026-08-04 18:00:00+00:00, run_after=2026-08-05 18:00:00+00:00
[2026-08-04T18:40:01.891+0000] {processor.py:183} INFO - Processing /opt/airflow/dags/sports_goat_pipeline.py took 0.175 seconds
[2026-08-04T18:40:32.327+0000] {processor.py:161} INFO - Started process (PID=84) to work on /opt/airflow/dags/sports_goat_pipeline.py
[2026-08-04T18:40:32.329+0000] {processor.py:830} INFO - Processing file /opt/airflow/dags/sports_goat_pipeline.py for tasks to queue
[2026-08-04T18:40:32.330+0000] {logging_mixin.py:188} INFO - [2026-08-04T18:40:32.330+0000] {dagbag.py:538} INFO - Filling up the DagBag from /opt/airflow/dags/sports_goat_pipeline.py
[2026-08-04T18:40:32.354+0000] {processor.py:840} INFO - DAG(s) '2_sports_goat_run_batch', '1_sports_goat_raw_to_clean' retrieved from /opt/airflow/dags/sports_goat_pipeline.py
[2026-08-04T18:40:32.399+0000] {logging_mixin.py:188} INFO - [2026-08-04T18:40:32.399+0000] {dag.py:3036} INFO - Sync 2 DAGs
[2026-08-04T18:40:32.448+0000] {logging_mixin.py:188} INFO - [2026-08-04T18:40:32.448+0000] {dag.py:3823} INFO - Setting next_dagrun for 1_sports_goat_raw_to_clean to 2026-08-04 17:45:00+00:00, run_after=2026-08-05 17:45:00+00:00
[2026-08-04T18:40:32.459+0000] {logging_mixin.py:188} INFO - [2026-08-04T18:40:32.459+0000] {dag.py:3823} INFO - Setting next_dagrun for 2_sports_goat_run_batch to 2026-08-04 18:00:00+00:00, run_after=2026-08-05 18:00:00+00:00
[2026-08-04T18:40:32.504+0000] {processor.py:183} INFO - Processing /opt/airflow/dags/sports_goat_pipeline.py took 0.183 seconds
[2026-08-04T18:41:02.923+0000] {processor.py:161} INFO - Started process (PID=85) to work on /opt/airflow/dags/sports_goat_pipeline.py
[2026-08-04T18:41:02.925+0000] {processor.py:830} INFO - Processing file /opt/airflow/dags/sports_goat_pipeline.py for tasks to queue
[2026-08-04T18:41:02.927+0000] {logging_mixin.py:188} INFO - [2026-08-04T18:41:02.926+0000] {dagbag.py:538} INFO - Filling up the DagBag from /opt/airflow/dags/sports_goat_pipeline.py
[2026-08-04T18:41:02.950+0000] {processor.py:840} INFO - DAG(s) '2_sports_goat_run_batch', '1_sports_goat_raw_to_clean' retrieved from /opt/airflow/dags/sports_goat_pipeline.py
[2026-08-04T18:41:02.985+0000] {logging_mixin.py:188} INFO - [2026-08-04T18:41:02.985+0000] {dag.py:3036} INFO - Sync 2 DAGs
[2026-08-04T18:41:03.016+0000] {logging_mixin.py:188} INFO - [2026-08-04T18:41:03.016+0000] {dag.py:3823} INFO - Setting next_dagrun for 1_sports_goat_raw_to_clean to 2026-08-04 17:45:00+00:00, run_after=2026-08-05 17:45:00+00:00
[2026-08-04T18:41:03.023+0000] {logging_mixin.py:188} INFO - [2026-08-04T18:41:03.022+0000] {dag.py:3823} INFO - Setting next_dagrun for 2_sports_goat_run_batch to 2026-08-04 18:00:00+00:00, run_after=2026-08-05 18:00:00+00:00
[2026-08-04T18:41:03.055+0000] {processor.py:183} INFO - Processing /opt/airflow/dags/sports_goat_pipeline.py took 0.137 seconds
[2026-08-04T18:41:33.501+0000] {processor.py:161} INFO - Started process (PID=86) to work on /opt/airflow/dags/sports_goat_pipeline.py
[2026-08-04T18:41:33.504+0000] {processor.py:830} INFO - Processing file /opt/airflow/dags/sports_goat_pipeline.py for tasks to queue
[2026-08-04T18:41:33.506+0000] {logging_mixin.py:188} INFO - [2026-08-04T18:41:33.505+0000] {dagbag.py:538} INFO - Filling up the DagBag from /opt/airflow/dags/sports_goat_pipeline.py
[2026-08-04T18:41:33.535+0000] {processor.py:840} INFO - DAG(s) '1_sports_goat_raw_to_clean', '2_sports_goat_run_batch' retrieved from /opt/airflow/dags/sports_goat_pipeline.py
[2026-08-04T18:41:33.576+0000] {logging_mixin.py:188} INFO - [2026-08-04T18:41:33.576+0000] {dag.py:3036} INFO - Sync 2 DAGs
[2026-08-04T18:41:33.614+0000] {logging_mixin.py:188} INFO - [2026-08-04T18:41:33.613+0000] {dag.py:3823} INFO - Setting next_dagrun for 1_sports_goat_raw_to_clean to 2026-08-04 17:45:00+00:00, run_after=2026-08-05 17:45:00+00:00
[2026-08-04T18:41:33.623+0000] {logging_mixin.py:188} INFO - [2026-08-04T18:41:33.623+0000] {dag.py:3823} INFO - Setting next_dagrun for 2_sports_goat_run_batch to 2026-08-04 18:00:00+00:00, run_after=2026-08-05 18:00:00+00:00
[2026-08-04T18:41:33.689+0000] {processor.py:183} INFO - Processing /opt/airflow/dags/sports_goat_pipeline.py took 0.195 seconds
[2026-08-04T18:42:04.197+0000] {processor.py:161} INFO - Started process (PID=87) to work on /opt/airflow/dags/sports_goat_pipeline.py
[2026-08-04T18:42:04.199+0000] {processor.py:830} INFO - Processing file /opt/airflow/dags/sports_goat_pipeline.py for tasks to queue
[2026-08-04T18:42:04.201+0000] {logging_mixin.py:188} INFO - [2026-08-04T18:42:04.201+0000] {dagbag.py:538} INFO - Filling up the DagBag from /opt/airflow/dags/sports_goat_pipeline.py
[2026-08-04T18:42:04.229+0000] {processor.py:840} INFO - DAG(s) '2_sports_goat_run_batch', '1_sports_goat_raw_to_clean' retrieved from /opt/airflow/dags/sports_goat_pipeline.py
[2026-08-04T18:42:04.270+0000] {logging_mixin.py:188} INFO - [2026-08-04T18:42:04.270+0000] {dag.py:3036} INFO - Sync 2 DAGs
[2026-08-04T18:42:04.315+0000] {logging_mixin.py:188} INFO - [2026-08-04T18:42:04.315+0000] {dag.py:3823} INFO - Setting next_dagrun for 1_sports_goat_raw_to_clean to 2026-08-04 17:45:00+00:00, run_after=2026-08-05 17:45:00+00:00
[2026-08-04T18:42:04.323+0000] {logging_mixin.py:188} INFO - [2026-08-04T18:42:04.323+0000] {dag.py:3823} INFO - Setting next_dagrun for 2_sports_goat_run_batch to 2026-08-04 18:00:00+00:00, run_after=2026-08-05 18:00:00+00:00
[2026-08-04T18:42:04.387+0000] {processor.py:183} INFO - Processing /opt/airflow/dags/sports_goat_pipeline.py took 0.202 seconds
[2026-08-04T18:42:34.836+0000] {processor.py:161} INFO - Started process (PID=88) to work on /opt/airflow/dags/sports_goat_pipeline.py
[2026-08-04T18:42:34.838+0000] {processor.py:830} INFO - Processing file /opt/airflow/dags/sports_goat_pipeline.py for tasks to queue
[2026-08-04T18:42:34.840+0000] {logging_mixin.py:188} INFO - [2026-08-04T18:42:34.839+0000] {dagbag.py:538} INFO - Filling up the DagBag from /opt/airflow/dags/sports_goat_pipeline.py
[2026-08-04T18:42:34.864+0000] {processor.py:840} INFO - DAG(s) '1_sports_goat_raw_to_clean', '2_sports_goat_run_batch' retrieved from /opt/airflow/dags/sports_goat_pipeline.py
[2026-08-04T18:42:34.896+0000] {logging_mixin.py:188} INFO - [2026-08-04T18:42:34.896+0000] {dag.py:3036} INFO - Sync 2 DAGs
[2026-08-04T18:42:34.925+0000] {logging_mixin.py:188} INFO - [2026-08-04T18:42:34.924+0000] {dag.py:3823} INFO - Setting next_dagrun for 1_sports_goat_raw_to_clean to 2026-08-04 17:45:00+00:00, run_after=2026-08-05 17:45:00+00:00
[2026-08-04T18:42:34.931+0000] {logging_mixin.py:188} INFO - [2026-08-04T18:42:34.931+0000] {dag.py:3823} INFO - Setting next_dagrun for 2_sports_goat_run_batch to 2026-08-04 18:00:00+00:00, run_after=2026-08-05 18:00:00+00:00
[2026-08-04T18:42:34.956+0000] {processor.py:183} INFO - Processing /opt/airflow/dags/sports_goat_pipeline.py took 0.124 seconds
[2026-08-04T18:43:05.395+0000] {processor.py:161} INFO - Started process (PID=89) to work on /opt/airflow/dags/sports_goat_pipeline.py
[2026-08-04T18:43:05.397+0000] {processor.py:830} INFO - Processing file /opt/airflow/dags/sports_goat_pipeline.py for tasks to queue
[2026-08-04T18:43:05.399+0000] {logging_mixin.py:188} INFO - [2026-08-04T18:43:05.398+0000] {dagbag.py:538} INFO - Filling up the DagBag from /opt/airflow/dags/sports_goat_pipeline.py
[2026-08-04T18:43:05.421+0000] {processor.py:840} INFO - DAG(s) '1_sports_goat_raw_to_clean', '2_sports_goat_run_batch' retrieved from /opt/airflow/dags/sports_goat_pipeline.py
[2026-08-04T18:43:05.451+0000] {logging_mixin.py:188} INFO - [2026-08-04T18:43:05.451+0000] {dag.py:3036} INFO - Sync 2 DAGs
[2026-08-04T18:43:05.478+0000] {logging_mixin.py:188} INFO - [2026-08-04T18:43:05.477+0000] {dag.py:3823} INFO - Setting next_dagrun for 1_sports_goat_raw_to_clean to 2026-08-04 17:45:00+00:00, run_after=2026-08-05 17:45:00+00:00
[2026-08-04T18:43:05.487+0000] {logging_mixin.py:188} INFO - [2026-08-04T18:43:05.487+0000] {dag.py:3823} INFO - Setting next_dagrun for 2_sports_goat_run_batch to 2026-08-04 18:00:00+00:00, run_after=2026-08-05 18:00:00+00:00
[2026-08-04T18:43:05.513+0000] {processor.py:183} INFO - Processing /opt/airflow/dags/sports_goat_pipeline.py took 0.124 seconds
[2026-08-04T18:43:35.782+0000] {processor.py:161} INFO - Started process (PID=90) to work on /opt/airflow/dags/sports_goat_pipeline.py
[2026-08-04T18:43:35.784+0000] {processor.py:830} INFO - Processing file /opt/airflow/dags/sports_goat_pipeline.py for tasks to queue
[2026-08-04T18:43:35.786+0000] {logging_mixin.py:188} INFO - [2026-08-04T18:43:35.786+0000] {dagbag.py:538} INFO - Filling up the DagBag from /opt/airflow/dags/sports_goat_pipeline.py
[2026-08-04T18:43:35.808+0000] {processor.py:840} INFO - DAG(s) '1_sports_goat_raw_to_clean', '2_sports_goat_run_batch' retrieved from /opt/airflow/dags/sports_goat_pipeline.py
[2026-08-04T18:43:35.842+0000] {logging_mixin.py:188} INFO - [2026-08-04T18:43:35.841+0000] {dag.py:3036} INFO - Sync 2 DAGs
[2026-08-04T18:43:35.878+0000] {logging_mixin.py:188} INFO - [2026-08-04T18:43:35.878+0000] {dag.py:3823} INFO - Setting next_dagrun for 1_sports_goat_raw_to_clean to 2026-08-04 17:45:00+00:00, run_after=2026-08-05 17:45:00+00:00
[2026-08-04T18:43:35.888+0000] {logging_mixin.py:188} INFO - [2026-08-04T18:43:35.888+0000] {dag.py:3823} INFO - Setting next_dagrun for 2_sports_goat_run_batch to 2026-08-04 18:00:00+00:00, run_after=2026-08-05 18:00:00+00:00
[2026-08-04T18:43:35.918+0000] {processor.py:183} INFO - Processing /opt/airflow/dags/sports_goat_pipeline.py took 0.141 seconds
[2026-08-04T18:44:06.270+0000] {processor.py:161} INFO - Started process (PID=91) to work on /opt/airflow/dags/sports_goat_pipeline.py
[2026-08-04T18:44:06.272+0000] {processor.py:830} INFO - Processing file /opt/airflow/dags/sports_goat_pipeline.py for tasks to queue
[2026-08-04T18:44:06.273+0000] {logging_mixin.py:188} INFO - [2026-08-04T18:44:06.272+0000] {dagbag.py:538} INFO - Filling up the DagBag from /opt/airflow/dags/sports_goat_pipeline.py
[2026-08-04T18:44:06.294+0000] {processor.py:840} INFO - DAG(s) '1_sports_goat_raw_to_clean', '2_sports_goat_run_batch' retrieved from /opt/airflow/dags/sports_goat_pipeline.py
[2026-08-04T18:44:06.326+0000] {logging_mixin.py:188} INFO - [2026-08-04T18:44:06.325+0000] {dag.py:3036} INFO - Sync 2 DAGs
[2026-08-04T18:44:06.360+0000] {logging_mixin.py:188} INFO - [2026-08-04T18:44:06.359+0000] {dag.py:3823} INFO - Setting next_dagrun for 1_sports_goat_raw_to_clean to 2026-08-04 17:45:00+00:00, run_after=2026-08-05 17:45:00+00:00
[2026-08-04T18:44:06.368+0000] {logging_mixin.py:188} INFO - [2026-08-04T18:44:06.368+0000] {dag.py:3823} INFO - Setting next_dagrun for 2_sports_goat_run_batch to 2026-08-04 18:00:00+00:00, run_after=2026-08-05 18:00:00+00:00
[2026-08-04T18:44:06.396+0000] {processor.py:183} INFO - Processing /opt/airflow/dags/sports_goat_pipeline.py took 0.132 seconds
[2026-08-04T18:44:36.863+0000] {processor.py:161} INFO - Started process (PID=92) to work on /opt/airflow/dags/sports_goat_pipeline.py
[2026-08-04T18:44:36.894+0000] {processor.py:830} INFO - Processing file /opt/airflow/dags/sports_goat_pipeline.py for tasks to queue
[2026-08-04T18:44:36.912+0000] {logging_mixin.py:188} INFO - [2026-08-04T18:44:36.906+0000] {dagbag.py:538} INFO - Filling up the DagBag from /opt/airflow/dags/sports_goat_pipeline.py
[2026-08-04T18:44:37.074+0000] {processor.py:840} INFO - DAG(s) '1_sports_goat_raw_to_clean', '2_sports_goat_run_batch' retrieved from /opt/airflow/dags/sports_goat_pipeline.py
[2026-08-04T18:44:37.150+0000] {logging_mixin.py:188} INFO - [2026-08-04T18:44:37.149+0000] {dag.py:3036} INFO - Sync 2 DAGs
[2026-08-04T18:44:37.208+0000] {logging_mixin.py:188} INFO - [2026-08-04T18:44:37.207+0000] {dag.py:3823} INFO - Setting next_dagrun for 1_sports_goat_raw_to_clean to 2026-08-04 17:45:00+00:00, run_after=2026-08-05 17:45:00+00:00
[2026-08-04T18:44:37.227+0000] {logging_mixin.py:188} INFO - [2026-08-04T18:44:37.227+0000] {dag.py:3823} INFO - Setting next_dagrun for 2_sports_goat_run_batch to 2026-08-04 18:00:00+00:00, run_after=2026-08-05 18:00:00+00:00
[2026-08-04T18:44:37.275+0000] {processor.py:183} INFO - Processing /opt/airflow/dags/sports_goat_pipeline.py took 0.461 seconds
[2026-08-04T18:45:07.398+0000] {processor.py:161} INFO - Started process (PID=93) to work on /opt/airflow/dags/sports_goat_pipeline.py
[2026-08-04T18:45:07.400+0000] {processor.py:830} INFO - Processing file /opt/airflow/dags/sports_goat_pipeline.py for tasks to queue
[2026-08-04T18:45:07.401+0000] {logging_mixin.py:188} INFO - [2026-08-04T18:45:07.401+0000] {dagbag.py:538} INFO - Filling up the DagBag from /opt/airflow/dags/sports_goat_pipeline.py
[2026-08-04T18:45:07.424+0000] {processor.py:840} INFO - DAG(s) '1_sports_goat_raw_to_clean', '2_sports_goat_run_batch' retrieved from /opt/airflow/dags/sports_goat_pipeline.py
[2026-08-04T18:45:07.457+0000] {logging_mixin.py:188} INFO - [2026-08-04T18:45:07.457+0000] {dag.py:3036} INFO - Sync 2 DAGs
[2026-08-04T18:45:07.490+0000] {logging_mixin.py:188} INFO - [2026-08-04T18:45:07.489+0000] {dag.py:3823} INFO - Setting next_dagrun for 1_sports_goat_raw_to_clean to 2026-08-04 17:45:00+00:00, run_after=2026-08-05 17:45:00+00:00
[2026-08-04T18:45:07.497+0000] {logging_mixin.py:188} INFO - [2026-08-04T18:45:07.496+0000] {dag.py:3823} INFO - Setting next_dagrun for 2_sports_goat_run_batch to 2026-08-04 18:00:00+00:00, run_after=2026-08-05 18:00:00+00:00
[2026-08-04T18:45:07.543+0000] {processor.py:183} INFO - Processing /opt/airflow/dags/sports_goat_pipeline.py took 0.150 seconds
[2026-08-04T18:45:37.826+0000] {processor.py:161} INFO - Started process (PID=94) to work on /opt/airflow/dags/sports_goat_pipeline.py
[2026-08-04T18:45:37.828+0000] {processor.py:830} INFO - Processing file /opt/airflow/dags/sports_goat_pipeline.py for tasks to queue
[2026-08-04T18:45:37.834+0000] {logging_mixin.py:188} INFO - [2026-08-04T18:45:37.834+0000] {dagbag.py:538} INFO - Filling up the DagBag from /opt/airflow/dags/sports_goat_pipeline.py
[2026-08-04T18:45:37.877+0000] {processor.py:840} INFO - DAG(s) '1_sports_goat_raw_to_clean', '2_sports_goat_run_batch' retrieved from /opt/airflow/dags/sports_goat_pipeline.py
[2026-08-04T18:45:37.943+0000] {logging_mixin.py:188} INFO - [2026-08-04T18:45:37.943+0000] {dag.py:3036} INFO - Sync 2 DAGs
[2026-08-04T18:45:38.040+0000] {logging_mixin.py:188} INFO - [2026-08-04T18:45:38.039+0000] {dag.py:3823} INFO - Setting next_dagrun for 1_sports_goat_raw_to_clean to 2026-08-04 17:45:00+00:00, run_after=2026-08-05 17:45:00+00:00
[2026-08-04T18:45:38.049+0000] {logging_mixin.py:188} INFO - [2026-08-04T18:45:38.049+0000] {dag.py:3823} INFO - Setting next_dagrun for 2_sports_goat_run_batch to 2026-08-04 18:00:00+00:00, run_after=2026-08-05 18:00:00+00:00
[2026-08-04T18:45:38.094+0000] {processor.py:183} INFO - Processing /opt/airflow/dags/sports_goat_pipeline.py took 0.277 seconds
[2026-08-04T18:46:08.286+0000] {processor.py:161} INFO - Started process (PID=95) to work on /opt/airflow/dags/sports_goat_pipeline.py
[2026-08-04T18:46:08.288+0000] {processor.py:830} INFO - Processing file /opt/airflow/dags/sports_goat_pipeline.py for tasks to queue
[2026-08-04T18:46:08.291+0000] {logging_mixin.py:188} INFO - [2026-08-04T18:46:08.290+0000] {dagbag.py:538} INFO - Filling up the DagBag from /opt/airflow/dags/sports_goat_pipeline.py
[2026-08-04T18:46:08.327+0000] {processor.py:840} INFO - DAG(s) '2_sports_goat_run_batch', '1_sports_goat_raw_to_clean' retrieved from /opt/airflow/dags/sports_goat_pipeline.py
[2026-08-04T18:46:08.389+0000] {logging_mixin.py:188} INFO - [2026-08-04T18:46:08.389+0000] {dag.py:3036} INFO - Sync 2 DAGs
[2026-08-04T18:46:08.453+0000] {logging_mixin.py:188} INFO - [2026-08-04T18:46:08.453+0000] {dag.py:3823} INFO - Setting next_dagrun for 1_sports_goat_raw_to_clean to 2026-08-04 17:45:00+00:00, run_after=2026-08-05 17:45:00+00:00
[2026-08-04T18:46:08.466+0000] {logging_mixin.py:188} INFO - [2026-08-04T18:46:08.466+0000] {dag.py:3823} INFO - Setting next_dagrun for 2_sports_goat_run_batch to 2026-08-04 18:00:00+00:00, run_after=2026-08-05 18:00:00+00:00
[2026-08-04T18:46:08.516+0000] {processor.py:183} INFO - Processing /opt/airflow/dags/sports_goat_pipeline.py took 0.238 seconds
[2026-08-04T18:46:38.738+0000] {processor.py:161} INFO - Started process (PID=96) to work on /opt/airflow/dags/sports_goat_pipeline.py
[2026-08-04T18:46:38.741+0000] {processor.py:830} INFO - Processing file /opt/airflow/dags/sports_goat_pipeline.py for tasks to queue
[2026-08-04T18:46:38.742+0000] {logging_mixin.py:188} INFO - [2026-08-04T18:46:38.742+0000] {dagbag.py:538} INFO - Filling up the DagBag from /opt/airflow/dags/sports_goat_pipeline.py
[2026-08-04T18:46:38.765+0000] {processor.py:840} INFO - DAG(s) '1_sports_goat_raw_to_clean', '2_sports_goat_run_batch' retrieved from /opt/airflow/dags/sports_goat_pipeline.py
[2026-08-04T18:46:38.800+0000] {logging_mixin.py:188} INFO - [2026-08-04T18:46:38.800+0000] {dag.py:3036} INFO - Sync 2 DAGs
[2026-08-04T18:46:38.834+0000] {logging_mixin.py:188} INFO - [2026-08-04T18:46:38.833+0000] {dag.py:3823} INFO - Setting next_dagrun for 1_sports_goat_raw_to_clean to 2026-08-04 17:45:00+00:00, run_after=2026-08-05 17:45:00+00:00
[2026-08-04T18:46:38.842+0000] {logging_mixin.py:188} INFO - [2026-08-04T18:46:38.842+0000] {dag.py:3823} INFO - Setting next_dagrun for 2_sports_goat_run_batch to 2026-08-04 18:00:00+00:00, run_after=2026-08-05 18:00:00+00:00
[2026-08-04T18:46:38.870+0000] {processor.py:183} INFO - Processing /opt/airflow/dags/sports_goat_pipeline.py took 0.136 seconds
[2026-08-04T18:47:09.088+0000] {processor.py:161} INFO - Started process (PID=97) to work on /opt/airflow/dags/sports_goat_pipeline.py
[2026-08-04T18:47:09.091+0000] {processor.py:830} INFO - Processing file /opt/airflow/dags/sports_goat_pipeline.py for tasks to queue
[2026-08-04T18:47:09.094+0000] {logging_mixin.py:188} INFO - [2026-08-04T18:47:09.093+0000] {dagbag.py:538} INFO - Filling up the DagBag from /opt/airflow/dags/sports_goat_pipeline.py
[2026-08-04T18:47:09.128+0000] {processor.py:840} INFO - DAG(s) '1_sports_goat_raw_to_clean', '2_sports_goat_run_batch' retrieved from /opt/airflow/dags/sports_goat_pipeline.py
[2026-08-04T18:47:09.174+0000] {logging_mixin.py:188} INFO - [2026-08-04T18:47:09.173+0000] {dag.py:3036} INFO - Sync 2 DAGs
[2026-08-04T18:47:09.217+0000] {logging_mixin.py:188} INFO - [2026-08-04T18:47:09.217+0000] {dag.py:3823} INFO - Setting next_dagrun for 1_sports_goat_raw_to_clean to 2026-08-04 17:45:00+00:00, run_after=2026-08-05 17:45:00+00:00
[2026-08-04T18:47:09.227+0000] {logging_mixin.py:188} INFO - [2026-08-04T18:47:09.227+0000] {dag.py:3823} INFO - Setting next_dagrun for 2_sports_goat_run_batch to 2026-08-04 18:00:00+00:00, run_after=2026-08-05 18:00:00+00:00
[2026-08-04T18:47:09.270+0000] {processor.py:183} INFO - Processing /opt/airflow/dags/sports_goat_pipeline.py took 0.190 seconds
[2026-08-04T18:47:39.573+0000] {processor.py:161} INFO - Started process (PID=98) to work on /opt/airflow/dags/sports_goat_pipeline.py
[2026-08-04T18:47:39.575+0000] {processor.py:830} INFO - Processing file /opt/airflow/dags/sports_goat_pipeline.py for tasks to queue
[2026-08-04T18:47:39.576+0000] {logging_mixin.py:188} INFO - [2026-08-04T18:47:39.576+0000] {dagbag.py:538} INFO - Filling up the DagBag from /opt/airflow/dags/sports_goat_pipeline.py
[2026-08-04T18:47:39.596+0000] {processor.py:840} INFO - DAG(s) '1_sports_goat_raw_to_clean', '2_sports_goat_run_batch' retrieved from /opt/airflow/dags/sports_goat_pipeline.py
[2026-08-04T18:47:39.627+0000] {logging_mixin.py:188} INFO - [2026-08-04T18:47:39.626+0000] {dag.py:3036} INFO - Sync 2 DAGs
[2026-08-04T18:47:39.654+0000] {logging_mixin.py:188} INFO - [2026-08-04T18:47:39.654+0000] {dag.py:3823} INFO - Setting next_dagrun for 1_sports_goat_raw_to_clean to 2026-08-04 17:45:00+00:00, run_after=2026-08-05 17:45:00+00:00
[2026-08-04T18:47:39.661+0000] {logging_mixin.py:188} INFO - [2026-08-04T18:47:39.661+0000] {dag.py:3823} INFO - Setting next_dagrun for 2_sports_goat_run_batch to 2026-08-04 18:00:00+00:00, run_after=2026-08-05 18:00:00+00:00
[2026-08-04T18:47:39.684+0000] {processor.py:183} INFO - Processing /opt/airflow/dags/sports_goat_pipeline.py took 0.115 seconds
[2026-08-04T18:48:09.972+0000] {processor.py:161} INFO - Started process (PID=99) to work on /opt/airflow/dags/sports_goat_pipeline.py
[2026-08-04T18:48:09.976+0000] {processor.py:830} INFO - Processing file /opt/airflow/dags/sports_goat_pipeline.py for tasks to queue
[2026-08-04T18:48:09.979+0000] {logging_mixin.py:188} INFO - [2026-08-04T18:48:09.978+0000] {dagbag.py:538} INFO - Filling up the DagBag from /opt/airflow/dags/sports_goat_pipeline.py
[2026-08-04T18:48:10.019+0000] {processor.py:840} INFO - DAG(s) '2_sports_goat_run_batch', '1_sports_goat_raw_to_clean' retrieved from /opt/airflow/dags/sports_goat_pipeline.py
[2026-08-04T18:48:10.077+0000] {logging_mixin.py:188} INFO - [2026-08-04T18:48:10.077+0000] {dag.py:3036} INFO - Sync 2 DAGs
[2026-08-04T18:48:10.138+0000] {logging_mixin.py:188} INFO - [2026-08-04T18:48:10.138+0000] {dag.py:3823} INFO - Setting next_dagrun for 1_sports_goat_raw_to_clean to 2026-08-04 17:45:00+00:00, run_after=2026-08-05 17:45:00+00:00
[2026-08-04T18:48:10.150+0000] {logging_mixin.py:188} INFO - [2026-08-04T18:48:10.149+0000] {dag.py:3823} INFO - Setting next_dagrun for 2_sports_goat_run_batch to 2026-08-04 18:00:00+00:00, run_after=2026-08-05 18:00:00+00:00
[2026-08-04T18:48:10.196+0000] {processor.py:183} INFO - Processing /opt/airflow/dags/sports_goat_pipeline.py took 0.238 seconds
[2026-08-04T18:48:40.369+0000] {processor.py:161} INFO - Started process (PID=100) to work on /opt/airflow/dags/sports_goat_pipeline.py
[2026-08-04T18:48:40.370+0000] {processor.py:830} INFO - Processing file /opt/airflow/dags/sports_goat_pipeline.py for tasks to queue
[2026-08-04T18:48:40.372+0000] {logging_mixin.py:188} INFO - [2026-08-04T18:48:40.372+0000] {dagbag.py:538} INFO - Filling up the DagBag from /opt/airflow/dags/sports_goat_pipeline.py
[2026-08-04T18:48:40.396+0000] {processor.py:840} INFO - DAG(s) '2_sports_goat_run_batch', '1_sports_goat_raw_to_clean' retrieved from /opt/airflow/dags/sports_goat_pipeline.py
[2026-08-04T18:48:40.434+0000] {logging_mixin.py:188} INFO - [2026-08-04T18:48:40.434+0000] {dag.py:3036} INFO - Sync 2 DAGs
[2026-08-04T18:48:40.472+0000] {logging_mixin.py:188} INFO - [2026-08-04T18:48:40.472+0000] {dag.py:3823} INFO - Setting next_dagrun for 1_sports_goat_raw_to_clean to 2026-08-04 17:45:00+00:00, run_after=2026-08-05 17:45:00+00:00
[2026-08-04T18:48:40.481+0000] {logging_mixin.py:188} INFO - [2026-08-04T18:48:40.481+0000] {dag.py:3823} INFO - Setting next_dagrun for 2_sports_goat_run_batch to 2026-08-04 18:00:00+00:00, run_after=2026-08-05 18:00:00+00:00
[2026-08-04T18:48:40.522+0000] {processor.py:183} INFO - Processing /opt/airflow/dags/sports_goat_pipeline.py took 0.158 seconds
[2026-08-04T18:49:10.741+0000] {processor.py:161} INFO - Started process (PID=101) to work on /opt/airflow/dags/sports_goat_pipeline.py
[2026-08-04T18:49:10.744+0000] {processor.py:830} INFO - Processing file /opt/airflow/dags/sports_goat_pipeline.py for tasks to queue
[2026-08-04T18:49:10.758+0000] {logging_mixin.py:188} INFO - [2026-08-04T18:49:10.748+0000] {dagbag.py:538} INFO - Filling up the DagBag from /opt/airflow/dags/sports_goat_pipeline.py
[2026-08-04T18:49:10.862+0000] {processor.py:840} INFO - DAG(s) '1_sports_goat_raw_to_clean', '2_sports_goat_run_batch' retrieved from /opt/airflow/dags/sports_goat_pipeline.py
[2026-08-04T18:49:11.134+0000] {logging_mixin.py:188} INFO - [2026-08-04T18:49:11.133+0000] {dag.py:3036} INFO - Sync 2 DAGs
[2026-08-04T18:49:11.508+0000] {logging_mixin.py:188} INFO - [2026-08-04T18:49:11.507+0000] {dag.py:3823} INFO - Setting next_dagrun for 1_sports_goat_raw_to_clean to 2026-08-04 17:45:00+00:00, run_after=2026-08-05 17:45:00+00:00
[2026-08-04T18:49:11.532+0000] {logging_mixin.py:188} INFO - [2026-08-04T18:49:11.529+0000] {dag.py:3823} INFO - Setting next_dagrun for 2_sports_goat_run_batch to 2026-08-04 18:00:00+00:00, run_after=2026-08-05 18:00:00+00:00
[2026-08-04T18:49:11.608+0000] {processor.py:183} INFO - Processing /opt/airflow/dags/sports_goat_pipeline.py took 0.894 seconds
[2026-08-04T18:49:41.902+0000] {processor.py:161} INFO - Started process (PID=102) to work on /opt/airflow/dags/sports_goat_pipeline.py
[2026-08-04T18:49:41.913+0000] {processor.py:830} INFO - Processing file /opt/airflow/dags/sports_goat_pipeline.py for tasks to queue
[2026-08-04T18:49:41.927+0000] {logging_mixin.py:188} INFO - [2026-08-04T18:49:41.921+0000] {dagbag.py:538} INFO - Filling up the DagBag from /opt/airflow/dags/sports_goat_pipeline.py
[2026-08-04T18:49:42.059+0000] {processor.py:840} INFO - DAG(s) '1_sports_goat_raw_to_clean', '2_sports_goat_run_batch' retrieved from /opt/airflow/dags/sports_goat_pipeline.py
[2026-08-04T18:49:42.150+0000] {logging_mixin.py:188} INFO - [2026-08-04T18:49:42.149+0000] {dag.py:3036} INFO - Sync 2 DAGs
[2026-08-04T18:49:42.243+0000] {logging_mixin.py:188} INFO - [2026-08-04T18:49:42.243+0000] {dag.py:3823} INFO - Setting next_dagrun for 1_sports_goat_raw_to_clean to 2026-08-04 17:45:00+00:00, run_after=2026-08-05 17:45:00+00:00
[2026-08-04T18:49:42.251+0000] {logging_mixin.py:188} INFO - [2026-08-04T18:49:42.251+0000] {dag.py:3823} INFO - Setting next_dagrun for 2_sports_goat_run_batch to 2026-08-04 18:00:00+00:00, run_after=2026-08-05 18:00:00+00:00
[2026-08-04T18:49:42.294+0000] {processor.py:183} INFO - Processing /opt/airflow/dags/sports_goat_pipeline.py took 0.418 seconds
[2026-08-04T18:50:12.500+0000] {processor.py:161} INFO - Started process (PID=103) to work on /opt/airflow/dags/sports_goat_pipeline.py
[2026-08-04T18:50:12.501+0000] {processor.py:830} INFO - Processing file /opt/airflow/dags/sports_goat_pipeline.py for tasks to queue
[2026-08-04T18:50:12.503+0000] {logging_mixin.py:188} INFO - [2026-08-04T18:50:12.503+0000] {dagbag.py:538} INFO - Filling up the DagBag from /opt/airflow/dags/sports_goat_pipeline.py
[2026-08-04T18:50:12.525+0000] {processor.py:840} INFO - DAG(s) '1_sports_goat_raw_to_clean', '2_sports_goat_run_batch' retrieved from /opt/airflow/dags/sports_goat_pipeline.py
[2026-08-04T18:50:12.567+0000] {logging_mixin.py:188} INFO - [2026-08-04T18:50:12.566+0000] {dag.py:3036} INFO - Sync 2 DAGs
[2026-08-04T18:50:12.618+0000] {logging_mixin.py:188} INFO - [2026-08-04T18:50:12.617+0000] {dag.py:3823} INFO - Setting next_dagrun for 1_sports_goat_raw_to_clean to 2026-08-04 17:45:00+00:00, run_after=2026-08-05 17:45:00+00:00
[2026-08-04T18:50:12.625+0000] {logging_mixin.py:188} INFO - [2026-08-04T18:50:12.625+0000] {dag.py:3823} INFO - Setting next_dagrun for 2_sports_goat_run_batch to 2026-08-04 18:00:00+00:00, run_after=2026-08-05 18:00:00+00:00
[2026-08-04T18:50:12.689+0000] {processor.py:183} INFO - Processing /opt/airflow/dags/sports_goat_pipeline.py took 0.194 seconds
[2026-08-04T18:50:42.855+0000] {processor.py:161} INFO - Started process (PID=104) to work on /opt/airflow/dags/sports_goat_pipeline.py
[2026-08-04T18:50:42.857+0000] {processor.py:830} INFO - Processing file /opt/airflow/dags/sports_goat_pipeline.py for tasks to queue
[2026-08-04T18:50:42.858+0000] {logging_mixin.py:188} INFO - [2026-08-04T18:50:42.858+0000] {dagbag.py:538} INFO - Filling up the DagBag from /opt/airflow/dags/sports_goat_pipeline.py
[2026-08-04T18:50:42.878+0000] {processor.py:840} INFO - DAG(s) '1_sports_goat_raw_to_clean', '2_sports_goat_run_batch' retrieved from /opt/airflow/dags/sports_goat_pipeline.py
[2026-08-04T18:50:42.921+0000] {logging_mixin.py:188} INFO - [2026-08-04T18:50:42.921+0000] {dag.py:3036} INFO - Sync 2 DAGs
[2026-08-04T18:50:42.955+0000] {logging_mixin.py:188} INFO - [2026-08-04T18:50:42.955+0000] {dag.py:3823} INFO - Setting next_dagrun for 1_sports_goat_raw_to_clean to 2026-08-04 17:45:00+00:00, run_after=2026-08-05 17:45:00+00:00
[2026-08-04T18:50:42.963+0000] {logging_mixin.py:188} INFO - [2026-08-04T18:50:42.963+0000] {dag.py:3823} INFO - Setting next_dagrun for 2_sports_goat_run_batch to 2026-08-04 18:00:00+00:00, run_after=2026-08-05 18:00:00+00:00
[2026-08-04T18:50:42.997+0000] {processor.py:183} INFO - Processing /opt/airflow/dags/sports_goat_pipeline.py took 0.151 seconds
[2026-08-04T18:51:13.160+0000] {processor.py:161} INFO - Started process (PID=105) to work on /opt/airflow/dags/sports_goat_pipeline.py
[2026-08-04T18:51:13.162+0000] {processor.py:830} INFO - Processing file /opt/airflow/dags/sports_goat_pipeline.py for tasks to queue
[2026-08-04T18:51:13.164+0000] {logging_mixin.py:188} INFO - [2026-08-04T18:51:13.163+0000] {dagbag.py:538} INFO - Filling up the DagBag from /opt/airflow/dags/sports_goat_pipeline.py
[2026-08-04T18:51:13.183+0000] {processor.py:840} INFO - DAG(s) '1_sports_goat_raw_to_clean', '2_sports_goat_run_batch' retrieved from /opt/airflow/dags/sports_goat_pipeline.py
[2026-08-04T18:51:13.214+0000] {logging_mixin.py:188} INFO - [2026-08-04T18:51:13.213+0000] {dag.py:3036} INFO - Sync 2 DAGs
[2026-08-04T18:51:13.240+0000] {logging_mixin.py:188} INFO - [2026-08-04T18:51:13.239+0000] {dag.py:3823} INFO - Setting next_dagrun for 1_sports_goat_raw_to_clean to 2026-08-04 17:45:00+00:00, run_after=2026-08-05 17:45:00+00:00
[2026-08-04T18:51:13.245+0000] {logging_mixin.py:188} INFO - [2026-08-04T18:51:13.245+0000] {dag.py:3823} INFO - Setting next_dagrun for 2_sports_goat_run_batch to 2026-08-04 18:00:00+00:00, run_after=2026-08-05 18:00:00+00:00
[2026-08-04T18:51:13.273+0000] {processor.py:183} INFO - Processing /opt/airflow/dags/sports_goat_pipeline.py took 0.121 seconds
[2026-08-04T18:51:43.475+0000] {processor.py:161} INFO - Started process (PID=106) to work on /opt/airflow/dags/sports_goat_pipeline.py
[2026-08-04T18:51:43.478+0000] {processor.py:830} INFO - Processing file /opt/airflow/dags/sports_goat_pipeline.py for tasks to queue
[2026-08-04T18:51:43.480+0000] {logging_mixin.py:188} INFO - [2026-08-04T18:51:43.479+0000] {dagbag.py:538} INFO - Filling up the DagBag from /opt/airflow/dags/sports_goat_pipeline.py
[2026-08-04T18:51:43.504+0000] {processor.py:840} INFO - DAG(s) '2_sports_goat_run_batch', '1_sports_goat_raw_to_clean' retrieved from /opt/airflow/dags/sports_goat_pipeline.py
[2026-08-04T18:51:43.550+0000] {logging_mixin.py:188} INFO - [2026-08-04T18:51:43.550+0000] {dag.py:3036} INFO - Sync 2 DAGs
[2026-08-04T18:51:43.608+0000] {logging_mixin.py:188} INFO - [2026-08-04T18:51:43.607+0000] {dag.py:3823} INFO - Setting next_dagrun for 1_sports_goat_raw_to_clean to 2026-08-04 17:45:00+00:00, run_after=2026-08-05 17:45:00+00:00
[2026-08-04T18:51:43.627+0000] {logging_mixin.py:188} INFO - [2026-08-04T18:51:43.627+0000] {dag.py:3823} INFO - Setting next_dagrun for 2_sports_goat_run_batch to 2026-08-04 18:00:00+00:00, run_after=2026-08-05 18:00:00+00:00
[2026-08-04T18:51:43.673+0000] {processor.py:183} INFO - Processing /opt/airflow/dags/sports_goat_pipeline.py took 0.205 seconds
[2026-08-04T18:52:14.006+0000] {processor.py:161} INFO - Started process (PID=107) to work on /opt/airflow/dags/sports_goat_pipeline.py
[2026-08-04T18:52:14.008+0000] {processor.py:830} INFO - Processing file /opt/airflow/dags/sports_goat_pipeline.py for tasks to queue
[2026-08-04T18:52:14.010+0000] {logging_mixin.py:188} INFO - [2026-08-04T18:52:14.009+0000] {dagbag.py:538} INFO - Filling up the DagBag from /opt/airflow/dags/sports_goat_pipeline.py
[2026-08-04T18:52:14.038+0000] {processor.py:840} INFO - DAG(s) '1_sports_goat_raw_to_clean', '2_sports_goat_run_batch' retrieved from /opt/airflow/dags/sports_goat_pipeline.py
[2026-08-04T18:52:14.085+0000] {logging_mixin.py:188} INFO - [2026-08-04T18:52:14.085+0000] {dag.py:3036} INFO - Sync 2 DAGs
[2026-08-04T18:52:14.126+0000] {logging_mixin.py:188} INFO - [2026-08-04T18:52:14.125+0000] {dag.py:3823} INFO - Setting next_dagrun for 1_sports_goat_raw_to_clean to 2026-08-04 17:45:00+00:00, run_after=2026-08-05 17:45:00+00:00
[2026-08-04T18:52:14.135+0000] {logging_mixin.py:188} INFO - [2026-08-04T18:52:14.135+0000] {dag.py:3823} INFO - Setting next_dagrun for 2_sports_goat_run_batch to 2026-08-04 18:00:00+00:00, run_after=2026-08-05 18:00:00+00:00
[2026-08-04T18:52:14.165+0000] {processor.py:183} INFO - Processing /opt/airflow/dags/sports_goat_pipeline.py took 0.166 seconds
[2026-08-04T18:52:44.308+0000] {processor.py:161} INFO - Started process (PID=108) to work on /opt/airflow/dags/sports_goat_pipeline.py
[2026-08-04T18:52:44.310+0000] {processor.py:830} INFO - Processing file /opt/airflow/dags/sports_goat_pipeline.py for tasks to queue
[2026-08-04T18:52:44.312+0000] {logging_mixin.py:188} INFO - [2026-08-04T18:52:44.311+0000] {dagbag.py:538} INFO - Filling up the DagBag from /opt/airflow/dags/sports_goat_pipeline.py
[2026-08-04T18:52:44.339+0000] {processor.py:840} INFO - DAG(s) '2_sports_goat_run_batch', '1_sports_goat_raw_to_clean' retrieved from /opt/airflow/dags/sports_goat_pipeline.py
[2026-08-04T18:52:44.382+0000] {logging_mixin.py:188} INFO - [2026-08-04T18:52:44.381+0000] {dag.py:3036} INFO - Sync 2 DAGs
[2026-08-04T18:52:44.422+0000] {logging_mixin.py:188} INFO - [2026-08-04T18:52:44.421+0000] {dag.py:3823} INFO - Setting next_dagrun for 1_sports_goat_raw_to_clean to 2026-08-04 17:45:00+00:00, run_after=2026-08-05 17:45:00+00:00
[2026-08-04T18:52:44.434+0000] {logging_mixin.py:188} INFO - [2026-08-04T18:52:44.434+0000] {dag.py:3823} INFO - Setting next_dagrun for 2_sports_goat_run_batch to 2026-08-04 18:00:00+00:00, run_after=2026-08-05 18:00:00+00:00
[2026-08-04T18:52:44.470+0000] {processor.py:183} INFO - Processing /opt/airflow/dags/sports_goat_pipeline.py took 0.167 seconds
[2026-08-04T18:53:14.649+0000] {processor.py:161} INFO - Started process (PID=109) to work on /opt/airflow/dags/sports_goat_pipeline.py
[2026-08-04T18:53:14.651+0000] {processor.py:830} INFO - Processing file /opt/airflow/dags/sports_goat_pipeline.py for tasks to queue
[2026-08-04T18:53:14.653+0000] {logging_mixin.py:188} INFO - [2026-08-04T18:53:14.652+0000] {dagbag.py:538} INFO - Filling up the DagBag from /opt/airflow/dags/sports_goat_pipeline.py
[2026-08-04T18:53:14.672+0000] {processor.py:840} INFO - DAG(s) '1_sports_goat_raw_to_clean', '2_sports_goat_run_batch' retrieved from /opt/airflow/dags/sports_goat_pipeline.py
[2026-08-04T18:53:14.701+0000] {logging_mixin.py:188} INFO - [2026-08-04T18:53:14.701+0000] {dag.py:3036} INFO - Sync 2 DAGs
[2026-08-04T18:53:14.727+0000] {logging_mixin.py:188} INFO - [2026-08-04T18:53:14.727+0000] {dag.py:3823} INFO - Setting next_dagrun for 1_sports_goat_raw_to_clean to 2026-08-04 17:45:00+00:00, run_after=2026-08-05 17:45:00+00:00
[2026-08-04T18:53:14.733+0000] {logging_mixin.py:188} INFO - [2026-08-04T18:53:14.733+0000] {dag.py:3823} INFO - Setting next_dagrun for 2_sports_goat_run_batch to 2026-08-04 18:00:00+00:00, run_after=2026-08-05 18:00:00+00:00
[2026-08-04T18:53:14.758+0000] {processor.py:183} INFO - Processing /opt/airflow/dags/sports_goat_pipeline.py took 0.115 seconds
[2026-08-04T18:53:44.960+0000] {processor.py:161} INFO - Started process (PID=110) to work on /opt/airflow/dags/sports_goat_pipeline.py
[2026-08-04T18:53:44.962+0000] {processor.py:830} INFO - Processing file /opt/airflow/dags/sports_goat_pipeline.py for tasks to queue
[2026-08-04T18:53:44.964+0000] {logging_mixin.py:188} INFO - [2026-08-04T18:53:44.963+0000] {dagbag.py:538} INFO - Filling up the DagBag from /opt/airflow/dags/sports_goat_pipeline.py
[2026-08-04T18:53:45.006+0000] {processor.py:840} INFO - DAG(s) '2_sports_goat_run_batch', '1_sports_goat_raw_to_clean' retrieved from /opt/airflow/dags/sports_goat_pipeline.py
[2026-08-04T18:53:45.052+0000] {logging_mixin.py:188} INFO - [2026-08-04T18:53:45.052+0000] {dag.py:3036} INFO - Sync 2 DAGs
[2026-08-04T18:53:45.090+0000] {logging_mixin.py:188} INFO - [2026-08-04T18:53:45.090+0000] {dag.py:3823} INFO - Setting next_dagrun for 1_sports_goat_raw_to_clean to 2026-08-04 17:45:00+00:00, run_after=2026-08-05 17:45:00+00:00
[2026-08-04T18:53:45.098+0000] {logging_mixin.py:188} INFO - [2026-08-04T18:53:45.098+0000] {dag.py:3823} INFO - Setting next_dagrun for 2_sports_goat_run_batch to 2026-08-04 18:00:00+00:00, run_after=2026-08-05 18:00:00+00:00
[2026-08-04T18:53:45.126+0000] {processor.py:183} INFO - Processing /opt/airflow/dags/sports_goat_pipeline.py took 0.171 seconds
[2026-08-04T18:54:15.289+0000] {processor.py:161} INFO - Started process (PID=111) to work on /opt/airflow/dags/sports_goat_pipeline.py
[2026-08-04T18:54:15.292+0000] {processor.py:830} INFO - Processing file /opt/airflow/dags/sports_goat_pipeline.py for tasks to queue
[2026-08-04T18:54:15.294+0000] {logging_mixin.py:188} INFO - [2026-08-04T18:54:15.293+0000] {dagbag.py:538} INFO - Filling up the DagBag from /opt/airflow/dags/sports_goat_pipeline.py
[2026-08-04T18:54:15.347+0000] {processor.py:840} INFO - DAG(s) '2_sports_goat_run_batch', '1_sports_goat_raw_to_clean' retrieved from /opt/airflow/dags/sports_goat_pipeline.py
[2026-08-04T18:54:15.381+0000] {logging_mixin.py:188} INFO - [2026-08-04T18:54:15.380+0000] {dag.py:3036} INFO - Sync 2 DAGs
[2026-08-04T18:54:15.413+0000] {logging_mixin.py:188} INFO - [2026-08-04T18:54:15.413+0000] {dag.py:3823} INFO - Setting next_dagrun for 1_sports_goat_raw_to_clean to 2026-08-04 17:45:00+00:00, run_after=2026-08-05 17:45:00+00:00
[2026-08-04T18:54:15.421+0000] {logging_mixin.py:188} INFO - [2026-08-04T18:54:15.421+0000] {dag.py:3823} INFO - Setting next_dagrun for 2_sports_goat_run_batch to 2026-08-04 18:00:00+00:00, run_after=2026-08-05 18:00:00+00:00
[2026-08-04T18:54:15.451+0000] {processor.py:183} INFO - Processing /opt/airflow/dags/sports_goat_pipeline.py took 0.168 seconds
[2026-08-04T18:54:45.654+0000] {processor.py:161} INFO - Started process (PID=112) to work on /opt/airflow/dags/sports_goat_pipeline.py
[2026-08-04T18:54:45.655+0000] {processor.py:830} INFO - Processing file /opt/airflow/dags/sports_goat_pipeline.py for tasks to queue
[2026-08-04T18:54:45.657+0000] {logging_mixin.py:188} INFO - [2026-08-04T18:54:45.657+0000] {dagbag.py:538} INFO - Filling up the DagBag from /opt/airflow/dags/sports_goat_pipeline.py
[2026-08-04T18:54:45.683+0000] {processor.py:840} INFO - DAG(s) '1_sports_goat_raw_to_clean', '2_sports_goat_run_batch' retrieved from /opt/airflow/dags/sports_goat_pipeline.py
[2026-08-04T18:54:45.788+0000] {logging_mixin.py:188} INFO - [2026-08-04T18:54:45.787+0000] {dag.py:3036} INFO - Sync 2 DAGs
[2026-08-04T18:54:45.831+0000] {logging_mixin.py:188} INFO - [2026-08-04T18:54:45.831+0000] {dag.py:3823} INFO - Setting next_dagrun for 1_sports_goat_raw_to_clean to 2026-08-04 17:45:00+00:00, run_after=2026-08-05 17:45:00+00:00
[2026-08-04T18:54:45.842+0000] {logging_mixin.py:188} INFO - [2026-08-04T18:54:45.841+0000] {dag.py:3823} INFO - Setting next_dagrun for 2_sports_goat_run_batch to 2026-08-04 18:00:00+00:00, run_after=2026-08-05 18:00:00+00:00
[2026-08-04T18:54:45.875+0000] {processor.py:183} INFO - Processing /opt/airflow/dags/sports_goat_pipeline.py took 0.225 seconds
[2026-08-04T18:55:16.105+0000] {processor.py:161} INFO - Started process (PID=113) to work on /opt/airflow/dags/sports_goat_pipeline.py
[2026-08-04T18:55:16.108+0000] {processor.py:830} INFO - Processing file /opt/airflow/dags/sports_goat_pipeline.py for tasks to queue
[2026-08-04T18:55:16.110+0000] {logging_mixin.py:188} INFO - [2026-08-04T18:55:16.109+0000] {dagbag.py:538} INFO - Filling up the DagBag from /opt/airflow/dags/sports_goat_pipeline.py
[2026-08-04T18:55:16.134+0000] {processor.py:840} INFO - DAG(s) '1_sports_goat_raw_to_clean', '2_sports_goat_run_batch' retrieved from /opt/airflow/dags/sports_goat_pipeline.py
[2026-08-04T18:55:16.166+0000] {logging_mixin.py:188} INFO - [2026-08-04T18:55:16.166+0000] {dag.py:3036} INFO - Sync 2 DAGs
[2026-08-04T18:55:16.194+0000] {logging_mixin.py:188} INFO - [2026-08-04T18:55:16.193+0000] {dag.py:3823} INFO - Setting next_dagrun for 1_sports_goat_raw_to_clean to 2026-08-04 17:45:00+00:00, run_after=2026-08-05 17:45:00+00:00
[2026-08-04T18:55:16.200+0000] {logging_mixin.py:188} INFO - [2026-08-04T18:55:16.199+0000] {dag.py:3823} INFO - Setting next_dagrun for 2_sports_goat_run_batch to 2026-08-04 18:00:00+00:00, run_after=2026-08-05 18:00:00+00:00
[2026-08-04T18:55:16.227+0000] {processor.py:183} INFO - Processing /opt/airflow/dags/sports_goat_pipeline.py took 0.129 seconds
[2026-08-04T18:55:46.496+0000] {processor.py:161} INFO - Started process (PID=114) to work on /opt/airflow/dags/sports_goat_pipeline.py
[2026-08-04T18:55:46.498+0000] {processor.py:830} INFO - Processing file /opt/airflow/dags/sports_goat_pipeline.py for tasks to queue
[2026-08-04T18:55:46.500+0000] {logging_mixin.py:188} INFO - [2026-08-04T18:55:46.499+0000] {dagbag.py:538} INFO - Filling up the DagBag from /opt/airflow/dags/sports_goat_pipeline.py
[2026-08-04T18:55:46.547+0000] {processor.py:840} INFO - DAG(s) '2_sports_goat_run_batch', '1_sports_goat_raw_to_clean' retrieved from /opt/airflow/dags/sports_goat_pipeline.py
[2026-08-04T18:55:46.599+0000] {logging_mixin.py:188} INFO - [2026-08-04T18:55:46.598+0000] {dag.py:3036} INFO - Sync 2 DAGs
[2026-08-04T18:55:46.646+0000] {logging_mixin.py:188} INFO - [2026-08-04T18:55:46.645+0000] {dag.py:3823} INFO - Setting next_dagrun for 1_sports_goat_raw_to_clean to 2026-08-04 17:45:00+00:00, run_after=2026-08-05 17:45:00+00:00
[2026-08-04T18:55:46.661+0000] {logging_mixin.py:188} INFO - [2026-08-04T18:55:46.660+0000] {dag.py:3823} INFO - Setting next_dagrun for 2_sports_goat_run_batch to 2026-08-04 18:00:00+00:00, run_after=2026-08-05 18:00:00+00:00
[2026-08-04T18:55:46.700+0000] {processor.py:183} INFO - Processing /opt/airflow/dags/sports_goat_pipeline.py took 0.214 seconds
[2026-08-04T18:56:16.906+0000] {processor.py:161} INFO - Started process (PID=115) to work on /opt/airflow/dags/sports_goat_pipeline.py
[2026-08-04T18:56:16.908+0000] {processor.py:830} INFO - Processing file /opt/airflow/dags/sports_goat_pipeline.py for tasks to queue
[2026-08-04T18:56:16.910+0000] {logging_mixin.py:188} INFO - [2026-08-04T18:56:16.909+0000] {dagbag.py:538} INFO - Filling up the DagBag from /opt/airflow/dags/sports_goat_pipeline.py
[2026-08-04T18:56:16.931+0000] {processor.py:840} INFO - DAG(s) '1_sports_goat_raw_to_clean', '2_sports_goat_run_batch' retrieved from /opt/airflow/dags/sports_goat_pipeline.py
[2026-08-04T18:56:16.965+0000] {logging_mixin.py:188} INFO - [2026-08-04T18:56:16.965+0000] {dag.py:3036} INFO - Sync 2 DAGs
[2026-08-04T18:56:17.001+0000] {logging_mixin.py:188} INFO - [2026-08-04T18:56:17.001+0000] {dag.py:3823} INFO - Setting next_dagrun for 1_sports_goat_raw_to_clean to 2026-08-04 17:45:00+00:00, run_after=2026-08-05 17:45:00+00:00
[2026-08-04T18:56:17.009+0000] {logging_mixin.py:188} INFO - [2026-08-04T18:56:17.009+0000] {dag.py:3823} INFO - Setting next_dagrun for 2_sports_goat_run_batch to 2026-08-04 18:00:00+00:00, run_after=2026-08-05 18:00:00+00:00
[2026-08-04T18:56:17.039+0000] {processor.py:183} INFO - Processing /opt/airflow/dags/sports_goat_pipeline.py took 0.137 seconds
[2026-08-04T18:56:47.229+0000] {processor.py:161} INFO - Started process (PID=116) to work on /opt/airflow/dags/sports_goat_pipeline.py
[2026-08-04T18:56:47.234+0000] {processor.py:830} INFO - Processing file /opt/airflow/dags/sports_goat_pipeline.py for tasks to queue
[2026-08-04T18:56:47.237+0000] {logging_mixin.py:188} INFO - [2026-08-04T18:56:47.235+0000] {dagbag.py:538} INFO - Filling up the DagBag from /opt/airflow/dags/sports_goat_pipeline.py
[2026-08-04T18:56:47.256+0000] {processor.py:840} INFO - DAG(s) '2_sports_goat_run_batch', '1_sports_goat_raw_to_clean' retrieved from /opt/airflow/dags/sports_goat_pipeline.py
[2026-08-04T18:56:47.289+0000] {logging_mixin.py:188} INFO - [2026-08-04T18:56:47.288+0000] {dag.py:3036} INFO - Sync 2 DAGs
[2026-08-04T18:56:47.319+0000] {logging_mixin.py:188} INFO - [2026-08-04T18:56:47.319+0000] {dag.py:3823} INFO - Setting next_dagrun for 1_sports_goat_raw_to_clean to 2026-08-04 17:45:00+00:00, run_after=2026-08-05 17:45:00+00:00
[2026-08-04T18:56:47.325+0000] {logging_mixin.py:188} INFO - [2026-08-04T18:56:47.325+0000] {dag.py:3823} INFO - Setting next_dagrun for 2_sports_goat_run_batch to 2026-08-04 18:00:00+00:00, run_after=2026-08-05 18:00:00+00:00
[2026-08-04T18:56:47.350+0000] {processor.py:183} INFO - Processing /opt/airflow/dags/sports_goat_pipeline.py took 0.127 seconds
[2026-08-04T18:57:17.586+0000] {processor.py:161} INFO - Started process (PID=117) to work on /opt/airflow/dags/sports_goat_pipeline.py
[2026-08-04T18:57:17.587+0000] {processor.py:830} INFO - Processing file /opt/airflow/dags/sports_goat_pipeline.py for tasks to queue
[2026-08-04T18:57:17.589+0000] {logging_mixin.py:188} INFO - [2026-08-04T18:57:17.588+0000] {dagbag.py:538} INFO - Filling up the DagBag from /opt/airflow/dags/sports_goat_pipeline.py
[2026-08-04T18:57:17.675+0000] {processor.py:840} INFO - DAG(s) '1_sports_goat_raw_to_clean', '2_sports_goat_run_batch' retrieved from /opt/airflow/dags/sports_goat_pipeline.py
[2026-08-04T18:57:17.725+0000] {logging_mixin.py:188} INFO - [2026-08-04T18:57:17.725+0000] {dag.py:3036} INFO - Sync 2 DAGs
[2026-08-04T18:57:17.752+0000] {logging_mixin.py:188} INFO - [2026-08-04T18:57:17.751+0000] {dag.py:3823} INFO - Setting next_dagrun for 1_sports_goat_raw_to_clean to 2026-08-04 17:45:00+00:00, run_after=2026-08-05 17:45:00+00:00
[2026-08-04T18:57:17.758+0000] {logging_mixin.py:188} INFO - [2026-08-04T18:57:17.757+0000] {dag.py:3823} INFO - Setting next_dagrun for 2_sports_goat_run_batch to 2026-08-04 18:00:00+00:00, run_after=2026-08-05 18:00:00+00:00
[2026-08-04T18:57:17.780+0000] {processor.py:183} INFO - Processing /opt/airflow/dags/sports_goat_pipeline.py took 0.203 seconds
[2026-08-04T18:57:48.045+0000] {processor.py:161} INFO - Started process (PID=118) to work on /opt/airflow/dags/sports_goat_pipeline.py
[2026-08-04T18:57:48.049+0000] {processor.py:830} INFO - Processing file /opt/airflow/dags/sports_goat_pipeline.py for tasks to queue
[2026-08-04T18:57:48.053+0000] {logging_mixin.py:188} INFO - [2026-08-04T18:57:48.052+0000] {dagbag.py:538} INFO - Filling up the DagBag from /opt/airflow/dags/sports_goat_pipeline.py
[2026-08-04T18:57:48.109+0000] {processor.py:840} INFO - DAG(s) '2_sports_goat_run_batch', '1_sports_goat_raw_to_clean' retrieved from /opt/airflow/dags/sports_goat_pipeline.py
[2026-08-04T18:57:48.229+0000] {logging_mixin.py:188} INFO - [2026-08-04T18:57:48.226+0000] {dag.py:3036} INFO - Sync 2 DAGs
[2026-08-04T18:57:48.336+0000] {logging_mixin.py:188} INFO - [2026-08-04T18:57:48.335+0000] {dag.py:3823} INFO - Setting next_dagrun for 1_sports_goat_raw_to_clean to 2026-08-04 17:45:00+00:00, run_after=2026-08-05 17:45:00+00:00
[2026-08-04T18:57:48.344+0000] {logging_mixin.py:188} INFO - [2026-08-04T18:57:48.344+0000] {dag.py:3823} INFO - Setting next_dagrun for 2_sports_goat_run_batch to 2026-08-04 18:00:00+00:00, run_after=2026-08-05 18:00:00+00:00
[2026-08-04T18:57:48.389+0000] {processor.py:183} INFO - Processing /opt/airflow/dags/sports_goat_pipeline.py took 0.366 seconds
[2026-08-04T18:58:18.551+0000] {processor.py:161} INFO - Started process (PID=119) to work on /opt/airflow/dags/sports_goat_pipeline.py
[2026-08-04T18:58:18.553+0000] {processor.py:830} INFO - Processing file /opt/airflow/dags/sports_goat_pipeline.py for tasks to queue
[2026-08-04T18:58:18.555+0000] {logging_mixin.py:188} INFO - [2026-08-04T18:58:18.554+0000] {dagbag.py:538} INFO - Filling up the DagBag from /opt/airflow/dags/sports_goat_pipeline.py
[2026-08-04T18:58:18.579+0000] {processor.py:840} INFO - DAG(s) '1_sports_goat_raw_to_clean', '2_sports_goat_run_batch' retrieved from /opt/airflow/dags/sports_goat_pipeline.py
[2026-08-04T18:58:18.614+0000] {logging_mixin.py:188} INFO - [2026-08-04T18:58:18.614+0000] {dag.py:3036} INFO - Sync 2 DAGs
[2026-08-04T18:58:18.648+0000] {logging_mixin.py:188} INFO - [2026-08-04T18:58:18.648+0000] {dag.py:3823} INFO - Setting next_dagrun for 1_sports_goat_raw_to_clean to 2026-08-04 17:45:00+00:00, run_after=2026-08-05 17:45:00+00:00
[2026-08-04T18:58:18.655+0000] {logging_mixin.py:188} INFO - [2026-08-04T18:58:18.654+0000] {dag.py:3823} INFO - Setting next_dagrun for 2_sports_goat_run_batch to 2026-08-04 18:00:00+00:00, run_after=2026-08-05 18:00:00+00:00
[2026-08-04T18:58:18.688+0000] {processor.py:183} INFO - Processing /opt/airflow/dags/sports_goat_pipeline.py took 0.141 seconds
[2026-08-04T18:58:48.967+0000] {processor.py:161} INFO - Started process (PID=120) to work on /opt/airflow/dags/sports_goat_pipeline.py
[2026-08-04T18:58:48.969+0000] {processor.py:830} INFO - Processing file /opt/airflow/dags/sports_goat_pipeline.py for tasks to queue
[2026-08-04T18:58:48.970+0000] {logging_mixin.py:188} INFO - [2026-08-04T18:58:48.970+0000] {dagbag.py:538} INFO - Filling up the DagBag from /opt/airflow/dags/sports_goat_pipeline.py
[2026-08-04T18:58:48.992+0000] {processor.py:840} INFO - DAG(s) '2_sports_goat_run_batch', '1_sports_goat_raw_to_clean' retrieved from /opt/airflow/dags/sports_goat_pipeline.py
[2026-08-04T18:58:49.024+0000] {logging_mixin.py:188} INFO - [2026-08-04T18:58:49.024+0000] {dag.py:3036} INFO - Sync 2 DAGs
[2026-08-04T18:58:49.055+0000] {logging_mixin.py:188} INFO - [2026-08-04T18:58:49.055+0000] {dag.py:3823} INFO - Setting next_dagrun for 1_sports_goat_raw_to_clean to 2026-08-04 17:45:00+00:00, run_after=2026-08-05 17:45:00+00:00
[2026-08-04T18:58:49.064+0000] {logging_mixin.py:188} INFO - [2026-08-04T18:58:49.063+0000] {dag.py:3823} INFO - Setting next_dagrun for 2_sports_goat_run_batch to 2026-08-04 18:00:00+00:00, run_after=2026-08-05 18:00:00+00:00
[2026-08-04T18:58:49.091+0000] {processor.py:183} INFO - Processing /opt/airflow/dags/sports_goat_pipeline.py took 0.128 seconds
[2026-08-04T18:59:19.339+0000] {processor.py:161} INFO - Started process (PID=121) to work on /opt/airflow/dags/sports_goat_pipeline.py
[2026-08-04T18:59:19.341+0000] {processor.py:830} INFO - Processing file /opt/airflow/dags/sports_goat_pipeline.py for tasks to queue
[2026-08-04T18:59:19.343+0000] {logging_mixin.py:188} INFO - [2026-08-04T18:59:19.342+0000] {dagbag.py:538} INFO - Filling up the DagBag from /opt/airflow/dags/sports_goat_pipeline.py
[2026-08-04T18:59:19.367+0000] {processor.py:840} INFO - DAG(s) '1_sports_goat_raw_to_clean', '2_sports_goat_run_batch' retrieved from /opt/airflow/dags/sports_goat_pipeline.py
[2026-08-04T18:59:19.402+0000] {logging_mixin.py:188} INFO - [2026-08-04T18:59:19.402+0000] {dag.py:3036} INFO - Sync 2 DAGs
[2026-08-04T18:59:19.439+0000] {logging_mixin.py:188} INFO - [2026-08-04T18:59:19.439+0000] {dag.py:3823} INFO - Setting next_dagrun for 1_sports_goat_raw_to_clean to 2026-08-04 17:45:00+00:00, run_after=2026-08-05 17:45:00+00:00
[2026-08-04T18:59:19.446+0000] {logging_mixin.py:188} INFO - [2026-08-04T18:59:19.445+0000] {dag.py:3823} INFO - Setting next_dagrun for 2_sports_goat_run_batch to 2026-08-04 18:00:00+00:00, run_after=2026-08-05 18:00:00+00:00
[2026-08-04T18:59:19.470+0000] {processor.py:183} INFO - Processing /opt/airflow/dags/sports_goat_pipeline.py took 0.138 seconds
[2026-08-04T18:59:49.843+0000] {processor.py:161} INFO - Started process (PID=122) to work on /opt/airflow/dags/sports_goat_pipeline.py
[2026-08-04T18:59:49.869+0000] {processor.py:830} INFO - Processing file /opt/airflow/dags/sports_goat_pipeline.py for tasks to queue
[2026-08-04T18:59:49.874+0000] {logging_mixin.py:188} INFO - [2026-08-04T18:59:49.873+0000] {dagbag.py:538} INFO - Filling up the DagBag from /opt/airflow/dags/sports_goat_pipeline.py
[2026-08-04T18:59:49.950+0000] {processor.py:840} INFO - DAG(s) '1_sports_goat_raw_to_clean', '2_sports_goat_run_batch' retrieved from /opt/airflow/dags/sports_goat_pipeline.py
[2026-08-04T18:59:50.207+0000] {logging_mixin.py:188} INFO - [2026-08-04T18:59:50.206+0000] {dag.py:3036} INFO - Sync 2 DAGs
[2026-08-04T18:59:50.307+0000] {logging_mixin.py:188} INFO - [2026-08-04T18:59:50.306+0000] {dag.py:3823} INFO - Setting next_dagrun for 1_sports_goat_raw_to_clean to 2026-08-04 17:45:00+00:00, run_after=2026-08-05 17:45:00+00:00
[2026-08-04T18:59:50.317+0000] {logging_mixin.py:188} INFO - [2026-08-04T18:59:50.317+0000] {dag.py:3823} INFO - Setting next_dagrun for 2_sports_goat_run_batch to 2026-08-04 18:00:00+00:00, run_after=2026-08-05 18:00:00+00:00
[2026-08-04T18:59:50.345+0000] {processor.py:183} INFO - Processing /opt/airflow/dags/sports_goat_pipeline.py took 0.586 seconds
[2026-08-04T19:00:20.543+0000] {processor.py:161} INFO - Started process (PID=123) to work on /opt/airflow/dags/sports_goat_pipeline.py
[2026-08-04T19:00:20.545+0000] {processor.py:830} INFO - Processing file /opt/airflow/dags/sports_goat_pipeline.py for tasks to queue
[2026-08-04T19:00:20.547+0000] {logging_mixin.py:188} INFO - [2026-08-04T19:00:20.546+0000] {dagbag.py:538} INFO - Filling up the DagBag from /opt/airflow/dags/sports_goat_pipeline.py
[2026-08-04T19:00:20.572+0000] {processor.py:840} INFO - DAG(s) '2_sports_goat_run_batch', '1_sports_goat_raw_to_clean' retrieved from /opt/airflow/dags/sports_goat_pipeline.py
[2026-08-04T19:00:20.606+0000] {logging_mixin.py:188} INFO - [2026-08-04T19:00:20.606+0000] {dag.py:3036} INFO - Sync 2 DAGs
[2026-08-04T19:00:20.639+0000] {logging_mixin.py:188} INFO - [2026-08-04T19:00:20.639+0000] {dag.py:3823} INFO - Setting next_dagrun for 1_sports_goat_raw_to_clean to 2026-08-04 17:45:00+00:00, run_after=2026-08-05 17:45:00+00:00
[2026-08-04T19:00:20.648+0000] {logging_mixin.py:188} INFO - [2026-08-04T19:00:20.648+0000] {dag.py:3823} INFO - Setting next_dagrun for 2_sports_goat_run_batch to 2026-08-04 18:00:00+00:00, run_after=2026-08-05 18:00:00+00:00
[2026-08-04T19:00:20.676+0000] {processor.py:183} INFO - Processing /opt/airflow/dags/sports_goat_pipeline.py took 0.137 seconds
[2026-08-04T19:00:50.897+0000] {processor.py:161} INFO - Started process (PID=124) to work on /opt/airflow/dags/sports_goat_pipeline.py
[2026-08-04T19:00:50.900+0000] {processor.py:830} INFO - Processing file /opt/airflow/dags/sports_goat_pipeline.py for tasks to queue
[2026-08-04T19:00:50.904+0000] {logging_mixin.py:188} INFO - [2026-08-04T19:00:50.903+0000] {dagbag.py:538} INFO - Filling up the DagBag from /opt/airflow/dags/sports_goat_pipeline.py
[2026-08-04T19:00:50.967+0000] {processor.py:840} INFO - DAG(s) '2_sports_goat_run_batch', '1_sports_goat_raw_to_clean' retrieved from /opt/airflow/dags/sports_goat_pipeline.py
[2026-08-04T19:00:51.074+0000] {logging_mixin.py:188} INFO - [2026-08-04T19:00:51.073+0000] {dag.py:3036} INFO - Sync 2 DAGs
[2026-08-04T19:00:51.199+0000] {logging_mixin.py:188} INFO - [2026-08-04T19:00:51.177+0000] {dag.py:3823} INFO - Setting next_dagrun for 1_sports_goat_raw_to_clean to 2026-08-04 17:45:00+00:00, run_after=2026-08-05 17:45:00+00:00
[2026-08-04T19:00:51.301+0000] {logging_mixin.py:188} INFO - [2026-08-04T19:00:51.295+0000] {dag.py:3823} INFO - Setting next_dagrun for 2_sports_goat_run_batch to 2026-08-04 18:00:00+00:00, run_after=2026-08-05 18:00:00+00:00
[2026-08-04T19:00:51.375+0000] {processor.py:183} INFO - Processing /opt/airflow/dags/sports_goat_pipeline.py took 0.487 seconds
[2026-08-04T19:01:21.550+0000] {processor.py:161} INFO - Started process (PID=125) to work on /opt/airflow/dags/sports_goat_pipeline.py
[2026-08-04T19:01:21.553+0000] {processor.py:830} INFO - Processing file /opt/airflow/dags/sports_goat_pipeline.py for tasks to queue
[2026-08-04T19:01:21.557+0000] {logging_mixin.py:188} INFO - [2026-08-04T19:01:21.555+0000] {dagbag.py:538} INFO - Filling up the DagBag from /opt/airflow/dags/sports_goat_pipeline.py
[2026-08-04T19:01:21.606+0000] {processor.py:840} INFO - DAG(s) '2_sports_goat_run_batch', '1_sports_goat_raw_to_clean' retrieved from /opt/airflow/dags/sports_goat_pipeline.py
[2026-08-04T19:01:21.669+0000] {logging_mixin.py:188} INFO - [2026-08-04T19:01:21.668+0000] {dag.py:3036} INFO - Sync 2 DAGs
[2026-08-04T19:01:21.718+0000] {logging_mixin.py:188} INFO - [2026-08-04T19:01:21.718+0000] {dag.py:3823} INFO - Setting next_dagrun for 1_sports_goat_raw_to_clean to 2026-08-04 17:45:00+00:00, run_after=2026-08-05 17:45:00+00:00
[2026-08-04T19:01:21.731+0000] {logging_mixin.py:188} INFO - [2026-08-04T19:01:21.731+0000] {dag.py:3823} INFO - Setting next_dagrun for 2_sports_goat_run_batch to 2026-08-04 18:00:00+00:00, run_after=2026-08-05 18:00:00+00:00
[2026-08-04T19:01:21.767+0000] {processor.py:183} INFO - Processing /opt/airflow/dags/sports_goat_pipeline.py took 0.227 seconds
[2026-08-04T19:01:52.213+0000] {processor.py:161} INFO - Started process (PID=126) to work on /opt/airflow/dags/sports_goat_pipeline.py
[2026-08-04T19:01:52.216+0000] {processor.py:830} INFO - Processing file /opt/airflow/dags/sports_goat_pipeline.py for tasks to queue
[2026-08-04T19:01:52.257+0000] {logging_mixin.py:188} INFO - [2026-08-04T19:01:52.250+0000] {dagbag.py:538} INFO - Filling up the DagBag from /opt/airflow/dags/sports_goat_pipeline.py
[2026-08-04T19:01:52.326+0000] {processor.py:840} INFO - DAG(s) '2_sports_goat_run_batch', '1_sports_goat_raw_to_clean' retrieved from /opt/airflow/dags/sports_goat_pipeline.py
[2026-08-04T19:01:52.460+0000] {logging_mixin.py:188} INFO - [2026-08-04T19:01:52.458+0000] {dag.py:3036} INFO - Sync 2 DAGs
[2026-08-04T19:01:52.566+0000] {logging_mixin.py:188} INFO - [2026-08-04T19:01:52.566+0000] {dag.py:3823} INFO - Setting next_dagrun for 1_sports_goat_raw_to_clean to 2026-08-04 17:45:00+00:00, run_after=2026-08-05 17:45:00+00:00
[2026-08-04T19:01:52.606+0000] {logging_mixin.py:188} INFO - [2026-08-04T19:01:52.605+0000] {dag.py:3823} INFO - Setting next_dagrun for 2_sports_goat_run_batch to 2026-08-04 18:00:00+00:00, run_after=2026-08-05 18:00:00+00:00
[2026-08-04T19:01:52.691+0000] {processor.py:183} INFO - Processing /opt/airflow/dags/sports_goat_pipeline.py took 0.656 seconds
[2026-08-04T19:02:22.818+0000] {processor.py:161} INFO - Started process (PID=127) to work on /opt/airflow/dags/sports_goat_pipeline.py
[2026-08-04T19:02:22.821+0000] {processor.py:830} INFO - Processing file /opt/airflow/dags/sports_goat_pipeline.py for tasks to queue
[2026-08-04T19:02:22.822+0000] {logging_mixin.py:188} INFO - [2026-08-04T19:02:22.822+0000] {dagbag.py:538} INFO - Filling up the DagBag from /opt/airflow/dags/sports_goat_pipeline.py
[2026-08-04T19:02:22.846+0000] {processor.py:840} INFO - DAG(s) '2_sports_goat_run_batch', '1_sports_goat_raw_to_clean' retrieved from /opt/airflow/dags/sports_goat_pipeline.py
[2026-08-04T19:02:22.888+0000] {logging_mixin.py:188} INFO - [2026-08-04T19:02:22.888+0000] {dag.py:3036} INFO - Sync 2 DAGs
[2026-08-04T19:02:22.924+0000] {logging_mixin.py:188} INFO - [2026-08-04T19:02:22.924+0000] {dag.py:3823} INFO - Setting next_dagrun for 1_sports_goat_raw_to_clean to 2026-08-04 17:45:00+00:00, run_after=2026-08-05 17:45:00+00:00
[2026-08-04T19:02:22.937+0000] {logging_mixin.py:188} INFO - [2026-08-04T19:02:22.936+0000] {dag.py:3823} INFO - Setting next_dagrun for 2_sports_goat_run_batch to 2026-08-04 18:00:00+00:00, run_after=2026-08-05 18:00:00+00:00
[2026-08-04T19:02:22.976+0000] {processor.py:183} INFO - Processing /opt/airflow/dags/sports_goat_pipeline.py took 0.162 seconds
[2026-08-04T19:02:53.157+0000] {processor.py:161} INFO - Started process (PID=128) to work on /opt/airflow/dags/sports_goat_pipeline.py
[2026-08-04T19:02:53.159+0000] {processor.py:830} INFO - Processing file /opt/airflow/dags/sports_goat_pipeline.py for tasks to queue
[2026-08-04T19:02:53.163+0000] {logging_mixin.py:188} INFO - [2026-08-04T19:02:53.161+0000] {dagbag.py:538} INFO - Filling up the DagBag from /opt/airflow/dags/sports_goat_pipeline.py
[2026-08-04T19:02:53.200+0000] {processor.py:840} INFO - DAG(s) '1_sports_goat_raw_to_clean', '2_sports_goat_run_batch' retrieved from /opt/airflow/dags/sports_goat_pipeline.py
[2026-08-04T19:02:53.265+0000] {logging_mixin.py:188} INFO - [2026-08-04T19:02:53.265+0000] {dag.py:3036} INFO - Sync 2 DAGs
[2026-08-04T19:02:53.321+0000] {logging_mixin.py:188} INFO - [2026-08-04T19:02:53.320+0000] {dag.py:3823} INFO - Setting next_dagrun for 1_sports_goat_raw_to_clean to 2026-08-04 17:45:00+00:00, run_after=2026-08-05 17:45:00+00:00
[2026-08-04T19:02:53.337+0000] {logging_mixin.py:188} INFO - [2026-08-04T19:02:53.336+0000] {dag.py:3823} INFO - Setting next_dagrun for 2_sports_goat_run_batch to 2026-08-04 18:00:00+00:00, run_after=2026-08-05 18:00:00+00:00
[2026-08-04T19:02:53.384+0000] {processor.py:183} INFO - Processing /opt/airflow/dags/sports_goat_pipeline.py took 0.233 seconds
[2026-08-04T19:03:24.848+0000] {processor.py:161} INFO - Started process (PID=129) to work on /opt/airflow/dags/sports_goat_pipeline.py
[2026-08-04T19:03:24.850+0000] {processor.py:830} INFO - Processing file /opt/airflow/dags/sports_goat_pipeline.py for tasks to queue
[2026-08-04T19:03:24.853+0000] {logging_mixin.py:188} INFO - [2026-08-04T19:03:24.852+0000] {dagbag.py:538} INFO - Filling up the DagBag from /opt/airflow/dags/sports_goat_pipeline.py
[2026-08-04T19:03:24.880+0000] {processor.py:840} INFO - DAG(s) '2_sports_goat_run_batch', '1_sports_goat_raw_to_clean' retrieved from /opt/airflow/dags/sports_goat_pipeline.py
[2026-08-04T19:03:24.925+0000] {logging_mixin.py:188} INFO - [2026-08-04T19:03:24.925+0000] {dag.py:3036} INFO - Sync 2 DAGs
[2026-08-04T19:03:24.963+0000] {logging_mixin.py:188} INFO - [2026-08-04T19:03:24.963+0000] {dag.py:3823} INFO - Setting next_dagrun for 1_sports_goat_raw_to_clean to 2026-08-04 17:45:00+00:00, run_after=2026-08-05 17:45:00+00:00
[2026-08-04T19:03:24.971+0000] {logging_mixin.py:188} INFO - [2026-08-04T19:03:24.971+0000] {dag.py:3823} INFO - Setting next_dagrun for 2_sports_goat_run_batch to 2026-08-04 18:00:00+00:00, run_after=2026-08-05 18:00:00+00:00
[2026-08-04T19:03:25.007+0000] {processor.py:183} INFO - Processing /opt/airflow/dags/sports_goat_pipeline.py took 0.166 seconds
[2026-08-04T19:03:55.971+0000] {processor.py:161} INFO - Started process (PID=130) to work on /opt/airflow/dags/sports_goat_pipeline.py
[2026-08-04T19:03:55.977+0000] {processor.py:830} INFO - Processing file /opt/airflow/dags/sports_goat_pipeline.py for tasks to queue
[2026-08-04T19:03:55.980+0000] {logging_mixin.py:188} INFO - [2026-08-04T19:03:55.978+0000] {dagbag.py:538} INFO - Filling up the DagBag from /opt/airflow/dags/sports_goat_pipeline.py
[2026-08-04T19:03:56.054+0000] {processor.py:840} INFO - DAG(s) '1_sports_goat_raw_to_clean', '2_sports_goat_run_batch' retrieved from /opt/airflow/dags/sports_goat_pipeline.py
[2026-08-04T19:03:56.136+0000] {logging_mixin.py:188} INFO - [2026-08-04T19:03:56.136+0000] {dag.py:3036} INFO - Sync 2 DAGs
[2026-08-04T19:03:56.230+0000] {logging_mixin.py:188} INFO - [2026-08-04T19:03:56.229+0000] {dag.py:3823} INFO - Setting next_dagrun for 1_sports_goat_raw_to_clean to 2026-08-04 17:45:00+00:00, run_after=2026-08-05 17:45:00+00:00
[2026-08-04T19:03:56.248+0000] {logging_mixin.py:188} INFO - [2026-08-04T19:03:56.248+0000] {dag.py:3823} INFO - Setting next_dagrun for 2_sports_goat_run_batch to 2026-08-04 18:00:00+00:00, run_after=2026-08-05 18:00:00+00:00
[2026-08-04T19:03:56.303+0000] {processor.py:183} INFO - Processing /opt/airflow/dags/sports_goat_pipeline.py took 0.340 seconds
[2026-08-04T19:04:27.284+0000] {processor.py:161} INFO - Started process (PID=131) to work on /opt/airflow/dags/sports_goat_pipeline.py
[2026-08-04T19:04:27.296+0000] {processor.py:830} INFO - Processing file /opt/airflow/dags/sports_goat_pipeline.py for tasks to queue
[2026-08-04T19:04:27.300+0000] {logging_mixin.py:188} INFO - [2026-08-04T19:04:27.298+0000] {dagbag.py:538} INFO - Filling up the DagBag from /opt/airflow/dags/sports_goat_pipeline.py
[2026-08-04T19:04:27.351+0000] {processor.py:840} INFO - DAG(s) '2_sports_goat_run_batch', '1_sports_goat_raw_to_clean' retrieved from /opt/airflow/dags/sports_goat_pipeline.py
[2026-08-04T19:04:27.411+0000] {logging_mixin.py:188} INFO - [2026-08-04T19:04:27.411+0000] {dag.py:3036} INFO - Sync 2 DAGs
[2026-08-04T19:04:27.455+0000] {logging_mixin.py:188} INFO - [2026-08-04T19:04:27.455+0000] {dag.py:3823} INFO - Setting next_dagrun for 1_sports_goat_raw_to_clean to 2026-08-04 17:45:00+00:00, run_after=2026-08-05 17:45:00+00:00
[2026-08-04T19:04:27.462+0000] {logging_mixin.py:188} INFO - [2026-08-04T19:04:27.462+0000] {dag.py:3823} INFO - Setting next_dagrun for 2_sports_goat_run_batch to 2026-08-04 18:00:00+00:00, run_after=2026-08-05 18:00:00+00:00
[2026-08-04T19:04:27.499+0000] {processor.py:183} INFO - Processing /opt/airflow/dags/sports_goat_pipeline.py took 0.230 seconds
[2026-08-04T19:04:58.150+0000] {processor.py:161} INFO - Started process (PID=132) to work on /opt/airflow/dags/sports_goat_pipeline.py
[2026-08-04T19:04:58.154+0000] {processor.py:830} INFO - Processing file /opt/airflow/dags/sports_goat_pipeline.py for tasks to queue
[2026-08-04T19:04:58.155+0000] {logging_mixin.py:188} INFO - [2026-08-04T19:04:58.155+0000] {dagbag.py:538} INFO - Filling up the DagBag from /opt/airflow/dags/sports_goat_pipeline.py
[2026-08-04T19:04:58.182+0000] {processor.py:840} INFO - DAG(s) '1_sports_goat_raw_to_clean', '2_sports_goat_run_batch' retrieved from /opt/airflow/dags/sports_goat_pipeline.py
[2026-08-04T19:04:58.220+0000] {logging_mixin.py:188} INFO - [2026-08-04T19:04:58.220+0000] {dag.py:3036} INFO - Sync 2 DAGs
[2026-08-04T19:04:58.252+0000] {logging_mixin.py:188} INFO - [2026-08-04T19:04:58.252+0000] {dag.py:3823} INFO - Setting next_dagrun for 1_sports_goat_raw_to_clean to 2026-08-04 17:45:00+00:00, run_after=2026-08-05 17:45:00+00:00
[2026-08-04T19:04:58.258+0000] {logging_mixin.py:188} INFO - [2026-08-04T19:04:58.258+0000] {dag.py:3823} INFO - Setting next_dagrun for 2_sports_goat_run_batch to 2026-08-04 18:00:00+00:00, run_after=2026-08-05 18:00:00+00:00
[2026-08-04T19:04:58.286+0000] {processor.py:183} INFO - Processing /opt/airflow/dags/sports_goat_pipeline.py took 0.149 seconds
[2026-08-04T19:05:28.807+0000] {processor.py:161} INFO - Started process (PID=133) to work on /opt/airflow/dags/sports_goat_pipeline.py
[2026-08-04T19:05:28.809+0000] {processor.py:830} INFO - Processing file /opt/airflow/dags/sports_goat_pipeline.py for tasks to queue
[2026-08-04T19:05:28.811+0000] {logging_mixin.py:188} INFO - [2026-08-04T19:05:28.810+0000] {dagbag.py:538} INFO - Filling up the DagBag from /opt/airflow/dags/sports_goat_pipeline.py
[2026-08-04T19:05:28.849+0000] {processor.py:840} INFO - DAG(s) '2_sports_goat_run_batch', '1_sports_goat_raw_to_clean' retrieved from /opt/airflow/dags/sports_goat_pipeline.py
[2026-08-04T19:05:28.880+0000] {logging_mixin.py:188} INFO - [2026-08-04T19:05:28.880+0000] {dag.py:3036} INFO - Sync 2 DAGs
[2026-08-04T19:05:28.915+0000] {logging_mixin.py:188} INFO - [2026-08-04T19:05:28.915+0000] {dag.py:3823} INFO - Setting next_dagrun for 1_sports_goat_raw_to_clean to 2026-08-04 17:45:00+00:00, run_after=2026-08-05 17:45:00+00:00
[2026-08-04T19:05:28.921+0000] {logging_mixin.py:188} INFO - [2026-08-04T19:05:28.921+0000] {dag.py:3823} INFO - Setting next_dagrun for 2_sports_goat_run_batch to 2026-08-04 18:00:00+00:00, run_after=2026-08-05 18:00:00+00:00
[2026-08-04T19:05:28.954+0000] {processor.py:183} INFO - Processing /opt/airflow/dags/sports_goat_pipeline.py took 0.150 seconds
[2026-08-04T19:05:59.538+0000] {processor.py:161} INFO - Started process (PID=134) to work on /opt/airflow/dags/sports_goat_pipeline.py
[2026-08-04T19:05:59.540+0000] {processor.py:830} INFO - Processing file /opt/airflow/dags/sports_goat_pipeline.py for tasks to queue
[2026-08-04T19:05:59.542+0000] {logging_mixin.py:188} INFO - [2026-08-04T19:05:59.542+0000] {dagbag.py:538} INFO - Filling up the DagBag from /opt/airflow/dags/sports_goat_pipeline.py
[2026-08-04T19:05:59.564+0000] {processor.py:840} INFO - DAG(s) '2_sports_goat_run_batch', '1_sports_goat_raw_to_clean' retrieved from /opt/airflow/dags/sports_goat_pipeline.py
[2026-08-04T19:05:59.599+0000] {logging_mixin.py:188} INFO - [2026-08-04T19:05:59.599+0000] {dag.py:3036} INFO - Sync 2 DAGs
[2026-08-04T19:05:59.640+0000] {logging_mixin.py:188} INFO - [2026-08-04T19:05:59.640+0000] {dag.py:3823} INFO - Setting next_dagrun for 1_sports_goat_raw_to_clean to 2026-08-04 17:45:00+00:00, run_after=2026-08-05 17:45:00+00:00
[2026-08-04T19:05:59.648+0000] {logging_mixin.py:188} INFO - [2026-08-04T19:05:59.648+0000] {dag.py:3823} INFO - Setting next_dagrun for 2_sports_goat_run_batch to 2026-08-04 18:00:00+00:00, run_after=2026-08-05 18:00:00+00:00
[2026-08-04T19:05:59.680+0000] {processor.py:183} INFO - Processing /opt/airflow/dags/sports_goat_pipeline.py took 0.147 seconds
[2026-08-04T19:06:30.147+0000] {processor.py:161} INFO - Started process (PID=135) to work on /opt/airflow/dags/sports_goat_pipeline.py
[2026-08-04T19:06:30.149+0000] {processor.py:830} INFO - Processing file /opt/airflow/dags/sports_goat_pipeline.py for tasks to queue
[2026-08-04T19:06:30.151+0000] {logging_mixin.py:188} INFO - [2026-08-04T19:06:30.150+0000] {dagbag.py:538} INFO - Filling up the DagBag from /opt/airflow/dags/sports_goat_pipeline.py
[2026-08-04T19:06:30.173+0000] {processor.py:840} INFO - DAG(s) '1_sports_goat_raw_to_clean', '2_sports_goat_run_batch' retrieved from /opt/airflow/dags/sports_goat_pipeline.py
[2026-08-04T19:06:30.211+0000] {logging_mixin.py:188} INFO - [2026-08-04T19:06:30.210+0000] {dag.py:3036} INFO - Sync 2 DAGs
[2026-08-04T19:06:30.245+0000] {logging_mixin.py:188} INFO - [2026-08-04T19:06:30.245+0000] {dag.py:3823} INFO - Setting next_dagrun for 1_sports_goat_raw_to_clean to 2026-08-04 17:45:00+00:00, run_after=2026-08-05 17:45:00+00:00
[2026-08-04T19:06:30.252+0000] {logging_mixin.py:188} INFO - [2026-08-04T19:06:30.252+0000] {dag.py:3823} INFO - Setting next_dagrun for 2_sports_goat_run_batch to 2026-08-04 18:00:00+00:00, run_after=2026-08-05 18:00:00+00:00
[2026-08-04T19:06:30.286+0000] {processor.py:183} INFO - Processing /opt/airflow/dags/sports_goat_pipeline.py took 0.145 seconds
[2026-08-04T19:07:00.728+0000] {processor.py:161} INFO - Started process (PID=136) to work on /opt/airflow/dags/sports_goat_pipeline.py
[2026-08-04T19:07:00.730+0000] {processor.py:830} INFO - Processing file /opt/airflow/dags/sports_goat_pipeline.py for tasks to queue
[2026-08-04T19:07:00.732+0000] {logging_mixin.py:188} INFO - [2026-08-04T19:07:00.731+0000] {dagbag.py:538} INFO - Filling up the DagBag from /opt/airflow/dags/sports_goat_pipeline.py
[2026-08-04T19:07:00.764+0000] {processor.py:840} INFO - DAG(s) '1_sports_goat_raw_to_clean', '2_sports_goat_run_batch' retrieved from /opt/airflow/dags/sports_goat_pipeline.py
[2026-08-04T19:07:00.801+0000] {logging_mixin.py:188} INFO - [2026-08-04T19:07:00.801+0000] {dag.py:3036} INFO - Sync 2 DAGs
[2026-08-04T19:07:00.836+0000] {logging_mixin.py:188} INFO - [2026-08-04T19:07:00.836+0000] {dag.py:3823} INFO - Setting next_dagrun for 1_sports_goat_raw_to_clean to 2026-08-04 17:45:00+00:00, run_after=2026-08-05 17:45:00+00:00
[2026-08-04T19:07:00.847+0000] {logging_mixin.py:188} INFO - [2026-08-04T19:07:00.846+0000] {dag.py:3823} INFO - Setting next_dagrun for 2_sports_goat_run_batch to 2026-08-04 18:00:00+00:00, run_after=2026-08-05 18:00:00+00:00
[2026-08-04T19:07:00.876+0000] {processor.py:183} INFO - Processing /opt/airflow/dags/sports_goat_pipeline.py took 0.154 seconds
[2026-08-04T19:07:31.384+0000] {processor.py:161} INFO - Started process (PID=137) to work on /opt/airflow/dags/sports_goat_pipeline.py
[2026-08-04T19:07:31.386+0000] {processor.py:830} INFO - Processing file /opt/airflow/dags/sports_goat_pipeline.py for tasks to queue
[2026-08-04T19:07:31.388+0000] {logging_mixin.py:188} INFO - [2026-08-04T19:07:31.387+0000] {dagbag.py:538} INFO - Filling up the DagBag from /opt/airflow/dags/sports_goat_pipeline.py
[2026-08-04T19:07:31.430+0000] {processor.py:840} INFO - DAG(s) '2_sports_goat_run_batch', '1_sports_goat_raw_to_clean' retrieved from /opt/airflow/dags/sports_goat_pipeline.py
[2026-08-04T19:07:31.494+0000] {logging_mixin.py:188} INFO - [2026-08-04T19:07:31.493+0000] {dag.py:3036} INFO - Sync 2 DAGs
[2026-08-04T19:07:31.539+0000] {logging_mixin.py:188} INFO - [2026-08-04T19:07:31.538+0000] {dag.py:3823} INFO - Setting next_dagrun for 1_sports_goat_raw_to_clean to 2026-08-04 17:45:00+00:00, run_after=2026-08-05 17:45:00+00:00
[2026-08-04T19:07:31.550+0000] {logging_mixin.py:188} INFO - [2026-08-04T19:07:31.550+0000] {dag.py:3823} INFO - Setting next_dagrun for 2_sports_goat_run_batch to 2026-08-04 18:00:00+00:00, run_after=2026-08-05 18:00:00+00:00
[2026-08-04T19:07:31.597+0000] {processor.py:183} INFO - Processing /opt/airflow/dags/sports_goat_pipeline.py took 0.222 seconds
[2026-08-04T19:08:02.220+0000] {processor.py:161} INFO - Started process (PID=138) to work on /opt/airflow/dags/sports_goat_pipeline.py
[2026-08-04T19:08:02.223+0000] {processor.py:830} INFO - Processing file /opt/airflow/dags/sports_goat_pipeline.py for tasks to queue
[2026-08-04T19:08:02.225+0000] {logging_mixin.py:188} INFO - [2026-08-04T19:08:02.224+0000] {dagbag.py:538} INFO - Filling up the DagBag from /opt/airflow/dags/sports_goat_pipeline.py
[2026-08-04T19:08:02.254+0000] {processor.py:840} INFO - DAG(s) '1_sports_goat_raw_to_clean', '2_sports_goat_run_batch' retrieved from /opt/airflow/dags/sports_goat_pipeline.py
[2026-08-04T19:08:02.285+0000] {logging_mixin.py:188} INFO - [2026-08-04T19:08:02.284+0000] {dag.py:3036} INFO - Sync 2 DAGs
[2026-08-04T19:08:02.333+0000] {logging_mixin.py:188} INFO - [2026-08-04T19:08:02.332+0000] {dag.py:3823} INFO - Setting next_dagrun for 1_sports_goat_raw_to_clean to 2026-08-04 17:45:00+00:00, run_after=2026-08-05 17:45:00+00:00
[2026-08-04T19:08:02.353+0000] {logging_mixin.py:188} INFO - [2026-08-04T19:08:02.353+0000] {dag.py:3823} INFO - Setting next_dagrun for 2_sports_goat_run_batch to 2026-08-04 18:00:00+00:00, run_after=2026-08-05 18:00:00+00:00
[2026-08-04T19:08:02.574+0000] {processor.py:183} INFO - Processing /opt/airflow/dags/sports_goat_pipeline.py took 0.358 seconds
[2026-08-04T19:08:33.051+0000] {processor.py:161} INFO - Started process (PID=139) to work on /opt/airflow/dags/sports_goat_pipeline.py
[2026-08-04T19:08:33.053+0000] {processor.py:830} INFO - Processing file /opt/airflow/dags/sports_goat_pipeline.py for tasks to queue
[2026-08-04T19:08:33.055+0000] {logging_mixin.py:188} INFO - [2026-08-04T19:08:33.054+0000] {dagbag.py:538} INFO - Filling up the DagBag from /opt/airflow/dags/sports_goat_pipeline.py
[2026-08-04T19:08:33.081+0000] {processor.py:840} INFO - DAG(s) '1_sports_goat_raw_to_clean', '2_sports_goat_run_batch' retrieved from /opt/airflow/dags/sports_goat_pipeline.py
[2026-08-04T19:08:33.120+0000] {logging_mixin.py:188} INFO - [2026-08-04T19:08:33.120+0000] {dag.py:3036} INFO - Sync 2 DAGs
[2026-08-04T19:08:33.155+0000] {logging_mixin.py:188} INFO - [2026-08-04T19:08:33.155+0000] {dag.py:3823} INFO - Setting next_dagrun for 1_sports_goat_raw_to_clean to 2026-08-04 17:45:00+00:00, run_after=2026-08-05 17:45:00+00:00
[2026-08-04T19:08:33.165+0000] {logging_mixin.py:188} INFO - [2026-08-04T19:08:33.165+0000] {dag.py:3823} INFO - Setting next_dagrun for 2_sports_goat_run_batch to 2026-08-04 18:00:00+00:00, run_after=2026-08-05 18:00:00+00:00
[2026-08-04T19:08:33.198+0000] {processor.py:183} INFO - Processing /opt/airflow/dags/sports_goat_pipeline.py took 0.151 seconds
[2026-08-04T19:09:03.761+0000] {processor.py:161} INFO - Started process (PID=140) to work on /opt/airflow/dags/sports_goat_pipeline.py
[2026-08-04T19:09:03.762+0000] {processor.py:830} INFO - Processing file /opt/airflow/dags/sports_goat_pipeline.py for tasks to queue
[2026-08-04T19:09:03.764+0000] {logging_mixin.py:188} INFO - [2026-08-04T19:09:03.763+0000] {dagbag.py:538} INFO - Filling up the DagBag from /opt/airflow/dags/sports_goat_pipeline.py
[2026-08-04T19:09:03.784+0000] {processor.py:840} INFO - DAG(s) '1_sports_goat_raw_to_clean', '2_sports_goat_run_batch' retrieved from /opt/airflow/dags/sports_goat_pipeline.py
[2026-08-04T19:09:03.818+0000] {logging_mixin.py:188} INFO - [2026-08-04T19:09:03.817+0000] {dag.py:3036} INFO - Sync 2 DAGs
[2026-08-04T19:09:03.857+0000] {logging_mixin.py:188} INFO - [2026-08-04T19:09:03.857+0000] {dag.py:3823} INFO - Setting next_dagrun for 1_sports_goat_raw_to_clean to 2026-08-04 17:45:00+00:00, run_after=2026-08-05 17:45:00+00:00
[2026-08-04T19:09:03.865+0000] {logging_mixin.py:188} INFO - [2026-08-04T19:09:03.865+0000] {dag.py:3823} INFO - Setting next_dagrun for 2_sports_goat_run_batch to 2026-08-04 18:00:00+00:00, run_after=2026-08-05 18:00:00+00:00
[2026-08-04T19:09:03.899+0000] {processor.py:183} INFO - Processing /opt/airflow/dags/sports_goat_pipeline.py took 0.143 seconds
[2026-08-04T19:09:34.344+0000] {processor.py:161} INFO - Started process (PID=141) to work on /opt/airflow/dags/sports_goat_pipeline.py
[2026-08-04T19:09:34.346+0000] {processor.py:830} INFO - Processing file /opt/airflow/dags/sports_goat_pipeline.py for tasks to queue
[2026-08-04T19:09:34.348+0000] {logging_mixin.py:188} INFO - [2026-08-04T19:09:34.347+0000] {dagbag.py:538} INFO - Filling up the DagBag from /opt/airflow/dags/sports_goat_pipeline.py
[2026-08-04T19:09:34.369+0000] {processor.py:840} INFO - DAG(s) '2_sports_goat_run_batch', '1_sports_goat_raw_to_clean' retrieved from /opt/airflow/dags/sports_goat_pipeline.py
[2026-08-04T19:09:34.404+0000] {logging_mixin.py:188} INFO - [2026-08-04T19:09:34.403+0000] {dag.py:3036} INFO - Sync 2 DAGs
[2026-08-04T19:09:34.436+0000] {logging_mixin.py:188} INFO - [2026-08-04T19:09:34.435+0000] {dag.py:3823} INFO - Setting next_dagrun for 1_sports_goat_raw_to_clean to 2026-08-04 17:45:00+00:00, run_after=2026-08-05 17:45:00+00:00
[2026-08-04T19:09:34.446+0000] {logging_mixin.py:188} INFO - [2026-08-04T19:09:34.446+0000] {dag.py:3823} INFO - Setting next_dagrun for 2_sports_goat_run_batch to 2026-08-04 18:00:00+00:00, run_after=2026-08-05 18:00:00+00:00
[2026-08-04T19:09:34.476+0000] {processor.py:183} INFO - Processing /opt/airflow/dags/sports_goat_pipeline.py took 0.138 seconds
[2026-08-04T19:10:05.189+0000] {processor.py:161} INFO - Started process (PID=142) to work on /opt/airflow/dags/sports_goat_pipeline.py
[2026-08-04T19:10:05.191+0000] {processor.py:830} INFO - Processing file /opt/airflow/dags/sports_goat_pipeline.py for tasks to queue
[2026-08-04T19:10:05.194+0000] {logging_mixin.py:188} INFO - [2026-08-04T19:10:05.193+0000] {dagbag.py:538} INFO - Filling up the DagBag from /opt/airflow/dags/sports_goat_pipeline.py
[2026-08-04T19:10:05.219+0000] {processor.py:840} INFO - DAG(s) '1_sports_goat_raw_to_clean', '2_sports_goat_run_batch' retrieved from /opt/airflow/dags/sports_goat_pipeline.py
[2026-08-04T19:10:05.264+0000] {logging_mixin.py:188} INFO - [2026-08-04T19:10:05.264+0000] {dag.py:3036} INFO - Sync 2 DAGs
[2026-08-04T19:10:05.301+0000] {logging_mixin.py:188} INFO - [2026-08-04T19:10:05.301+0000] {dag.py:3823} INFO - Setting next_dagrun for 1_sports_goat_raw_to_clean to 2026-08-04 17:45:00+00:00, run_after=2026-08-05 17:45:00+00:00
[2026-08-04T19:10:05.308+0000] {logging_mixin.py:188} INFO - [2026-08-04T19:10:05.308+0000] {dag.py:3823} INFO - Setting next_dagrun for 2_sports_goat_run_batch to 2026-08-04 18:00:00+00:00, run_after=2026-08-05 18:00:00+00:00
[2026-08-04T19:10:05.341+0000] {processor.py:183} INFO - Processing /opt/airflow/dags/sports_goat_pipeline.py took 0.159 seconds
[2026-08-04T19:10:35.853+0000] {processor.py:161} INFO - Started process (PID=143) to work on /opt/airflow/dags/sports_goat_pipeline.py
[2026-08-04T19:10:35.855+0000] {processor.py:830} INFO - Processing file /opt/airflow/dags/sports_goat_pipeline.py for tasks to queue
[2026-08-04T19:10:35.857+0000] {logging_mixin.py:188} INFO - [2026-08-04T19:10:35.857+0000] {dagbag.py:538} INFO - Filling up the DagBag from /opt/airflow/dags/sports_goat_pipeline.py
[2026-08-04T19:10:35.887+0000] {processor.py:840} INFO - DAG(s) '2_sports_goat_run_batch', '1_sports_goat_raw_to_clean' retrieved from /opt/airflow/dags/sports_goat_pipeline.py
[2026-08-04T19:10:35.933+0000] {logging_mixin.py:188} INFO - [2026-08-04T19:10:35.932+0000] {dag.py:3036} INFO - Sync 2 DAGs
[2026-08-04T19:10:35.978+0000] {logging_mixin.py:188} INFO - [2026-08-04T19:10:35.977+0000] {dag.py:3823} INFO - Setting next_dagrun for 1_sports_goat_raw_to_clean to 2026-08-04 17:45:00+00:00, run_after=2026-08-05 17:45:00+00:00
[2026-08-04T19:10:35.987+0000] {logging_mixin.py:188} INFO - [2026-08-04T19:10:35.987+0000] {dag.py:3823} INFO - Setting next_dagrun for 2_sports_goat_run_batch to 2026-08-04 18:00:00+00:00, run_after=2026-08-05 18:00:00+00:00
[2026-08-04T19:10:36.023+0000] {processor.py:183} INFO - Processing /opt/airflow/dags/sports_goat_pipeline.py took 0.177 seconds
[2026-08-04T19:11:06.217+0000] {processor.py:161} INFO - Started process (PID=144) to work on /opt/airflow/dags/sports_goat_pipeline.py
[2026-08-04T19:11:06.219+0000] {processor.py:830} INFO - Processing file /opt/airflow/dags/sports_goat_pipeline.py for tasks to queue
[2026-08-04T19:11:06.221+0000] {logging_mixin.py:188} INFO - [2026-08-04T19:11:06.220+0000] {dagbag.py:538} INFO - Filling up the DagBag from /opt/airflow/dags/sports_goat_pipeline.py
[2026-08-04T19:11:06.242+0000] {processor.py:840} INFO - DAG(s) '2_sports_goat_run_batch', '1_sports_goat_raw_to_clean' retrieved from /opt/airflow/dags/sports_goat_pipeline.py
[2026-08-04T19:11:06.273+0000] {logging_mixin.py:188} INFO - [2026-08-04T19:11:06.272+0000] {dag.py:3036} INFO - Sync 2 DAGs
[2026-08-04T19:11:06.308+0000] {logging_mixin.py:188} INFO - [2026-08-04T19:11:06.307+0000] {dag.py:3823} INFO - Setting next_dagrun for 1_sports_goat_raw_to_clean to 2026-08-04 17:45:00+00:00, run_after=2026-08-05 17:45:00+00:00
[2026-08-04T19:11:06.319+0000] {logging_mixin.py:188} INFO - [2026-08-04T19:11:06.318+0000] {dag.py:3823} INFO - Setting next_dagrun for 2_sports_goat_run_batch to 2026-08-04 18:00:00+00:00, run_after=2026-08-05 18:00:00+00:00
[2026-08-04T19:11:06.348+0000] {processor.py:183} INFO - Processing /opt/airflow/dags/sports_goat_pipeline.py took 0.135 seconds
[2026-08-04T19:11:36.563+0000] {processor.py:161} INFO - Started process (PID=145) to work on /opt/airflow/dags/sports_goat_pipeline.py
[2026-08-04T19:11:36.565+0000] {processor.py:830} INFO - Processing file /opt/airflow/dags/sports_goat_pipeline.py for tasks to queue
[2026-08-04T19:11:36.567+0000] {logging_mixin.py:188} INFO - [2026-08-04T19:11:36.566+0000] {dagbag.py:538} INFO - Filling up the DagBag from /opt/airflow/dags/sports_goat_pipeline.py
[2026-08-04T19:11:36.587+0000] {processor.py:840} INFO - DAG(s) '1_sports_goat_raw_to_clean', '2_sports_goat_run_batch' retrieved from /opt/airflow/dags/sports_goat_pipeline.py
[2026-08-04T19:11:36.627+0000] {logging_mixin.py:188} INFO - [2026-08-04T19:11:36.626+0000] {dag.py:3036} INFO - Sync 2 DAGs
[2026-08-04T19:11:36.680+0000] {logging_mixin.py:188} INFO - [2026-08-04T19:11:36.680+0000] {dag.py:3823} INFO - Setting next_dagrun for 1_sports_goat_raw_to_clean to 2026-08-04 17:45:00+00:00, run_after=2026-08-05 17:45:00+00:00
[2026-08-04T19:11:36.688+0000] {logging_mixin.py:188} INFO - [2026-08-04T19:11:36.687+0000] {dag.py:3823} INFO - Setting next_dagrun for 2_sports_goat_run_batch to 2026-08-04 18:00:00+00:00, run_after=2026-08-05 18:00:00+00:00
[2026-08-04T19:11:36.763+0000] {processor.py:183} INFO - Processing /opt/airflow/dags/sports_goat_pipeline.py took 0.204 seconds
[2026-08-04T19:12:07.035+0000] {processor.py:161} INFO - Started process (PID=146) to work on /opt/airflow/dags/sports_goat_pipeline.py
[2026-08-04T19:12:07.037+0000] {processor.py:830} INFO - Processing file /opt/airflow/dags/sports_goat_pipeline.py for tasks to queue
[2026-08-04T19:12:07.040+0000] {logging_mixin.py:188} INFO - [2026-08-04T19:12:07.039+0000] {dagbag.py:538} INFO - Filling up the DagBag from /opt/airflow/dags/sports_goat_pipeline.py
[2026-08-04T19:12:07.068+0000] {processor.py:840} INFO - DAG(s) '1_sports_goat_raw_to_clean', '2_sports_goat_run_batch' retrieved from /opt/airflow/dags/sports_goat_pipeline.py
[2026-08-04T19:12:07.112+0000] {logging_mixin.py:188} INFO - [2026-08-04T19:12:07.111+0000] {dag.py:3036} INFO - Sync 2 DAGs
[2026-08-04T19:12:07.148+0000] {logging_mixin.py:188} INFO - [2026-08-04T19:12:07.147+0000] {dag.py:3823} INFO - Setting next_dagrun for 1_sports_goat_raw_to_clean to 2026-08-04 17:45:00+00:00, run_after=2026-08-05 17:45:00+00:00
[2026-08-04T19:12:07.157+0000] {logging_mixin.py:188} INFO - [2026-08-04T19:12:07.157+0000] {dag.py:3823} INFO - Setting next_dagrun for 2_sports_goat_run_batch to 2026-08-04 18:00:00+00:00, run_after=2026-08-05 18:00:00+00:00
[2026-08-04T19:12:07.187+0000] {processor.py:183} INFO - Processing /opt/airflow/dags/sports_goat_pipeline.py took 0.159 seconds
[2026-08-04T19:12:37.428+0000] {processor.py:161} INFO - Started process (PID=147) to work on /opt/airflow/dags/sports_goat_pipeline.py
[2026-08-04T19:12:37.445+0000] {processor.py:830} INFO - Processing file /opt/airflow/dags/sports_goat_pipeline.py for tasks to queue
[2026-08-04T19:12:37.451+0000] {logging_mixin.py:188} INFO - [2026-08-04T19:12:37.449+0000] {dagbag.py:538} INFO - Filling up the DagBag from /opt/airflow/dags/sports_goat_pipeline.py
[2026-08-04T19:12:37.708+0000] {processor.py:840} INFO - DAG(s) '1_sports_goat_raw_to_clean', '2_sports_goat_run_batch' retrieved from /opt/airflow/dags/sports_goat_pipeline.py
[2026-08-04T19:12:37.855+0000] {logging_mixin.py:188} INFO - [2026-08-04T19:12:37.854+0000] {dag.py:3036} INFO - Sync 2 DAGs
[2026-08-04T19:12:38.006+0000] {logging_mixin.py:188} INFO - [2026-08-04T19:12:38.006+0000] {dag.py:3823} INFO - Setting next_dagrun for 1_sports_goat_raw_to_clean to 2026-08-04 17:45:00+00:00, run_after=2026-08-05 17:45:00+00:00
[2026-08-04T19:12:38.018+0000] {logging_mixin.py:188} INFO - [2026-08-04T19:12:38.017+0000] {dag.py:3823} INFO - Setting next_dagrun for 2_sports_goat_run_batch to 2026-08-04 18:00:00+00:00, run_after=2026-08-05 18:00:00+00:00
[2026-08-04T19:12:38.066+0000] {processor.py:183} INFO - Processing /opt/airflow/dags/sports_goat_pipeline.py took 0.653 seconds
[2026-08-04T19:13:08.359+0000] {processor.py:161} INFO - Started process (PID=148) to work on /opt/airflow/dags/sports_goat_pipeline.py
[2026-08-04T19:13:08.361+0000] {processor.py:830} INFO - Processing file /opt/airflow/dags/sports_goat_pipeline.py for tasks to queue
[2026-08-04T19:13:08.366+0000] {logging_mixin.py:188} INFO - [2026-08-04T19:13:08.363+0000] {dagbag.py:538} INFO - Filling up the DagBag from /opt/airflow/dags/sports_goat_pipeline.py
[2026-08-04T19:13:08.405+0000] {processor.py:840} INFO - DAG(s) '1_sports_goat_raw_to_clean', '2_sports_goat_run_batch' retrieved from /opt/airflow/dags/sports_goat_pipeline.py
[2026-08-04T19:13:08.457+0000] {logging_mixin.py:188} INFO - [2026-08-04T19:13:08.456+0000] {dag.py:3036} INFO - Sync 2 DAGs
[2026-08-04T19:13:08.503+0000] {logging_mixin.py:188} INFO - [2026-08-04T19:13:08.503+0000] {dag.py:3823} INFO - Setting next_dagrun for 1_sports_goat_raw_to_clean to 2026-08-04 17:45:00+00:00, run_after=2026-08-05 17:45:00+00:00
[2026-08-04T19:13:08.512+0000] {logging_mixin.py:188} INFO - [2026-08-04T19:13:08.512+0000] {dag.py:3823} INFO - Setting next_dagrun for 2_sports_goat_run_batch to 2026-08-04 18:00:00+00:00, run_after=2026-08-05 18:00:00+00:00
[2026-08-04T19:13:08.553+0000] {processor.py:183} INFO - Processing /opt/airflow/dags/sports_goat_pipeline.py took 0.200 seconds
[2026-08-04T19:13:38.841+0000] {processor.py:161} INFO - Started process (PID=149) to work on /opt/airflow/dags/sports_goat_pipeline.py
[2026-08-04T19:13:38.843+0000] {processor.py:830} INFO - Processing file /opt/airflow/dags/sports_goat_pipeline.py for tasks to queue
[2026-08-04T19:13:38.844+0000] {logging_mixin.py:188} INFO - [2026-08-04T19:13:38.844+0000] {dagbag.py:538} INFO - Filling up the DagBag from /opt/airflow/dags/sports_goat_pipeline.py
[2026-08-04T19:13:38.874+0000] {processor.py:840} INFO - DAG(s) '2_sports_goat_run_batch', '1_sports_goat_raw_to_clean' retrieved from /opt/airflow/dags/sports_goat_pipeline.py
[2026-08-04T19:13:38.913+0000] {logging_mixin.py:188} INFO - [2026-08-04T19:13:38.913+0000] {dag.py:3036} INFO - Sync 2 DAGs
[2026-08-04T19:13:38.954+0000] {logging_mixin.py:188} INFO - [2026-08-04T19:13:38.954+0000] {dag.py:3823} INFO - Setting next_dagrun for 1_sports_goat_raw_to_clean to 2026-08-04 17:45:00+00:00, run_after=2026-08-05 17:45:00+00:00
[2026-08-04T19:13:38.961+0000] {logging_mixin.py:188} INFO - [2026-08-04T19:13:38.961+0000] {dag.py:3823} INFO - Setting next_dagrun for 2_sports_goat_run_batch to 2026-08-04 18:00:00+00:00, run_after=2026-08-05 18:00:00+00:00
[2026-08-04T19:13:38.989+0000] {processor.py:183} INFO - Processing /opt/airflow/dags/sports_goat_pipeline.py took 0.153 seconds
[2026-08-04T19:14:09.252+0000] {processor.py:161} INFO - Started process (PID=150) to work on /opt/airflow/dags/sports_goat_pipeline.py
[2026-08-04T19:14:09.258+0000] {processor.py:830} INFO - Processing file /opt/airflow/dags/sports_goat_pipeline.py for tasks to queue
[2026-08-04T19:14:09.264+0000] {logging_mixin.py:188} INFO - [2026-08-04T19:14:09.262+0000] {dagbag.py:538} INFO - Filling up the DagBag from /opt/airflow/dags/sports_goat_pipeline.py
[2026-08-04T19:14:09.291+0000] {processor.py:840} INFO - DAG(s) '2_sports_goat_run_batch', '1_sports_goat_raw_to_clean' retrieved from /opt/airflow/dags/sports_goat_pipeline.py
[2026-08-04T19:14:09.354+0000] {logging_mixin.py:188} INFO - [2026-08-04T19:14:09.354+0000] {dag.py:3036} INFO - Sync 2 DAGs
[2026-08-04T19:14:09.385+0000] {logging_mixin.py:188} INFO - [2026-08-04T19:14:09.385+0000] {dag.py:3823} INFO - Setting next_dagrun for 1_sports_goat_raw_to_clean to 2026-08-04 17:45:00+00:00, run_after=2026-08-05 17:45:00+00:00
[2026-08-04T19:14:09.392+0000] {logging_mixin.py:188} INFO - [2026-08-04T19:14:09.392+0000] {dag.py:3823} INFO - Setting next_dagrun for 2_sports_goat_run_batch to 2026-08-04 18:00:00+00:00, run_after=2026-08-05 18:00:00+00:00
[2026-08-04T19:14:09.419+0000] {processor.py:183} INFO - Processing /opt/airflow/dags/sports_goat_pipeline.py took 0.172 seconds
[2026-08-04T19:14:39.663+0000] {processor.py:161} INFO - Started process (PID=151) to work on /opt/airflow/dags/sports_goat_pipeline.py
[2026-08-04T19:14:39.664+0000] {processor.py:830} INFO - Processing file /opt/airflow/dags/sports_goat_pipeline.py for tasks to queue
[2026-08-04T19:14:39.666+0000] {logging_mixin.py:188} INFO - [2026-08-04T19:14:39.665+0000] {dagbag.py:538} INFO - Filling up the DagBag from /opt/airflow/dags/sports_goat_pipeline.py
[2026-08-04T19:14:39.684+0000] {processor.py:840} INFO - DAG(s) '2_sports_goat_run_batch', '1_sports_goat_raw_to_clean' retrieved from /opt/airflow/dags/sports_goat_pipeline.py
[2026-08-04T19:14:39.718+0000] {logging_mixin.py:188} INFO - [2026-08-04T19:14:39.718+0000] {dag.py:3036} INFO - Sync 2 DAGs
[2026-08-04T19:14:39.748+0000] {logging_mixin.py:188} INFO - [2026-08-04T19:14:39.748+0000] {dag.py:3823} INFO - Setting next_dagrun for 1_sports_goat_raw_to_clean to 2026-08-04 17:45:00+00:00, run_after=2026-08-05 17:45:00+00:00
[2026-08-04T19:14:39.755+0000] {logging_mixin.py:188} INFO - [2026-08-04T19:14:39.755+0000] {dag.py:3823} INFO - Setting next_dagrun for 2_sports_goat_run_batch to 2026-08-04 18:00:00+00:00, run_after=2026-08-05 18:00:00+00:00
[2026-08-04T19:14:39.781+0000] {processor.py:183} INFO - Processing /opt/airflow/dags/sports_goat_pipeline.py took 0.123 seconds
[2026-08-04T19:15:10.018+0000] {processor.py:161} INFO - Started process (PID=152) to work on /opt/airflow/dags/sports_goat_pipeline.py
[2026-08-04T19:15:10.019+0000] {processor.py:830} INFO - Processing file /opt/airflow/dags/sports_goat_pipeline.py for tasks to queue
[2026-08-04T19:15:10.021+0000] {logging_mixin.py:188} INFO - [2026-08-04T19:15:10.020+0000] {dagbag.py:538} INFO - Filling up the DagBag from /opt/airflow/dags/sports_goat_pipeline.py
[2026-08-04T19:15:10.041+0000] {processor.py:840} INFO - DAG(s) '2_sports_goat_run_batch', '1_sports_goat_raw_to_clean' retrieved from /opt/airflow/dags/sports_goat_pipeline.py
[2026-08-04T19:15:10.072+0000] {logging_mixin.py:188} INFO - [2026-08-04T19:15:10.072+0000] {dag.py:3036} INFO - Sync 2 DAGs
[2026-08-04T19:15:10.104+0000] {logging_mixin.py:188} INFO - [2026-08-04T19:15:10.104+0000] {dag.py:3823} INFO - Setting next_dagrun for 1_sports_goat_raw_to_clean to 2026-08-04 17:45:00+00:00, run_after=2026-08-05 17:45:00+00:00
[2026-08-04T19:15:10.112+0000] {logging_mixin.py:188} INFO - [2026-08-04T19:15:10.112+0000] {dag.py:3823} INFO - Setting next_dagrun for 2_sports_goat_run_batch to 2026-08-04 18:00:00+00:00, run_after=2026-08-05 18:00:00+00:00
[2026-08-04T19:15:10.139+0000] {processor.py:183} INFO - Processing /opt/airflow/dags/sports_goat_pipeline.py took 0.126 seconds
[2026-08-04T19:15:40.433+0000] {processor.py:161} INFO - Started process (PID=153) to work on /opt/airflow/dags/sports_goat_pipeline.py
[2026-08-04T19:15:40.437+0000] {processor.py:830} INFO - Processing file /opt/airflow/dags/sports_goat_pipeline.py for tasks to queue
[2026-08-04T19:15:40.440+0000] {logging_mixin.py:188} INFO - [2026-08-04T19:15:40.439+0000] {dagbag.py:538} INFO - Filling up the DagBag from /opt/airflow/dags/sports_goat_pipeline.py
[2026-08-04T19:15:40.509+0000] {processor.py:840} INFO - DAG(s) '2_sports_goat_run_batch', '1_sports_goat_raw_to_clean' retrieved from /opt/airflow/dags/sports_goat_pipeline.py
[2026-08-04T19:15:40.581+0000] {logging_mixin.py:188} INFO - [2026-08-04T19:15:40.581+0000] {dag.py:3036} INFO - Sync 2 DAGs
[2026-08-04T19:15:40.664+0000] {logging_mixin.py:188} INFO - [2026-08-04T19:15:40.663+0000] {dag.py:3823} INFO - Setting next_dagrun for 1_sports_goat_raw_to_clean to 2026-08-04 17:45:00+00:00, run_after=2026-08-05 17:45:00+00:00
[2026-08-04T19:15:40.685+0000] {logging_mixin.py:188} INFO - [2026-08-04T19:15:40.684+0000] {dag.py:3823} INFO - Setting next_dagrun for 2_sports_goat_run_batch to 2026-08-04 18:00:00+00:00, run_after=2026-08-05 18:00:00+00:00
[2026-08-04T19:15:40.727+0000] {processor.py:183} INFO - Processing /opt/airflow/dags/sports_goat_pipeline.py took 0.302 seconds
[2026-08-04T19:16:11.064+0000] {processor.py:161} INFO - Started process (PID=154) to work on /opt/airflow/dags/sports_goat_pipeline.py
[2026-08-04T19:16:11.066+0000] {processor.py:830} INFO - Processing file /opt/airflow/dags/sports_goat_pipeline.py for tasks to queue
[2026-08-04T19:16:11.069+0000] {logging_mixin.py:188} INFO - [2026-08-04T19:16:11.069+0000] {dagbag.py:538} INFO - Filling up the DagBag from /opt/airflow/dags/sports_goat_pipeline.py
[2026-08-04T19:16:11.099+0000] {processor.py:840} INFO - DAG(s) '2_sports_goat_run_batch', '1_sports_goat_raw_to_clean' retrieved from /opt/airflow/dags/sports_goat_pipeline.py
[2026-08-04T19:16:11.143+0000] {logging_mixin.py:188} INFO - [2026-08-04T19:16:11.142+0000] {dag.py:3036} INFO - Sync 2 DAGs
[2026-08-04T19:16:11.186+0000] {logging_mixin.py:188} INFO - [2026-08-04T19:16:11.185+0000] {dag.py:3823} INFO - Setting next_dagrun for 1_sports_goat_raw_to_clean to 2026-08-04 17:45:00+00:00, run_after=2026-08-05 17:45:00+00:00
[2026-08-04T19:16:11.197+0000] {logging_mixin.py:188} INFO - [2026-08-04T19:16:11.196+0000] {dag.py:3823} INFO - Setting next_dagrun for 2_sports_goat_run_batch to 2026-08-04 18:00:00+00:00, run_after=2026-08-05 18:00:00+00:00
[2026-08-04T19:16:11.233+0000] {processor.py:183} INFO - Processing /opt/airflow/dags/sports_goat_pipeline.py took 0.179 seconds
[2026-08-04T19:16:41.428+0000] {processor.py:161} INFO - Started process (PID=155) to work on /opt/airflow/dags/sports_goat_pipeline.py
[2026-08-04T19:16:41.429+0000] {processor.py:830} INFO - Processing file /opt/airflow/dags/sports_goat_pipeline.py for tasks to queue
[2026-08-04T19:16:41.432+0000] {logging_mixin.py:188} INFO - [2026-08-04T19:16:41.431+0000] {dagbag.py:538} INFO - Filling up the DagBag from /opt/airflow/dags/sports_goat_pipeline.py
[2026-08-04T19:16:41.453+0000] {processor.py:840} INFO - DAG(s) '1_sports_goat_raw_to_clean', '2_sports_goat_run_batch' retrieved from /opt/airflow/dags/sports_goat_pipeline.py
[2026-08-04T19:16:41.483+0000] {logging_mixin.py:188} INFO - [2026-08-04T19:16:41.483+0000] {dag.py:3036} INFO - Sync 2 DAGs
[2026-08-04T19:16:41.520+0000] {logging_mixin.py:188} INFO - [2026-08-04T19:16:41.519+0000] {dag.py:3823} INFO - Setting next_dagrun for 1_sports_goat_raw_to_clean to 2026-08-04 17:45:00+00:00, run_after=2026-08-05 17:45:00+00:00
[2026-08-04T19:16:41.529+0000] {logging_mixin.py:188} INFO - [2026-08-04T19:16:41.529+0000] {dag.py:3823} INFO - Setting next_dagrun for 2_sports_goat_run_batch to 2026-08-04 18:00:00+00:00, run_after=2026-08-05 18:00:00+00:00
[2026-08-04T19:16:41.630+0000] {processor.py:183} INFO - Processing /opt/airflow/dags/sports_goat_pipeline.py took 0.207 seconds
[2026-08-04T19:17:11.966+0000] {processor.py:161} INFO - Started process (PID=156) to work on /opt/airflow/dags/sports_goat_pipeline.py
[2026-08-04T19:17:11.969+0000] {processor.py:830} INFO - Processing file /opt/airflow/dags/sports_goat_pipeline.py for tasks to queue
[2026-08-04T19:17:11.971+0000] {logging_mixin.py:188} INFO - [2026-08-04T19:17:11.970+0000] {dagbag.py:538} INFO - Filling up the DagBag from /opt/airflow/dags/sports_goat_pipeline.py
[2026-08-04T19:17:12.005+0000] {processor.py:840} INFO - DAG(s) '2_sports_goat_run_batch', '1_sports_goat_raw_to_clean' retrieved from /opt/airflow/dags/sports_goat_pipeline.py
[2026-08-04T19:17:12.061+0000] {logging_mixin.py:188} INFO - [2026-08-04T19:17:12.061+0000] {dag.py:3036} INFO - Sync 2 DAGs
[2026-08-04T19:17:12.117+0000] {logging_mixin.py:188} INFO - [2026-08-04T19:17:12.116+0000] {dag.py:3823} INFO - Setting next_dagrun for 1_sports_goat_raw_to_clean to 2026-08-04 17:45:00+00:00, run_after=2026-08-05 17:45:00+00:00
[2026-08-04T19:17:12.129+0000] {logging_mixin.py:188} INFO - [2026-08-04T19:17:12.128+0000] {dag.py:3823} INFO - Setting next_dagrun for 2_sports_goat_run_batch to 2026-08-04 18:00:00+00:00, run_after=2026-08-05 18:00:00+00:00
[2026-08-04T19:17:12.239+0000] {processor.py:183} INFO - Processing /opt/airflow/dags/sports_goat_pipeline.py took 0.280 seconds
[2026-08-04T19:17:42.400+0000] {processor.py:161} INFO - Started process (PID=157) to work on /opt/airflow/dags/sports_goat_pipeline.py
[2026-08-04T19:17:42.402+0000] {processor.py:830} INFO - Processing file /opt/airflow/dags/sports_goat_pipeline.py for tasks to queue
[2026-08-04T19:17:42.403+0000] {logging_mixin.py:188} INFO - [2026-08-04T19:17:42.403+0000] {dagbag.py:538} INFO - Filling up the DagBag from /opt/airflow/dags/sports_goat_pipeline.py
[2026-08-04T19:17:42.426+0000] {processor.py:840} INFO - DAG(s) '1_sports_goat_raw_to_clean', '2_sports_goat_run_batch' retrieved from /opt/airflow/dags/sports_goat_pipeline.py
[2026-08-04T19:17:42.459+0000] {logging_mixin.py:188} INFO - [2026-08-04T19:17:42.459+0000] {dag.py:3036} INFO - Sync 2 DAGs
[2026-08-04T19:17:42.488+0000] {logging_mixin.py:188} INFO - [2026-08-04T19:17:42.487+0000] {dag.py:3823} INFO - Setting next_dagrun for 1_sports_goat_raw_to_clean to 2026-08-04 17:45:00+00:00, run_after=2026-08-05 17:45:00+00:00
[2026-08-04T19:17:42.497+0000] {logging_mixin.py:188} INFO - [2026-08-04T19:17:42.496+0000] {dag.py:3823} INFO - Setting next_dagrun for 2_sports_goat_run_batch to 2026-08-04 18:00:00+00:00, run_after=2026-08-05 18:00:00+00:00
[2026-08-04T19:17:42.531+0000] {processor.py:183} INFO - Processing /opt/airflow/dags/sports_goat_pipeline.py took 0.135 seconds
[2026-08-04T19:18:12.703+0000] {processor.py:161} INFO - Started process (PID=158) to work on /opt/airflow/dags/sports_goat_pipeline.py
[2026-08-04T19:18:12.705+0000] {processor.py:830} INFO - Processing file /opt/airflow/dags/sports_goat_pipeline.py for tasks to queue
[2026-08-04T19:18:12.707+0000] {logging_mixin.py:188} INFO - [2026-08-04T19:18:12.706+0000] {dagbag.py:538} INFO - Filling up the DagBag from /opt/airflow/dags/sports_goat_pipeline.py
[2026-08-04T19:18:12.733+0000] {processor.py:840} INFO - DAG(s) '1_sports_goat_raw_to_clean', '2_sports_goat_run_batch' retrieved from /opt/airflow/dags/sports_goat_pipeline.py
[2026-08-04T19:18:12.787+0000] {logging_mixin.py:188} INFO - [2026-08-04T19:18:12.786+0000] {dag.py:3036} INFO - Sync 2 DAGs
[2026-08-04T19:18:12.847+0000] {logging_mixin.py:188} INFO - [2026-08-04T19:18:12.847+0000] {dag.py:3823} INFO - Setting next_dagrun for 1_sports_goat_raw_to_clean to 2026-08-04 17:45:00+00:00, run_after=2026-08-05 17:45:00+00:00
[2026-08-04T19:18:12.857+0000] {logging_mixin.py:188} INFO - [2026-08-04T19:18:12.857+0000] {dag.py:3823} INFO - Setting next_dagrun for 2_sports_goat_run_batch to 2026-08-04 18:00:00+00:00, run_after=2026-08-05 18:00:00+00:00
[2026-08-04T19:18:12.884+0000] {processor.py:183} INFO - Processing /opt/airflow/dags/sports_goat_pipeline.py took 0.189 seconds
[2026-08-04T19:18:43.067+0000] {processor.py:161} INFO - Started process (PID=159) to work on /opt/airflow/dags/sports_goat_pipeline.py
[2026-08-04T19:18:43.068+0000] {processor.py:830} INFO - Processing file /opt/airflow/dags/sports_goat_pipeline.py for tasks to queue
[2026-08-04T19:18:43.070+0000] {logging_mixin.py:188} INFO - [2026-08-04T19:18:43.069+0000] {dagbag.py:538} INFO - Filling up the DagBag from /opt/airflow/dags/sports_goat_pipeline.py
[2026-08-04T19:18:43.093+0000] {processor.py:840} INFO - DAG(s) '1_sports_goat_raw_to_clean', '2_sports_goat_run_batch' retrieved from /opt/airflow/dags/sports_goat_pipeline.py
[2026-08-04T19:18:43.132+0000] {logging_mixin.py:188} INFO - [2026-08-04T19:18:43.131+0000] {dag.py:3036} INFO - Sync 2 DAGs
[2026-08-04T19:18:43.206+0000] {logging_mixin.py:188} INFO - [2026-08-04T19:18:43.205+0000] {dag.py:3823} INFO - Setting next_dagrun for 1_sports_goat_raw_to_clean to 2026-08-04 17:45:00+00:00, run_after=2026-08-05 17:45:00+00:00
[2026-08-04T19:18:43.212+0000] {logging_mixin.py:188} INFO - [2026-08-04T19:18:43.212+0000] {dag.py:3823} INFO - Setting next_dagrun for 2_sports_goat_run_batch to 2026-08-04 18:00:00+00:00, run_after=2026-08-05 18:00:00+00:00
[2026-08-04T19:18:43.240+0000] {processor.py:183} INFO - Processing /opt/airflow/dags/sports_goat_pipeline.py took 0.178 seconds
[2026-08-04T19:19:13.413+0000] {processor.py:161} INFO - Started process (PID=160) to work on /opt/airflow/dags/sports_goat_pipeline.py
[2026-08-04T19:19:13.415+0000] {processor.py:830} INFO - Processing file /opt/airflow/dags/sports_goat_pipeline.py for tasks to queue
[2026-08-04T19:19:13.417+0000] {logging_mixin.py:188} INFO - [2026-08-04T19:19:13.416+0000] {dagbag.py:538} INFO - Filling up the DagBag from /opt/airflow/dags/sports_goat_pipeline.py
[2026-08-04T19:19:13.435+0000] {processor.py:840} INFO - DAG(s) '1_sports_goat_raw_to_clean', '2_sports_goat_run_batch' retrieved from /opt/airflow/dags/sports_goat_pipeline.py
[2026-08-04T19:19:13.463+0000] {logging_mixin.py:188} INFO - [2026-08-04T19:19:13.462+0000] {dag.py:3036} INFO - Sync 2 DAGs
[2026-08-04T19:19:13.487+0000] {logging_mixin.py:188} INFO - [2026-08-04T19:19:13.487+0000] {dag.py:3823} INFO - Setting next_dagrun for 1_sports_goat_raw_to_clean to 2026-08-04 17:45:00+00:00, run_after=2026-08-05 17:45:00+00:00
[2026-08-04T19:19:13.493+0000] {logging_mixin.py:188} INFO - [2026-08-04T19:19:13.493+0000] {dag.py:3823} INFO - Setting next_dagrun for 2_sports_goat_run_batch to 2026-08-04 18:00:00+00:00, run_after=2026-08-05 18:00:00+00:00
[2026-08-04T19:19:13.518+0000] {processor.py:183} INFO - Processing /opt/airflow/dags/sports_goat_pipeline.py took 0.110 seconds
[2026-08-04T19:19:43.712+0000] {processor.py:161} INFO - Started process (PID=161) to work on /opt/airflow/dags/sports_goat_pipeline.py
[2026-08-04T19:19:43.718+0000] {processor.py:830} INFO - Processing file /opt/airflow/dags/sports_goat_pipeline.py for tasks to queue
[2026-08-04T19:19:43.720+0000] {logging_mixin.py:188} INFO - [2026-08-04T19:19:43.719+0000] {dagbag.py:538} INFO - Filling up the DagBag from /opt/airflow/dags/sports_goat_pipeline.py
[2026-08-04T19:19:43.739+0000] {processor.py:840} INFO - DAG(s) '2_sports_goat_run_batch', '1_sports_goat_raw_to_clean' retrieved from /opt/airflow/dags/sports_goat_pipeline.py
[2026-08-04T19:19:43.768+0000] {logging_mixin.py:188} INFO - [2026-08-04T19:19:43.768+0000] {dag.py:3036} INFO - Sync 2 DAGs
[2026-08-04T19:19:43.800+0000] {logging_mixin.py:188} INFO - [2026-08-04T19:19:43.800+0000] {dag.py:3823} INFO - Setting next_dagrun for 1_sports_goat_raw_to_clean to 2026-08-04 17:45:00+00:00, run_after=2026-08-05 17:45:00+00:00
[2026-08-04T19:19:43.810+0000] {logging_mixin.py:188} INFO - [2026-08-04T19:19:43.810+0000] {dag.py:3823} INFO - Setting next_dagrun for 2_sports_goat_run_batch to 2026-08-04 18:00:00+00:00, run_after=2026-08-05 18:00:00+00:00
[2026-08-04T19:19:43.843+0000] {processor.py:183} INFO - Processing /opt/airflow/dags/sports_goat_pipeline.py took 0.136 seconds
[2026-08-04T19:20:14.020+0000] {processor.py:161} INFO - Started process (PID=162) to work on /opt/airflow/dags/sports_goat_pipeline.py
[2026-08-04T19:20:14.023+0000] {processor.py:830} INFO - Processing file /opt/airflow/dags/sports_goat_pipeline.py for tasks to queue
[2026-08-04T19:20:14.025+0000] {logging_mixin.py:188} INFO - [2026-08-04T19:20:14.024+0000] {dagbag.py:538} INFO - Filling up the DagBag from /opt/airflow/dags/sports_goat_pipeline.py
[2026-08-04T19:20:14.051+0000] {processor.py:840} INFO - DAG(s) '1_sports_goat_raw_to_clean', '2_sports_goat_run_batch' retrieved from /opt/airflow/dags/sports_goat_pipeline.py
[2026-08-04T19:20:14.085+0000] {logging_mixin.py:188} INFO - [2026-08-04T19:20:14.084+0000] {dag.py:3036} INFO - Sync 2 DAGs
[2026-08-04T19:20:14.128+0000] {logging_mixin.py:188} INFO - [2026-08-04T19:20:14.128+0000] {dag.py:3823} INFO - Setting next_dagrun for 1_sports_goat_raw_to_clean to 2026-08-04 17:45:00+00:00, run_after=2026-08-05 17:45:00+00:00
[2026-08-04T19:20:14.136+0000] {logging_mixin.py:188} INFO - [2026-08-04T19:20:14.136+0000] {dag.py:3823} INFO - Setting next_dagrun for 2_sports_goat_run_batch to 2026-08-04 18:00:00+00:00, run_after=2026-08-05 18:00:00+00:00
[2026-08-04T19:20:14.180+0000] {processor.py:183} INFO - Processing /opt/airflow/dags/sports_goat_pipeline.py took 0.164 seconds
[2026-08-04T19:20:44.366+0000] {processor.py:161} INFO - Started process (PID=163) to work on /opt/airflow/dags/sports_goat_pipeline.py
[2026-08-04T19:20:44.368+0000] {processor.py:830} INFO - Processing file /opt/airflow/dags/sports_goat_pipeline.py for tasks to queue
[2026-08-04T19:20:44.370+0000] {logging_mixin.py:188} INFO - [2026-08-04T19:20:44.369+0000] {dagbag.py:538} INFO - Filling up the DagBag from /opt/airflow/dags/sports_goat_pipeline.py
[2026-08-04T19:20:44.391+0000] {processor.py:840} INFO - DAG(s) '1_sports_goat_raw_to_clean', '2_sports_goat_run_batch' retrieved from /opt/airflow/dags/sports_goat_pipeline.py
[2026-08-04T19:20:44.432+0000] {logging_mixin.py:188} INFO - [2026-08-04T19:20:44.431+0000] {dag.py:3036} INFO - Sync 2 DAGs
[2026-08-04T19:20:44.468+0000] {logging_mixin.py:188} INFO - [2026-08-04T19:20:44.468+0000] {dag.py:3823} INFO - Setting next_dagrun for 1_sports_goat_raw_to_clean to 2026-08-04 17:45:00+00:00, run_after=2026-08-05 17:45:00+00:00
[2026-08-04T19:20:44.476+0000] {logging_mixin.py:188} INFO - [2026-08-04T19:20:44.475+0000] {dag.py:3823} INFO - Setting next_dagrun for 2_sports_goat_run_batch to 2026-08-04 18:00:00+00:00, run_after=2026-08-05 18:00:00+00:00
[2026-08-04T19:20:44.507+0000] {processor.py:183} INFO - Processing /opt/airflow/dags/sports_goat_pipeline.py took 0.147 seconds
[2026-08-04T19:22:07.738+0000] {processor.py:161} INFO - Started process (PID=56) to work on /opt/airflow/dags/sports_goat_pipeline.py
[2026-08-04T19:22:07.749+0000] {processor.py:830} INFO - Processing file /opt/airflow/dags/sports_goat_pipeline.py for tasks to queue
[2026-08-04T19:22:07.753+0000] {logging_mixin.py:188} INFO - [2026-08-04T19:22:07.752+0000] {dagbag.py:538} INFO - Filling up the DagBag from /opt/airflow/dags/sports_goat_pipeline.py
[2026-08-04T19:22:07.823+0000] {processor.py:840} INFO - DAG(s) '1_sports_goat_raw_to_clean', '2_sports_goat_run_batch' retrieved from /opt/airflow/dags/sports_goat_pipeline.py
[2026-08-04T19:22:07.882+0000] {logging_mixin.py:188} INFO - [2026-08-04T19:22:07.881+0000] {dag.py:3036} INFO - Sync 2 DAGs
[2026-08-04T19:22:08.011+0000] {logging_mixin.py:188} INFO - [2026-08-04T19:22:08.010+0000] {dag.py:3823} INFO - Setting next_dagrun for 1_sports_goat_raw_to_clean to 2026-08-04 17:45:00+00:00, run_after=2026-08-05 17:45:00+00:00
[2026-08-04T19:22:08.034+0000] {logging_mixin.py:188} INFO - [2026-08-04T19:22:08.033+0000] {dag.py:3823} INFO - Setting next_dagrun for 2_sports_goat_run_batch to 2026-08-04 18:00:00+00:00, run_after=2026-08-05 18:00:00+00:00
[2026-08-04T19:22:08.137+0000] {processor.py:183} INFO - Processing /opt/airflow/dags/sports_goat_pipeline.py took 0.428 seconds
[2026-08-04T19:22:38.480+0000] {processor.py:161} INFO - Started process (PID=65) to work on /opt/airflow/dags/sports_goat_pipeline.py
[2026-08-04T19:22:38.483+0000] {processor.py:830} INFO - Processing file /opt/airflow/dags/sports_goat_pipeline.py for tasks to queue
[2026-08-04T19:22:38.485+0000] {logging_mixin.py:188} INFO - [2026-08-04T19:22:38.484+0000] {dagbag.py:538} INFO - Filling up the DagBag from /opt/airflow/dags/sports_goat_pipeline.py
[2026-08-04T19:22:38.527+0000] {processor.py:840} INFO - DAG(s) '1_sports_goat_raw_to_clean', '2_sports_goat_run_batch' retrieved from /opt/airflow/dags/sports_goat_pipeline.py
[2026-08-04T19:22:38.749+0000] {logging_mixin.py:188} INFO - [2026-08-04T19:22:38.748+0000] {dag.py:3036} INFO - Sync 2 DAGs
[2026-08-04T19:22:38.792+0000] {logging_mixin.py:188} INFO - [2026-08-04T19:22:38.791+0000] {dag.py:3823} INFO - Setting next_dagrun for 1_sports_goat_raw_to_clean to 2026-08-04 17:45:00+00:00, run_after=2026-08-05 17:45:00+00:00
[2026-08-04T19:22:38.803+0000] {logging_mixin.py:188} INFO - [2026-08-04T19:22:38.802+0000] {dag.py:3823} INFO - Setting next_dagrun for 2_sports_goat_run_batch to 2026-08-04 18:00:00+00:00, run_after=2026-08-05 18:00:00+00:00
[2026-08-04T19:22:39.027+0000] {processor.py:183} INFO - Processing /opt/airflow/dags/sports_goat_pipeline.py took 0.554 seconds
[2026-08-04T19:23:09.386+0000] {processor.py:161} INFO - Started process (PID=66) to work on /opt/airflow/dags/sports_goat_pipeline.py
[2026-08-04T19:23:09.388+0000] {processor.py:830} INFO - Processing file /opt/airflow/dags/sports_goat_pipeline.py for tasks to queue
[2026-08-04T19:23:09.390+0000] {logging_mixin.py:188} INFO - [2026-08-04T19:23:09.389+0000] {dagbag.py:538} INFO - Filling up the DagBag from /opt/airflow/dags/sports_goat_pipeline.py
[2026-08-04T19:23:09.483+0000] {processor.py:840} INFO - DAG(s) '1_sports_goat_raw_to_clean', '2_sports_goat_run_batch' retrieved from /opt/airflow/dags/sports_goat_pipeline.py
[2026-08-04T19:23:09.606+0000] {logging_mixin.py:188} INFO - [2026-08-04T19:23:09.605+0000] {dag.py:3036} INFO - Sync 2 DAGs
[2026-08-04T19:23:09.693+0000] {logging_mixin.py:188} INFO - [2026-08-04T19:23:09.692+0000] {dag.py:3823} INFO - Setting next_dagrun for 1_sports_goat_raw_to_clean to 2026-08-04 17:45:00+00:00, run_after=2026-08-05 17:45:00+00:00
[2026-08-04T19:23:09.719+0000] {logging_mixin.py:188} INFO - [2026-08-04T19:23:09.719+0000] {dag.py:3823} INFO - Setting next_dagrun for 2_sports_goat_run_batch to 2026-08-04 18:00:00+00:00, run_after=2026-08-05 18:00:00+00:00
[2026-08-04T19:23:09.793+0000] {processor.py:183} INFO - Processing /opt/airflow/dags/sports_goat_pipeline.py took 0.414 seconds
[2026-08-04T19:23:40.621+0000] {processor.py:161} INFO - Started process (PID=67) to work on /opt/airflow/dags/sports_goat_pipeline.py
[2026-08-04T19:23:40.623+0000] {processor.py:830} INFO - Processing file /opt/airflow/dags/sports_goat_pipeline.py for tasks to queue
[2026-08-04T19:23:40.624+0000] {logging_mixin.py:188} INFO - [2026-08-04T19:23:40.624+0000] {dagbag.py:538} INFO - Filling up the DagBag from /opt/airflow/dags/sports_goat_pipeline.py
[2026-08-04T19:23:40.654+0000] {processor.py:840} INFO - DAG(s) '1_sports_goat_raw_to_clean', '2_sports_goat_run_batch' retrieved from /opt/airflow/dags/sports_goat_pipeline.py
[2026-08-04T19:23:40.698+0000] {logging_mixin.py:188} INFO - [2026-08-04T19:23:40.697+0000] {dag.py:3036} INFO - Sync 2 DAGs
[2026-08-04T19:23:40.737+0000] {logging_mixin.py:188} INFO - [2026-08-04T19:23:40.737+0000] {dag.py:3823} INFO - Setting next_dagrun for 1_sports_goat_raw_to_clean to 2026-08-04 17:45:00+00:00, run_after=2026-08-05 17:45:00+00:00
[2026-08-04T19:23:40.746+0000] {logging_mixin.py:188} INFO - [2026-08-04T19:23:40.745+0000] {dag.py:3823} INFO - Setting next_dagrun for 2_sports_goat_run_batch to 2026-08-04 18:00:00+00:00, run_after=2026-08-05 18:00:00+00:00
[2026-08-04T19:23:40.784+0000] {processor.py:183} INFO - Processing /opt/airflow/dags/sports_goat_pipeline.py took 0.170 seconds
[2026-08-04T19:24:11.387+0000] {processor.py:161} INFO - Started process (PID=68) to work on /opt/airflow/dags/sports_goat_pipeline.py
[2026-08-04T19:24:11.389+0000] {processor.py:830} INFO - Processing file /opt/airflow/dags/sports_goat_pipeline.py for tasks to queue
[2026-08-04T19:24:11.390+0000] {logging_mixin.py:188} INFO - [2026-08-04T19:24:11.390+0000] {dagbag.py:538} INFO - Filling up the DagBag from /opt/airflow/dags/sports_goat_pipeline.py
[2026-08-04T19:24:11.411+0000] {processor.py:840} INFO - DAG(s) '2_sports_goat_run_batch', '1_sports_goat_raw_to_clean' retrieved from /opt/airflow/dags/sports_goat_pipeline.py
[2026-08-04T19:24:11.440+0000] {logging_mixin.py:188} INFO - [2026-08-04T19:24:11.440+0000] {dag.py:3036} INFO - Sync 2 DAGs
[2026-08-04T19:24:11.470+0000] {logging_mixin.py:188} INFO - [2026-08-04T19:24:11.469+0000] {dag.py:3823} INFO - Setting next_dagrun for 1_sports_goat_raw_to_clean to 2026-08-04 17:45:00+00:00, run_after=2026-08-05 17:45:00+00:00
[2026-08-04T19:24:11.478+0000] {logging_mixin.py:188} INFO - [2026-08-04T19:24:11.478+0000] {dag.py:3823} INFO - Setting next_dagrun for 2_sports_goat_run_batch to 2026-08-04 18:00:00+00:00, run_after=2026-08-05 18:00:00+00:00
[2026-08-04T19:24:11.511+0000] {processor.py:183} INFO - Processing /opt/airflow/dags/sports_goat_pipeline.py took 0.129 seconds
[2026-08-04T19:24:41.961+0000] {processor.py:161} INFO - Started process (PID=69) to work on /opt/airflow/dags/sports_goat_pipeline.py
[2026-08-04T19:24:41.963+0000] {processor.py:830} INFO - Processing file /opt/airflow/dags/sports_goat_pipeline.py for tasks to queue
[2026-08-04T19:24:41.965+0000] {logging_mixin.py:188} INFO - [2026-08-04T19:24:41.964+0000] {dagbag.py:538} INFO - Filling up the DagBag from /opt/airflow/dags/sports_goat_pipeline.py
[2026-08-04T19:24:41.986+0000] {processor.py:840} INFO - DAG(s) '2_sports_goat_run_batch', '1_sports_goat_raw_to_clean' retrieved from /opt/airflow/dags/sports_goat_pipeline.py
[2026-08-04T19:24:42.021+0000] {logging_mixin.py:188} INFO - [2026-08-04T19:24:42.021+0000] {dag.py:3036} INFO - Sync 2 DAGs
[2026-08-04T19:24:42.049+0000] {logging_mixin.py:188} INFO - [2026-08-04T19:24:42.049+0000] {dag.py:3823} INFO - Setting next_dagrun for 1_sports_goat_raw_to_clean to 2026-08-04 17:45:00+00:00, run_after=2026-08-05 17:45:00+00:00
[2026-08-04T19:24:42.058+0000] {logging_mixin.py:188} INFO - [2026-08-04T19:24:42.057+0000] {dag.py:3823} INFO - Setting next_dagrun for 2_sports_goat_run_batch to 2026-08-04 18:00:00+00:00, run_after=2026-08-05 18:00:00+00:00
[2026-08-04T19:24:42.089+0000] {processor.py:183} INFO - Processing /opt/airflow/dags/sports_goat_pipeline.py took 0.138 seconds
[2026-08-04T19:25:12.498+0000] {processor.py:161} INFO - Started process (PID=70) to work on /opt/airflow/dags/sports_goat_pipeline.py
[2026-08-04T19:25:12.500+0000] {processor.py:830} INFO - Processing file /opt/airflow/dags/sports_goat_pipeline.py for tasks to queue
[2026-08-04T19:25:12.506+0000] {logging_mixin.py:188} INFO - [2026-08-04T19:25:12.502+0000] {dagbag.py:538} INFO - Filling up the DagBag from /opt/airflow/dags/sports_goat_pipeline.py
[2026-08-04T19:25:12.541+0000] {processor.py:840} INFO - DAG(s) '1_sports_goat_raw_to_clean', '2_sports_goat_run_batch' retrieved from /opt/airflow/dags/sports_goat_pipeline.py
[2026-08-04T19:25:12.585+0000] {logging_mixin.py:188} INFO - [2026-08-04T19:25:12.585+0000] {dag.py:3036} INFO - Sync 2 DAGs
[2026-08-04T19:25:12.623+0000] {logging_mixin.py:188} INFO - [2026-08-04T19:25:12.623+0000] {dag.py:3823} INFO - Setting next_dagrun for 1_sports_goat_raw_to_clean to 2026-08-04 17:45:00+00:00, run_after=2026-08-05 17:45:00+00:00
[2026-08-04T19:25:12.632+0000] {logging_mixin.py:188} INFO - [2026-08-04T19:25:12.631+0000] {dag.py:3823} INFO - Setting next_dagrun for 2_sports_goat_run_batch to 2026-08-04 18:00:00+00:00, run_after=2026-08-05 18:00:00+00:00
[2026-08-04T19:25:12.684+0000] {processor.py:183} INFO - Processing /opt/airflow/dags/sports_goat_pipeline.py took 0.191 seconds
[2026-08-04T19:25:43.173+0000] {processor.py:161} INFO - Started process (PID=71) to work on /opt/airflow/dags/sports_goat_pipeline.py
[2026-08-04T19:25:43.186+0000] {processor.py:830} INFO - Processing file /opt/airflow/dags/sports_goat_pipeline.py for tasks to queue
[2026-08-04T19:25:43.191+0000] {logging_mixin.py:188} INFO - [2026-08-04T19:25:43.189+0000] {dagbag.py:538} INFO - Filling up the DagBag from /opt/airflow/dags/sports_goat_pipeline.py
[2026-08-04T19:25:43.248+0000] {processor.py:840} INFO - DAG(s) '2_sports_goat_run_batch', '1_sports_goat_raw_to_clean' retrieved from /opt/airflow/dags/sports_goat_pipeline.py
[2026-08-04T19:25:43.301+0000] {logging_mixin.py:188} INFO - [2026-08-04T19:25:43.301+0000] {dag.py:3036} INFO - Sync 2 DAGs
[2026-08-04T19:25:43.390+0000] {logging_mixin.py:188} INFO - [2026-08-04T19:25:43.390+0000] {dag.py:3823} INFO - Setting next_dagrun for 1_sports_goat_raw_to_clean to 2026-08-04 17:45:00+00:00, run_after=2026-08-05 17:45:00+00:00
[2026-08-04T19:25:43.401+0000] {logging_mixin.py:188} INFO - [2026-08-04T19:25:43.401+0000] {dag.py:3823} INFO - Setting next_dagrun for 2_sports_goat_run_batch to 2026-08-04 18:00:00+00:00, run_after=2026-08-05 18:00:00+00:00
[2026-08-04T19:25:43.441+0000] {processor.py:183} INFO - Processing /opt/airflow/dags/sports_goat_pipeline.py took 0.323 seconds
[2026-08-04T19:26:13.653+0000] {processor.py:161} INFO - Started process (PID=72) to work on /opt/airflow/dags/sports_goat_pipeline.py
[2026-08-04T19:26:13.662+0000] {processor.py:830} INFO - Processing file /opt/airflow/dags/sports_goat_pipeline.py for tasks to queue
[2026-08-04T19:26:13.670+0000] {logging_mixin.py:188} INFO - [2026-08-04T19:26:13.668+0000] {dagbag.py:538} INFO - Filling up the DagBag from /opt/airflow/dags/sports_goat_pipeline.py
[2026-08-04T19:26:13.743+0000] {processor.py:840} INFO - DAG(s) '1_sports_goat_raw_to_clean', '2_sports_goat_run_batch' retrieved from /opt/airflow/dags/sports_goat_pipeline.py
[2026-08-04T19:26:13.832+0000] {logging_mixin.py:188} INFO - [2026-08-04T19:26:13.831+0000] {dag.py:3036} INFO - Sync 2 DAGs
[2026-08-04T19:26:14.026+0000] {logging_mixin.py:188} INFO - [2026-08-04T19:26:14.023+0000] {dag.py:3823} INFO - Setting next_dagrun for 1_sports_goat_raw_to_clean to 2026-08-04 17:45:00+00:00, run_after=2026-08-05 17:45:00+00:00
[2026-08-04T19:26:14.081+0000] {logging_mixin.py:188} INFO - [2026-08-04T19:26:14.079+0000] {dag.py:3823} INFO - Setting next_dagrun for 2_sports_goat_run_batch to 2026-08-04 18:00:00+00:00, run_after=2026-08-05 18:00:00+00:00
[2026-08-04T19:26:14.150+0000] {processor.py:183} INFO - Processing /opt/airflow/dags/sports_goat_pipeline.py took 0.514 seconds
[2026-08-04T19:26:44.641+0000] {processor.py:161} INFO - Started process (PID=73) to work on /opt/airflow/dags/sports_goat_pipeline.py
[2026-08-04T19:26:44.643+0000] {processor.py:830} INFO - Processing file /opt/airflow/dags/sports_goat_pipeline.py for tasks to queue
[2026-08-04T19:26:44.645+0000] {logging_mixin.py:188} INFO - [2026-08-04T19:26:44.645+0000] {dagbag.py:538} INFO - Filling up the DagBag from /opt/airflow/dags/sports_goat_pipeline.py
[2026-08-04T19:26:44.669+0000] {processor.py:840} INFO - DAG(s) '1_sports_goat_raw_to_clean', '2_sports_goat_run_batch' retrieved from /opt/airflow/dags/sports_goat_pipeline.py
[2026-08-04T19:26:44.699+0000] {logging_mixin.py:188} INFO - [2026-08-04T19:26:44.699+0000] {dag.py:3036} INFO - Sync 2 DAGs
[2026-08-04T19:26:44.733+0000] {logging_mixin.py:188} INFO - [2026-08-04T19:26:44.732+0000] {dag.py:3823} INFO - Setting next_dagrun for 1_sports_goat_raw_to_clean to 2026-08-04 17:45:00+00:00, run_after=2026-08-05 17:45:00+00:00
[2026-08-04T19:26:44.739+0000] {logging_mixin.py:188} INFO - [2026-08-04T19:26:44.739+0000] {dag.py:3823} INFO - Setting next_dagrun for 2_sports_goat_run_batch to 2026-08-04 18:00:00+00:00, run_after=2026-08-05 18:00:00+00:00
[2026-08-04T19:26:44.766+0000] {processor.py:183} INFO - Processing /opt/airflow/dags/sports_goat_pipeline.py took 0.131 seconds
[2026-08-04T19:27:15.196+0000] {processor.py:161} INFO - Started process (PID=74) to work on /opt/airflow/dags/sports_goat_pipeline.py
[2026-08-04T19:27:15.199+0000] {processor.py:830} INFO - Processing file /opt/airflow/dags/sports_goat_pipeline.py for tasks to queue
[2026-08-04T19:27:15.200+0000] {logging_mixin.py:188} INFO - [2026-08-04T19:27:15.200+0000] {dagbag.py:538} INFO - Filling up the DagBag from /opt/airflow/dags/sports_goat_pipeline.py
[2026-08-04T19:27:15.235+0000] {processor.py:840} INFO - DAG(s) '1_sports_goat_raw_to_clean', '2_sports_goat_run_batch' retrieved from /opt/airflow/dags/sports_goat_pipeline.py
[2026-08-04T19:27:15.292+0000] {logging_mixin.py:188} INFO - [2026-08-04T19:27:15.291+0000] {dag.py:3036} INFO - Sync 2 DAGs
[2026-08-04T19:27:15.384+0000] {logging_mixin.py:188} INFO - [2026-08-04T19:27:15.383+0000] {dag.py:3823} INFO - Setting next_dagrun for 1_sports_goat_raw_to_clean to 2026-08-04 17:45:00+00:00, run_after=2026-08-05 17:45:00+00:00
[2026-08-04T19:27:15.395+0000] {logging_mixin.py:188} INFO - [2026-08-04T19:27:15.395+0000] {dag.py:3823} INFO - Setting next_dagrun for 2_sports_goat_run_batch to 2026-08-04 18:00:00+00:00, run_after=2026-08-05 18:00:00+00:00
[2026-08-04T19:27:15.437+0000] {processor.py:183} INFO - Processing /opt/airflow/dags/sports_goat_pipeline.py took 0.247 seconds
[2026-08-04T19:27:45.900+0000] {processor.py:161} INFO - Started process (PID=75) to work on /opt/airflow/dags/sports_goat_pipeline.py
[2026-08-04T19:27:45.903+0000] {processor.py:830} INFO - Processing file /opt/airflow/dags/sports_goat_pipeline.py for tasks to queue
[2026-08-04T19:27:45.905+0000] {logging_mixin.py:188} INFO - [2026-08-04T19:27:45.904+0000] {dagbag.py:538} INFO - Filling up the DagBag from /opt/airflow/dags/sports_goat_pipeline.py
[2026-08-04T19:27:45.931+0000] {processor.py:840} INFO - DAG(s) '1_sports_goat_raw_to_clean', '2_sports_goat_run_batch' retrieved from /opt/airflow/dags/sports_goat_pipeline.py
[2026-08-04T19:27:45.973+0000] {logging_mixin.py:188} INFO - [2026-08-04T19:27:45.973+0000] {dag.py:3036} INFO - Sync 2 DAGs
[2026-08-04T19:27:46.037+0000] {logging_mixin.py:188} INFO - [2026-08-04T19:27:46.036+0000] {dag.py:3823} INFO - Setting next_dagrun for 1_sports_goat_raw_to_clean to 2026-08-04 17:45:00+00:00, run_after=2026-08-05 17:45:00+00:00
[2026-08-04T19:27:46.043+0000] {logging_mixin.py:188} INFO - [2026-08-04T19:27:46.043+0000] {dag.py:3823} INFO - Setting next_dagrun for 2_sports_goat_run_batch to 2026-08-04 18:00:00+00:00, run_after=2026-08-05 18:00:00+00:00
[2026-08-04T19:27:46.099+0000] {processor.py:183} INFO - Processing /opt/airflow/dags/sports_goat_pipeline.py took 0.216 seconds
[2026-08-04T19:28:16.595+0000] {processor.py:161} INFO - Started process (PID=76) to work on /opt/airflow/dags/sports_goat_pipeline.py
[2026-08-04T19:28:16.597+0000] {processor.py:830} INFO - Processing file /opt/airflow/dags/sports_goat_pipeline.py for tasks to queue
[2026-08-04T19:28:16.599+0000] {logging_mixin.py:188} INFO - [2026-08-04T19:28:16.598+0000] {dagbag.py:538} INFO - Filling up the DagBag from /opt/airflow/dags/sports_goat_pipeline.py
[2026-08-04T19:28:16.626+0000] {processor.py:840} INFO - DAG(s) '1_sports_goat_raw_to_clean', '2_sports_goat_run_batch' retrieved from /opt/airflow/dags/sports_goat_pipeline.py
[2026-08-04T19:28:16.653+0000] {logging_mixin.py:188} INFO - [2026-08-04T19:28:16.653+0000] {dag.py:3036} INFO - Sync 2 DAGs
[2026-08-04T19:28:16.690+0000] {logging_mixin.py:188} INFO - [2026-08-04T19:28:16.689+0000] {dag.py:3823} INFO - Setting next_dagrun for 1_sports_goat_raw_to_clean to 2026-08-04 17:45:00+00:00, run_after=2026-08-05 17:45:00+00:00
[2026-08-04T19:28:16.698+0000] {logging_mixin.py:188} INFO - [2026-08-04T19:28:16.697+0000] {dag.py:3823} INFO - Setting next_dagrun for 2_sports_goat_run_batch to 2026-08-04 18:00:00+00:00, run_after=2026-08-05 18:00:00+00:00
[2026-08-04T19:28:16.729+0000] {processor.py:183} INFO - Processing /opt/airflow/dags/sports_goat_pipeline.py took 0.142 seconds
[2026-08-04T19:28:47.150+0000] {processor.py:161} INFO - Started process (PID=77) to work on /opt/airflow/dags/sports_goat_pipeline.py
[2026-08-04T19:28:47.151+0000] {processor.py:830} INFO - Processing file /opt/airflow/dags/sports_goat_pipeline.py for tasks to queue
[2026-08-04T19:28:47.152+0000] {logging_mixin.py:188} INFO - [2026-08-04T19:28:47.152+0000] {dagbag.py:538} INFO - Filling up the DagBag from /opt/airflow/dags/sports_goat_pipeline.py
[2026-08-04T19:28:47.182+0000] {processor.py:840} INFO - DAG(s) '1_sports_goat_raw_to_clean', '2_sports_goat_run_batch' retrieved from /opt/airflow/dags/sports_goat_pipeline.py
[2026-08-04T19:28:47.223+0000] {logging_mixin.py:188} INFO - [2026-08-04T19:28:47.223+0000] {dag.py:3036} INFO - Sync 2 DAGs
[2026-08-04T19:28:47.318+0000] {logging_mixin.py:188} INFO - [2026-08-04T19:28:47.317+0000] {dag.py:3823} INFO - Setting next_dagrun for 1_sports_goat_raw_to_clean to 2026-08-04 17:45:00+00:00, run_after=2026-08-05 17:45:00+00:00
[2026-08-04T19:28:47.326+0000] {logging_mixin.py:188} INFO - [2026-08-04T19:28:47.325+0000] {dag.py:3823} INFO - Setting next_dagrun for 2_sports_goat_run_batch to 2026-08-04 18:00:00+00:00, run_after=2026-08-05 18:00:00+00:00
[2026-08-04T19:28:47.376+0000] {processor.py:183} INFO - Processing /opt/airflow/dags/sports_goat_pipeline.py took 0.230 seconds
[2026-08-04T19:29:17.887+0000] {processor.py:161} INFO - Started process (PID=78) to work on /opt/airflow/dags/sports_goat_pipeline.py
[2026-08-04T19:29:17.889+0000] {processor.py:830} INFO - Processing file /opt/airflow/dags/sports_goat_pipeline.py for tasks to queue
[2026-08-04T19:29:17.891+0000] {logging_mixin.py:188} INFO - [2026-08-04T19:29:17.890+0000] {dagbag.py:538} INFO - Filling up the DagBag from /opt/airflow/dags/sports_goat_pipeline.py
[2026-08-04T19:29:17.920+0000] {processor.py:840} INFO - DAG(s) '2_sports_goat_run_batch', '1_sports_goat_raw_to_clean' retrieved from /opt/airflow/dags/sports_goat_pipeline.py
[2026-08-04T19:29:17.988+0000] {logging_mixin.py:188} INFO - [2026-08-04T19:29:17.988+0000] {dag.py:3036} INFO - Sync 2 DAGs
[2026-08-04T19:29:18.053+0000] {logging_mixin.py:188} INFO - [2026-08-04T19:29:18.053+0000] {dag.py:3823} INFO - Setting next_dagrun for 1_sports_goat_raw_to_clean to 2026-08-04 17:45:00+00:00, run_after=2026-08-05 17:45:00+00:00
[2026-08-04T19:29:18.066+0000] {logging_mixin.py:188} INFO - [2026-08-04T19:29:18.065+0000] {dag.py:3823} INFO - Setting next_dagrun for 2_sports_goat_run_batch to 2026-08-04 18:00:00+00:00, run_after=2026-08-05 18:00:00+00:00
[2026-08-04T19:29:18.131+0000] {processor.py:183} INFO - Processing /opt/airflow/dags/sports_goat_pipeline.py took 0.249 seconds
[2026-08-04T19:29:48.534+0000] {processor.py:161} INFO - Started process (PID=79) to work on /opt/airflow/dags/sports_goat_pipeline.py
[2026-08-04T19:29:48.536+0000] {processor.py:830} INFO - Processing file /opt/airflow/dags/sports_goat_pipeline.py for tasks to queue
[2026-08-04T19:29:48.539+0000] {logging_mixin.py:188} INFO - [2026-08-04T19:29:48.538+0000] {dagbag.py:538} INFO - Filling up the DagBag from /opt/airflow/dags/sports_goat_pipeline.py
[2026-08-04T19:29:48.560+0000] {processor.py:840} INFO - DAG(s) '1_sports_goat_raw_to_clean', '2_sports_goat_run_batch' retrieved from /opt/airflow/dags/sports_goat_pipeline.py
[2026-08-04T19:29:48.633+0000] {logging_mixin.py:188} INFO - [2026-08-04T19:29:48.632+0000] {dag.py:3036} INFO - Sync 2 DAGs
[2026-08-04T19:29:48.690+0000] {logging_mixin.py:188} INFO - [2026-08-04T19:29:48.689+0000] {dag.py:3823} INFO - Setting next_dagrun for 1_sports_goat_raw_to_clean to 2026-08-04 17:45:00+00:00, run_after=2026-08-05 17:45:00+00:00
[2026-08-04T19:29:48.697+0000] {logging_mixin.py:188} INFO - [2026-08-04T19:29:48.696+0000] {dag.py:3823} INFO - Setting next_dagrun for 2_sports_goat_run_batch to 2026-08-04 18:00:00+00:00, run_after=2026-08-05 18:00:00+00:00
[2026-08-04T19:29:48.726+0000] {processor.py:183} INFO - Processing /opt/airflow/dags/sports_goat_pipeline.py took 0.198 seconds
[2026-08-04T19:30:19.171+0000] {processor.py:161} INFO - Started process (PID=80) to work on /opt/airflow/dags/sports_goat_pipeline.py
[2026-08-04T19:30:19.173+0000] {processor.py:830} INFO - Processing file /opt/airflow/dags/sports_goat_pipeline.py for tasks to queue
[2026-08-04T19:30:19.174+0000] {logging_mixin.py:188} INFO - [2026-08-04T19:30:19.174+0000] {dagbag.py:538} INFO - Filling up the DagBag from /opt/airflow/dags/sports_goat_pipeline.py
[2026-08-04T19:30:19.205+0000] {processor.py:840} INFO - DAG(s) '1_sports_goat_raw_to_clean', '2_sports_goat_run_batch' retrieved from /opt/airflow/dags/sports_goat_pipeline.py
[2026-08-04T19:30:19.286+0000] {logging_mixin.py:188} INFO - [2026-08-04T19:30:19.285+0000] {dag.py:3036} INFO - Sync 2 DAGs
[2026-08-04T19:30:19.320+0000] {logging_mixin.py:188} INFO - [2026-08-04T19:30:19.320+0000] {dag.py:3823} INFO - Setting next_dagrun for 1_sports_goat_raw_to_clean to 2026-08-04 17:45:00+00:00, run_after=2026-08-05 17:45:00+00:00
[2026-08-04T19:30:19.326+0000] {logging_mixin.py:188} INFO - [2026-08-04T19:30:19.326+0000] {dag.py:3823} INFO - Setting next_dagrun for 2_sports_goat_run_batch to 2026-08-04 18:00:00+00:00, run_after=2026-08-05 18:00:00+00:00
[2026-08-04T19:30:19.366+0000] {processor.py:183} INFO - Processing /opt/airflow/dags/sports_goat_pipeline.py took 0.202 seconds
[2026-08-04T19:30:49.835+0000] {processor.py:161} INFO - Started process (PID=81) to work on /opt/airflow/dags/sports_goat_pipeline.py
[2026-08-04T19:30:49.845+0000] {processor.py:830} INFO - Processing file /opt/airflow/dags/sports_goat_pipeline.py for tasks to queue
[2026-08-04T19:30:49.847+0000] {logging_mixin.py:188} INFO - [2026-08-04T19:30:49.846+0000] {dagbag.py:538} INFO - Filling up the DagBag from /opt/airflow/dags/sports_goat_pipeline.py
[2026-08-04T19:30:49.867+0000] {processor.py:840} INFO - DAG(s) '2_sports_goat_run_batch', '1_sports_goat_raw_to_clean' retrieved from /opt/airflow/dags/sports_goat_pipeline.py
[2026-08-04T19:30:49.895+0000] {logging_mixin.py:188} INFO - [2026-08-04T19:30:49.895+0000] {dag.py:3036} INFO - Sync 2 DAGs
[2026-08-04T19:30:49.921+0000] {logging_mixin.py:188} INFO - [2026-08-04T19:30:49.921+0000] {dag.py:3823} INFO - Setting next_dagrun for 1_sports_goat_raw_to_clean to 2026-08-04 17:45:00+00:00, run_after=2026-08-05 17:45:00+00:00
[2026-08-04T19:30:49.927+0000] {logging_mixin.py:188} INFO - [2026-08-04T19:30:49.927+0000] {dag.py:3823} INFO - Setting next_dagrun for 2_sports_goat_run_batch to 2026-08-04 18:00:00+00:00, run_after=2026-08-05 18:00:00+00:00
[2026-08-04T19:30:49.951+0000] {processor.py:183} INFO - Processing /opt/airflow/dags/sports_goat_pipeline.py took 0.140 seconds
[2026-08-04T19:31:20.369+0000] {processor.py:161} INFO - Started process (PID=82) to work on /opt/airflow/dags/sports_goat_pipeline.py
[2026-08-04T19:31:20.372+0000] {processor.py:830} INFO - Processing file /opt/airflow/dags/sports_goat_pipeline.py for tasks to queue
[2026-08-04T19:31:20.374+0000] {logging_mixin.py:188} INFO - [2026-08-04T19:31:20.373+0000] {dagbag.py:538} INFO - Filling up the DagBag from /opt/airflow/dags/sports_goat_pipeline.py
[2026-08-04T19:31:20.414+0000] {processor.py:840} INFO - DAG(s) '2_sports_goat_run_batch', '1_sports_goat_raw_to_clean' retrieved from /opt/airflow/dags/sports_goat_pipeline.py
[2026-08-04T19:31:20.498+0000] {logging_mixin.py:188} INFO - [2026-08-04T19:31:20.497+0000] {dag.py:3036} INFO - Sync 2 DAGs
[2026-08-04T19:31:20.561+0000] {logging_mixin.py:188} INFO - [2026-08-04T19:31:20.560+0000] {dag.py:3823} INFO - Setting next_dagrun for 1_sports_goat_raw_to_clean to 2026-08-04 17:45:00+00:00, run_after=2026-08-05 17:45:00+00:00
[2026-08-04T19:31:20.573+0000] {logging_mixin.py:188} INFO - [2026-08-04T19:31:20.572+0000] {dag.py:3823} INFO - Setting next_dagrun for 2_sports_goat_run_batch to 2026-08-04 18:00:00+00:00, run_after=2026-08-05 18:00:00+00:00
[2026-08-04T19:31:20.623+0000] {processor.py:183} INFO - Processing /opt/airflow/dags/sports_goat_pipeline.py took 0.266 seconds
[2026-08-04T19:31:51.109+0000] {processor.py:161} INFO - Started process (PID=83) to work on /opt/airflow/dags/sports_goat_pipeline.py
[2026-08-04T19:31:51.112+0000] {processor.py:830} INFO - Processing file /opt/airflow/dags/sports_goat_pipeline.py for tasks to queue
[2026-08-04T19:31:51.114+0000] {logging_mixin.py:188} INFO - [2026-08-04T19:31:51.113+0000] {dagbag.py:538} INFO - Filling up the DagBag from /opt/airflow/dags/sports_goat_pipeline.py
[2026-08-04T19:31:51.134+0000] {processor.py:840} INFO - DAG(s) '2_sports_goat_run_batch', '1_sports_goat_raw_to_clean' retrieved from /opt/airflow/dags/sports_goat_pipeline.py
[2026-08-04T19:31:51.171+0000] {logging_mixin.py:188} INFO - [2026-08-04T19:31:51.171+0000] {dag.py:3036} INFO - Sync 2 DAGs
[2026-08-04T19:31:51.197+0000] {logging_mixin.py:188} INFO - [2026-08-04T19:31:51.197+0000] {dag.py:3823} INFO - Setting next_dagrun for 1_sports_goat_raw_to_clean to 2026-08-04 17:45:00+00:00, run_after=2026-08-05 17:45:00+00:00
[2026-08-04T19:31:51.205+0000] {logging_mixin.py:188} INFO - [2026-08-04T19:31:51.205+0000] {dag.py:3823} INFO - Setting next_dagrun for 2_sports_goat_run_batch to 2026-08-04 18:00:00+00:00, run_after=2026-08-05 18:00:00+00:00
[2026-08-04T19:31:51.233+0000] {processor.py:183} INFO - Processing /opt/airflow/dags/sports_goat_pipeline.py took 0.165 seconds
[2026-08-04T19:32:21.459+0000] {processor.py:161} INFO - Started process (PID=84) to work on /opt/airflow/dags/sports_goat_pipeline.py
[2026-08-04T19:32:21.463+0000] {processor.py:830} INFO - Processing file /opt/airflow/dags/sports_goat_pipeline.py for tasks to queue
[2026-08-04T19:32:21.473+0000] {logging_mixin.py:188} INFO - [2026-08-04T19:32:21.469+0000] {dagbag.py:538} INFO - Filling up the DagBag from /opt/airflow/dags/sports_goat_pipeline.py
[2026-08-04T19:32:21.503+0000] {processor.py:840} INFO - DAG(s) '1_sports_goat_raw_to_clean', '2_sports_goat_run_batch' retrieved from /opt/airflow/dags/sports_goat_pipeline.py
[2026-08-04T19:32:21.547+0000] {logging_mixin.py:188} INFO - [2026-08-04T19:32:21.546+0000] {dag.py:3036} INFO - Sync 2 DAGs
[2026-08-04T19:32:21.614+0000] {logging_mixin.py:188} INFO - [2026-08-04T19:32:21.613+0000] {dag.py:3823} INFO - Setting next_dagrun for 1_sports_goat_raw_to_clean to 2026-08-04 17:45:00+00:00, run_after=2026-08-05 17:45:00+00:00
[2026-08-04T19:32:21.631+0000] {logging_mixin.py:188} INFO - [2026-08-04T19:32:21.630+0000] {dag.py:3823} INFO - Setting next_dagrun for 2_sports_goat_run_batch to 2026-08-04 18:00:00+00:00, run_after=2026-08-05 18:00:00+00:00
[2026-08-04T19:32:21.667+0000] {processor.py:183} INFO - Processing /opt/airflow/dags/sports_goat_pipeline.py took 0.227 seconds
[2026-08-04T19:32:51.931+0000] {processor.py:161} INFO - Started process (PID=85) to work on /opt/airflow/dags/sports_goat_pipeline.py
[2026-08-04T19:32:51.933+0000] {processor.py:830} INFO - Processing file /opt/airflow/dags/sports_goat_pipeline.py for tasks to queue
[2026-08-04T19:32:51.935+0000] {logging_mixin.py:188} INFO - [2026-08-04T19:32:51.934+0000] {dagbag.py:538} INFO - Filling up the DagBag from /opt/airflow/dags/sports_goat_pipeline.py
[2026-08-04T19:32:51.953+0000] {processor.py:840} INFO - DAG(s) '2_sports_goat_run_batch', '1_sports_goat_raw_to_clean' retrieved from /opt/airflow/dags/sports_goat_pipeline.py
[2026-08-04T19:32:51.983+0000] {logging_mixin.py:188} INFO - [2026-08-04T19:32:51.983+0000] {dag.py:3036} INFO - Sync 2 DAGs
[2026-08-04T19:32:52.015+0000] {logging_mixin.py:188} INFO - [2026-08-04T19:32:52.014+0000] {dag.py:3823} INFO - Setting next_dagrun for 1_sports_goat_raw_to_clean to 2026-08-04 17:45:00+00:00, run_after=2026-08-05 17:45:00+00:00
[2026-08-04T19:32:52.021+0000] {logging_mixin.py:188} INFO - [2026-08-04T19:32:52.021+0000] {dag.py:3823} INFO - Setting next_dagrun for 2_sports_goat_run_batch to 2026-08-04 18:00:00+00:00, run_after=2026-08-05 18:00:00+00:00
[2026-08-04T19:32:52.044+0000] {processor.py:183} INFO - Processing /opt/airflow/dags/sports_goat_pipeline.py took 0.117 seconds
[2026-08-04T19:33:22.331+0000] {processor.py:161} INFO - Started process (PID=86) to work on /opt/airflow/dags/sports_goat_pipeline.py
[2026-08-04T19:33:22.333+0000] {processor.py:830} INFO - Processing file /opt/airflow/dags/sports_goat_pipeline.py for tasks to queue
[2026-08-04T19:33:22.335+0000] {logging_mixin.py:188} INFO - [2026-08-04T19:33:22.334+0000] {dagbag.py:538} INFO - Filling up the DagBag from /opt/airflow/dags/sports_goat_pipeline.py
[2026-08-04T19:33:22.357+0000] {processor.py:840} INFO - DAG(s) '2_sports_goat_run_batch', '1_sports_goat_raw_to_clean' retrieved from /opt/airflow/dags/sports_goat_pipeline.py
[2026-08-04T19:33:22.428+0000] {logging_mixin.py:188} INFO - [2026-08-04T19:33:22.427+0000] {dag.py:3036} INFO - Sync 2 DAGs
[2026-08-04T19:33:22.468+0000] {logging_mixin.py:188} INFO - [2026-08-04T19:33:22.467+0000] {dag.py:3823} INFO - Setting next_dagrun for 1_sports_goat_raw_to_clean to 2026-08-04 17:45:00+00:00, run_after=2026-08-05 17:45:00+00:00
[2026-08-04T19:33:22.478+0000] {logging_mixin.py:188} INFO - [2026-08-04T19:33:22.478+0000] {dag.py:3823} INFO - Setting next_dagrun for 2_sports_goat_run_batch to 2026-08-04 18:00:00+00:00, run_after=2026-08-05 18:00:00+00:00
[2026-08-04T19:33:22.507+0000] {processor.py:183} INFO - Processing /opt/airflow/dags/sports_goat_pipeline.py took 0.204 seconds
[2026-08-04T19:33:52.791+0000] {processor.py:161} INFO - Started process (PID=87) to work on /opt/airflow/dags/sports_goat_pipeline.py
[2026-08-04T19:33:52.793+0000] {processor.py:830} INFO - Processing file /opt/airflow/dags/sports_goat_pipeline.py for tasks to queue
[2026-08-04T19:33:52.794+0000] {logging_mixin.py:188} INFO - [2026-08-04T19:33:52.794+0000] {dagbag.py:538} INFO - Filling up the DagBag from /opt/airflow/dags/sports_goat_pipeline.py
[2026-08-04T19:33:52.814+0000] {processor.py:840} INFO - DAG(s) '1_sports_goat_raw_to_clean', '2_sports_goat_run_batch' retrieved from /opt/airflow/dags/sports_goat_pipeline.py
[2026-08-04T19:33:52.842+0000] {logging_mixin.py:188} INFO - [2026-08-04T19:33:52.842+0000] {dag.py:3036} INFO - Sync 2 DAGs
[2026-08-04T19:33:52.870+0000] {logging_mixin.py:188} INFO - [2026-08-04T19:33:52.869+0000] {dag.py:3823} INFO - Setting next_dagrun for 1_sports_goat_raw_to_clean to 2026-08-04 17:45:00+00:00, run_after=2026-08-05 17:45:00+00:00
[2026-08-04T19:33:52.875+0000] {logging_mixin.py:188} INFO - [2026-08-04T19:33:52.875+0000] {dag.py:3823} INFO - Setting next_dagrun for 2_sports_goat_run_batch to 2026-08-04 18:00:00+00:00, run_after=2026-08-05 18:00:00+00:00
[2026-08-04T19:33:52.898+0000] {processor.py:183} INFO - Processing /opt/airflow/dags/sports_goat_pipeline.py took 0.111 seconds
[2026-08-04T19:34:23.191+0000] {processor.py:161} INFO - Started process (PID=88) to work on /opt/airflow/dags/sports_goat_pipeline.py
[2026-08-04T19:34:23.193+0000] {processor.py:830} INFO - Processing file /opt/airflow/dags/sports_goat_pipeline.py for tasks to queue
[2026-08-04T19:34:23.196+0000] {logging_mixin.py:188} INFO - [2026-08-04T19:34:23.195+0000] {dagbag.py:538} INFO - Filling up the DagBag from /opt/airflow/dags/sports_goat_pipeline.py
[2026-08-04T19:34:23.236+0000] {processor.py:840} INFO - DAG(s) '2_sports_goat_run_batch', '1_sports_goat_raw_to_clean' retrieved from /opt/airflow/dags/sports_goat_pipeline.py
[2026-08-04T19:34:23.289+0000] {logging_mixin.py:188} INFO - [2026-08-04T19:34:23.289+0000] {dag.py:3036} INFO - Sync 2 DAGs
[2026-08-04T19:34:23.375+0000] {logging_mixin.py:188} INFO - [2026-08-04T19:34:23.374+0000] {dag.py:3823} INFO - Setting next_dagrun for 1_sports_goat_raw_to_clean to 2026-08-04 17:45:00+00:00, run_after=2026-08-05 17:45:00+00:00
[2026-08-04T19:34:23.405+0000] {logging_mixin.py:188} INFO - [2026-08-04T19:34:23.404+0000] {dag.py:3823} INFO - Setting next_dagrun for 2_sports_goat_run_batch to 2026-08-04 18:00:00+00:00, run_after=2026-08-05 18:00:00+00:00
[2026-08-04T19:34:23.526+0000] {processor.py:183} INFO - Processing /opt/airflow/dags/sports_goat_pipeline.py took 0.342 seconds
[2026-08-04T19:34:53.801+0000] {processor.py:161} INFO - Started process (PID=89) to work on /opt/airflow/dags/sports_goat_pipeline.py
[2026-08-04T19:34:53.803+0000] {processor.py:830} INFO - Processing file /opt/airflow/dags/sports_goat_pipeline.py for tasks to queue
[2026-08-04T19:34:53.806+0000] {logging_mixin.py:188} INFO - [2026-08-04T19:34:53.805+0000] {dagbag.py:538} INFO - Filling up the DagBag from /opt/airflow/dags/sports_goat_pipeline.py
[2026-08-04T19:34:53.836+0000] {processor.py:840} INFO - DAG(s) '2_sports_goat_run_batch', '1_sports_goat_raw_to_clean' retrieved from /opt/airflow/dags/sports_goat_pipeline.py
[2026-08-04T19:34:53.864+0000] {logging_mixin.py:188} INFO - [2026-08-04T19:34:53.864+0000] {dag.py:3036} INFO - Sync 2 DAGs
[2026-08-04T19:34:53.905+0000] {logging_mixin.py:188} INFO - [2026-08-04T19:34:53.904+0000] {dag.py:3823} INFO - Setting next_dagrun for 1_sports_goat_raw_to_clean to 2026-08-04 17:45:00+00:00, run_after=2026-08-05 17:45:00+00:00
[2026-08-04T19:34:53.911+0000] {logging_mixin.py:188} INFO - [2026-08-04T19:34:53.911+0000] {dag.py:3823} INFO - Setting next_dagrun for 2_sports_goat_run_batch to 2026-08-04 18:00:00+00:00, run_after=2026-08-05 18:00:00+00:00
[2026-08-04T19:34:53.942+0000] {processor.py:183} INFO - Processing /opt/airflow/dags/sports_goat_pipeline.py took 0.146 seconds
[2026-08-04T19:35:24.191+0000] {processor.py:161} INFO - Started process (PID=90) to work on /opt/airflow/dags/sports_goat_pipeline.py
[2026-08-04T19:35:24.194+0000] {processor.py:830} INFO - Processing file /opt/airflow/dags/sports_goat_pipeline.py for tasks to queue
[2026-08-04T19:35:24.196+0000] {logging_mixin.py:188} INFO - [2026-08-04T19:35:24.195+0000] {dagbag.py:538} INFO - Filling up the DagBag from /opt/airflow/dags/sports_goat_pipeline.py
[2026-08-04T19:35:24.220+0000] {processor.py:840} INFO - DAG(s) '2_sports_goat_run_batch', '1_sports_goat_raw_to_clean' retrieved from /opt/airflow/dags/sports_goat_pipeline.py
[2026-08-04T19:35:24.252+0000] {logging_mixin.py:188} INFO - [2026-08-04T19:35:24.252+0000] {dag.py:3036} INFO - Sync 2 DAGs
[2026-08-04T19:35:24.310+0000] {logging_mixin.py:188} INFO - [2026-08-04T19:35:24.309+0000] {dag.py:3823} INFO - Setting next_dagrun for 1_sports_goat_raw_to_clean to 2026-08-04 17:45:00+00:00, run_after=2026-08-05 17:45:00+00:00
[2026-08-04T19:35:24.318+0000] {logging_mixin.py:188} INFO - [2026-08-04T19:35:24.318+0000] {dag.py:3823} INFO - Setting next_dagrun for 2_sports_goat_run_batch to 2026-08-04 18:00:00+00:00, run_after=2026-08-05 18:00:00+00:00
[2026-08-04T19:35:24.345+0000] {processor.py:183} INFO - Processing /opt/airflow/dags/sports_goat_pipeline.py took 0.158 seconds
[2026-08-04T19:35:54.577+0000] {processor.py:161} INFO - Started process (PID=91) to work on /opt/airflow/dags/sports_goat_pipeline.py
[2026-08-04T19:35:54.578+0000] {processor.py:830} INFO - Processing file /opt/airflow/dags/sports_goat_pipeline.py for tasks to queue
[2026-08-04T19:35:54.580+0000] {logging_mixin.py:188} INFO - [2026-08-04T19:35:54.579+0000] {dagbag.py:538} INFO - Filling up the DagBag from /opt/airflow/dags/sports_goat_pipeline.py
[2026-08-04T19:35:54.600+0000] {processor.py:840} INFO - DAG(s) '2_sports_goat_run_batch', '1_sports_goat_raw_to_clean' retrieved from /opt/airflow/dags/sports_goat_pipeline.py
[2026-08-04T19:35:54.630+0000] {logging_mixin.py:188} INFO - [2026-08-04T19:35:54.630+0000] {dag.py:3036} INFO - Sync 2 DAGs
[2026-08-04T19:35:54.705+0000] {logging_mixin.py:188} INFO - [2026-08-04T19:35:54.705+0000] {dag.py:3823} INFO - Setting next_dagrun for 1_sports_goat_raw_to_clean to 2026-08-04 17:45:00+00:00, run_after=2026-08-05 17:45:00+00:00
[2026-08-04T19:35:54.712+0000] {logging_mixin.py:188} INFO - [2026-08-04T19:35:54.711+0000] {dag.py:3823} INFO - Setting next_dagrun for 2_sports_goat_run_batch to 2026-08-04 18:00:00+00:00, run_after=2026-08-05 18:00:00+00:00
[2026-08-04T19:35:54.738+0000] {processor.py:183} INFO - Processing /opt/airflow/dags/sports_goat_pipeline.py took 0.173 seconds
[2026-08-04T19:36:24.922+0000] {processor.py:161} INFO - Started process (PID=92) to work on /opt/airflow/dags/sports_goat_pipeline.py
[2026-08-04T19:36:24.924+0000] {processor.py:830} INFO - Processing file /opt/airflow/dags/sports_goat_pipeline.py for tasks to queue
[2026-08-04T19:36:24.925+0000] {logging_mixin.py:188} INFO - [2026-08-04T19:36:24.925+0000] {dagbag.py:538} INFO - Filling up the DagBag from /opt/airflow/dags/sports_goat_pipeline.py
[2026-08-04T19:36:24.945+0000] {processor.py:840} INFO - DAG(s) '1_sports_goat_raw_to_clean', '2_sports_goat_run_batch' retrieved from /opt/airflow/dags/sports_goat_pipeline.py
[2026-08-04T19:36:24.973+0000] {logging_mixin.py:188} INFO - [2026-08-04T19:36:24.973+0000] {dag.py:3036} INFO - Sync 2 DAGs
[2026-08-04T19:36:24.998+0000] {logging_mixin.py:188} INFO - [2026-08-04T19:36:24.998+0000] {dag.py:3823} INFO - Setting next_dagrun for 1_sports_goat_raw_to_clean to 2026-08-04 17:45:00+00:00, run_after=2026-08-05 17:45:00+00:00
[2026-08-04T19:36:25.005+0000] {logging_mixin.py:188} INFO - [2026-08-04T19:36:25.005+0000] {dag.py:3823} INFO - Setting next_dagrun for 2_sports_goat_run_batch to 2026-08-04 18:00:00+00:00, run_after=2026-08-05 18:00:00+00:00
[2026-08-04T19:36:25.032+0000] {processor.py:183} INFO - Processing /opt/airflow/dags/sports_goat_pipeline.py took 0.120 seconds
[2026-08-04T19:36:55.290+0000] {processor.py:161} INFO - Started process (PID=93) to work on /opt/airflow/dags/sports_goat_pipeline.py
[2026-08-04T19:36:55.292+0000] {processor.py:830} INFO - Processing file /opt/airflow/dags/sports_goat_pipeline.py for tasks to queue
[2026-08-04T19:36:55.293+0000] {logging_mixin.py:188} INFO - [2026-08-04T19:36:55.292+0000] {dagbag.py:538} INFO - Filling up the DagBag from /opt/airflow/dags/sports_goat_pipeline.py
[2026-08-04T19:36:55.322+0000] {processor.py:840} INFO - DAG(s) '2_sports_goat_run_batch', '1_sports_goat_raw_to_clean' retrieved from /opt/airflow/dags/sports_goat_pipeline.py
[2026-08-04T19:36:55.359+0000] {logging_mixin.py:188} INFO - [2026-08-04T19:36:55.359+0000] {dag.py:3036} INFO - Sync 2 DAGs
[2026-08-04T19:36:55.391+0000] {logging_mixin.py:188} INFO - [2026-08-04T19:36:55.391+0000] {dag.py:3823} INFO - Setting next_dagrun for 1_sports_goat_raw_to_clean to 2026-08-04 17:45:00+00:00, run_after=2026-08-05 17:45:00+00:00
[2026-08-04T19:36:55.397+0000] {logging_mixin.py:188} INFO - [2026-08-04T19:36:55.397+0000] {dag.py:3823} INFO - Setting next_dagrun for 2_sports_goat_run_batch to 2026-08-04 18:00:00+00:00, run_after=2026-08-05 18:00:00+00:00
[2026-08-04T19:36:55.422+0000] {processor.py:183} INFO - Processing /opt/airflow/dags/sports_goat_pipeline.py took 0.138 seconds
[2026-08-04T19:37:25.672+0000] {processor.py:161} INFO - Started process (PID=94) to work on /opt/airflow/dags/sports_goat_pipeline.py
[2026-08-04T19:37:25.675+0000] {processor.py:830} INFO - Processing file /opt/airflow/dags/sports_goat_pipeline.py for tasks to queue
[2026-08-04T19:37:25.679+0000] {logging_mixin.py:188} INFO - [2026-08-04T19:37:25.678+0000] {dagbag.py:538} INFO - Filling up the DagBag from /opt/airflow/dags/sports_goat_pipeline.py
[2026-08-04T19:37:25.711+0000] {processor.py:840} INFO - DAG(s) '2_sports_goat_run_batch', '1_sports_goat_raw_to_clean' retrieved from /opt/airflow/dags/sports_goat_pipeline.py
[2026-08-04T19:37:25.748+0000] {logging_mixin.py:188} INFO - [2026-08-04T19:37:25.748+0000] {dag.py:3036} INFO - Sync 2 DAGs
[2026-08-04T19:37:25.783+0000] {logging_mixin.py:188} INFO - [2026-08-04T19:37:25.783+0000] {dag.py:3823} INFO - Setting next_dagrun for 1_sports_goat_raw_to_clean to 2026-08-04 17:45:00+00:00, run_after=2026-08-05 17:45:00+00:00
[2026-08-04T19:37:25.791+0000] {logging_mixin.py:188} INFO - [2026-08-04T19:37:25.790+0000] {dag.py:3823} INFO - Setting next_dagrun for 2_sports_goat_run_batch to 2026-08-04 18:00:00+00:00, run_after=2026-08-05 18:00:00+00:00
[2026-08-04T19:37:25.815+0000] {processor.py:183} INFO - Processing /opt/airflow/dags/sports_goat_pipeline.py took 0.149 seconds
[2026-08-04T19:37:56.029+0000] {processor.py:161} INFO - Started process (PID=95) to work on /opt/airflow/dags/sports_goat_pipeline.py
[2026-08-04T19:37:56.031+0000] {processor.py:830} INFO - Processing file /opt/airflow/dags/sports_goat_pipeline.py for tasks to queue
[2026-08-04T19:37:56.033+0000] {logging_mixin.py:188} INFO - [2026-08-04T19:37:56.032+0000] {dagbag.py:538} INFO - Filling up the DagBag from /opt/airflow/dags/sports_goat_pipeline.py
[2026-08-04T19:37:56.054+0000] {processor.py:840} INFO - DAG(s) '1_sports_goat_raw_to_clean', '2_sports_goat_run_batch' retrieved from /opt/airflow/dags/sports_goat_pipeline.py
[2026-08-04T19:37:56.084+0000] {logging_mixin.py:188} INFO - [2026-08-04T19:37:56.083+0000] {dag.py:3036} INFO - Sync 2 DAGs
[2026-08-04T19:37:56.110+0000] {logging_mixin.py:188} INFO - [2026-08-04T19:37:56.110+0000] {dag.py:3823} INFO - Setting next_dagrun for 1_sports_goat_raw_to_clean to 2026-08-04 17:45:00+00:00, run_after=2026-08-05 17:45:00+00:00
[2026-08-04T19:37:56.117+0000] {logging_mixin.py:188} INFO - [2026-08-04T19:37:56.116+0000] {dag.py:3823} INFO - Setting next_dagrun for 2_sports_goat_run_batch to 2026-08-04 18:00:00+00:00, run_after=2026-08-05 18:00:00+00:00
[2026-08-04T19:37:56.140+0000] {processor.py:183} INFO - Processing /opt/airflow/dags/sports_goat_pipeline.py took 0.116 seconds
[2026-08-04T19:38:26.357+0000] {processor.py:161} INFO - Started process (PID=96) to work on /opt/airflow/dags/sports_goat_pipeline.py
[2026-08-04T19:38:26.359+0000] {processor.py:830} INFO - Processing file /opt/airflow/dags/sports_goat_pipeline.py for tasks to queue
[2026-08-04T19:38:26.361+0000] {logging_mixin.py:188} INFO - [2026-08-04T19:38:26.360+0000] {dagbag.py:538} INFO - Filling up the DagBag from /opt/airflow/dags/sports_goat_pipeline.py
[2026-08-04T19:38:26.381+0000] {processor.py:840} INFO - DAG(s) '2_sports_goat_run_batch', '1_sports_goat_raw_to_clean' retrieved from /opt/airflow/dags/sports_goat_pipeline.py
[2026-08-04T19:38:26.412+0000] {logging_mixin.py:188} INFO - [2026-08-04T19:38:26.412+0000] {dag.py:3036} INFO - Sync 2 DAGs
[2026-08-04T19:38:26.438+0000] {logging_mixin.py:188} INFO - [2026-08-04T19:38:26.438+0000] {dag.py:3823} INFO - Setting next_dagrun for 1_sports_goat_raw_to_clean to 2026-08-04 17:45:00+00:00, run_after=2026-08-05 17:45:00+00:00
[2026-08-04T19:38:26.446+0000] {logging_mixin.py:188} INFO - [2026-08-04T19:38:26.445+0000] {dag.py:3823} INFO - Setting next_dagrun for 2_sports_goat_run_batch to 2026-08-04 18:00:00+00:00, run_after=2026-08-05 18:00:00+00:00
[2026-08-04T19:38:26.468+0000] {processor.py:183} INFO - Processing /opt/airflow/dags/sports_goat_pipeline.py took 0.116 seconds
[2026-08-04T19:38:56.752+0000] {processor.py:161} INFO - Started process (PID=97) to work on /opt/airflow/dags/sports_goat_pipeline.py
[2026-08-04T19:38:56.755+0000] {processor.py:830} INFO - Processing file /opt/airflow/dags/sports_goat_pipeline.py for tasks to queue
[2026-08-04T19:38:56.758+0000] {logging_mixin.py:188} INFO - [2026-08-04T19:38:56.757+0000] {dagbag.py:538} INFO - Filling up the DagBag from /opt/airflow/dags/sports_goat_pipeline.py
[2026-08-04T19:38:56.809+0000] {processor.py:840} INFO - DAG(s) '2_sports_goat_run_batch', '1_sports_goat_raw_to_clean' retrieved from /opt/airflow/dags/sports_goat_pipeline.py
[2026-08-04T19:38:56.867+0000] {logging_mixin.py:188} INFO - [2026-08-04T19:38:56.866+0000] {dag.py:3036} INFO - Sync 2 DAGs
[2026-08-04T19:38:56.916+0000] {logging_mixin.py:188} INFO - [2026-08-04T19:38:56.916+0000] {dag.py:3823} INFO - Setting next_dagrun for 1_sports_goat_raw_to_clean to 2026-08-04 17:45:00+00:00, run_after=2026-08-05 17:45:00+00:00
[2026-08-04T19:38:56.929+0000] {logging_mixin.py:188} INFO - [2026-08-04T19:38:56.928+0000] {dag.py:3823} INFO - Setting next_dagrun for 2_sports_goat_run_batch to 2026-08-04 18:00:00+00:00, run_after=2026-08-05 18:00:00+00:00
[2026-08-04T19:38:56.963+0000] {processor.py:183} INFO - Processing /opt/airflow/dags/sports_goat_pipeline.py took 0.217 seconds
