[2026-08-22T15:57:06.317+0000] {processor.py:161} INFO - Started process (PID=55) to work on /opt/airflow/dags/sports_goat_pipeline.py
[2026-08-22T15:57:06.325+0000] {processor.py:830} INFO - Processing file /opt/airflow/dags/sports_goat_pipeline.py for tasks to queue
[2026-08-22T15:57:06.327+0000] {logging_mixin.py:188} INFO - [2026-08-22T15:57:06.326+0000] {dagbag.py:538} INFO - Filling up the DagBag from /opt/airflow/dags/sports_goat_pipeline.py
[2026-08-22T15:57:06.486+0000] {processor.py:840} INFO - DAG(s) '2_sports_goat_run_batch', '1_sports_goat_raw_to_clean' retrieved from /opt/airflow/dags/sports_goat_pipeline.py
[2026-08-22T15:57:06.548+0000] {logging_mixin.py:188} INFO - [2026-08-22T15:57:06.547+0000] {dag.py:3036} INFO - Sync 2 DAGs
[2026-08-22T15:57:06.694+0000] {logging_mixin.py:188} INFO - [2026-08-22T15:57:06.693+0000] {dag.py:3823} INFO - Setting next_dagrun for 1_sports_goat_raw_to_clean to 2026-08-20 17:45:00+00:00, run_after=2026-08-21 17:45:00+00:00
[2026-08-22T15:57:06.772+0000] {logging_mixin.py:188} INFO - [2026-08-22T15:57:06.771+0000] {dag.py:3823} INFO - Setting next_dagrun for 2_sports_goat_run_batch to 2026-08-20 18:00:00+00:00, run_after=2026-08-21 18:00:00+00:00
[2026-08-22T15:57:07.178+0000] {processor.py:183} INFO - Processing /opt/airflow/dags/sports_goat_pipeline.py took 0.882 seconds
[2026-08-22T15:57:38.358+0000] {processor.py:161} INFO - Started process (PID=98) to work on /opt/airflow/dags/sports_goat_pipeline.py
[2026-08-22T15:57:38.360+0000] {processor.py:830} INFO - Processing file /opt/airflow/dags/sports_goat_pipeline.py for tasks to queue
[2026-08-22T15:57:38.362+0000] {logging_mixin.py:188} INFO - [2026-08-22T15:57:38.361+0000] {dagbag.py:538} INFO - Filling up the DagBag from /opt/airflow/dags/sports_goat_pipeline.py
[2026-08-22T15:57:38.414+0000] {processor.py:840} INFO - DAG(s) '1_sports_goat_raw_to_clean', '2_sports_goat_run_batch' retrieved from /opt/airflow/dags/sports_goat_pipeline.py
[2026-08-22T15:57:38.894+0000] {logging_mixin.py:188} INFO - [2026-08-22T15:57:38.894+0000] {dag.py:3036} INFO - Sync 2 DAGs
[2026-08-22T15:57:38.961+0000] {logging_mixin.py:188} INFO - [2026-08-22T15:57:38.961+0000] {dag.py:3823} INFO - Setting next_dagrun for 1_sports_goat_raw_to_clean to 2026-08-21 17:45:00+00:00, run_after=2026-08-22 17:45:00+00:00
[2026-08-22T15:57:38.978+0000] {logging_mixin.py:188} INFO - [2026-08-22T15:57:38.977+0000] {dag.py:3823} INFO - Setting next_dagrun for 2_sports_goat_run_batch to 2026-08-21 18:00:00+00:00, run_after=2026-08-22 18:00:00+00:00
[2026-08-22T15:57:39.053+0000] {processor.py:183} INFO - Processing /opt/airflow/dags/sports_goat_pipeline.py took 0.707 seconds
[2026-08-22T15:58:09.914+0000] {processor.py:161} INFO - Started process (PID=99) to work on /opt/airflow/dags/sports_goat_pipeline.py
[2026-08-22T15:58:09.918+0000] {processor.py:830} INFO - Processing file /opt/airflow/dags/sports_goat_pipeline.py for tasks to queue
[2026-08-22T15:58:09.923+0000] {logging_mixin.py:188} INFO - [2026-08-22T15:58:09.922+0000] {dagbag.py:538} INFO - Filling up the DagBag from /opt/airflow/dags/sports_goat_pipeline.py
[2026-08-22T15:58:09.966+0000] {processor.py:840} INFO - DAG(s) '1_sports_goat_raw_to_clean', '2_sports_goat_run_batch' retrieved from /opt/airflow/dags/sports_goat_pipeline.py
[2026-08-22T15:58:10.225+0000] {logging_mixin.py:188} INFO - [2026-08-22T15:58:10.225+0000] {dag.py:3036} INFO - Sync 2 DAGs
[2026-08-22T15:58:10.616+0000] {logging_mixin.py:188} INFO - [2026-08-22T15:58:10.615+0000] {dag.py:3823} INFO - Setting next_dagrun for 1_sports_goat_raw_to_clean to 2026-08-21 17:45:00+00:00, run_after=2026-08-22 17:45:00+00:00
[2026-08-22T15:58:10.722+0000] {logging_mixin.py:188} INFO - [2026-08-22T15:58:10.721+0000] {dag.py:3823} INFO - Setting next_dagrun for 2_sports_goat_run_batch to 2026-08-21 18:00:00+00:00, run_after=2026-08-22 18:00:00+00:00
[2026-08-22T15:58:10.791+0000] {processor.py:183} INFO - Processing /opt/airflow/dags/sports_goat_pipeline.py took 0.886 seconds
[2026-08-22T15:58:41.406+0000] {processor.py:161} INFO - Started process (PID=100) to work on /opt/airflow/dags/sports_goat_pipeline.py
[2026-08-22T15:58:41.412+0000] {processor.py:830} INFO - Processing file /opt/airflow/dags/sports_goat_pipeline.py for tasks to queue
[2026-08-22T15:58:41.419+0000] {logging_mixin.py:188} INFO - [2026-08-22T15:58:41.416+0000] {dagbag.py:538} INFO - Filling up the DagBag from /opt/airflow/dags/sports_goat_pipeline.py
[2026-08-22T15:58:41.495+0000] {processor.py:840} INFO - DAG(s) '2_sports_goat_run_batch', '1_sports_goat_raw_to_clean' retrieved from /opt/airflow/dags/sports_goat_pipeline.py
[2026-08-22T15:58:41.707+0000] {logging_mixin.py:188} INFO - [2026-08-22T15:58:41.706+0000] {dag.py:3036} INFO - Sync 2 DAGs
[2026-08-22T15:58:41.819+0000] {logging_mixin.py:188} INFO - [2026-08-22T15:58:41.818+0000] {dag.py:3823} INFO - Setting next_dagrun for 1_sports_goat_raw_to_clean to 2026-08-21 17:45:00+00:00, run_after=2026-08-22 17:45:00+00:00
[2026-08-22T15:58:41.838+0000] {logging_mixin.py:188} INFO - [2026-08-22T15:58:41.837+0000] {dag.py:3823} INFO - Setting next_dagrun for 2_sports_goat_run_batch to 2026-08-21 18:00:00+00:00, run_after=2026-08-22 18:00:00+00:00
[2026-08-22T15:58:41.895+0000] {processor.py:183} INFO - Processing /opt/airflow/dags/sports_goat_pipeline.py took 0.503 seconds
[2026-08-22T15:59:12.959+0000] {processor.py:161} INFO - Started process (PID=101) to work on /opt/airflow/dags/sports_goat_pipeline.py
[2026-08-22T15:59:12.965+0000] {processor.py:830} INFO - Processing file /opt/airflow/dags/sports_goat_pipeline.py for tasks to queue
[2026-08-22T15:59:12.972+0000] {logging_mixin.py:188} INFO - [2026-08-22T15:59:12.968+0000] {dagbag.py:538} INFO - Filling up the DagBag from /opt/airflow/dags/sports_goat_pipeline.py
[2026-08-22T15:59:13.068+0000] {processor.py:840} INFO - DAG(s) '2_sports_goat_run_batch', '1_sports_goat_raw_to_clean' retrieved from /opt/airflow/dags/sports_goat_pipeline.py
[2026-08-22T15:59:13.168+0000] {logging_mixin.py:188} INFO - [2026-08-22T15:59:13.168+0000] {dag.py:3036} INFO - Sync 2 DAGs
[2026-08-22T15:59:13.222+0000] {logging_mixin.py:188} INFO - [2026-08-22T15:59:13.222+0000] {dag.py:3823} INFO - Setting next_dagrun for 1_sports_goat_raw_to_clean to 2026-08-21 17:45:00+00:00, run_after=2026-08-22 17:45:00+00:00
[2026-08-22T15:59:13.231+0000] {logging_mixin.py:188} INFO - [2026-08-22T15:59:13.230+0000] {dag.py:3823} INFO - Setting next_dagrun for 2_sports_goat_run_batch to 2026-08-21 18:00:00+00:00, run_after=2026-08-22 18:00:00+00:00
[2026-08-22T15:59:13.268+0000] {processor.py:183} INFO - Processing /opt/airflow/dags/sports_goat_pipeline.py took 0.332 seconds
[2026-08-22T15:59:44.356+0000] {processor.py:161} INFO - Started process (PID=102) to work on /opt/airflow/dags/sports_goat_pipeline.py
[2026-08-22T15:59:44.359+0000] {processor.py:830} INFO - Processing file /opt/airflow/dags/sports_goat_pipeline.py for tasks to queue
[2026-08-22T15:59:44.363+0000] {logging_mixin.py:188} INFO - [2026-08-22T15:59:44.362+0000] {dagbag.py:538} INFO - Filling up the DagBag from /opt/airflow/dags/sports_goat_pipeline.py
[2026-08-22T15:59:44.402+0000] {processor.py:840} INFO - DAG(s) '1_sports_goat_raw_to_clean', '2_sports_goat_run_batch' retrieved from /opt/airflow/dags/sports_goat_pipeline.py
[2026-08-22T15:59:44.455+0000] {logging_mixin.py:188} INFO - [2026-08-22T15:59:44.455+0000] {dag.py:3036} INFO - Sync 2 DAGs
[2026-08-22T15:59:44.496+0000] {logging_mixin.py:188} INFO - [2026-08-22T15:59:44.495+0000] {dag.py:3823} INFO - Setting next_dagrun for 1_sports_goat_raw_to_clean to 2026-08-21 17:45:00+00:00, run_after=2026-08-22 17:45:00+00:00
[2026-08-22T15:59:44.508+0000] {logging_mixin.py:188} INFO - [2026-08-22T15:59:44.507+0000] {dag.py:3823} INFO - Setting next_dagrun for 2_sports_goat_run_batch to 2026-08-21 18:00:00+00:00, run_after=2026-08-22 18:00:00+00:00
[2026-08-22T15:59:44.537+0000] {processor.py:183} INFO - Processing /opt/airflow/dags/sports_goat_pipeline.py took 0.208 seconds
[2026-08-22T16:00:14.754+0000] {processor.py:161} INFO - Started process (PID=103) to work on /opt/airflow/dags/sports_goat_pipeline.py
[2026-08-22T16:00:14.757+0000] {processor.py:830} INFO - Processing file /opt/airflow/dags/sports_goat_pipeline.py for tasks to queue
[2026-08-22T16:00:14.761+0000] {logging_mixin.py:188} INFO - [2026-08-22T16:00:14.759+0000] {dagbag.py:538} INFO - Filling up the DagBag from /opt/airflow/dags/sports_goat_pipeline.py
[2026-08-22T16:00:14.805+0000] {processor.py:840} INFO - DAG(s) '2_sports_goat_run_batch', '1_sports_goat_raw_to_clean' retrieved from /opt/airflow/dags/sports_goat_pipeline.py
[2026-08-22T16:00:14.860+0000] {logging_mixin.py:188} INFO - [2026-08-22T16:00:14.859+0000] {dag.py:3036} INFO - Sync 2 DAGs
[2026-08-22T16:00:14.938+0000] {logging_mixin.py:188} INFO - [2026-08-22T16:00:14.938+0000] {dag.py:3823} INFO - Setting next_dagrun for 1_sports_goat_raw_to_clean to 2026-08-21 17:45:00+00:00, run_after=2026-08-22 17:45:00+00:00
[2026-08-22T16:00:14.955+0000] {logging_mixin.py:188} INFO - [2026-08-22T16:00:14.954+0000] {dag.py:3823} INFO - Setting next_dagrun for 2_sports_goat_run_batch to 2026-08-21 18:00:00+00:00, run_after=2026-08-22 18:00:00+00:00
[2026-08-22T16:00:15.009+0000] {processor.py:183} INFO - Processing /opt/airflow/dags/sports_goat_pipeline.py took 0.267 seconds
[2026-08-22T16:00:45.836+0000] {processor.py:161} INFO - Started process (PID=104) to work on /opt/airflow/dags/sports_goat_pipeline.py
[2026-08-22T16:00:45.838+0000] {processor.py:830} INFO - Processing file /opt/airflow/dags/sports_goat_pipeline.py for tasks to queue
[2026-08-22T16:00:45.840+0000] {logging_mixin.py:188} INFO - [2026-08-22T16:00:45.839+0000] {dagbag.py:538} INFO - Filling up the DagBag from /opt/airflow/dags/sports_goat_pipeline.py
[2026-08-22T16:00:45.877+0000] {processor.py:840} INFO - DAG(s) '1_sports_goat_raw_to_clean', '2_sports_goat_run_batch' retrieved from /opt/airflow/dags/sports_goat_pipeline.py
[2026-08-22T16:00:45.922+0000] {logging_mixin.py:188} INFO - [2026-08-22T16:00:45.922+0000] {dag.py:3036} INFO - Sync 2 DAGs
[2026-08-22T16:00:45.968+0000] {logging_mixin.py:188} INFO - [2026-08-22T16:00:45.967+0000] {dag.py:3823} INFO - Setting next_dagrun for 1_sports_goat_raw_to_clean to 2026-08-21 17:45:00+00:00, run_after=2026-08-22 17:45:00+00:00
[2026-08-22T16:00:45.976+0000] {logging_mixin.py:188} INFO - [2026-08-22T16:00:45.976+0000] {dag.py:3823} INFO - Setting next_dagrun for 2_sports_goat_run_batch to 2026-08-21 18:00:00+00:00, run_after=2026-08-22 18:00:00+00:00
[2026-08-22T16:00:46.020+0000] {processor.py:183} INFO - Processing /opt/airflow/dags/sports_goat_pipeline.py took 0.187 seconds
[2026-08-22T16:01:16.875+0000] {processor.py:161} INFO - Started process (PID=105) to work on /opt/airflow/dags/sports_goat_pipeline.py
[2026-08-22T16:01:16.876+0000] {processor.py:830} INFO - Processing file /opt/airflow/dags/sports_goat_pipeline.py for tasks to queue
[2026-08-22T16:01:16.879+0000] {logging_mixin.py:188} INFO - [2026-08-22T16:01:16.878+0000] {dagbag.py:538} INFO - Filling up the DagBag from /opt/airflow/dags/sports_goat_pipeline.py
[2026-08-22T16:01:16.924+0000] {processor.py:840} INFO - DAG(s) '1_sports_goat_raw_to_clean', '2_sports_goat_run_batch' retrieved from /opt/airflow/dags/sports_goat_pipeline.py
[2026-08-22T16:01:16.978+0000] {logging_mixin.py:188} INFO - [2026-08-22T16:01:16.977+0000] {dag.py:3036} INFO - Sync 2 DAGs
[2026-08-22T16:01:17.025+0000] {logging_mixin.py:188} INFO - [2026-08-22T16:01:17.024+0000] {dag.py:3823} INFO - Setting next_dagrun for 1_sports_goat_raw_to_clean to 2026-08-21 17:45:00+00:00, run_after=2026-08-22 17:45:00+00:00
[2026-08-22T16:01:17.032+0000] {logging_mixin.py:188} INFO - [2026-08-22T16:01:17.032+0000] {dag.py:3823} INFO - Setting next_dagrun for 2_sports_goat_run_batch to 2026-08-21 18:00:00+00:00, run_after=2026-08-22 18:00:00+00:00
[2026-08-22T16:01:17.075+0000] {processor.py:183} INFO - Processing /opt/airflow/dags/sports_goat_pipeline.py took 0.207 seconds
[2026-08-22T16:01:47.311+0000] {processor.py:161} INFO - Started process (PID=106) to work on /opt/airflow/dags/sports_goat_pipeline.py
[2026-08-22T16:01:47.321+0000] {processor.py:830} INFO - Processing file /opt/airflow/dags/sports_goat_pipeline.py for tasks to queue
[2026-08-22T16:01:47.338+0000] {logging_mixin.py:188} INFO - [2026-08-22T16:01:47.333+0000] {dagbag.py:538} INFO - Filling up the DagBag from /opt/airflow/dags/sports_goat_pipeline.py
[2026-08-22T16:01:47.370+0000] {processor.py:840} INFO - DAG(s) '2_sports_goat_run_batch', '1_sports_goat_raw_to_clean' retrieved from /opt/airflow/dags/sports_goat_pipeline.py
[2026-08-22T16:01:47.422+0000] {logging_mixin.py:188} INFO - [2026-08-22T16:01:47.422+0000] {dag.py:3036} INFO - Sync 2 DAGs
[2026-08-22T16:01:47.463+0000] {logging_mixin.py:188} INFO - [2026-08-22T16:01:47.462+0000] {dag.py:3823} INFO - Setting next_dagrun for 1_sports_goat_raw_to_clean to 2026-08-21 17:45:00+00:00, run_after=2026-08-22 17:45:00+00:00
[2026-08-22T16:01:47.473+0000] {logging_mixin.py:188} INFO - [2026-08-22T16:01:47.473+0000] {dag.py:3823} INFO - Setting next_dagrun for 2_sports_goat_run_batch to 2026-08-21 18:00:00+00:00, run_after=2026-08-22 18:00:00+00:00
[2026-08-22T16:01:47.511+0000] {processor.py:183} INFO - Processing /opt/airflow/dags/sports_goat_pipeline.py took 0.205 seconds
[2026-08-22T16:02:17.864+0000] {processor.py:161} INFO - Started process (PID=107) to work on /opt/airflow/dags/sports_goat_pipeline.py
[2026-08-22T16:02:17.871+0000] {processor.py:830} INFO - Processing file /opt/airflow/dags/sports_goat_pipeline.py for tasks to queue
[2026-08-22T16:02:17.874+0000] {logging_mixin.py:188} INFO - [2026-08-22T16:02:17.873+0000] {dagbag.py:538} INFO - Filling up the DagBag from /opt/airflow/dags/sports_goat_pipeline.py
[2026-08-22T16:02:17.908+0000] {processor.py:840} INFO - DAG(s) '1_sports_goat_raw_to_clean', '2_sports_goat_run_batch' retrieved from /opt/airflow/dags/sports_goat_pipeline.py
[2026-08-22T16:02:17.955+0000] {logging_mixin.py:188} INFO - [2026-08-22T16:02:17.955+0000] {dag.py:3036} INFO - Sync 2 DAGs
[2026-08-22T16:02:17.997+0000] {logging_mixin.py:188} INFO - [2026-08-22T16:02:17.996+0000] {dag.py:3823} INFO - Setting next_dagrun for 1_sports_goat_raw_to_clean to 2026-08-21 17:45:00+00:00, run_after=2026-08-22 17:45:00+00:00
[2026-08-22T16:02:18.007+0000] {logging_mixin.py:188} INFO - [2026-08-22T16:02:18.007+0000] {dag.py:3823} INFO - Setting next_dagrun for 2_sports_goat_run_batch to 2026-08-21 18:00:00+00:00, run_after=2026-08-22 18:00:00+00:00
[2026-08-22T16:02:18.041+0000] {processor.py:183} INFO - Processing /opt/airflow/dags/sports_goat_pipeline.py took 0.189 seconds
[2026-08-22T16:02:49.066+0000] {processor.py:161} INFO - Started process (PID=108) to work on /opt/airflow/dags/sports_goat_pipeline.py
[2026-08-22T16:02:49.068+0000] {processor.py:830} INFO - Processing file /opt/airflow/dags/sports_goat_pipeline.py for tasks to queue
[2026-08-22T16:02:49.071+0000] {logging_mixin.py:188} INFO - [2026-08-22T16:02:49.070+0000] {dagbag.py:538} INFO - Filling up the DagBag from /opt/airflow/dags/sports_goat_pipeline.py
[2026-08-22T16:02:49.120+0000] {processor.py:840} INFO - DAG(s) '2_sports_goat_run_batch', '1_sports_goat_raw_to_clean' retrieved from /opt/airflow/dags/sports_goat_pipeline.py
[2026-08-22T16:02:49.174+0000] {logging_mixin.py:188} INFO - [2026-08-22T16:02:49.173+0000] {dag.py:3036} INFO - Sync 2 DAGs
[2026-08-22T16:02:49.219+0000] {logging_mixin.py:188} INFO - [2026-08-22T16:02:49.218+0000] {dag.py:3823} INFO - Setting next_dagrun for 1_sports_goat_raw_to_clean to 2026-08-21 17:45:00+00:00, run_after=2026-08-22 17:45:00+00:00
[2026-08-22T16:02:49.228+0000] {logging_mixin.py:188} INFO - [2026-08-22T16:02:49.227+0000] {dag.py:3823} INFO - Setting next_dagrun for 2_sports_goat_run_batch to 2026-08-21 18:00:00+00:00, run_after=2026-08-22 18:00:00+00:00
[2026-08-22T16:02:49.269+0000] {processor.py:183} INFO - Processing /opt/airflow/dags/sports_goat_pipeline.py took 0.211 seconds
[2026-08-22T16:03:44.060+0000] {processor.py:161} INFO - Started process (PID=54) to work on /opt/airflow/dags/sports_goat_pipeline.py
[2026-08-22T16:03:44.075+0000] {processor.py:830} INFO - Processing file /opt/airflow/dags/sports_goat_pipeline.py for tasks to queue
[2026-08-22T16:03:44.082+0000] {logging_mixin.py:188} INFO - [2026-08-22T16:03:44.079+0000] {dagbag.py:538} INFO - Filling up the DagBag from /opt/airflow/dags/sports_goat_pipeline.py
[2026-08-22T16:03:44.181+0000] {processor.py:840} INFO - DAG(s) '2_sports_goat_run_batch', '1_sports_goat_raw_to_clean' retrieved from /opt/airflow/dags/sports_goat_pipeline.py
[2026-08-22T16:03:44.237+0000] {logging_mixin.py:188} INFO - [2026-08-22T16:03:44.237+0000] {dag.py:3036} INFO - Sync 2 DAGs
[2026-08-22T16:03:44.367+0000] {logging_mixin.py:188} INFO - [2026-08-22T16:03:44.366+0000] {dag.py:3823} INFO - Setting next_dagrun for 1_sports_goat_raw_to_clean to 2026-08-21 17:45:00+00:00, run_after=2026-08-22 17:45:00+00:00
[2026-08-22T16:03:44.390+0000] {logging_mixin.py:188} INFO - [2026-08-22T16:03:44.389+0000] {dag.py:3823} INFO - Setting next_dagrun for 2_sports_goat_run_batch to 2026-08-21 18:00:00+00:00, run_after=2026-08-22 18:00:00+00:00
[2026-08-22T16:03:44.472+0000] {processor.py:183} INFO - Processing /opt/airflow/dags/sports_goat_pipeline.py took 0.441 seconds
[2026-08-22T16:04:15.289+0000] {processor.py:161} INFO - Started process (PID=66) to work on /opt/airflow/dags/sports_goat_pipeline.py
[2026-08-22T16:04:15.326+0000] {processor.py:830} INFO - Processing file /opt/airflow/dags/sports_goat_pipeline.py for tasks to queue
[2026-08-22T16:04:15.351+0000] {logging_mixin.py:188} INFO - [2026-08-22T16:04:15.349+0000] {dagbag.py:538} INFO - Filling up the DagBag from /opt/airflow/dags/sports_goat_pipeline.py
[2026-08-22T16:04:15.585+0000] {processor.py:840} INFO - DAG(s) '2_sports_goat_run_batch', '1_sports_goat_raw_to_clean' retrieved from /opt/airflow/dags/sports_goat_pipeline.py
[2026-08-22T16:04:16.128+0000] {logging_mixin.py:188} INFO - [2026-08-22T16:04:16.127+0000] {dag.py:3036} INFO - Sync 2 DAGs
[2026-08-22T16:04:16.211+0000] {logging_mixin.py:188} INFO - [2026-08-22T16:04:16.210+0000] {dag.py:3823} INFO - Setting next_dagrun for 1_sports_goat_raw_to_clean to 2026-08-21 17:45:00+00:00, run_after=2026-08-22 17:45:00+00:00
[2026-08-22T16:04:16.228+0000] {logging_mixin.py:188} INFO - [2026-08-22T16:04:16.227+0000] {dag.py:3823} INFO - Setting next_dagrun for 2_sports_goat_run_batch to 2026-08-21 18:00:00+00:00, run_after=2026-08-22 18:00:00+00:00
[2026-08-22T16:04:16.274+0000] {processor.py:183} INFO - Processing /opt/airflow/dags/sports_goat_pipeline.py took 1.066 seconds
[2026-08-22T16:04:46.711+0000] {processor.py:161} INFO - Started process (PID=71) to work on /opt/airflow/dags/sports_goat_pipeline.py
[2026-08-22T16:04:46.713+0000] {processor.py:830} INFO - Processing file /opt/airflow/dags/sports_goat_pipeline.py for tasks to queue
[2026-08-22T16:04:46.715+0000] {logging_mixin.py:188} INFO - [2026-08-22T16:04:46.714+0000] {dagbag.py:538} INFO - Filling up the DagBag from /opt/airflow/dags/sports_goat_pipeline.py
[2026-08-22T16:04:46.782+0000] {processor.py:840} INFO - DAG(s) '2_sports_goat_run_batch', '1_sports_goat_raw_to_clean' retrieved from /opt/airflow/dags/sports_goat_pipeline.py
[2026-08-22T16:04:46.873+0000] {logging_mixin.py:188} INFO - [2026-08-22T16:04:46.873+0000] {dag.py:3036} INFO - Sync 2 DAGs
[2026-08-22T16:04:46.904+0000] {logging_mixin.py:188} INFO - [2026-08-22T16:04:46.904+0000] {dag.py:3823} INFO - Setting next_dagrun for 1_sports_goat_raw_to_clean to 2026-08-21 17:45:00+00:00, run_after=2026-08-22 17:45:00+00:00
[2026-08-22T16:04:46.916+0000] {logging_mixin.py:188} INFO - [2026-08-22T16:04:46.916+0000] {dag.py:3823} INFO - Setting next_dagrun for 2_sports_goat_run_batch to 2026-08-21 18:00:00+00:00, run_after=2026-08-22 18:00:00+00:00
[2026-08-22T16:04:46.962+0000] {processor.py:183} INFO - Processing /opt/airflow/dags/sports_goat_pipeline.py took 0.257 seconds
[2026-08-22T16:05:17.108+0000] {processor.py:161} INFO - Started process (PID=72) to work on /opt/airflow/dags/sports_goat_pipeline.py
[2026-08-22T16:05:17.110+0000] {processor.py:830} INFO - Processing file /opt/airflow/dags/sports_goat_pipeline.py for tasks to queue
[2026-08-22T16:05:17.112+0000] {logging_mixin.py:188} INFO - [2026-08-22T16:05:17.112+0000] {dagbag.py:538} INFO - Filling up the DagBag from /opt/airflow/dags/sports_goat_pipeline.py
[2026-08-22T16:05:17.135+0000] {processor.py:840} INFO - DAG(s) '2_sports_goat_run_batch', '1_sports_goat_raw_to_clean' retrieved from /opt/airflow/dags/sports_goat_pipeline.py
[2026-08-22T16:05:17.169+0000] {logging_mixin.py:188} INFO - [2026-08-22T16:05:17.169+0000] {dag.py:3036} INFO - Sync 2 DAGs
[2026-08-22T16:05:17.202+0000] {logging_mixin.py:188} INFO - [2026-08-22T16:05:17.201+0000] {dag.py:3823} INFO - Setting next_dagrun for 1_sports_goat_raw_to_clean to 2026-08-21 17:45:00+00:00, run_after=2026-08-22 17:45:00+00:00
[2026-08-22T16:05:17.212+0000] {logging_mixin.py:188} INFO - [2026-08-22T16:05:17.212+0000] {dag.py:3823} INFO - Setting next_dagrun for 2_sports_goat_run_batch to 2026-08-21 18:00:00+00:00, run_after=2026-08-22 18:00:00+00:00
[2026-08-22T16:05:17.239+0000] {processor.py:183} INFO - Processing /opt/airflow/dags/sports_goat_pipeline.py took 0.137 seconds
[2026-08-22T16:05:35.371+0000] {processor.py:161} INFO - Started process (PID=53) to work on /opt/airflow/dags/sports_goat_pipeline.py
[2026-08-22T16:05:35.373+0000] {processor.py:830} INFO - Processing file /opt/airflow/dags/sports_goat_pipeline.py for tasks to queue
[2026-08-22T16:05:35.375+0000] {logging_mixin.py:188} INFO - [2026-08-22T16:05:35.375+0000] {dagbag.py:538} INFO - Filling up the DagBag from /opt/airflow/dags/sports_goat_pipeline.py
[2026-08-22T16:05:35.394+0000] {processor.py:840} INFO - DAG(s) '1_sports_goat_raw_to_clean', '2_sports_goat_run_batch' retrieved from /opt/airflow/dags/sports_goat_pipeline.py
[2026-08-22T16:05:35.415+0000] {logging_mixin.py:188} INFO - [2026-08-22T16:05:35.415+0000] {dag.py:3036} INFO - Sync 2 DAGs
[2026-08-22T16:05:35.454+0000] {logging_mixin.py:188} INFO - [2026-08-22T16:05:35.453+0000] {dag.py:3823} INFO - Setting next_dagrun for 1_sports_goat_raw_to_clean to 2026-08-21 17:45:00+00:00, run_after=2026-08-22 17:45:00+00:00
[2026-08-22T16:05:35.462+0000] {logging_mixin.py:188} INFO - [2026-08-22T16:05:35.462+0000] {dag.py:3823} INFO - Setting next_dagrun for 2_sports_goat_run_batch to 2026-08-21 18:00:00+00:00, run_after=2026-08-22 18:00:00+00:00
[2026-08-22T16:05:35.489+0000] {processor.py:183} INFO - Processing /opt/airflow/dags/sports_goat_pipeline.py took 0.122 seconds
[2026-08-22T16:06:06.553+0000] {processor.py:161} INFO - Started process (PID=70) to work on /opt/airflow/dags/sports_goat_pipeline.py
[2026-08-22T16:06:06.557+0000] {processor.py:830} INFO - Processing file /opt/airflow/dags/sports_goat_pipeline.py for tasks to queue
[2026-08-22T16:06:06.560+0000] {logging_mixin.py:188} INFO - [2026-08-22T16:06:06.559+0000] {dagbag.py:538} INFO - Filling up the DagBag from /opt/airflow/dags/sports_goat_pipeline.py
[2026-08-22T16:06:06.593+0000] {processor.py:840} INFO - DAG(s) '1_sports_goat_raw_to_clean', '2_sports_goat_run_batch' retrieved from /opt/airflow/dags/sports_goat_pipeline.py
[2026-08-22T16:06:06.931+0000] {logging_mixin.py:188} INFO - [2026-08-22T16:06:06.930+0000] {dag.py:3036} INFO - Sync 2 DAGs
[2026-08-22T16:06:07.007+0000] {logging_mixin.py:188} INFO - [2026-08-22T16:06:07.007+0000] {dag.py:3823} INFO - Setting next_dagrun for 1_sports_goat_raw_to_clean to 2026-08-21 17:45:00+00:00, run_after=2026-08-22 17:45:00+00:00
[2026-08-22T16:06:07.024+0000] {logging_mixin.py:188} INFO - [2026-08-22T16:06:07.023+0000] {dag.py:3823} INFO - Setting next_dagrun for 2_sports_goat_run_batch to 2026-08-21 18:00:00+00:00, run_after=2026-08-22 18:00:00+00:00
[2026-08-22T16:06:07.091+0000] {processor.py:183} INFO - Processing /opt/airflow/dags/sports_goat_pipeline.py took 0.546 seconds
[2026-08-22T16:06:37.932+0000] {processor.py:161} INFO - Started process (PID=71) to work on /opt/airflow/dags/sports_goat_pipeline.py
[2026-08-22T16:06:37.933+0000] {processor.py:830} INFO - Processing file /opt/airflow/dags/sports_goat_pipeline.py for tasks to queue
[2026-08-22T16:06:37.942+0000] {logging_mixin.py:188} INFO - [2026-08-22T16:06:37.935+0000] {dagbag.py:538} INFO - Filling up the DagBag from /opt/airflow/dags/sports_goat_pipeline.py
[2026-08-22T16:06:37.970+0000] {processor.py:840} INFO - DAG(s) '2_sports_goat_run_batch', '1_sports_goat_raw_to_clean' retrieved from /opt/airflow/dags/sports_goat_pipeline.py
[2026-08-22T16:06:38.024+0000] {logging_mixin.py:188} INFO - [2026-08-22T16:06:38.024+0000] {dag.py:3036} INFO - Sync 2 DAGs
[2026-08-22T16:06:38.074+0000] {logging_mixin.py:188} INFO - [2026-08-22T16:06:38.073+0000] {dag.py:3823} INFO - Setting next_dagrun for 1_sports_goat_raw_to_clean to 2026-08-21 17:45:00+00:00, run_after=2026-08-22 17:45:00+00:00
[2026-08-22T16:06:38.082+0000] {logging_mixin.py:188} INFO - [2026-08-22T16:06:38.082+0000] {dag.py:3823} INFO - Setting next_dagrun for 2_sports_goat_run_batch to 2026-08-21 18:00:00+00:00, run_after=2026-08-22 18:00:00+00:00
[2026-08-22T16:06:38.116+0000] {processor.py:183} INFO - Processing /opt/airflow/dags/sports_goat_pipeline.py took 0.189 seconds
[2026-08-22T16:07:08.239+0000] {processor.py:161} INFO - Started process (PID=72) to work on /opt/airflow/dags/sports_goat_pipeline.py
[2026-08-22T16:07:08.241+0000] {processor.py:830} INFO - Processing file /opt/airflow/dags/sports_goat_pipeline.py for tasks to queue
[2026-08-22T16:07:08.244+0000] {logging_mixin.py:188} INFO - [2026-08-22T16:07:08.243+0000] {dagbag.py:538} INFO - Filling up the DagBag from /opt/airflow/dags/sports_goat_pipeline.py
[2026-08-22T16:07:08.270+0000] {processor.py:840} INFO - DAG(s) '1_sports_goat_raw_to_clean', '2_sports_goat_run_batch' retrieved from /opt/airflow/dags/sports_goat_pipeline.py
[2026-08-22T16:07:08.318+0000] {logging_mixin.py:188} INFO - [2026-08-22T16:07:08.318+0000] {dag.py:3036} INFO - Sync 2 DAGs
[2026-08-22T16:07:08.355+0000] {logging_mixin.py:188} INFO - [2026-08-22T16:07:08.355+0000] {dag.py:3823} INFO - Setting next_dagrun for 1_sports_goat_raw_to_clean to 2026-08-21 17:45:00+00:00, run_after=2026-08-22 17:45:00+00:00
[2026-08-22T16:07:08.364+0000] {logging_mixin.py:188} INFO - [2026-08-22T16:07:08.363+0000] {dag.py:3823} INFO - Setting next_dagrun for 2_sports_goat_run_batch to 2026-08-21 18:00:00+00:00, run_after=2026-08-22 18:00:00+00:00
[2026-08-22T16:07:08.392+0000] {processor.py:183} INFO - Processing /opt/airflow/dags/sports_goat_pipeline.py took 0.159 seconds
[2026-08-22T16:07:38.587+0000] {processor.py:161} INFO - Started process (PID=73) to work on /opt/airflow/dags/sports_goat_pipeline.py
[2026-08-22T16:07:38.590+0000] {processor.py:830} INFO - Processing file /opt/airflow/dags/sports_goat_pipeline.py for tasks to queue
[2026-08-22T16:07:38.593+0000] {logging_mixin.py:188} INFO - [2026-08-22T16:07:38.591+0000] {dagbag.py:538} INFO - Filling up the DagBag from /opt/airflow/dags/sports_goat_pipeline.py
[2026-08-22T16:07:38.639+0000] {processor.py:840} INFO - DAG(s) '1_sports_goat_raw_to_clean', '2_sports_goat_run_batch' retrieved from /opt/airflow/dags/sports_goat_pipeline.py
[2026-08-22T16:07:38.692+0000] {logging_mixin.py:188} INFO - [2026-08-22T16:07:38.692+0000] {dag.py:3036} INFO - Sync 2 DAGs
[2026-08-22T16:07:38.729+0000] {logging_mixin.py:188} INFO - [2026-08-22T16:07:38.729+0000] {dag.py:3823} INFO - Setting next_dagrun for 1_sports_goat_raw_to_clean to 2026-08-21 17:45:00+00:00, run_after=2026-08-22 17:45:00+00:00
[2026-08-22T16:07:38.737+0000] {logging_mixin.py:188} INFO - [2026-08-22T16:07:38.737+0000] {dag.py:3823} INFO - Setting next_dagrun for 2_sports_goat_run_batch to 2026-08-21 18:00:00+00:00, run_after=2026-08-22 18:00:00+00:00
[2026-08-22T16:07:38.773+0000] {processor.py:183} INFO - Processing /opt/airflow/dags/sports_goat_pipeline.py took 0.194 seconds
[2026-08-22T16:08:08.926+0000] {processor.py:161} INFO - Started process (PID=74) to work on /opt/airflow/dags/sports_goat_pipeline.py
[2026-08-22T16:08:08.928+0000] {processor.py:830} INFO - Processing file /opt/airflow/dags/sports_goat_pipeline.py for tasks to queue
[2026-08-22T16:08:08.930+0000] {logging_mixin.py:188} INFO - [2026-08-22T16:08:08.930+0000] {dagbag.py:538} INFO - Filling up the DagBag from /opt/airflow/dags/sports_goat_pipeline.py
[2026-08-22T16:08:08.974+0000] {processor.py:840} INFO - DAG(s) '2_sports_goat_run_batch', '1_sports_goat_raw_to_clean' retrieved from /opt/airflow/dags/sports_goat_pipeline.py
[2026-08-22T16:08:09.024+0000] {logging_mixin.py:188} INFO - [2026-08-22T16:08:09.023+0000] {dag.py:3036} INFO - Sync 2 DAGs
[2026-08-22T16:08:09.072+0000] {logging_mixin.py:188} INFO - [2026-08-22T16:08:09.071+0000] {dag.py:3823} INFO - Setting next_dagrun for 1_sports_goat_raw_to_clean to 2026-08-21 17:45:00+00:00, run_after=2026-08-22 17:45:00+00:00
[2026-08-22T16:08:09.082+0000] {logging_mixin.py:188} INFO - [2026-08-22T16:08:09.081+0000] {dag.py:3823} INFO - Setting next_dagrun for 2_sports_goat_run_batch to 2026-08-21 18:00:00+00:00, run_after=2026-08-22 18:00:00+00:00
[2026-08-22T16:08:09.118+0000] {processor.py:183} INFO - Processing /opt/airflow/dags/sports_goat_pipeline.py took 0.199 seconds
[2026-08-22T16:08:39.282+0000] {processor.py:161} INFO - Started process (PID=75) to work on /opt/airflow/dags/sports_goat_pipeline.py
[2026-08-22T16:08:39.284+0000] {processor.py:830} INFO - Processing file /opt/airflow/dags/sports_goat_pipeline.py for tasks to queue
[2026-08-22T16:08:39.287+0000] {logging_mixin.py:188} INFO - [2026-08-22T16:08:39.286+0000] {dagbag.py:538} INFO - Filling up the DagBag from /opt/airflow/dags/sports_goat_pipeline.py
[2026-08-22T16:08:39.312+0000] {processor.py:840} INFO - DAG(s) '1_sports_goat_raw_to_clean', '2_sports_goat_run_batch' retrieved from /opt/airflow/dags/sports_goat_pipeline.py
[2026-08-22T16:08:39.369+0000] {logging_mixin.py:188} INFO - [2026-08-22T16:08:39.369+0000] {dag.py:3036} INFO - Sync 2 DAGs
[2026-08-22T16:08:39.418+0000] {logging_mixin.py:188} INFO - [2026-08-22T16:08:39.418+0000] {dag.py:3823} INFO - Setting next_dagrun for 1_sports_goat_raw_to_clean to 2026-08-21 17:45:00+00:00, run_after=2026-08-22 17:45:00+00:00
[2026-08-22T16:08:39.432+0000] {logging_mixin.py:188} INFO - [2026-08-22T16:08:39.431+0000] {dag.py:3823} INFO - Setting next_dagrun for 2_sports_goat_run_batch to 2026-08-21 18:00:00+00:00, run_after=2026-08-22 18:00:00+00:00
[2026-08-22T16:08:39.477+0000] {processor.py:183} INFO - Processing /opt/airflow/dags/sports_goat_pipeline.py took 0.200 seconds
[2026-08-22T16:09:09.713+0000] {processor.py:161} INFO - Started process (PID=76) to work on /opt/airflow/dags/sports_goat_pipeline.py
[2026-08-22T16:09:09.721+0000] {processor.py:830} INFO - Processing file /opt/airflow/dags/sports_goat_pipeline.py for tasks to queue
[2026-08-22T16:09:09.725+0000] {logging_mixin.py:188} INFO - [2026-08-22T16:09:09.724+0000] {dagbag.py:538} INFO - Filling up the DagBag from /opt/airflow/dags/sports_goat_pipeline.py
[2026-08-22T16:09:09.768+0000] {processor.py:840} INFO - DAG(s) '1_sports_goat_raw_to_clean', '2_sports_goat_run_batch' retrieved from /opt/airflow/dags/sports_goat_pipeline.py
[2026-08-22T16:09:09.801+0000] {logging_mixin.py:188} INFO - [2026-08-22T16:09:09.801+0000] {dag.py:3036} INFO - Sync 2 DAGs
[2026-08-22T16:09:09.843+0000] {logging_mixin.py:188} INFO - [2026-08-22T16:09:09.843+0000] {dag.py:3823} INFO - Setting next_dagrun for 1_sports_goat_raw_to_clean to 2026-08-21 17:45:00+00:00, run_after=2026-08-22 17:45:00+00:00
[2026-08-22T16:09:09.849+0000] {logging_mixin.py:188} INFO - [2026-08-22T16:09:09.849+0000] {dag.py:3823} INFO - Setting next_dagrun for 2_sports_goat_run_batch to 2026-08-21 18:00:00+00:00, run_after=2026-08-22 18:00:00+00:00
[2026-08-22T16:09:09.883+0000] {processor.py:183} INFO - Processing /opt/airflow/dags/sports_goat_pipeline.py took 0.191 seconds
[2026-08-22T16:09:40.122+0000] {processor.py:161} INFO - Started process (PID=77) to work on /opt/airflow/dags/sports_goat_pipeline.py
[2026-08-22T16:09:40.124+0000] {processor.py:830} INFO - Processing file /opt/airflow/dags/sports_goat_pipeline.py for tasks to queue
[2026-08-22T16:09:40.126+0000] {logging_mixin.py:188} INFO - [2026-08-22T16:09:40.126+0000] {dagbag.py:538} INFO - Filling up the DagBag from /opt/airflow/dags/sports_goat_pipeline.py
[2026-08-22T16:09:40.155+0000] {processor.py:840} INFO - DAG(s) '1_sports_goat_raw_to_clean', '2_sports_goat_run_batch' retrieved from /opt/airflow/dags/sports_goat_pipeline.py
[2026-08-22T16:09:40.223+0000] {logging_mixin.py:188} INFO - [2026-08-22T16:09:40.223+0000] {dag.py:3036} INFO - Sync 2 DAGs
[2026-08-22T16:09:40.262+0000] {logging_mixin.py:188} INFO - [2026-08-22T16:09:40.262+0000] {dag.py:3823} INFO - Setting next_dagrun for 1_sports_goat_raw_to_clean to 2026-08-21 17:45:00+00:00, run_after=2026-08-22 17:45:00+00:00
[2026-08-22T16:09:40.274+0000] {logging_mixin.py:188} INFO - [2026-08-22T16:09:40.274+0000] {dag.py:3823} INFO - Setting next_dagrun for 2_sports_goat_run_batch to 2026-08-21 18:00:00+00:00, run_after=2026-08-22 18:00:00+00:00
[2026-08-22T16:09:40.304+0000] {processor.py:183} INFO - Processing /opt/airflow/dags/sports_goat_pipeline.py took 0.188 seconds
[2026-08-22T16:10:11.428+0000] {processor.py:161} INFO - Started process (PID=78) to work on /opt/airflow/dags/sports_goat_pipeline.py
[2026-08-22T16:10:11.430+0000] {processor.py:830} INFO - Processing file /opt/airflow/dags/sports_goat_pipeline.py for tasks to queue
[2026-08-22T16:10:11.431+0000] {logging_mixin.py:188} INFO - [2026-08-22T16:10:11.431+0000] {dagbag.py:538} INFO - Filling up the DagBag from /opt/airflow/dags/sports_goat_pipeline.py
[2026-08-22T16:10:11.460+0000] {processor.py:840} INFO - DAG(s) '2_sports_goat_run_batch', '1_sports_goat_raw_to_clean' retrieved from /opt/airflow/dags/sports_goat_pipeline.py
[2026-08-22T16:10:11.524+0000] {logging_mixin.py:188} INFO - [2026-08-22T16:10:11.523+0000] {dag.py:3036} INFO - Sync 2 DAGs
[2026-08-22T16:10:11.575+0000] {logging_mixin.py:188} INFO - [2026-08-22T16:10:11.574+0000] {dag.py:3823} INFO - Setting next_dagrun for 1_sports_goat_raw_to_clean to 2026-08-21 17:45:00+00:00, run_after=2026-08-22 17:45:00+00:00
[2026-08-22T16:10:11.582+0000] {logging_mixin.py:188} INFO - [2026-08-22T16:10:11.582+0000] {dag.py:3823} INFO - Setting next_dagrun for 2_sports_goat_run_batch to 2026-08-21 18:00:00+00:00, run_after=2026-08-22 18:00:00+00:00
[2026-08-22T16:10:11.628+0000] {processor.py:183} INFO - Processing /opt/airflow/dags/sports_goat_pipeline.py took 0.205 seconds
[2026-08-22T16:10:42.595+0000] {processor.py:161} INFO - Started process (PID=79) to work on /opt/airflow/dags/sports_goat_pipeline.py
[2026-08-22T16:10:42.599+0000] {processor.py:830} INFO - Processing file /opt/airflow/dags/sports_goat_pipeline.py for tasks to queue
[2026-08-22T16:10:42.602+0000] {logging_mixin.py:188} INFO - [2026-08-22T16:10:42.601+0000] {dagbag.py:538} INFO - Filling up the DagBag from /opt/airflow/dags/sports_goat_pipeline.py
[2026-08-22T16:10:42.631+0000] {processor.py:840} INFO - DAG(s) '1_sports_goat_raw_to_clean', '2_sports_goat_run_batch' retrieved from /opt/airflow/dags/sports_goat_pipeline.py
[2026-08-22T16:10:42.709+0000] {logging_mixin.py:188} INFO - [2026-08-22T16:10:42.708+0000] {dag.py:3036} INFO - Sync 2 DAGs
[2026-08-22T16:10:42.804+0000] {logging_mixin.py:188} INFO - [2026-08-22T16:10:42.803+0000] {dag.py:3823} INFO - Setting next_dagrun for 1_sports_goat_raw_to_clean to 2026-08-21 17:45:00+00:00, run_after=2026-08-22 17:45:00+00:00
[2026-08-22T16:10:42.820+0000] {logging_mixin.py:188} INFO - [2026-08-22T16:10:42.820+0000] {dag.py:3823} INFO - Setting next_dagrun for 2_sports_goat_run_batch to 2026-08-21 18:00:00+00:00, run_after=2026-08-22 18:00:00+00:00
[2026-08-22T16:10:42.856+0000] {processor.py:183} INFO - Processing /opt/airflow/dags/sports_goat_pipeline.py took 0.268 seconds
[2026-08-22T16:11:13.370+0000] {processor.py:161} INFO - Started process (PID=80) to work on /opt/airflow/dags/sports_goat_pipeline.py
[2026-08-22T16:11:13.372+0000] {processor.py:830} INFO - Processing file /opt/airflow/dags/sports_goat_pipeline.py for tasks to queue
[2026-08-22T16:11:13.374+0000] {logging_mixin.py:188} INFO - [2026-08-22T16:11:13.373+0000] {dagbag.py:538} INFO - Filling up the DagBag from /opt/airflow/dags/sports_goat_pipeline.py
[2026-08-22T16:11:13.395+0000] {processor.py:840} INFO - DAG(s) '1_sports_goat_raw_to_clean', '2_sports_goat_run_batch' retrieved from /opt/airflow/dags/sports_goat_pipeline.py
[2026-08-22T16:11:13.430+0000] {logging_mixin.py:188} INFO - [2026-08-22T16:11:13.429+0000] {dag.py:3036} INFO - Sync 2 DAGs
[2026-08-22T16:11:13.457+0000] {logging_mixin.py:188} INFO - [2026-08-22T16:11:13.456+0000] {dag.py:3823} INFO - Setting next_dagrun for 1_sports_goat_raw_to_clean to 2026-08-21 17:45:00+00:00, run_after=2026-08-22 17:45:00+00:00
[2026-08-22T16:11:13.464+0000] {logging_mixin.py:188} INFO - [2026-08-22T16:11:13.464+0000] {dag.py:3823} INFO - Setting next_dagrun for 2_sports_goat_run_batch to 2026-08-21 18:00:00+00:00, run_after=2026-08-22 18:00:00+00:00
[2026-08-22T16:11:13.489+0000] {processor.py:183} INFO - Processing /opt/airflow/dags/sports_goat_pipeline.py took 0.128 seconds
[2026-08-22T16:11:44.011+0000] {processor.py:161} INFO - Started process (PID=81) to work on /opt/airflow/dags/sports_goat_pipeline.py
[2026-08-22T16:11:44.034+0000] {processor.py:830} INFO - Processing file /opt/airflow/dags/sports_goat_pipeline.py for tasks to queue
[2026-08-22T16:11:44.038+0000] {logging_mixin.py:188} INFO - [2026-08-22T16:11:44.037+0000] {dagbag.py:538} INFO - Filling up the DagBag from /opt/airflow/dags/sports_goat_pipeline.py
[2026-08-22T16:11:44.086+0000] {processor.py:840} INFO - DAG(s) '2_sports_goat_run_batch', '1_sports_goat_raw_to_clean' retrieved from /opt/airflow/dags/sports_goat_pipeline.py
[2026-08-22T16:11:44.122+0000] {logging_mixin.py:188} INFO - [2026-08-22T16:11:44.122+0000] {dag.py:3036} INFO - Sync 2 DAGs
[2026-08-22T16:11:44.150+0000] {logging_mixin.py:188} INFO - [2026-08-22T16:11:44.150+0000] {dag.py:3823} INFO - Setting next_dagrun for 1_sports_goat_raw_to_clean to 2026-08-21 17:45:00+00:00, run_after=2026-08-22 17:45:00+00:00
[2026-08-22T16:11:44.159+0000] {logging_mixin.py:188} INFO - [2026-08-22T16:11:44.159+0000] {dag.py:3823} INFO - Setting next_dagrun for 2_sports_goat_run_batch to 2026-08-21 18:00:00+00:00, run_after=2026-08-22 18:00:00+00:00
[2026-08-22T16:11:44.186+0000] {processor.py:183} INFO - Processing /opt/airflow/dags/sports_goat_pipeline.py took 0.240 seconds
[2026-08-22T16:12:14.596+0000] {processor.py:161} INFO - Started process (PID=82) to work on /opt/airflow/dags/sports_goat_pipeline.py
[2026-08-22T16:12:14.598+0000] {processor.py:830} INFO - Processing file /opt/airflow/dags/sports_goat_pipeline.py for tasks to queue
[2026-08-22T16:12:14.600+0000] {logging_mixin.py:188} INFO - [2026-08-22T16:12:14.599+0000] {dagbag.py:538} INFO - Filling up the DagBag from /opt/airflow/dags/sports_goat_pipeline.py
[2026-08-22T16:12:14.664+0000] {processor.py:840} INFO - DAG(s) '2_sports_goat_run_batch', '1_sports_goat_raw_to_clean' retrieved from /opt/airflow/dags/sports_goat_pipeline.py
[2026-08-22T16:12:14.741+0000] {logging_mixin.py:188} INFO - [2026-08-22T16:12:14.741+0000] {dag.py:3036} INFO - Sync 2 DAGs
[2026-08-22T16:12:14.849+0000] {logging_mixin.py:188} INFO - [2026-08-22T16:12:14.848+0000] {dag.py:3823} INFO - Setting next_dagrun for 1_sports_goat_raw_to_clean to 2026-08-21 17:45:00+00:00, run_after=2026-08-22 17:45:00+00:00
[2026-08-22T16:12:14.873+0000] {logging_mixin.py:188} INFO - [2026-08-22T16:12:14.873+0000] {dag.py:3823} INFO - Setting next_dagrun for 2_sports_goat_run_batch to 2026-08-21 18:00:00+00:00, run_after=2026-08-22 18:00:00+00:00
[2026-08-22T16:12:14.935+0000] {processor.py:183} INFO - Processing /opt/airflow/dags/sports_goat_pipeline.py took 0.346 seconds
[2026-08-22T16:12:45.468+0000] {processor.py:161} INFO - Started process (PID=83) to work on /opt/airflow/dags/sports_goat_pipeline.py
[2026-08-22T16:12:45.470+0000] {processor.py:830} INFO - Processing file /opt/airflow/dags/sports_goat_pipeline.py for tasks to queue
[2026-08-22T16:12:45.473+0000] {logging_mixin.py:188} INFO - [2026-08-22T16:12:45.471+0000] {dagbag.py:538} INFO - Filling up the DagBag from /opt/airflow/dags/sports_goat_pipeline.py
[2026-08-22T16:12:45.506+0000] {processor.py:840} INFO - DAG(s) '2_sports_goat_run_batch', '1_sports_goat_raw_to_clean' retrieved from /opt/airflow/dags/sports_goat_pipeline.py
[2026-08-22T16:12:45.576+0000] {logging_mixin.py:188} INFO - [2026-08-22T16:12:45.575+0000] {dag.py:3036} INFO - Sync 2 DAGs
[2026-08-22T16:12:45.626+0000] {logging_mixin.py:188} INFO - [2026-08-22T16:12:45.625+0000] {dag.py:3823} INFO - Setting next_dagrun for 1_sports_goat_raw_to_clean to 2026-08-21 17:45:00+00:00, run_after=2026-08-22 17:45:00+00:00
[2026-08-22T16:12:45.641+0000] {logging_mixin.py:188} INFO - [2026-08-22T16:12:45.641+0000] {dag.py:3823} INFO - Setting next_dagrun for 2_sports_goat_run_batch to 2026-08-21 18:00:00+00:00, run_after=2026-08-22 18:00:00+00:00
[2026-08-22T16:12:45.694+0000] {processor.py:183} INFO - Processing /opt/airflow/dags/sports_goat_pipeline.py took 0.240 seconds
[2026-08-22T16:13:16.165+0000] {processor.py:161} INFO - Started process (PID=84) to work on /opt/airflow/dags/sports_goat_pipeline.py
[2026-08-22T16:13:16.170+0000] {processor.py:830} INFO - Processing file /opt/airflow/dags/sports_goat_pipeline.py for tasks to queue
[2026-08-22T16:13:16.171+0000] {logging_mixin.py:188} INFO - [2026-08-22T16:13:16.171+0000] {dagbag.py:538} INFO - Filling up the DagBag from /opt/airflow/dags/sports_goat_pipeline.py
[2026-08-22T16:13:16.196+0000] {processor.py:840} INFO - DAG(s) '1_sports_goat_raw_to_clean', '2_sports_goat_run_batch' retrieved from /opt/airflow/dags/sports_goat_pipeline.py
[2026-08-22T16:13:16.238+0000] {logging_mixin.py:188} INFO - [2026-08-22T16:13:16.237+0000] {dag.py:3036} INFO - Sync 2 DAGs
[2026-08-22T16:13:16.273+0000] {logging_mixin.py:188} INFO - [2026-08-22T16:13:16.273+0000] {dag.py:3823} INFO - Setting next_dagrun for 1_sports_goat_raw_to_clean to 2026-08-21 17:45:00+00:00, run_after=2026-08-22 17:45:00+00:00
[2026-08-22T16:13:16.279+0000] {logging_mixin.py:188} INFO - [2026-08-22T16:13:16.279+0000] {dag.py:3823} INFO - Setting next_dagrun for 2_sports_goat_run_batch to 2026-08-21 18:00:00+00:00, run_after=2026-08-22 18:00:00+00:00
[2026-08-22T16:13:16.309+0000] {processor.py:183} INFO - Processing /opt/airflow/dags/sports_goat_pipeline.py took 0.156 seconds
[2026-08-22T16:13:46.784+0000] {processor.py:161} INFO - Started process (PID=85) to work on /opt/airflow/dags/sports_goat_pipeline.py
[2026-08-22T16:13:46.788+0000] {processor.py:830} INFO - Processing file /opt/airflow/dags/sports_goat_pipeline.py for tasks to queue
[2026-08-22T16:13:46.789+0000] {logging_mixin.py:188} INFO - [2026-08-22T16:13:46.789+0000] {dagbag.py:538} INFO - Filling up the DagBag from /opt/airflow/dags/sports_goat_pipeline.py
[2026-08-22T16:13:46.822+0000] {processor.py:840} INFO - DAG(s) '1_sports_goat_raw_to_clean', '2_sports_goat_run_batch' retrieved from /opt/airflow/dags/sports_goat_pipeline.py
[2026-08-22T16:13:46.902+0000] {logging_mixin.py:188} INFO - [2026-08-22T16:13:46.902+0000] {dag.py:3036} INFO - Sync 2 DAGs
[2026-08-22T16:13:46.938+0000] {logging_mixin.py:188} INFO - [2026-08-22T16:13:46.937+0000] {dag.py:3823} INFO - Setting next_dagrun for 1_sports_goat_raw_to_clean to 2026-08-21 17:45:00+00:00, run_after=2026-08-22 17:45:00+00:00
[2026-08-22T16:13:46.946+0000] {logging_mixin.py:188} INFO - [2026-08-22T16:13:46.946+0000] {dag.py:3823} INFO - Setting next_dagrun for 2_sports_goat_run_batch to 2026-08-21 18:00:00+00:00, run_after=2026-08-22 18:00:00+00:00
[2026-08-22T16:13:46.982+0000] {processor.py:183} INFO - Processing /opt/airflow/dags/sports_goat_pipeline.py took 0.205 seconds
[2026-08-22T16:14:17.245+0000] {processor.py:161} INFO - Started process (PID=86) to work on /opt/airflow/dags/sports_goat_pipeline.py
[2026-08-22T16:14:17.247+0000] {processor.py:830} INFO - Processing file /opt/airflow/dags/sports_goat_pipeline.py for tasks to queue
[2026-08-22T16:14:17.248+0000] {logging_mixin.py:188} INFO - [2026-08-22T16:14:17.248+0000] {dagbag.py:538} INFO - Filling up the DagBag from /opt/airflow/dags/sports_goat_pipeline.py
[2026-08-22T16:14:17.278+0000] {processor.py:840} INFO - DAG(s) '1_sports_goat_raw_to_clean', '2_sports_goat_run_batch' retrieved from /opt/airflow/dags/sports_goat_pipeline.py
[2026-08-22T16:14:17.317+0000] {logging_mixin.py:188} INFO - [2026-08-22T16:14:17.317+0000] {dag.py:3036} INFO - Sync 2 DAGs
[2026-08-22T16:14:17.345+0000] {logging_mixin.py:188} INFO - [2026-08-22T16:14:17.345+0000] {dag.py:3823} INFO - Setting next_dagrun for 1_sports_goat_raw_to_clean to 2026-08-21 17:45:00+00:00, run_after=2026-08-22 17:45:00+00:00
[2026-08-22T16:14:17.353+0000] {logging_mixin.py:188} INFO - [2026-08-22T16:14:17.353+0000] {dag.py:3823} INFO - Setting next_dagrun for 2_sports_goat_run_batch to 2026-08-21 18:00:00+00:00, run_after=2026-08-22 18:00:00+00:00
[2026-08-22T16:14:17.381+0000] {processor.py:183} INFO - Processing /opt/airflow/dags/sports_goat_pipeline.py took 0.142 seconds
[2026-08-22T16:14:47.724+0000] {processor.py:161} INFO - Started process (PID=87) to work on /opt/airflow/dags/sports_goat_pipeline.py
[2026-08-22T16:14:47.725+0000] {processor.py:830} INFO - Processing file /opt/airflow/dags/sports_goat_pipeline.py for tasks to queue
[2026-08-22T16:14:47.727+0000] {logging_mixin.py:188} INFO - [2026-08-22T16:14:47.727+0000] {dagbag.py:538} INFO - Filling up the DagBag from /opt/airflow/dags/sports_goat_pipeline.py
[2026-08-22T16:14:47.749+0000] {processor.py:840} INFO - DAG(s) '2_sports_goat_run_batch', '1_sports_goat_raw_to_clean' retrieved from /opt/airflow/dags/sports_goat_pipeline.py
[2026-08-22T16:14:47.783+0000] {logging_mixin.py:188} INFO - [2026-08-22T16:14:47.783+0000] {dag.py:3036} INFO - Sync 2 DAGs
[2026-08-22T16:14:47.811+0000] {logging_mixin.py:188} INFO - [2026-08-22T16:14:47.810+0000] {dag.py:3823} INFO - Setting next_dagrun for 1_sports_goat_raw_to_clean to 2026-08-21 17:45:00+00:00, run_after=2026-08-22 17:45:00+00:00
[2026-08-22T16:14:47.819+0000] {logging_mixin.py:188} INFO - [2026-08-22T16:14:47.818+0000] {dag.py:3823} INFO - Setting next_dagrun for 2_sports_goat_run_batch to 2026-08-21 18:00:00+00:00, run_after=2026-08-22 18:00:00+00:00
[2026-08-22T16:14:47.843+0000] {processor.py:183} INFO - Processing /opt/airflow/dags/sports_goat_pipeline.py took 0.129 seconds
[2026-08-22T16:15:18.094+0000] {processor.py:161} INFO - Started process (PID=88) to work on /opt/airflow/dags/sports_goat_pipeline.py
[2026-08-22T16:15:18.096+0000] {processor.py:830} INFO - Processing file /opt/airflow/dags/sports_goat_pipeline.py for tasks to queue
[2026-08-22T16:15:18.098+0000] {logging_mixin.py:188} INFO - [2026-08-22T16:15:18.097+0000] {dagbag.py:538} INFO - Filling up the DagBag from /opt/airflow/dags/sports_goat_pipeline.py
[2026-08-22T16:15:18.124+0000] {processor.py:840} INFO - DAG(s) '2_sports_goat_run_batch', '1_sports_goat_raw_to_clean' retrieved from /opt/airflow/dags/sports_goat_pipeline.py
[2026-08-22T16:15:18.152+0000] {logging_mixin.py:188} INFO - [2026-08-22T16:15:18.152+0000] {dag.py:3036} INFO - Sync 2 DAGs
[2026-08-22T16:15:18.179+0000] {logging_mixin.py:188} INFO - [2026-08-22T16:15:18.178+0000] {dag.py:3823} INFO - Setting next_dagrun for 1_sports_goat_raw_to_clean to 2026-08-21 17:45:00+00:00, run_after=2026-08-22 17:45:00+00:00
[2026-08-22T16:15:18.184+0000] {logging_mixin.py:188} INFO - [2026-08-22T16:15:18.184+0000] {dag.py:3823} INFO - Setting next_dagrun for 2_sports_goat_run_batch to 2026-08-21 18:00:00+00:00, run_after=2026-08-22 18:00:00+00:00
[2026-08-22T16:15:18.210+0000] {processor.py:183} INFO - Processing /opt/airflow/dags/sports_goat_pipeline.py took 0.122 seconds
[2026-08-22T16:15:48.477+0000] {processor.py:161} INFO - Started process (PID=89) to work on /opt/airflow/dags/sports_goat_pipeline.py
[2026-08-22T16:15:48.479+0000] {processor.py:830} INFO - Processing file /opt/airflow/dags/sports_goat_pipeline.py for tasks to queue
[2026-08-22T16:15:48.481+0000] {logging_mixin.py:188} INFO - [2026-08-22T16:15:48.480+0000] {dagbag.py:538} INFO - Filling up the DagBag from /opt/airflow/dags/sports_goat_pipeline.py
[2026-08-22T16:15:48.506+0000] {processor.py:840} INFO - DAG(s) '1_sports_goat_raw_to_clean', '2_sports_goat_run_batch' retrieved from /opt/airflow/dags/sports_goat_pipeline.py
[2026-08-22T16:15:48.541+0000] {logging_mixin.py:188} INFO - [2026-08-22T16:15:48.540+0000] {dag.py:3036} INFO - Sync 2 DAGs
[2026-08-22T16:15:48.577+0000] {logging_mixin.py:188} INFO - [2026-08-22T16:15:48.576+0000] {dag.py:3823} INFO - Setting next_dagrun for 1_sports_goat_raw_to_clean to 2026-08-21 17:45:00+00:00, run_after=2026-08-22 17:45:00+00:00
[2026-08-22T16:15:48.585+0000] {logging_mixin.py:188} INFO - [2026-08-22T16:15:48.585+0000] {dag.py:3823} INFO - Setting next_dagrun for 2_sports_goat_run_batch to 2026-08-21 18:00:00+00:00, run_after=2026-08-22 18:00:00+00:00
[2026-08-22T16:15:48.616+0000] {processor.py:183} INFO - Processing /opt/airflow/dags/sports_goat_pipeline.py took 0.143 seconds
[2026-08-22T16:16:18.905+0000] {processor.py:161} INFO - Started process (PID=90) to work on /opt/airflow/dags/sports_goat_pipeline.py
[2026-08-22T16:16:18.907+0000] {processor.py:830} INFO - Processing file /opt/airflow/dags/sports_goat_pipeline.py for tasks to queue
[2026-08-22T16:16:18.909+0000] {logging_mixin.py:188} INFO - [2026-08-22T16:16:18.908+0000] {dagbag.py:538} INFO - Filling up the DagBag from /opt/airflow/dags/sports_goat_pipeline.py
[2026-08-22T16:16:18.930+0000] {processor.py:840} INFO - DAG(s) '2_sports_goat_run_batch', '1_sports_goat_raw_to_clean' retrieved from /opt/airflow/dags/sports_goat_pipeline.py
[2026-08-22T16:16:18.963+0000] {logging_mixin.py:188} INFO - [2026-08-22T16:16:18.963+0000] {dag.py:3036} INFO - Sync 2 DAGs
[2026-08-22T16:16:19.021+0000] {logging_mixin.py:188} INFO - [2026-08-22T16:16:19.020+0000] {dag.py:3823} INFO - Setting next_dagrun for 1_sports_goat_raw_to_clean to 2026-08-21 17:45:00+00:00, run_after=2026-08-22 17:45:00+00:00
[2026-08-22T16:16:19.043+0000] {logging_mixin.py:188} INFO - [2026-08-22T16:16:19.042+0000] {dag.py:3823} INFO - Setting next_dagrun for 2_sports_goat_run_batch to 2026-08-21 18:00:00+00:00, run_after=2026-08-22 18:00:00+00:00
[2026-08-22T16:16:19.088+0000] {processor.py:183} INFO - Processing /opt/airflow/dags/sports_goat_pipeline.py took 0.187 seconds
[2026-08-22T16:16:49.296+0000] {processor.py:161} INFO - Started process (PID=91) to work on /opt/airflow/dags/sports_goat_pipeline.py
[2026-08-22T16:16:49.297+0000] {processor.py:830} INFO - Processing file /opt/airflow/dags/sports_goat_pipeline.py for tasks to queue
[2026-08-22T16:16:49.299+0000] {logging_mixin.py:188} INFO - [2026-08-22T16:16:49.298+0000] {dagbag.py:538} INFO - Filling up the DagBag from /opt/airflow/dags/sports_goat_pipeline.py
[2026-08-22T16:16:49.317+0000] {processor.py:840} INFO - DAG(s) '1_sports_goat_raw_to_clean', '2_sports_goat_run_batch' retrieved from /opt/airflow/dags/sports_goat_pipeline.py
[2026-08-22T16:16:49.349+0000] {logging_mixin.py:188} INFO - [2026-08-22T16:16:49.349+0000] {dag.py:3036} INFO - Sync 2 DAGs
[2026-08-22T16:16:49.374+0000] {logging_mixin.py:188} INFO - [2026-08-22T16:16:49.373+0000] {dag.py:3823} INFO - Setting next_dagrun for 1_sports_goat_raw_to_clean to 2026-08-21 17:45:00+00:00, run_after=2026-08-22 17:45:00+00:00
[2026-08-22T16:16:49.380+0000] {logging_mixin.py:188} INFO - [2026-08-22T16:16:49.380+0000] {dag.py:3823} INFO - Setting next_dagrun for 2_sports_goat_run_batch to 2026-08-21 18:00:00+00:00, run_after=2026-08-22 18:00:00+00:00
[2026-08-22T16:16:49.403+0000] {processor.py:183} INFO - Processing /opt/airflow/dags/sports_goat_pipeline.py took 0.112 seconds
[2026-08-22T16:17:19.665+0000] {processor.py:161} INFO - Started process (PID=92) to work on /opt/airflow/dags/sports_goat_pipeline.py
[2026-08-22T16:17:19.668+0000] {processor.py:830} INFO - Processing file /opt/airflow/dags/sports_goat_pipeline.py for tasks to queue
[2026-08-22T16:17:19.671+0000] {logging_mixin.py:188} INFO - [2026-08-22T16:17:19.670+0000] {dagbag.py:538} INFO - Filling up the DagBag from /opt/airflow/dags/sports_goat_pipeline.py
[2026-08-22T16:17:19.697+0000] {processor.py:840} INFO - DAG(s) '1_sports_goat_raw_to_clean', '2_sports_goat_run_batch' retrieved from /opt/airflow/dags/sports_goat_pipeline.py
[2026-08-22T16:17:19.744+0000] {logging_mixin.py:188} INFO - [2026-08-22T16:17:19.743+0000] {dag.py:3036} INFO - Sync 2 DAGs
[2026-08-22T16:17:19.782+0000] {logging_mixin.py:188} INFO - [2026-08-22T16:17:19.782+0000] {dag.py:3823} INFO - Setting next_dagrun for 1_sports_goat_raw_to_clean to 2026-08-21 17:45:00+00:00, run_after=2026-08-22 17:45:00+00:00
[2026-08-22T16:17:19.796+0000] {logging_mixin.py:188} INFO - [2026-08-22T16:17:19.795+0000] {dag.py:3823} INFO - Setting next_dagrun for 2_sports_goat_run_batch to 2026-08-21 18:00:00+00:00, run_after=2026-08-22 18:00:00+00:00
[2026-08-22T16:17:19.839+0000] {processor.py:183} INFO - Processing /opt/airflow/dags/sports_goat_pipeline.py took 0.181 seconds
[2026-08-22T16:17:50.012+0000] {processor.py:161} INFO - Started process (PID=93) to work on /opt/airflow/dags/sports_goat_pipeline.py
[2026-08-22T16:17:50.014+0000] {processor.py:830} INFO - Processing file /opt/airflow/dags/sports_goat_pipeline.py for tasks to queue
[2026-08-22T16:17:50.016+0000] {logging_mixin.py:188} INFO - [2026-08-22T16:17:50.015+0000] {dagbag.py:538} INFO - Filling up the DagBag from /opt/airflow/dags/sports_goat_pipeline.py
[2026-08-22T16:17:50.038+0000] {processor.py:840} INFO - DAG(s) '1_sports_goat_raw_to_clean', '2_sports_goat_run_batch' retrieved from /opt/airflow/dags/sports_goat_pipeline.py
[2026-08-22T16:17:50.070+0000] {logging_mixin.py:188} INFO - [2026-08-22T16:17:50.069+0000] {dag.py:3036} INFO - Sync 2 DAGs
[2026-08-22T16:17:50.098+0000] {logging_mixin.py:188} INFO - [2026-08-22T16:17:50.098+0000] {dag.py:3823} INFO - Setting next_dagrun for 1_sports_goat_raw_to_clean to 2026-08-21 17:45:00+00:00, run_after=2026-08-22 17:45:00+00:00
[2026-08-22T16:17:50.105+0000] {logging_mixin.py:188} INFO - [2026-08-22T16:17:50.105+0000] {dag.py:3823} INFO - Setting next_dagrun for 2_sports_goat_run_batch to 2026-08-21 18:00:00+00:00, run_after=2026-08-22 18:00:00+00:00
[2026-08-22T16:17:50.129+0000] {processor.py:183} INFO - Processing /opt/airflow/dags/sports_goat_pipeline.py took 0.123 seconds
[2026-08-22T16:18:20.364+0000] {processor.py:161} INFO - Started process (PID=94) to work on /opt/airflow/dags/sports_goat_pipeline.py
[2026-08-22T16:18:20.366+0000] {processor.py:830} INFO - Processing file /opt/airflow/dags/sports_goat_pipeline.py for tasks to queue
[2026-08-22T16:18:20.368+0000] {logging_mixin.py:188} INFO - [2026-08-22T16:18:20.367+0000] {dagbag.py:538} INFO - Filling up the DagBag from /opt/airflow/dags/sports_goat_pipeline.py
[2026-08-22T16:18:20.389+0000] {processor.py:840} INFO - DAG(s) '1_sports_goat_raw_to_clean', '2_sports_goat_run_batch' retrieved from /opt/airflow/dags/sports_goat_pipeline.py
[2026-08-22T16:18:20.428+0000] {logging_mixin.py:188} INFO - [2026-08-22T16:18:20.428+0000] {dag.py:3036} INFO - Sync 2 DAGs
[2026-08-22T16:18:20.462+0000] {logging_mixin.py:188} INFO - [2026-08-22T16:18:20.462+0000] {dag.py:3823} INFO - Setting next_dagrun for 1_sports_goat_raw_to_clean to 2026-08-21 17:45:00+00:00, run_after=2026-08-22 17:45:00+00:00
[2026-08-22T16:18:20.470+0000] {logging_mixin.py:188} INFO - [2026-08-22T16:18:20.469+0000] {dag.py:3823} INFO - Setting next_dagrun for 2_sports_goat_run_batch to 2026-08-21 18:00:00+00:00, run_after=2026-08-22 18:00:00+00:00
[2026-08-22T16:18:20.500+0000] {processor.py:183} INFO - Processing /opt/airflow/dags/sports_goat_pipeline.py took 0.141 seconds
[2026-08-22T16:18:50.722+0000] {processor.py:161} INFO - Started process (PID=95) to work on /opt/airflow/dags/sports_goat_pipeline.py
[2026-08-22T16:18:50.724+0000] {processor.py:830} INFO - Processing file /opt/airflow/dags/sports_goat_pipeline.py for tasks to queue
[2026-08-22T16:18:50.726+0000] {logging_mixin.py:188} INFO - [2026-08-22T16:18:50.725+0000] {dagbag.py:538} INFO - Filling up the DagBag from /opt/airflow/dags/sports_goat_pipeline.py
[2026-08-22T16:18:50.749+0000] {processor.py:840} INFO - DAG(s) '1_sports_goat_raw_to_clean', '2_sports_goat_run_batch' retrieved from /opt/airflow/dags/sports_goat_pipeline.py
[2026-08-22T16:18:50.781+0000] {logging_mixin.py:188} INFO - [2026-08-22T16:18:50.781+0000] {dag.py:3036} INFO - Sync 2 DAGs
[2026-08-22T16:18:50.808+0000] {logging_mixin.py:188} INFO - [2026-08-22T16:18:50.808+0000] {dag.py:3823} INFO - Setting next_dagrun for 1_sports_goat_raw_to_clean to 2026-08-21 17:45:00+00:00, run_after=2026-08-22 17:45:00+00:00
[2026-08-22T16:18:50.817+0000] {logging_mixin.py:188} INFO - [2026-08-22T16:18:50.816+0000] {dag.py:3823} INFO - Setting next_dagrun for 2_sports_goat_run_batch to 2026-08-21 18:00:00+00:00, run_after=2026-08-22 18:00:00+00:00
[2026-08-22T16:18:50.842+0000] {processor.py:183} INFO - Processing /opt/airflow/dags/sports_goat_pipeline.py took 0.124 seconds
[2026-08-22T16:19:21.088+0000] {processor.py:161} INFO - Started process (PID=96) to work on /opt/airflow/dags/sports_goat_pipeline.py
[2026-08-22T16:19:21.089+0000] {processor.py:830} INFO - Processing file /opt/airflow/dags/sports_goat_pipeline.py for tasks to queue
[2026-08-22T16:19:21.091+0000] {logging_mixin.py:188} INFO - [2026-08-22T16:19:21.090+0000] {dagbag.py:538} INFO - Filling up the DagBag from /opt/airflow/dags/sports_goat_pipeline.py
[2026-08-22T16:19:21.110+0000] {processor.py:840} INFO - DAG(s) '1_sports_goat_raw_to_clean', '2_sports_goat_run_batch' retrieved from /opt/airflow/dags/sports_goat_pipeline.py
[2026-08-22T16:19:21.139+0000] {logging_mixin.py:188} INFO - [2026-08-22T16:19:21.139+0000] {dag.py:3036} INFO - Sync 2 DAGs
[2026-08-22T16:19:21.164+0000] {logging_mixin.py:188} INFO - [2026-08-22T16:19:21.164+0000] {dag.py:3823} INFO - Setting next_dagrun for 1_sports_goat_raw_to_clean to 2026-08-21 17:45:00+00:00, run_after=2026-08-22 17:45:00+00:00
[2026-08-22T16:19:21.170+0000] {logging_mixin.py:188} INFO - [2026-08-22T16:19:21.170+0000] {dag.py:3823} INFO - Setting next_dagrun for 2_sports_goat_run_batch to 2026-08-21 18:00:00+00:00, run_after=2026-08-22 18:00:00+00:00
[2026-08-22T16:19:21.192+0000] {processor.py:183} INFO - Processing /opt/airflow/dags/sports_goat_pipeline.py took 0.110 seconds
[2026-08-22T16:19:51.454+0000] {processor.py:161} INFO - Started process (PID=97) to work on /opt/airflow/dags/sports_goat_pipeline.py
[2026-08-22T16:19:51.456+0000] {processor.py:830} INFO - Processing file /opt/airflow/dags/sports_goat_pipeline.py for tasks to queue
[2026-08-22T16:19:51.457+0000] {logging_mixin.py:188} INFO - [2026-08-22T16:19:51.457+0000] {dagbag.py:538} INFO - Filling up the DagBag from /opt/airflow/dags/sports_goat_pipeline.py
[2026-08-22T16:19:51.492+0000] {processor.py:840} INFO - DAG(s) '2_sports_goat_run_batch', '1_sports_goat_raw_to_clean' retrieved from /opt/airflow/dags/sports_goat_pipeline.py
[2026-08-22T16:19:51.526+0000] {logging_mixin.py:188} INFO - [2026-08-22T16:19:51.526+0000] {dag.py:3036} INFO - Sync 2 DAGs
[2026-08-22T16:19:51.561+0000] {logging_mixin.py:188} INFO - [2026-08-22T16:19:51.561+0000] {dag.py:3823} INFO - Setting next_dagrun for 1_sports_goat_raw_to_clean to 2026-08-21 17:45:00+00:00, run_after=2026-08-22 17:45:00+00:00
[2026-08-22T16:19:51.570+0000] {logging_mixin.py:188} INFO - [2026-08-22T16:19:51.570+0000] {dag.py:3823} INFO - Setting next_dagrun for 2_sports_goat_run_batch to 2026-08-21 18:00:00+00:00, run_after=2026-08-22 18:00:00+00:00
[2026-08-22T16:19:51.599+0000] {processor.py:183} INFO - Processing /opt/airflow/dags/sports_goat_pipeline.py took 0.152 seconds
[2026-08-22T16:20:21.807+0000] {processor.py:161} INFO - Started process (PID=98) to work on /opt/airflow/dags/sports_goat_pipeline.py
[2026-08-22T16:20:21.808+0000] {processor.py:830} INFO - Processing file /opt/airflow/dags/sports_goat_pipeline.py for tasks to queue
[2026-08-22T16:20:21.810+0000] {logging_mixin.py:188} INFO - [2026-08-22T16:20:21.809+0000] {dagbag.py:538} INFO - Filling up the DagBag from /opt/airflow/dags/sports_goat_pipeline.py
[2026-08-22T16:20:21.833+0000] {processor.py:840} INFO - DAG(s) '2_sports_goat_run_batch', '1_sports_goat_raw_to_clean' retrieved from /opt/airflow/dags/sports_goat_pipeline.py
[2026-08-22T16:20:21.866+0000] {logging_mixin.py:188} INFO - [2026-08-22T16:20:21.866+0000] {dag.py:3036} INFO - Sync 2 DAGs
[2026-08-22T16:20:21.900+0000] {logging_mixin.py:188} INFO - [2026-08-22T16:20:21.899+0000] {dag.py:3823} INFO - Setting next_dagrun for 1_sports_goat_raw_to_clean to 2026-08-21 17:45:00+00:00, run_after=2026-08-22 17:45:00+00:00
[2026-08-22T16:20:21.907+0000] {logging_mixin.py:188} INFO - [2026-08-22T16:20:21.907+0000] {dag.py:3823} INFO - Setting next_dagrun for 2_sports_goat_run_batch to 2026-08-21 18:00:00+00:00, run_after=2026-08-22 18:00:00+00:00
[2026-08-22T16:20:21.937+0000] {processor.py:183} INFO - Processing /opt/airflow/dags/sports_goat_pipeline.py took 0.134 seconds
[2026-08-22T16:20:52.160+0000] {processor.py:161} INFO - Started process (PID=99) to work on /opt/airflow/dags/sports_goat_pipeline.py
[2026-08-22T16:20:52.162+0000] {processor.py:830} INFO - Processing file /opt/airflow/dags/sports_goat_pipeline.py for tasks to queue
[2026-08-22T16:20:52.163+0000] {logging_mixin.py:188} INFO - [2026-08-22T16:20:52.163+0000] {dagbag.py:538} INFO - Filling up the DagBag from /opt/airflow/dags/sports_goat_pipeline.py
[2026-08-22T16:20:52.182+0000] {processor.py:840} INFO - DAG(s) '2_sports_goat_run_batch', '1_sports_goat_raw_to_clean' retrieved from /opt/airflow/dags/sports_goat_pipeline.py
[2026-08-22T16:20:52.212+0000] {logging_mixin.py:188} INFO - [2026-08-22T16:20:52.212+0000] {dag.py:3036} INFO - Sync 2 DAGs
[2026-08-22T16:20:52.238+0000] {logging_mixin.py:188} INFO - [2026-08-22T16:20:52.238+0000] {dag.py:3823} INFO - Setting next_dagrun for 1_sports_goat_raw_to_clean to 2026-08-21 17:45:00+00:00, run_after=2026-08-22 17:45:00+00:00
[2026-08-22T16:20:52.244+0000] {logging_mixin.py:188} INFO - [2026-08-22T16:20:52.244+0000] {dag.py:3823} INFO - Setting next_dagrun for 2_sports_goat_run_batch to 2026-08-21 18:00:00+00:00, run_after=2026-08-22 18:00:00+00:00
[2026-08-22T16:20:52.269+0000] {processor.py:183} INFO - Processing /opt/airflow/dags/sports_goat_pipeline.py took 0.113 seconds
[2026-08-22T16:21:22.477+0000] {processor.py:161} INFO - Started process (PID=100) to work on /opt/airflow/dags/sports_goat_pipeline.py
[2026-08-22T16:21:22.479+0000] {processor.py:830} INFO - Processing file /opt/airflow/dags/sports_goat_pipeline.py for tasks to queue
[2026-08-22T16:21:22.481+0000] {logging_mixin.py:188} INFO - [2026-08-22T16:21:22.481+0000] {dagbag.py:538} INFO - Filling up the DagBag from /opt/airflow/dags/sports_goat_pipeline.py
[2026-08-22T16:21:22.506+0000] {processor.py:840} INFO - DAG(s) '2_sports_goat_run_batch', '1_sports_goat_raw_to_clean' retrieved from /opt/airflow/dags/sports_goat_pipeline.py
[2026-08-22T16:21:22.538+0000] {logging_mixin.py:188} INFO - [2026-08-22T16:21:22.538+0000] {dag.py:3036} INFO - Sync 2 DAGs
[2026-08-22T16:21:22.567+0000] {logging_mixin.py:188} INFO - [2026-08-22T16:21:22.566+0000] {dag.py:3823} INFO - Setting next_dagrun for 1_sports_goat_raw_to_clean to 2026-08-21 17:45:00+00:00, run_after=2026-08-22 17:45:00+00:00
[2026-08-22T16:21:22.572+0000] {logging_mixin.py:188} INFO - [2026-08-22T16:21:22.572+0000] {dag.py:3823} INFO - Setting next_dagrun for 2_sports_goat_run_batch to 2026-08-21 18:00:00+00:00, run_after=2026-08-22 18:00:00+00:00
[2026-08-22T16:21:22.600+0000] {processor.py:183} INFO - Processing /opt/airflow/dags/sports_goat_pipeline.py took 0.127 seconds
[2026-08-22T16:21:52.793+0000] {processor.py:161} INFO - Started process (PID=101) to work on /opt/airflow/dags/sports_goat_pipeline.py
[2026-08-22T16:21:52.795+0000] {processor.py:830} INFO - Processing file /opt/airflow/dags/sports_goat_pipeline.py for tasks to queue
[2026-08-22T16:21:52.797+0000] {logging_mixin.py:188} INFO - [2026-08-22T16:21:52.796+0000] {dagbag.py:538} INFO - Filling up the DagBag from /opt/airflow/dags/sports_goat_pipeline.py
[2026-08-22T16:21:52.818+0000] {processor.py:840} INFO - DAG(s) '1_sports_goat_raw_to_clean', '2_sports_goat_run_batch' retrieved from /opt/airflow/dags/sports_goat_pipeline.py
[2026-08-22T16:21:52.861+0000] {logging_mixin.py:188} INFO - [2026-08-22T16:21:52.860+0000] {dag.py:3036} INFO - Sync 2 DAGs
[2026-08-22T16:21:52.894+0000] {logging_mixin.py:188} INFO - [2026-08-22T16:21:52.894+0000] {dag.py:3823} INFO - Setting next_dagrun for 1_sports_goat_raw_to_clean to 2026-08-21 17:45:00+00:00, run_after=2026-08-22 17:45:00+00:00
[2026-08-22T16:21:52.900+0000] {logging_mixin.py:188} INFO - [2026-08-22T16:21:52.900+0000] {dag.py:3823} INFO - Setting next_dagrun for 2_sports_goat_run_batch to 2026-08-21 18:00:00+00:00, run_after=2026-08-22 18:00:00+00:00
[2026-08-22T16:21:52.927+0000] {processor.py:183} INFO - Processing /opt/airflow/dags/sports_goat_pipeline.py took 0.139 seconds
[2026-08-22T16:22:23.104+0000] {processor.py:161} INFO - Started process (PID=102) to work on /opt/airflow/dags/sports_goat_pipeline.py
[2026-08-22T16:22:23.106+0000] {processor.py:830} INFO - Processing file /opt/airflow/dags/sports_goat_pipeline.py for tasks to queue
[2026-08-22T16:22:23.109+0000] {logging_mixin.py:188} INFO - [2026-08-22T16:22:23.108+0000] {dagbag.py:538} INFO - Filling up the DagBag from /opt/airflow/dags/sports_goat_pipeline.py
[2026-08-22T16:22:23.127+0000] {processor.py:840} INFO - DAG(s) '2_sports_goat_run_batch', '1_sports_goat_raw_to_clean' retrieved from /opt/airflow/dags/sports_goat_pipeline.py
[2026-08-22T16:22:23.157+0000] {logging_mixin.py:188} INFO - [2026-08-22T16:22:23.157+0000] {dag.py:3036} INFO - Sync 2 DAGs
[2026-08-22T16:22:23.181+0000] {logging_mixin.py:188} INFO - [2026-08-22T16:22:23.181+0000] {dag.py:3823} INFO - Setting next_dagrun for 1_sports_goat_raw_to_clean to 2026-08-21 17:45:00+00:00, run_after=2026-08-22 17:45:00+00:00
[2026-08-22T16:22:23.188+0000] {logging_mixin.py:188} INFO - [2026-08-22T16:22:23.187+0000] {dag.py:3823} INFO - Setting next_dagrun for 2_sports_goat_run_batch to 2026-08-21 18:00:00+00:00, run_after=2026-08-22 18:00:00+00:00
[2026-08-22T16:22:23.211+0000] {processor.py:183} INFO - Processing /opt/airflow/dags/sports_goat_pipeline.py took 0.112 seconds
[2026-08-22T16:22:53.408+0000] {processor.py:161} INFO - Started process (PID=103) to work on /opt/airflow/dags/sports_goat_pipeline.py
[2026-08-22T16:22:53.409+0000] {processor.py:830} INFO - Processing file /opt/airflow/dags/sports_goat_pipeline.py for tasks to queue
[2026-08-22T16:22:53.411+0000] {logging_mixin.py:188} INFO - [2026-08-22T16:22:53.410+0000] {dagbag.py:538} INFO - Filling up the DagBag from /opt/airflow/dags/sports_goat_pipeline.py
[2026-08-22T16:22:53.429+0000] {processor.py:840} INFO - DAG(s) '2_sports_goat_run_batch', '1_sports_goat_raw_to_clean' retrieved from /opt/airflow/dags/sports_goat_pipeline.py
[2026-08-22T16:22:53.459+0000] {logging_mixin.py:188} INFO - [2026-08-22T16:22:53.458+0000] {dag.py:3036} INFO - Sync 2 DAGs
[2026-08-22T16:22:53.485+0000] {logging_mixin.py:188} INFO - [2026-08-22T16:22:53.485+0000] {dag.py:3823} INFO - Setting next_dagrun for 1_sports_goat_raw_to_clean to 2026-08-21 17:45:00+00:00, run_after=2026-08-22 17:45:00+00:00
[2026-08-22T16:22:53.492+0000] {logging_mixin.py:188} INFO - [2026-08-22T16:22:53.491+0000] {dag.py:3823} INFO - Setting next_dagrun for 2_sports_goat_run_batch to 2026-08-21 18:00:00+00:00, run_after=2026-08-22 18:00:00+00:00
[2026-08-22T16:22:53.515+0000] {processor.py:183} INFO - Processing /opt/airflow/dags/sports_goat_pipeline.py took 0.113 seconds
[2026-08-22T16:23:23.714+0000] {processor.py:161} INFO - Started process (PID=104) to work on /opt/airflow/dags/sports_goat_pipeline.py
[2026-08-22T16:23:23.716+0000] {processor.py:830} INFO - Processing file /opt/airflow/dags/sports_goat_pipeline.py for tasks to queue
[2026-08-22T16:23:23.718+0000] {logging_mixin.py:188} INFO - [2026-08-22T16:23:23.717+0000] {dagbag.py:538} INFO - Filling up the DagBag from /opt/airflow/dags/sports_goat_pipeline.py
[2026-08-22T16:23:23.735+0000] {processor.py:840} INFO - DAG(s) '2_sports_goat_run_batch', '1_sports_goat_raw_to_clean' retrieved from /opt/airflow/dags/sports_goat_pipeline.py
[2026-08-22T16:23:23.762+0000] {logging_mixin.py:188} INFO - [2026-08-22T16:23:23.762+0000] {dag.py:3036} INFO - Sync 2 DAGs
[2026-08-22T16:23:23.789+0000] {logging_mixin.py:188} INFO - [2026-08-22T16:23:23.788+0000] {dag.py:3823} INFO - Setting next_dagrun for 1_sports_goat_raw_to_clean to 2026-08-21 17:45:00+00:00, run_after=2026-08-22 17:45:00+00:00
[2026-08-22T16:23:23.795+0000] {logging_mixin.py:188} INFO - [2026-08-22T16:23:23.794+0000] {dag.py:3823} INFO - Setting next_dagrun for 2_sports_goat_run_batch to 2026-08-21 18:00:00+00:00, run_after=2026-08-22 18:00:00+00:00
[2026-08-22T16:23:23.821+0000] {processor.py:183} INFO - Processing /opt/airflow/dags/sports_goat_pipeline.py took 0.111 seconds
[2026-08-22T16:23:54.012+0000] {processor.py:161} INFO - Started process (PID=105) to work on /opt/airflow/dags/sports_goat_pipeline.py
[2026-08-22T16:23:54.014+0000] {processor.py:830} INFO - Processing file /opt/airflow/dags/sports_goat_pipeline.py for tasks to queue
[2026-08-22T16:23:54.016+0000] {logging_mixin.py:188} INFO - [2026-08-22T16:23:54.016+0000] {dagbag.py:538} INFO - Filling up the DagBag from /opt/airflow/dags/sports_goat_pipeline.py
[2026-08-22T16:23:54.038+0000] {processor.py:840} INFO - DAG(s) '1_sports_goat_raw_to_clean', '2_sports_goat_run_batch' retrieved from /opt/airflow/dags/sports_goat_pipeline.py
[2026-08-22T16:23:54.070+0000] {logging_mixin.py:188} INFO - [2026-08-22T16:23:54.070+0000] {dag.py:3036} INFO - Sync 2 DAGs
[2026-08-22T16:23:54.101+0000] {logging_mixin.py:188} INFO - [2026-08-22T16:23:54.101+0000] {dag.py:3823} INFO - Setting next_dagrun for 1_sports_goat_raw_to_clean to 2026-08-21 17:45:00+00:00, run_after=2026-08-22 17:45:00+00:00
[2026-08-22T16:23:54.107+0000] {logging_mixin.py:188} INFO - [2026-08-22T16:23:54.107+0000] {dag.py:3823} INFO - Setting next_dagrun for 2_sports_goat_run_batch to 2026-08-21 18:00:00+00:00, run_after=2026-08-22 18:00:00+00:00
[2026-08-22T16:23:54.138+0000] {processor.py:183} INFO - Processing /opt/airflow/dags/sports_goat_pipeline.py took 0.131 seconds
[2026-08-22T16:24:24.309+0000] {processor.py:161} INFO - Started process (PID=106) to work on /opt/airflow/dags/sports_goat_pipeline.py
[2026-08-22T16:24:24.311+0000] {processor.py:830} INFO - Processing file /opt/airflow/dags/sports_goat_pipeline.py for tasks to queue
[2026-08-22T16:24:24.312+0000] {logging_mixin.py:188} INFO - [2026-08-22T16:24:24.312+0000] {dagbag.py:538} INFO - Filling up the DagBag from /opt/airflow/dags/sports_goat_pipeline.py
[2026-08-22T16:24:24.331+0000] {processor.py:840} INFO - DAG(s) '2_sports_goat_run_batch', '1_sports_goat_raw_to_clean' retrieved from /opt/airflow/dags/sports_goat_pipeline.py
[2026-08-22T16:24:24.360+0000] {logging_mixin.py:188} INFO - [2026-08-22T16:24:24.359+0000] {dag.py:3036} INFO - Sync 2 DAGs
[2026-08-22T16:24:24.387+0000] {logging_mixin.py:188} INFO - [2026-08-22T16:24:24.386+0000] {dag.py:3823} INFO - Setting next_dagrun for 1_sports_goat_raw_to_clean to 2026-08-21 17:45:00+00:00, run_after=2026-08-22 17:45:00+00:00
[2026-08-22T16:24:24.397+0000] {logging_mixin.py:188} INFO - [2026-08-22T16:24:24.397+0000] {dag.py:3823} INFO - Setting next_dagrun for 2_sports_goat_run_batch to 2026-08-21 18:00:00+00:00, run_after=2026-08-22 18:00:00+00:00
[2026-08-22T16:24:24.424+0000] {processor.py:183} INFO - Processing /opt/airflow/dags/sports_goat_pipeline.py took 0.120 seconds
[2026-08-22T16:24:54.576+0000] {processor.py:161} INFO - Started process (PID=107) to work on /opt/airflow/dags/sports_goat_pipeline.py
[2026-08-22T16:24:54.577+0000] {processor.py:830} INFO - Processing file /opt/airflow/dags/sports_goat_pipeline.py for tasks to queue
[2026-08-22T16:24:54.579+0000] {logging_mixin.py:188} INFO - [2026-08-22T16:24:54.578+0000] {dagbag.py:538} INFO - Filling up the DagBag from /opt/airflow/dags/sports_goat_pipeline.py
[2026-08-22T16:24:54.598+0000] {processor.py:840} INFO - DAG(s) '2_sports_goat_run_batch', '1_sports_goat_raw_to_clean' retrieved from /opt/airflow/dags/sports_goat_pipeline.py
[2026-08-22T16:24:54.629+0000] {logging_mixin.py:188} INFO - [2026-08-22T16:24:54.629+0000] {dag.py:3036} INFO - Sync 2 DAGs
[2026-08-22T16:24:54.656+0000] {logging_mixin.py:188} INFO - [2026-08-22T16:24:54.656+0000] {dag.py:3823} INFO - Setting next_dagrun for 1_sports_goat_raw_to_clean to 2026-08-21 17:45:00+00:00, run_after=2026-08-22 17:45:00+00:00
[2026-08-22T16:24:54.664+0000] {logging_mixin.py:188} INFO - [2026-08-22T16:24:54.664+0000] {dag.py:3823} INFO - Setting next_dagrun for 2_sports_goat_run_batch to 2026-08-21 18:00:00+00:00, run_after=2026-08-22 18:00:00+00:00
[2026-08-22T16:24:54.683+0000] {processor.py:183} INFO - Processing /opt/airflow/dags/sports_goat_pipeline.py took 0.112 seconds
[2026-08-22T16:25:24.793+0000] {processor.py:161} INFO - Started process (PID=108) to work on /opt/airflow/dags/sports_goat_pipeline.py
[2026-08-22T16:25:24.795+0000] {processor.py:830} INFO - Processing file /opt/airflow/dags/sports_goat_pipeline.py for tasks to queue
[2026-08-22T16:25:24.797+0000] {logging_mixin.py:188} INFO - [2026-08-22T16:25:24.796+0000] {dagbag.py:538} INFO - Filling up the DagBag from /opt/airflow/dags/sports_goat_pipeline.py
[2026-08-22T16:25:24.818+0000] {processor.py:840} INFO - DAG(s) '2_sports_goat_run_batch', '1_sports_goat_raw_to_clean' retrieved from /opt/airflow/dags/sports_goat_pipeline.py
[2026-08-22T16:25:24.846+0000] {logging_mixin.py:188} INFO - [2026-08-22T16:25:24.845+0000] {dag.py:3036} INFO - Sync 2 DAGs
[2026-08-22T16:25:24.870+0000] {logging_mixin.py:188} INFO - [2026-08-22T16:25:24.870+0000] {dag.py:3823} INFO - Setting next_dagrun for 1_sports_goat_raw_to_clean to 2026-08-21 17:45:00+00:00, run_after=2026-08-22 17:45:00+00:00
[2026-08-22T16:25:24.876+0000] {logging_mixin.py:188} INFO - [2026-08-22T16:25:24.876+0000] {dag.py:3823} INFO - Setting next_dagrun for 2_sports_goat_run_batch to 2026-08-21 18:00:00+00:00, run_after=2026-08-22 18:00:00+00:00
[2026-08-22T16:25:24.900+0000] {processor.py:183} INFO - Processing /opt/airflow/dags/sports_goat_pipeline.py took 0.112 seconds
[2026-08-22T16:25:55.105+0000] {processor.py:161} INFO - Started process (PID=109) to work on /opt/airflow/dags/sports_goat_pipeline.py
[2026-08-22T16:25:55.107+0000] {processor.py:830} INFO - Processing file /opt/airflow/dags/sports_goat_pipeline.py for tasks to queue
[2026-08-22T16:25:55.108+0000] {logging_mixin.py:188} INFO - [2026-08-22T16:25:55.108+0000] {dagbag.py:538} INFO - Filling up the DagBag from /opt/airflow/dags/sports_goat_pipeline.py
[2026-08-22T16:25:55.126+0000] {processor.py:840} INFO - DAG(s) '2_sports_goat_run_batch', '1_sports_goat_raw_to_clean' retrieved from /opt/airflow/dags/sports_goat_pipeline.py
[2026-08-22T16:25:55.155+0000] {logging_mixin.py:188} INFO - [2026-08-22T16:25:55.155+0000] {dag.py:3036} INFO - Sync 2 DAGs
[2026-08-22T16:25:55.180+0000] {logging_mixin.py:188} INFO - [2026-08-22T16:25:55.180+0000] {dag.py:3823} INFO - Setting next_dagrun for 1_sports_goat_raw_to_clean to 2026-08-21 17:45:00+00:00, run_after=2026-08-22 17:45:00+00:00
[2026-08-22T16:25:55.187+0000] {logging_mixin.py:188} INFO - [2026-08-22T16:25:55.187+0000] {dag.py:3823} INFO - Setting next_dagrun for 2_sports_goat_run_batch to 2026-08-21 18:00:00+00:00, run_after=2026-08-22 18:00:00+00:00
[2026-08-22T16:25:55.209+0000] {processor.py:183} INFO - Processing /opt/airflow/dags/sports_goat_pipeline.py took 0.109 seconds
[2026-08-22T16:26:25.381+0000] {processor.py:161} INFO - Started process (PID=110) to work on /opt/airflow/dags/sports_goat_pipeline.py
[2026-08-22T16:26:25.383+0000] {processor.py:830} INFO - Processing file /opt/airflow/dags/sports_goat_pipeline.py for tasks to queue
[2026-08-22T16:26:25.384+0000] {logging_mixin.py:188} INFO - [2026-08-22T16:26:25.384+0000] {dagbag.py:538} INFO - Filling up the DagBag from /opt/airflow/dags/sports_goat_pipeline.py
[2026-08-22T16:26:25.403+0000] {processor.py:840} INFO - DAG(s) '1_sports_goat_raw_to_clean', '2_sports_goat_run_batch' retrieved from /opt/airflow/dags/sports_goat_pipeline.py
[2026-08-22T16:26:25.432+0000] {logging_mixin.py:188} INFO - [2026-08-22T16:26:25.432+0000] {dag.py:3036} INFO - Sync 2 DAGs
[2026-08-22T16:26:25.461+0000] {logging_mixin.py:188} INFO - [2026-08-22T16:26:25.460+0000] {dag.py:3823} INFO - Setting next_dagrun for 1_sports_goat_raw_to_clean to 2026-08-21 17:45:00+00:00, run_after=2026-08-22 17:45:00+00:00
[2026-08-22T16:26:25.467+0000] {logging_mixin.py:188} INFO - [2026-08-22T16:26:25.466+0000] {dag.py:3823} INFO - Setting next_dagrun for 2_sports_goat_run_batch to 2026-08-21 18:00:00+00:00, run_after=2026-08-22 18:00:00+00:00
[2026-08-22T16:26:25.491+0000] {processor.py:183} INFO - Processing /opt/airflow/dags/sports_goat_pipeline.py took 0.114 seconds
[2026-08-22T16:26:55.674+0000] {processor.py:161} INFO - Started process (PID=111) to work on /opt/airflow/dags/sports_goat_pipeline.py
[2026-08-22T16:26:55.676+0000] {processor.py:830} INFO - Processing file /opt/airflow/dags/sports_goat_pipeline.py for tasks to queue
[2026-08-22T16:26:55.677+0000] {logging_mixin.py:188} INFO - [2026-08-22T16:26:55.677+0000] {dagbag.py:538} INFO - Filling up the DagBag from /opt/airflow/dags/sports_goat_pipeline.py
[2026-08-22T16:26:55.697+0000] {processor.py:840} INFO - DAG(s) '1_sports_goat_raw_to_clean', '2_sports_goat_run_batch' retrieved from /opt/airflow/dags/sports_goat_pipeline.py
[2026-08-22T16:26:55.725+0000] {logging_mixin.py:188} INFO - [2026-08-22T16:26:55.725+0000] {dag.py:3036} INFO - Sync 2 DAGs
[2026-08-22T16:26:55.755+0000] {logging_mixin.py:188} INFO - [2026-08-22T16:26:55.755+0000] {dag.py:3823} INFO - Setting next_dagrun for 1_sports_goat_raw_to_clean to 2026-08-21 17:45:00+00:00, run_after=2026-08-22 17:45:00+00:00
[2026-08-22T16:26:55.761+0000] {logging_mixin.py:188} INFO - [2026-08-22T16:26:55.761+0000] {dag.py:3823} INFO - Setting next_dagrun for 2_sports_goat_run_batch to 2026-08-21 18:00:00+00:00, run_after=2026-08-22 18:00:00+00:00
[2026-08-22T16:26:55.783+0000] {processor.py:183} INFO - Processing /opt/airflow/dags/sports_goat_pipeline.py took 0.114 seconds
[2026-08-22T16:27:26.018+0000] {processor.py:161} INFO - Started process (PID=112) to work on /opt/airflow/dags/sports_goat_pipeline.py
[2026-08-22T16:27:26.023+0000] {processor.py:830} INFO - Processing file /opt/airflow/dags/sports_goat_pipeline.py for tasks to queue
[2026-08-22T16:27:26.027+0000] {logging_mixin.py:188} INFO - [2026-08-22T16:27:26.025+0000] {dagbag.py:538} INFO - Filling up the DagBag from /opt/airflow/dags/sports_goat_pipeline.py
[2026-08-22T16:27:26.068+0000] {processor.py:840} INFO - DAG(s) '2_sports_goat_run_batch', '1_sports_goat_raw_to_clean' retrieved from /opt/airflow/dags/sports_goat_pipeline.py
[2026-08-22T16:27:26.143+0000] {logging_mixin.py:188} INFO - [2026-08-22T16:27:26.143+0000] {dag.py:3036} INFO - Sync 2 DAGs
[2026-08-22T16:27:26.214+0000] {logging_mixin.py:188} INFO - [2026-08-22T16:27:26.213+0000] {dag.py:3823} INFO - Setting next_dagrun for 1_sports_goat_raw_to_clean to 2026-08-21 17:45:00+00:00, run_after=2026-08-22 17:45:00+00:00
[2026-08-22T16:27:26.222+0000] {logging_mixin.py:188} INFO - [2026-08-22T16:27:26.222+0000] {dag.py:3823} INFO - Setting next_dagrun for 2_sports_goat_run_batch to 2026-08-21 18:00:00+00:00, run_after=2026-08-22 18:00:00+00:00
[2026-08-22T16:27:26.264+0000] {processor.py:183} INFO - Processing /opt/airflow/dags/sports_goat_pipeline.py took 0.257 seconds
[2026-08-22T16:27:56.405+0000] {processor.py:161} INFO - Started process (PID=113) to work on /opt/airflow/dags/sports_goat_pipeline.py
[2026-08-22T16:27:56.406+0000] {processor.py:830} INFO - Processing file /opt/airflow/dags/sports_goat_pipeline.py for tasks to queue
[2026-08-22T16:27:56.408+0000] {logging_mixin.py:188} INFO - [2026-08-22T16:27:56.407+0000] {dagbag.py:538} INFO - Filling up the DagBag from /opt/airflow/dags/sports_goat_pipeline.py
[2026-08-22T16:27:56.426+0000] {processor.py:840} INFO - DAG(s) '2_sports_goat_run_batch', '1_sports_goat_raw_to_clean' retrieved from /opt/airflow/dags/sports_goat_pipeline.py
[2026-08-22T16:27:56.477+0000] {logging_mixin.py:188} INFO - [2026-08-22T16:27:56.477+0000] {dag.py:3036} INFO - Sync 2 DAGs
[2026-08-22T16:27:56.518+0000] {logging_mixin.py:188} INFO - [2026-08-22T16:27:56.517+0000] {dag.py:3823} INFO - Setting next_dagrun for 1_sports_goat_raw_to_clean to 2026-08-21 17:45:00+00:00, run_after=2026-08-22 17:45:00+00:00
[2026-08-22T16:27:56.524+0000] {logging_mixin.py:188} INFO - [2026-08-22T16:27:56.524+0000] {dag.py:3823} INFO - Setting next_dagrun for 2_sports_goat_run_batch to 2026-08-21 18:00:00+00:00, run_after=2026-08-22 18:00:00+00:00
[2026-08-22T16:27:56.556+0000] {processor.py:183} INFO - Processing /opt/airflow/dags/sports_goat_pipeline.py took 0.156 seconds
[2026-08-22T16:28:26.700+0000] {processor.py:161} INFO - Started process (PID=114) to work on /opt/airflow/dags/sports_goat_pipeline.py
[2026-08-22T16:28:26.701+0000] {processor.py:830} INFO - Processing file /opt/airflow/dags/sports_goat_pipeline.py for tasks to queue
[2026-08-22T16:28:26.703+0000] {logging_mixin.py:188} INFO - [2026-08-22T16:28:26.702+0000] {dagbag.py:538} INFO - Filling up the DagBag from /opt/airflow/dags/sports_goat_pipeline.py
[2026-08-22T16:28:26.728+0000] {processor.py:840} INFO - DAG(s) '2_sports_goat_run_batch', '1_sports_goat_raw_to_clean' retrieved from /opt/airflow/dags/sports_goat_pipeline.py
[2026-08-22T16:28:26.827+0000] {logging_mixin.py:188} INFO - [2026-08-22T16:28:26.826+0000] {dag.py:3036} INFO - Sync 2 DAGs
[2026-08-22T16:28:26.938+0000] {logging_mixin.py:188} INFO - [2026-08-22T16:28:26.938+0000] {dag.py:3823} INFO - Setting next_dagrun for 1_sports_goat_raw_to_clean to 2026-08-21 17:45:00+00:00, run_after=2026-08-22 17:45:00+00:00
[2026-08-22T16:28:26.947+0000] {logging_mixin.py:188} INFO - [2026-08-22T16:28:26.947+0000] {dag.py:3823} INFO - Setting next_dagrun for 2_sports_goat_run_batch to 2026-08-21 18:00:00+00:00, run_after=2026-08-22 18:00:00+00:00
[2026-08-22T16:28:26.997+0000] {processor.py:183} INFO - Processing /opt/airflow/dags/sports_goat_pipeline.py took 0.301 seconds
[2026-08-22T16:28:57.211+0000] {processor.py:161} INFO - Started process (PID=115) to work on /opt/airflow/dags/sports_goat_pipeline.py
[2026-08-22T16:28:57.215+0000] {processor.py:830} INFO - Processing file /opt/airflow/dags/sports_goat_pipeline.py for tasks to queue
[2026-08-22T16:28:57.217+0000] {logging_mixin.py:188} INFO - [2026-08-22T16:28:57.216+0000] {dagbag.py:538} INFO - Filling up the DagBag from /opt/airflow/dags/sports_goat_pipeline.py
[2026-08-22T16:28:57.258+0000] {processor.py:840} INFO - DAG(s) '1_sports_goat_raw_to_clean', '2_sports_goat_run_batch' retrieved from /opt/airflow/dags/sports_goat_pipeline.py
[2026-08-22T16:28:57.301+0000] {logging_mixin.py:188} INFO - [2026-08-22T16:28:57.300+0000] {dag.py:3036} INFO - Sync 2 DAGs
[2026-08-22T16:28:57.397+0000] {logging_mixin.py:188} INFO - [2026-08-22T16:28:57.397+0000] {dag.py:3823} INFO - Setting next_dagrun for 1_sports_goat_raw_to_clean to 2026-08-21 17:45:00+00:00, run_after=2026-08-22 17:45:00+00:00
[2026-08-22T16:28:57.411+0000] {logging_mixin.py:188} INFO - [2026-08-22T16:28:57.410+0000] {dag.py:3823} INFO - Setting next_dagrun for 2_sports_goat_run_batch to 2026-08-21 18:00:00+00:00, run_after=2026-08-22 18:00:00+00:00
[2026-08-22T16:28:57.461+0000] {processor.py:183} INFO - Processing /opt/airflow/dags/sports_goat_pipeline.py took 0.258 seconds
[2026-08-22T16:29:27.578+0000] {processor.py:161} INFO - Started process (PID=116) to work on /opt/airflow/dags/sports_goat_pipeline.py
[2026-08-22T16:29:27.580+0000] {processor.py:830} INFO - Processing file /opt/airflow/dags/sports_goat_pipeline.py for tasks to queue
[2026-08-22T16:29:27.587+0000] {logging_mixin.py:188} INFO - [2026-08-22T16:29:27.581+0000] {dagbag.py:538} INFO - Filling up the DagBag from /opt/airflow/dags/sports_goat_pipeline.py
[2026-08-22T16:29:27.693+0000] {processor.py:840} INFO - DAG(s) '1_sports_goat_raw_to_clean', '2_sports_goat_run_batch' retrieved from /opt/airflow/dags/sports_goat_pipeline.py
[2026-08-22T16:29:27.791+0000] {logging_mixin.py:188} INFO - [2026-08-22T16:29:27.790+0000] {dag.py:3036} INFO - Sync 2 DAGs
[2026-08-22T16:29:27.858+0000] {logging_mixin.py:188} INFO - [2026-08-22T16:29:27.858+0000] {dag.py:3823} INFO - Setting next_dagrun for 1_sports_goat_raw_to_clean to 2026-08-21 17:45:00+00:00, run_after=2026-08-22 17:45:00+00:00
[2026-08-22T16:29:27.869+0000] {logging_mixin.py:188} INFO - [2026-08-22T16:29:27.869+0000] {dag.py:3823} INFO - Setting next_dagrun for 2_sports_goat_run_batch to 2026-08-21 18:00:00+00:00, run_after=2026-08-22 18:00:00+00:00
[2026-08-22T16:29:27.927+0000] {processor.py:183} INFO - Processing /opt/airflow/dags/sports_goat_pipeline.py took 0.354 seconds
[2026-08-22T16:29:58.059+0000] {processor.py:161} INFO - Started process (PID=117) to work on /opt/airflow/dags/sports_goat_pipeline.py
[2026-08-22T16:29:58.060+0000] {processor.py:830} INFO - Processing file /opt/airflow/dags/sports_goat_pipeline.py for tasks to queue
[2026-08-22T16:29:58.062+0000] {logging_mixin.py:188} INFO - [2026-08-22T16:29:58.061+0000] {dagbag.py:538} INFO - Filling up the DagBag from /opt/airflow/dags/sports_goat_pipeline.py
[2026-08-22T16:29:58.082+0000] {processor.py:840} INFO - DAG(s) '2_sports_goat_run_batch', '1_sports_goat_raw_to_clean' retrieved from /opt/airflow/dags/sports_goat_pipeline.py
[2026-08-22T16:29:58.127+0000] {logging_mixin.py:188} INFO - [2026-08-22T16:29:58.126+0000] {dag.py:3036} INFO - Sync 2 DAGs
[2026-08-22T16:29:58.152+0000] {logging_mixin.py:188} INFO - [2026-08-22T16:29:58.152+0000] {dag.py:3823} INFO - Setting next_dagrun for 1_sports_goat_raw_to_clean to 2026-08-21 17:45:00+00:00, run_after=2026-08-22 17:45:00+00:00
[2026-08-22T16:29:58.158+0000] {logging_mixin.py:188} INFO - [2026-08-22T16:29:58.157+0000] {dag.py:3823} INFO - Setting next_dagrun for 2_sports_goat_run_batch to 2026-08-21 18:00:00+00:00, run_after=2026-08-22 18:00:00+00:00
[2026-08-22T16:29:58.181+0000] {processor.py:183} INFO - Processing /opt/airflow/dags/sports_goat_pipeline.py took 0.127 seconds
[2026-08-22T16:30:28.385+0000] {processor.py:161} INFO - Started process (PID=118) to work on /opt/airflow/dags/sports_goat_pipeline.py
[2026-08-22T16:30:28.387+0000] {processor.py:830} INFO - Processing file /opt/airflow/dags/sports_goat_pipeline.py for tasks to queue
[2026-08-22T16:30:28.388+0000] {logging_mixin.py:188} INFO - [2026-08-22T16:30:28.388+0000] {dagbag.py:538} INFO - Filling up the DagBag from /opt/airflow/dags/sports_goat_pipeline.py
[2026-08-22T16:30:28.430+0000] {processor.py:840} INFO - DAG(s) '1_sports_goat_raw_to_clean', '2_sports_goat_run_batch' retrieved from /opt/airflow/dags/sports_goat_pipeline.py
[2026-08-22T16:30:28.533+0000] {logging_mixin.py:188} INFO - [2026-08-22T16:30:28.533+0000] {dag.py:3036} INFO - Sync 2 DAGs
[2026-08-22T16:30:28.626+0000] {logging_mixin.py:188} INFO - [2026-08-22T16:30:28.625+0000] {dag.py:3823} INFO - Setting next_dagrun for 1_sports_goat_raw_to_clean to 2026-08-21 17:45:00+00:00, run_after=2026-08-22 17:45:00+00:00
[2026-08-22T16:30:28.633+0000] {logging_mixin.py:188} INFO - [2026-08-22T16:30:28.633+0000] {dag.py:3823} INFO - Setting next_dagrun for 2_sports_goat_run_batch to 2026-08-21 18:00:00+00:00, run_after=2026-08-22 18:00:00+00:00
[2026-08-22T16:30:28.668+0000] {processor.py:183} INFO - Processing /opt/airflow/dags/sports_goat_pipeline.py took 0.308 seconds
[2026-08-22T16:30:58.933+0000] {processor.py:161} INFO - Started process (PID=119) to work on /opt/airflow/dags/sports_goat_pipeline.py
[2026-08-22T16:30:58.939+0000] {processor.py:830} INFO - Processing file /opt/airflow/dags/sports_goat_pipeline.py for tasks to queue
[2026-08-22T16:30:58.945+0000] {logging_mixin.py:188} INFO - [2026-08-22T16:30:58.943+0000] {dagbag.py:538} INFO - Filling up the DagBag from /opt/airflow/dags/sports_goat_pipeline.py
[2026-08-22T16:30:59.035+0000] {processor.py:840} INFO - DAG(s) '2_sports_goat_run_batch', '1_sports_goat_raw_to_clean' retrieved from /opt/airflow/dags/sports_goat_pipeline.py
[2026-08-22T16:30:59.136+0000] {logging_mixin.py:188} INFO - [2026-08-22T16:30:59.135+0000] {dag.py:3036} INFO - Sync 2 DAGs
[2026-08-22T16:30:59.212+0000] {logging_mixin.py:188} INFO - [2026-08-22T16:30:59.211+0000] {dag.py:3823} INFO - Setting next_dagrun for 1_sports_goat_raw_to_clean to 2026-08-21 17:45:00+00:00, run_after=2026-08-22 17:45:00+00:00
[2026-08-22T16:30:59.224+0000] {logging_mixin.py:188} INFO - [2026-08-22T16:30:59.223+0000] {dag.py:3823} INFO - Setting next_dagrun for 2_sports_goat_run_batch to 2026-08-21 18:00:00+00:00, run_after=2026-08-22 18:00:00+00:00
[2026-08-22T16:30:59.282+0000] {processor.py:183} INFO - Processing /opt/airflow/dags/sports_goat_pipeline.py took 0.365 seconds
[2026-08-22T16:31:29.603+0000] {processor.py:161} INFO - Started process (PID=120) to work on /opt/airflow/dags/sports_goat_pipeline.py
[2026-08-22T16:31:29.605+0000] {processor.py:830} INFO - Processing file /opt/airflow/dags/sports_goat_pipeline.py for tasks to queue
[2026-08-22T16:31:29.607+0000] {logging_mixin.py:188} INFO - [2026-08-22T16:31:29.607+0000] {dagbag.py:538} INFO - Filling up the DagBag from /opt/airflow/dags/sports_goat_pipeline.py
[2026-08-22T16:31:29.658+0000] {processor.py:840} INFO - DAG(s) '2_sports_goat_run_batch', '1_sports_goat_raw_to_clean' retrieved from /opt/airflow/dags/sports_goat_pipeline.py
[2026-08-22T16:31:29.795+0000] {logging_mixin.py:188} INFO - [2026-08-22T16:31:29.795+0000] {dag.py:3036} INFO - Sync 2 DAGs
[2026-08-22T16:31:29.827+0000] {logging_mixin.py:188} INFO - [2026-08-22T16:31:29.826+0000] {dag.py:3823} INFO - Setting next_dagrun for 1_sports_goat_raw_to_clean to 2026-08-21 17:45:00+00:00, run_after=2026-08-22 17:45:00+00:00
[2026-08-22T16:31:29.836+0000] {logging_mixin.py:188} INFO - [2026-08-22T16:31:29.836+0000] {dag.py:3823} INFO - Setting next_dagrun for 2_sports_goat_run_batch to 2026-08-21 18:00:00+00:00, run_after=2026-08-22 18:00:00+00:00
[2026-08-22T16:31:29.872+0000] {processor.py:183} INFO - Processing /opt/airflow/dags/sports_goat_pipeline.py took 0.369 seconds
[2026-08-22T16:32:00.079+0000] {processor.py:161} INFO - Started process (PID=121) to work on /opt/airflow/dags/sports_goat_pipeline.py
[2026-08-22T16:32:00.083+0000] {processor.py:830} INFO - Processing file /opt/airflow/dags/sports_goat_pipeline.py for tasks to queue
[2026-08-22T16:32:00.089+0000] {logging_mixin.py:188} INFO - [2026-08-22T16:32:00.087+0000] {dagbag.py:538} INFO - Filling up the DagBag from /opt/airflow/dags/sports_goat_pipeline.py
[2026-08-22T16:32:00.155+0000] {processor.py:840} INFO - DAG(s) '2_sports_goat_run_batch', '1_sports_goat_raw_to_clean' retrieved from /opt/airflow/dags/sports_goat_pipeline.py
[2026-08-22T16:32:00.224+0000] {logging_mixin.py:188} INFO - [2026-08-22T16:32:00.223+0000] {dag.py:3036} INFO - Sync 2 DAGs
[2026-08-22T16:32:00.249+0000] {logging_mixin.py:188} INFO - [2026-08-22T16:32:00.248+0000] {dag.py:3823} INFO - Setting next_dagrun for 1_sports_goat_raw_to_clean to 2026-08-21 17:45:00+00:00, run_after=2026-08-22 17:45:00+00:00
[2026-08-22T16:32:00.255+0000] {logging_mixin.py:188} INFO - [2026-08-22T16:32:00.255+0000] {dag.py:3823} INFO - Setting next_dagrun for 2_sports_goat_run_batch to 2026-08-21 18:00:00+00:00, run_after=2026-08-22 18:00:00+00:00
[2026-08-22T16:32:00.279+0000] {processor.py:183} INFO - Processing /opt/airflow/dags/sports_goat_pipeline.py took 0.235 seconds
[2026-08-22T16:32:30.439+0000] {processor.py:161} INFO - Started process (PID=122) to work on /opt/airflow/dags/sports_goat_pipeline.py
[2026-08-22T16:32:30.454+0000] {processor.py:830} INFO - Processing file /opt/airflow/dags/sports_goat_pipeline.py for tasks to queue
[2026-08-22T16:32:30.466+0000] {logging_mixin.py:188} INFO - [2026-08-22T16:32:30.463+0000] {dagbag.py:538} INFO - Filling up the DagBag from /opt/airflow/dags/sports_goat_pipeline.py
[2026-08-22T16:32:30.522+0000] {processor.py:840} INFO - DAG(s) '2_sports_goat_run_batch', '1_sports_goat_raw_to_clean' retrieved from /opt/airflow/dags/sports_goat_pipeline.py
[2026-08-22T16:32:30.573+0000] {logging_mixin.py:188} INFO - [2026-08-22T16:32:30.573+0000] {dag.py:3036} INFO - Sync 2 DAGs
[2026-08-22T16:32:30.609+0000] {logging_mixin.py:188} INFO - [2026-08-22T16:32:30.609+0000] {dag.py:3823} INFO - Setting next_dagrun for 1_sports_goat_raw_to_clean to 2026-08-21 17:45:00+00:00, run_after=2026-08-22 17:45:00+00:00
[2026-08-22T16:32:30.618+0000] {logging_mixin.py:188} INFO - [2026-08-22T16:32:30.617+0000] {dag.py:3823} INFO - Setting next_dagrun for 2_sports_goat_run_batch to 2026-08-21 18:00:00+00:00, run_after=2026-08-22 18:00:00+00:00
[2026-08-22T16:32:30.641+0000] {processor.py:183} INFO - Processing /opt/airflow/dags/sports_goat_pipeline.py took 0.217 seconds
[2026-08-22T16:33:00.831+0000] {processor.py:161} INFO - Started process (PID=123) to work on /opt/airflow/dags/sports_goat_pipeline.py
[2026-08-22T16:33:00.833+0000] {processor.py:830} INFO - Processing file /opt/airflow/dags/sports_goat_pipeline.py for tasks to queue
[2026-08-22T16:33:00.835+0000] {logging_mixin.py:188} INFO - [2026-08-22T16:33:00.834+0000] {dagbag.py:538} INFO - Filling up the DagBag from /opt/airflow/dags/sports_goat_pipeline.py
[2026-08-22T16:33:00.852+0000] {processor.py:840} INFO - DAG(s) '2_sports_goat_run_batch', '1_sports_goat_raw_to_clean' retrieved from /opt/airflow/dags/sports_goat_pipeline.py
[2026-08-22T16:33:00.878+0000] {logging_mixin.py:188} INFO - [2026-08-22T16:33:00.878+0000] {dag.py:3036} INFO - Sync 2 DAGs
[2026-08-22T16:33:00.905+0000] {logging_mixin.py:188} INFO - [2026-08-22T16:33:00.905+0000] {dag.py:3823} INFO - Setting next_dagrun for 1_sports_goat_raw_to_clean to 2026-08-21 17:45:00+00:00, run_after=2026-08-22 17:45:00+00:00
[2026-08-22T16:33:00.912+0000] {logging_mixin.py:188} INFO - [2026-08-22T16:33:00.911+0000] {dag.py:3823} INFO - Setting next_dagrun for 2_sports_goat_run_batch to 2026-08-21 18:00:00+00:00, run_after=2026-08-22 18:00:00+00:00
[2026-08-22T16:33:00.935+0000] {processor.py:183} INFO - Processing /opt/airflow/dags/sports_goat_pipeline.py took 0.108 seconds
[2026-08-22T16:33:31.155+0000] {processor.py:161} INFO - Started process (PID=124) to work on /opt/airflow/dags/sports_goat_pipeline.py
[2026-08-22T16:33:31.157+0000] {processor.py:830} INFO - Processing file /opt/airflow/dags/sports_goat_pipeline.py for tasks to queue
[2026-08-22T16:33:31.158+0000] {logging_mixin.py:188} INFO - [2026-08-22T16:33:31.158+0000] {dagbag.py:538} INFO - Filling up the DagBag from /opt/airflow/dags/sports_goat_pipeline.py
[2026-08-22T16:33:31.180+0000] {processor.py:840} INFO - DAG(s) '1_sports_goat_raw_to_clean', '2_sports_goat_run_batch' retrieved from /opt/airflow/dags/sports_goat_pipeline.py
[2026-08-22T16:33:31.208+0000] {logging_mixin.py:188} INFO - [2026-08-22T16:33:31.208+0000] {dag.py:3036} INFO - Sync 2 DAGs
[2026-08-22T16:33:31.233+0000] {logging_mixin.py:188} INFO - [2026-08-22T16:33:31.232+0000] {dag.py:3823} INFO - Setting next_dagrun for 1_sports_goat_raw_to_clean to 2026-08-21 17:45:00+00:00, run_after=2026-08-22 17:45:00+00:00
[2026-08-22T16:33:31.239+0000] {logging_mixin.py:188} INFO - [2026-08-22T16:33:31.238+0000] {dag.py:3823} INFO - Setting next_dagrun for 2_sports_goat_run_batch to 2026-08-21 18:00:00+00:00, run_after=2026-08-22 18:00:00+00:00
[2026-08-22T16:33:31.266+0000] {processor.py:183} INFO - Processing /opt/airflow/dags/sports_goat_pipeline.py took 0.118 seconds
[2026-08-22T16:34:01.468+0000] {processor.py:161} INFO - Started process (PID=125) to work on /opt/airflow/dags/sports_goat_pipeline.py
[2026-08-22T16:34:01.470+0000] {processor.py:830} INFO - Processing file /opt/airflow/dags/sports_goat_pipeline.py for tasks to queue
[2026-08-22T16:34:01.471+0000] {logging_mixin.py:188} INFO - [2026-08-22T16:34:01.471+0000] {dagbag.py:538} INFO - Filling up the DagBag from /opt/airflow/dags/sports_goat_pipeline.py
[2026-08-22T16:34:01.491+0000] {processor.py:840} INFO - DAG(s) '2_sports_goat_run_batch', '1_sports_goat_raw_to_clean' retrieved from /opt/airflow/dags/sports_goat_pipeline.py
[2026-08-22T16:34:01.524+0000] {logging_mixin.py:188} INFO - [2026-08-22T16:34:01.524+0000] {dag.py:3036} INFO - Sync 2 DAGs
[2026-08-22T16:34:01.549+0000] {logging_mixin.py:188} INFO - [2026-08-22T16:34:01.548+0000] {dag.py:3823} INFO - Setting next_dagrun for 1_sports_goat_raw_to_clean to 2026-08-21 17:45:00+00:00, run_after=2026-08-22 17:45:00+00:00
[2026-08-22T16:34:01.555+0000] {logging_mixin.py:188} INFO - [2026-08-22T16:34:01.555+0000] {dag.py:3823} INFO - Setting next_dagrun for 2_sports_goat_run_batch to 2026-08-21 18:00:00+00:00, run_after=2026-08-22 18:00:00+00:00
[2026-08-22T16:34:01.579+0000] {processor.py:183} INFO - Processing /opt/airflow/dags/sports_goat_pipeline.py took 0.114 seconds
[2026-08-22T16:34:39.349+0000] {processor.py:161} INFO - Started process (PID=146) to work on /opt/airflow/dags/sports_goat_pipeline.py
[2026-08-22T16:34:39.351+0000] {processor.py:830} INFO - Processing file /opt/airflow/dags/sports_goat_pipeline.py for tasks to queue
[2026-08-22T16:34:39.352+0000] {logging_mixin.py:188} INFO - [2026-08-22T16:34:39.352+0000] {dagbag.py:538} INFO - Filling up the DagBag from /opt/airflow/dags/sports_goat_pipeline.py
[2026-08-22T16:34:39.374+0000] {processor.py:840} INFO - DAG(s) '2_sports_goat_run_batch', '1_sports_goat_raw_to_clean' retrieved from /opt/airflow/dags/sports_goat_pipeline.py
[2026-08-22T16:34:39.406+0000] {logging_mixin.py:188} INFO - [2026-08-22T16:34:39.406+0000] {dag.py:3036} INFO - Sync 2 DAGs
[2026-08-22T16:34:39.439+0000] {logging_mixin.py:188} INFO - [2026-08-22T16:34:39.438+0000] {dag.py:3823} INFO - Setting next_dagrun for 1_sports_goat_raw_to_clean to 2026-08-21 17:45:00+00:00, run_after=2026-08-22 17:45:00+00:00
[2026-08-22T16:34:39.448+0000] {logging_mixin.py:188} INFO - [2026-08-22T16:34:39.448+0000] {dag.py:3823} INFO - Setting next_dagrun for 2_sports_goat_run_batch to 2026-08-21 18:00:00+00:00, run_after=2026-08-22 18:00:00+00:00
[2026-08-22T16:34:39.531+0000] {processor.py:183} INFO - Processing /opt/airflow/dags/sports_goat_pipeline.py took 0.185 seconds
[2026-08-22T16:35:10.776+0000] {processor.py:161} INFO - Started process (PID=147) to work on /opt/airflow/dags/sports_goat_pipeline.py
[2026-08-22T16:35:10.779+0000] {processor.py:830} INFO - Processing file /opt/airflow/dags/sports_goat_pipeline.py for tasks to queue
[2026-08-22T16:35:10.784+0000] {logging_mixin.py:188} INFO - [2026-08-22T16:35:10.782+0000] {dagbag.py:538} INFO - Filling up the DagBag from /opt/airflow/dags/sports_goat_pipeline.py
[2026-08-22T16:35:10.842+0000] {processor.py:840} INFO - DAG(s) '2_sports_goat_run_batch', '1_sports_goat_raw_to_clean' retrieved from /opt/airflow/dags/sports_goat_pipeline.py
[2026-08-22T16:35:10.918+0000] {logging_mixin.py:188} INFO - [2026-08-22T16:35:10.917+0000] {dag.py:3036} INFO - Sync 2 DAGs
[2026-08-22T16:35:11.047+0000] {logging_mixin.py:188} INFO - [2026-08-22T16:35:11.047+0000] {dag.py:3823} INFO - Setting next_dagrun for 1_sports_goat_raw_to_clean to 2026-08-21 17:45:00+00:00, run_after=2026-08-22 17:45:00+00:00
[2026-08-22T16:35:11.060+0000] {logging_mixin.py:188} INFO - [2026-08-22T16:35:11.060+0000] {dag.py:3823} INFO - Setting next_dagrun for 2_sports_goat_run_batch to 2026-08-21 18:00:00+00:00, run_after=2026-08-22 18:00:00+00:00
[2026-08-22T16:35:11.097+0000] {processor.py:183} INFO - Processing /opt/airflow/dags/sports_goat_pipeline.py took 0.381 seconds
[2026-08-22T16:35:41.893+0000] {processor.py:161} INFO - Started process (PID=148) to work on /opt/airflow/dags/sports_goat_pipeline.py
[2026-08-22T16:35:41.897+0000] {processor.py:830} INFO - Processing file /opt/airflow/dags/sports_goat_pipeline.py for tasks to queue
[2026-08-22T16:35:41.899+0000] {logging_mixin.py:188} INFO - [2026-08-22T16:35:41.898+0000] {dagbag.py:538} INFO - Filling up the DagBag from /opt/airflow/dags/sports_goat_pipeline.py
[2026-08-22T16:35:41.929+0000] {processor.py:840} INFO - DAG(s) '1_sports_goat_raw_to_clean', '2_sports_goat_run_batch' retrieved from /opt/airflow/dags/sports_goat_pipeline.py
[2026-08-22T16:35:41.990+0000] {logging_mixin.py:188} INFO - [2026-08-22T16:35:41.990+0000] {dag.py:3036} INFO - Sync 2 DAGs
[2026-08-22T16:35:42.128+0000] {logging_mixin.py:188} INFO - [2026-08-22T16:35:42.128+0000] {dag.py:3823} INFO - Setting next_dagrun for 1_sports_goat_raw_to_clean to 2026-08-21 17:45:00+00:00, run_after=2026-08-22 17:45:00+00:00
[2026-08-22T16:35:42.136+0000] {logging_mixin.py:188} INFO - [2026-08-22T16:35:42.135+0000] {dag.py:3823} INFO - Setting next_dagrun for 2_sports_goat_run_batch to 2026-08-21 18:00:00+00:00, run_after=2026-08-22 18:00:00+00:00
[2026-08-22T16:35:42.167+0000] {processor.py:183} INFO - Processing /opt/airflow/dags/sports_goat_pipeline.py took 0.278 seconds
[2026-08-22T16:36:12.489+0000] {processor.py:161} INFO - Started process (PID=149) to work on /opt/airflow/dags/sports_goat_pipeline.py
[2026-08-22T16:36:12.491+0000] {processor.py:830} INFO - Processing file /opt/airflow/dags/sports_goat_pipeline.py for tasks to queue
[2026-08-22T16:36:12.500+0000] {logging_mixin.py:188} INFO - [2026-08-22T16:36:12.496+0000] {dagbag.py:538} INFO - Filling up the DagBag from /opt/airflow/dags/sports_goat_pipeline.py
[2026-08-22T16:36:12.550+0000] {processor.py:840} INFO - DAG(s) '2_sports_goat_run_batch', '1_sports_goat_raw_to_clean' retrieved from /opt/airflow/dags/sports_goat_pipeline.py
[2026-08-22T16:36:12.741+0000] {logging_mixin.py:188} INFO - [2026-08-22T16:36:12.740+0000] {dag.py:3036} INFO - Sync 2 DAGs
[2026-08-22T16:36:12.858+0000] {logging_mixin.py:188} INFO - [2026-08-22T16:36:12.857+0000] {dag.py:3823} INFO - Setting next_dagrun for 1_sports_goat_raw_to_clean to 2026-08-21 17:45:00+00:00, run_after=2026-08-22 17:45:00+00:00
[2026-08-22T16:36:12.875+0000] {logging_mixin.py:188} INFO - [2026-08-22T16:36:12.874+0000] {dag.py:3823} INFO - Setting next_dagrun for 2_sports_goat_run_batch to 2026-08-21 18:00:00+00:00, run_after=2026-08-22 18:00:00+00:00
[2026-08-22T16:36:12.928+0000] {processor.py:183} INFO - Processing /opt/airflow/dags/sports_goat_pipeline.py took 0.443 seconds
[2026-08-22T16:36:43.942+0000] {processor.py:161} INFO - Started process (PID=150) to work on /opt/airflow/dags/sports_goat_pipeline.py
[2026-08-22T16:36:43.943+0000] {processor.py:830} INFO - Processing file /opt/airflow/dags/sports_goat_pipeline.py for tasks to queue
[2026-08-22T16:36:43.944+0000] {logging_mixin.py:188} INFO - [2026-08-22T16:36:43.944+0000] {dagbag.py:538} INFO - Filling up the DagBag from /opt/airflow/dags/sports_goat_pipeline.py
[2026-08-22T16:36:43.967+0000] {processor.py:840} INFO - DAG(s) '2_sports_goat_run_batch', '1_sports_goat_raw_to_clean' retrieved from /opt/airflow/dags/sports_goat_pipeline.py
[2026-08-22T16:36:44.111+0000] {logging_mixin.py:188} INFO - [2026-08-22T16:36:44.110+0000] {dag.py:3036} INFO - Sync 2 DAGs
[2026-08-22T16:36:44.145+0000] {logging_mixin.py:188} INFO - [2026-08-22T16:36:44.145+0000] {dag.py:3823} INFO - Setting next_dagrun for 1_sports_goat_raw_to_clean to 2026-08-21 17:45:00+00:00, run_after=2026-08-22 17:45:00+00:00
[2026-08-22T16:36:44.152+0000] {logging_mixin.py:188} INFO - [2026-08-22T16:36:44.152+0000] {dag.py:3823} INFO - Setting next_dagrun for 2_sports_goat_run_batch to 2026-08-21 18:00:00+00:00, run_after=2026-08-22 18:00:00+00:00
[2026-08-22T16:36:44.176+0000] {processor.py:183} INFO - Processing /opt/airflow/dags/sports_goat_pipeline.py took 0.238 seconds
[2026-08-22T16:37:15.474+0000] {processor.py:161} INFO - Started process (PID=151) to work on /opt/airflow/dags/sports_goat_pipeline.py
[2026-08-22T16:37:15.481+0000] {processor.py:830} INFO - Processing file /opt/airflow/dags/sports_goat_pipeline.py for tasks to queue
[2026-08-22T16:37:15.484+0000] {logging_mixin.py:188} INFO - [2026-08-22T16:37:15.483+0000] {dagbag.py:538} INFO - Filling up the DagBag from /opt/airflow/dags/sports_goat_pipeline.py
[2026-08-22T16:37:15.581+0000] {processor.py:840} INFO - DAG(s) '2_sports_goat_run_batch', '1_sports_goat_raw_to_clean' retrieved from /opt/airflow/dags/sports_goat_pipeline.py
[2026-08-22T16:37:15.680+0000] {logging_mixin.py:188} INFO - [2026-08-22T16:37:15.680+0000] {dag.py:3036} INFO - Sync 2 DAGs
[2026-08-22T16:37:15.827+0000] {logging_mixin.py:188} INFO - [2026-08-22T16:37:15.826+0000] {dag.py:3823} INFO - Setting next_dagrun for 1_sports_goat_raw_to_clean to 2026-08-21 17:45:00+00:00, run_after=2026-08-22 17:45:00+00:00
[2026-08-22T16:37:15.843+0000] {logging_mixin.py:188} INFO - [2026-08-22T16:37:15.843+0000] {dag.py:3823} INFO - Setting next_dagrun for 2_sports_goat_run_batch to 2026-08-21 18:00:00+00:00, run_after=2026-08-22 18:00:00+00:00
[2026-08-22T16:37:15.886+0000] {processor.py:183} INFO - Processing /opt/airflow/dags/sports_goat_pipeline.py took 0.441 seconds
[2026-08-22T16:37:46.560+0000] {processor.py:161} INFO - Started process (PID=152) to work on /opt/airflow/dags/sports_goat_pipeline.py
[2026-08-22T16:37:46.577+0000] {processor.py:830} INFO - Processing file /opt/airflow/dags/sports_goat_pipeline.py for tasks to queue
[2026-08-22T16:37:46.579+0000] {logging_mixin.py:188} INFO - [2026-08-22T16:37:46.578+0000] {dagbag.py:538} INFO - Filling up the DagBag from /opt/airflow/dags/sports_goat_pipeline.py
[2026-08-22T16:37:46.647+0000] {processor.py:840} INFO - DAG(s) '1_sports_goat_raw_to_clean', '2_sports_goat_run_batch' retrieved from /opt/airflow/dags/sports_goat_pipeline.py
[2026-08-22T16:37:46.737+0000] {logging_mixin.py:188} INFO - [2026-08-22T16:37:46.736+0000] {dag.py:3036} INFO - Sync 2 DAGs
[2026-08-22T16:37:46.826+0000] {logging_mixin.py:188} INFO - [2026-08-22T16:37:46.825+0000] {dag.py:3823} INFO - Setting next_dagrun for 1_sports_goat_raw_to_clean to 2026-08-21 17:45:00+00:00, run_after=2026-08-22 17:45:00+00:00
[2026-08-22T16:37:46.842+0000] {logging_mixin.py:188} INFO - [2026-08-22T16:37:46.841+0000] {dag.py:3823} INFO - Setting next_dagrun for 2_sports_goat_run_batch to 2026-08-21 18:00:00+00:00, run_after=2026-08-22 18:00:00+00:00
[2026-08-22T16:37:46.913+0000] {processor.py:183} INFO - Processing /opt/airflow/dags/sports_goat_pipeline.py took 0.359 seconds
[2026-08-22T16:38:17.358+0000] {processor.py:161} INFO - Started process (PID=153) to work on /opt/airflow/dags/sports_goat_pipeline.py
[2026-08-22T16:38:17.360+0000] {processor.py:830} INFO - Processing file /opt/airflow/dags/sports_goat_pipeline.py for tasks to queue
[2026-08-22T16:38:17.362+0000] {logging_mixin.py:188} INFO - [2026-08-22T16:38:17.361+0000] {dagbag.py:538} INFO - Filling up the DagBag from /opt/airflow/dags/sports_goat_pipeline.py
[2026-08-22T16:38:17.391+0000] {processor.py:840} INFO - DAG(s) '2_sports_goat_run_batch', '1_sports_goat_raw_to_clean' retrieved from /opt/airflow/dags/sports_goat_pipeline.py
[2026-08-22T16:38:17.429+0000] {logging_mixin.py:188} INFO - [2026-08-22T16:38:17.429+0000] {dag.py:3036} INFO - Sync 2 DAGs
[2026-08-22T16:38:17.501+0000] {logging_mixin.py:188} INFO - [2026-08-22T16:38:17.501+0000] {dag.py:3823} INFO - Setting next_dagrun for 1_sports_goat_raw_to_clean to 2026-08-21 17:45:00+00:00, run_after=2026-08-22 17:45:00+00:00
[2026-08-22T16:38:17.507+0000] {logging_mixin.py:188} INFO - [2026-08-22T16:38:17.507+0000] {dag.py:3823} INFO - Setting next_dagrun for 2_sports_goat_run_batch to 2026-08-21 18:00:00+00:00, run_after=2026-08-22 18:00:00+00:00
[2026-08-22T16:38:17.540+0000] {processor.py:183} INFO - Processing /opt/airflow/dags/sports_goat_pipeline.py took 0.188 seconds
[2026-08-22T16:38:47.973+0000] {processor.py:161} INFO - Started process (PID=154) to work on /opt/airflow/dags/sports_goat_pipeline.py
[2026-08-22T16:38:47.976+0000] {processor.py:830} INFO - Processing file /opt/airflow/dags/sports_goat_pipeline.py for tasks to queue
[2026-08-22T16:38:47.978+0000] {logging_mixin.py:188} INFO - [2026-08-22T16:38:47.978+0000] {dagbag.py:538} INFO - Filling up the DagBag from /opt/airflow/dags/sports_goat_pipeline.py
[2026-08-22T16:38:48.003+0000] {processor.py:840} INFO - DAG(s) '2_sports_goat_run_batch', '1_sports_goat_raw_to_clean' retrieved from /opt/airflow/dags/sports_goat_pipeline.py
[2026-08-22T16:38:48.045+0000] {logging_mixin.py:188} INFO - [2026-08-22T16:38:48.045+0000] {dag.py:3036} INFO - Sync 2 DAGs
[2026-08-22T16:38:48.074+0000] {logging_mixin.py:188} INFO - [2026-08-22T16:38:48.074+0000] {dag.py:3823} INFO - Setting next_dagrun for 1_sports_goat_raw_to_clean to 2026-08-21 17:45:00+00:00, run_after=2026-08-22 17:45:00+00:00
[2026-08-22T16:38:48.079+0000] {logging_mixin.py:188} INFO - [2026-08-22T16:38:48.079+0000] {dag.py:3823} INFO - Setting next_dagrun for 2_sports_goat_run_batch to 2026-08-21 18:00:00+00:00, run_after=2026-08-22 18:00:00+00:00
[2026-08-22T16:38:48.101+0000] {processor.py:183} INFO - Processing /opt/airflow/dags/sports_goat_pipeline.py took 0.135 seconds
[2026-08-22T16:39:18.587+0000] {processor.py:161} INFO - Started process (PID=155) to work on /opt/airflow/dags/sports_goat_pipeline.py
[2026-08-22T16:39:18.589+0000] {processor.py:830} INFO - Processing file /opt/airflow/dags/sports_goat_pipeline.py for tasks to queue
[2026-08-22T16:39:18.590+0000] {logging_mixin.py:188} INFO - [2026-08-22T16:39:18.589+0000] {dagbag.py:538} INFO - Filling up the DagBag from /opt/airflow/dags/sports_goat_pipeline.py
[2026-08-22T16:39:18.609+0000] {processor.py:840} INFO - DAG(s) '1_sports_goat_raw_to_clean', '2_sports_goat_run_batch' retrieved from /opt/airflow/dags/sports_goat_pipeline.py
[2026-08-22T16:39:18.636+0000] {logging_mixin.py:188} INFO - [2026-08-22T16:39:18.636+0000] {dag.py:3036} INFO - Sync 2 DAGs
[2026-08-22T16:39:18.659+0000] {logging_mixin.py:188} INFO - [2026-08-22T16:39:18.659+0000] {dag.py:3823} INFO - Setting next_dagrun for 1_sports_goat_raw_to_clean to 2026-08-21 17:45:00+00:00, run_after=2026-08-22 17:45:00+00:00
[2026-08-22T16:39:18.666+0000] {logging_mixin.py:188} INFO - [2026-08-22T16:39:18.666+0000] {dag.py:3823} INFO - Setting next_dagrun for 2_sports_goat_run_batch to 2026-08-21 18:00:00+00:00, run_after=2026-08-22 18:00:00+00:00
[2026-08-22T16:39:18.690+0000] {processor.py:183} INFO - Processing /opt/airflow/dags/sports_goat_pipeline.py took 0.135 seconds
[2026-08-22T16:39:49.073+0000] {processor.py:161} INFO - Started process (PID=156) to work on /opt/airflow/dags/sports_goat_pipeline.py
[2026-08-22T16:39:49.076+0000] {processor.py:830} INFO - Processing file /opt/airflow/dags/sports_goat_pipeline.py for tasks to queue
[2026-08-22T16:39:49.077+0000] {logging_mixin.py:188} INFO - [2026-08-22T16:39:49.077+0000] {dagbag.py:538} INFO - Filling up the DagBag from /opt/airflow/dags/sports_goat_pipeline.py
[2026-08-22T16:39:49.101+0000] {processor.py:840} INFO - DAG(s) '1_sports_goat_raw_to_clean', '2_sports_goat_run_batch' retrieved from /opt/airflow/dags/sports_goat_pipeline.py
[2026-08-22T16:39:49.137+0000] {logging_mixin.py:188} INFO - [2026-08-22T16:39:49.137+0000] {dag.py:3036} INFO - Sync 2 DAGs
[2026-08-22T16:39:49.176+0000] {logging_mixin.py:188} INFO - [2026-08-22T16:39:49.176+0000] {dag.py:3823} INFO - Setting next_dagrun for 1_sports_goat_raw_to_clean to 2026-08-21 17:45:00+00:00, run_after=2026-08-22 17:45:00+00:00
[2026-08-22T16:39:49.185+0000] {logging_mixin.py:188} INFO - [2026-08-22T16:39:49.185+0000] {dag.py:3823} INFO - Setting next_dagrun for 2_sports_goat_run_batch to 2026-08-21 18:00:00+00:00, run_after=2026-08-22 18:00:00+00:00
[2026-08-22T16:39:49.212+0000] {processor.py:183} INFO - Processing /opt/airflow/dags/sports_goat_pipeline.py took 0.145 seconds
[2026-08-22T16:40:19.611+0000] {processor.py:161} INFO - Started process (PID=157) to work on /opt/airflow/dags/sports_goat_pipeline.py
[2026-08-22T16:40:19.613+0000] {processor.py:830} INFO - Processing file /opt/airflow/dags/sports_goat_pipeline.py for tasks to queue
[2026-08-22T16:40:19.614+0000] {logging_mixin.py:188} INFO - [2026-08-22T16:40:19.614+0000] {dagbag.py:538} INFO - Filling up the DagBag from /opt/airflow/dags/sports_goat_pipeline.py
[2026-08-22T16:40:19.938+0000] {processor.py:840} INFO - DAG(s) '1_sports_goat_raw_to_clean', '2_sports_goat_run_batch' retrieved from /opt/airflow/dags/sports_goat_pipeline.py
[2026-08-22T16:40:20.414+0000] {logging_mixin.py:188} INFO - [2026-08-22T16:40:20.413+0000] {dag.py:3036} INFO - Sync 2 DAGs
[2026-08-22T16:40:20.516+0000] {logging_mixin.py:188} INFO - [2026-08-22T16:40:20.515+0000] {dag.py:3823} INFO - Setting next_dagrun for 1_sports_goat_raw_to_clean to 2026-08-21 17:45:00+00:00, run_after=2026-08-22 17:45:00+00:00
[2026-08-22T16:40:20.530+0000] {logging_mixin.py:188} INFO - [2026-08-22T16:40:20.530+0000] {dag.py:3823} INFO - Setting next_dagrun for 2_sports_goat_run_batch to 2026-08-21 18:00:00+00:00, run_after=2026-08-22 18:00:00+00:00
[2026-08-22T16:40:20.589+0000] {processor.py:183} INFO - Processing /opt/airflow/dags/sports_goat_pipeline.py took 0.984 seconds
[2026-08-22T16:40:50.979+0000] {processor.py:161} INFO - Started process (PID=158) to work on /opt/airflow/dags/sports_goat_pipeline.py
[2026-08-22T16:40:50.982+0000] {processor.py:830} INFO - Processing file /opt/airflow/dags/sports_goat_pipeline.py for tasks to queue
[2026-08-22T16:40:51.000+0000] {logging_mixin.py:188} INFO - [2026-08-22T16:40:50.991+0000] {dagbag.py:538} INFO - Filling up the DagBag from /opt/airflow/dags/sports_goat_pipeline.py
[2026-08-22T16:40:51.042+0000] {processor.py:840} INFO - DAG(s) '2_sports_goat_run_batch', '1_sports_goat_raw_to_clean' retrieved from /opt/airflow/dags/sports_goat_pipeline.py
[2026-08-22T16:40:51.126+0000] {logging_mixin.py:188} INFO - [2026-08-22T16:40:51.126+0000] {dag.py:3036} INFO - Sync 2 DAGs
[2026-08-22T16:40:51.191+0000] {logging_mixin.py:188} INFO - [2026-08-22T16:40:51.190+0000] {dag.py:3823} INFO - Setting next_dagrun for 1_sports_goat_raw_to_clean to 2026-08-21 17:45:00+00:00, run_after=2026-08-22 17:45:00+00:00
[2026-08-22T16:40:51.199+0000] {logging_mixin.py:188} INFO - [2026-08-22T16:40:51.199+0000] {dag.py:3823} INFO - Setting next_dagrun for 2_sports_goat_run_batch to 2026-08-21 18:00:00+00:00, run_after=2026-08-22 18:00:00+00:00
[2026-08-22T16:40:51.301+0000] {processor.py:183} INFO - Processing /opt/airflow/dags/sports_goat_pipeline.py took 0.329 seconds
[2026-08-22T16:41:21.601+0000] {processor.py:161} INFO - Started process (PID=159) to work on /opt/airflow/dags/sports_goat_pipeline.py
[2026-08-22T16:41:21.611+0000] {processor.py:830} INFO - Processing file /opt/airflow/dags/sports_goat_pipeline.py for tasks to queue
[2026-08-22T16:41:21.613+0000] {logging_mixin.py:188} INFO - [2026-08-22T16:41:21.612+0000] {dagbag.py:538} INFO - Filling up the DagBag from /opt/airflow/dags/sports_goat_pipeline.py
[2026-08-22T16:41:21.634+0000] {processor.py:840} INFO - DAG(s) '2_sports_goat_run_batch', '1_sports_goat_raw_to_clean' retrieved from /opt/airflow/dags/sports_goat_pipeline.py
[2026-08-22T16:41:21.693+0000] {logging_mixin.py:188} INFO - [2026-08-22T16:41:21.693+0000] {dag.py:3036} INFO - Sync 2 DAGs
[2026-08-22T16:41:21.725+0000] {logging_mixin.py:188} INFO - [2026-08-22T16:41:21.725+0000] {dag.py:3823} INFO - Setting next_dagrun for 1_sports_goat_raw_to_clean to 2026-08-21 17:45:00+00:00, run_after=2026-08-22 17:45:00+00:00
[2026-08-22T16:41:21.731+0000] {logging_mixin.py:188} INFO - [2026-08-22T16:41:21.731+0000] {dag.py:3823} INFO - Setting next_dagrun for 2_sports_goat_run_batch to 2026-08-21 18:00:00+00:00, run_after=2026-08-22 18:00:00+00:00
[2026-08-22T16:41:21.753+0000] {processor.py:183} INFO - Processing /opt/airflow/dags/sports_goat_pipeline.py took 0.178 seconds
[2026-08-22T16:41:52.165+0000] {processor.py:161} INFO - Started process (PID=160) to work on /opt/airflow/dags/sports_goat_pipeline.py
[2026-08-22T16:41:52.175+0000] {processor.py:830} INFO - Processing file /opt/airflow/dags/sports_goat_pipeline.py for tasks to queue
[2026-08-22T16:41:52.202+0000] {logging_mixin.py:188} INFO - [2026-08-22T16:41:52.190+0000] {dagbag.py:538} INFO - Filling up the DagBag from /opt/airflow/dags/sports_goat_pipeline.py
[2026-08-22T16:41:52.431+0000] {processor.py:840} INFO - DAG(s) '2_sports_goat_run_batch', '1_sports_goat_raw_to_clean' retrieved from /opt/airflow/dags/sports_goat_pipeline.py
[2026-08-22T16:41:52.609+0000] {logging_mixin.py:188} INFO - [2026-08-22T16:41:52.609+0000] {dag.py:3036} INFO - Sync 2 DAGs
[2026-08-22T16:41:52.671+0000] {logging_mixin.py:188} INFO - [2026-08-22T16:41:52.670+0000] {dag.py:3823} INFO - Setting next_dagrun for 1_sports_goat_raw_to_clean to 2026-08-21 17:45:00+00:00, run_after=2026-08-22 17:45:00+00:00
[2026-08-22T16:41:52.677+0000] {logging_mixin.py:188} INFO - [2026-08-22T16:41:52.677+0000] {dag.py:3823} INFO - Setting next_dagrun for 2_sports_goat_run_batch to 2026-08-21 18:00:00+00:00, run_after=2026-08-22 18:00:00+00:00
[2026-08-22T16:41:52.708+0000] {processor.py:183} INFO - Processing /opt/airflow/dags/sports_goat_pipeline.py took 0.610 seconds
[2026-08-22T16:42:22.965+0000] {processor.py:161} INFO - Started process (PID=161) to work on /opt/airflow/dags/sports_goat_pipeline.py
[2026-08-22T16:42:22.971+0000] {processor.py:830} INFO - Processing file /opt/airflow/dags/sports_goat_pipeline.py for tasks to queue
[2026-08-22T16:42:22.976+0000] {logging_mixin.py:188} INFO - [2026-08-22T16:42:22.974+0000] {dagbag.py:538} INFO - Filling up the DagBag from /opt/airflow/dags/sports_goat_pipeline.py
[2026-08-22T16:42:23.120+0000] {processor.py:840} INFO - DAG(s) '2_sports_goat_run_batch', '1_sports_goat_raw_to_clean' retrieved from /opt/airflow/dags/sports_goat_pipeline.py
[2026-08-22T16:42:23.567+0000] {logging_mixin.py:188} INFO - [2026-08-22T16:42:23.566+0000] {dag.py:3036} INFO - Sync 2 DAGs
[2026-08-22T16:42:23.684+0000] {logging_mixin.py:188} INFO - [2026-08-22T16:42:23.684+0000] {dag.py:3823} INFO - Setting next_dagrun for 1_sports_goat_raw_to_clean to 2026-08-21 17:45:00+00:00, run_after=2026-08-22 17:45:00+00:00
[2026-08-22T16:42:23.694+0000] {logging_mixin.py:188} INFO - [2026-08-22T16:42:23.694+0000] {dag.py:3823} INFO - Setting next_dagrun for 2_sports_goat_run_batch to 2026-08-21 18:00:00+00:00, run_after=2026-08-22 18:00:00+00:00
[2026-08-22T16:42:23.770+0000] {processor.py:183} INFO - Processing /opt/airflow/dags/sports_goat_pipeline.py took 0.818 seconds
[2026-08-22T16:42:54.050+0000] {processor.py:161} INFO - Started process (PID=162) to work on /opt/airflow/dags/sports_goat_pipeline.py
[2026-08-22T16:42:54.051+0000] {processor.py:830} INFO - Processing file /opt/airflow/dags/sports_goat_pipeline.py for tasks to queue
[2026-08-22T16:42:54.053+0000] {logging_mixin.py:188} INFO - [2026-08-22T16:42:54.052+0000] {dagbag.py:538} INFO - Filling up the DagBag from /opt/airflow/dags/sports_goat_pipeline.py
[2026-08-22T16:42:54.071+0000] {processor.py:840} INFO - DAG(s) '2_sports_goat_run_batch', '1_sports_goat_raw_to_clean' retrieved from /opt/airflow/dags/sports_goat_pipeline.py
[2026-08-22T16:42:54.245+0000] {logging_mixin.py:188} INFO - [2026-08-22T16:42:54.244+0000] {dag.py:3036} INFO - Sync 2 DAGs
[2026-08-22T16:42:54.273+0000] {logging_mixin.py:188} INFO - [2026-08-22T16:42:54.273+0000] {dag.py:3823} INFO - Setting next_dagrun for 1_sports_goat_raw_to_clean to 2026-08-21 17:45:00+00:00, run_after=2026-08-22 17:45:00+00:00
[2026-08-22T16:42:54.280+0000] {logging_mixin.py:188} INFO - [2026-08-22T16:42:54.279+0000] {dag.py:3823} INFO - Setting next_dagrun for 2_sports_goat_run_batch to 2026-08-21 18:00:00+00:00, run_after=2026-08-22 18:00:00+00:00
[2026-08-22T16:42:54.315+0000] {processor.py:183} INFO - Processing /opt/airflow/dags/sports_goat_pipeline.py took 0.270 seconds
[2026-08-22T16:43:24.616+0000] {processor.py:161} INFO - Started process (PID=163) to work on /opt/airflow/dags/sports_goat_pipeline.py
[2026-08-22T16:43:24.619+0000] {processor.py:830} INFO - Processing file /opt/airflow/dags/sports_goat_pipeline.py for tasks to queue
[2026-08-22T16:43:24.621+0000] {logging_mixin.py:188} INFO - [2026-08-22T16:43:24.620+0000] {dagbag.py:538} INFO - Filling up the DagBag from /opt/airflow/dags/sports_goat_pipeline.py
[2026-08-22T16:43:24.667+0000] {processor.py:840} INFO - DAG(s) '1_sports_goat_raw_to_clean', '2_sports_goat_run_batch' retrieved from /opt/airflow/dags/sports_goat_pipeline.py
[2026-08-22T16:43:24.722+0000] {logging_mixin.py:188} INFO - [2026-08-22T16:43:24.722+0000] {dag.py:3036} INFO - Sync 2 DAGs
[2026-08-22T16:43:24.804+0000] {logging_mixin.py:188} INFO - [2026-08-22T16:43:24.804+0000] {dag.py:3823} INFO - Setting next_dagrun for 1_sports_goat_raw_to_clean to 2026-08-21 17:45:00+00:00, run_after=2026-08-22 17:45:00+00:00
[2026-08-22T16:43:24.812+0000] {logging_mixin.py:188} INFO - [2026-08-22T16:43:24.812+0000] {dag.py:3823} INFO - Setting next_dagrun for 2_sports_goat_run_batch to 2026-08-21 18:00:00+00:00, run_after=2026-08-22 18:00:00+00:00
[2026-08-22T16:43:24.865+0000] {processor.py:183} INFO - Processing /opt/airflow/dags/sports_goat_pipeline.py took 0.259 seconds
[2026-08-22T16:43:55.050+0000] {processor.py:161} INFO - Started process (PID=164) to work on /opt/airflow/dags/sports_goat_pipeline.py
[2026-08-22T16:43:55.052+0000] {processor.py:830} INFO - Processing file /opt/airflow/dags/sports_goat_pipeline.py for tasks to queue
[2026-08-22T16:43:55.053+0000] {logging_mixin.py:188} INFO - [2026-08-22T16:43:55.053+0000] {dagbag.py:538} INFO - Filling up the DagBag from /opt/airflow/dags/sports_goat_pipeline.py
[2026-08-22T16:43:55.074+0000] {processor.py:840} INFO - DAG(s) '1_sports_goat_raw_to_clean', '2_sports_goat_run_batch' retrieved from /opt/airflow/dags/sports_goat_pipeline.py
[2026-08-22T16:43:55.118+0000] {logging_mixin.py:188} INFO - [2026-08-22T16:43:55.118+0000] {dag.py:3036} INFO - Sync 2 DAGs
[2026-08-22T16:43:55.156+0000] {logging_mixin.py:188} INFO - [2026-08-22T16:43:55.156+0000] {dag.py:3823} INFO - Setting next_dagrun for 1_sports_goat_raw_to_clean to 2026-08-21 17:45:00+00:00, run_after=2026-08-22 17:45:00+00:00
[2026-08-22T16:43:55.165+0000] {logging_mixin.py:188} INFO - [2026-08-22T16:43:55.164+0000] {dag.py:3823} INFO - Setting next_dagrun for 2_sports_goat_run_batch to 2026-08-21 18:00:00+00:00, run_after=2026-08-22 18:00:00+00:00
[2026-08-22T16:43:55.210+0000] {processor.py:183} INFO - Processing /opt/airflow/dags/sports_goat_pipeline.py took 0.164 seconds
[2026-08-22T16:44:25.481+0000] {processor.py:161} INFO - Started process (PID=165) to work on /opt/airflow/dags/sports_goat_pipeline.py
[2026-08-22T16:44:25.487+0000] {processor.py:830} INFO - Processing file /opt/airflow/dags/sports_goat_pipeline.py for tasks to queue
[2026-08-22T16:44:25.491+0000] {logging_mixin.py:188} INFO - [2026-08-22T16:44:25.490+0000] {dagbag.py:538} INFO - Filling up the DagBag from /opt/airflow/dags/sports_goat_pipeline.py
[2026-08-22T16:44:25.610+0000] {processor.py:840} INFO - DAG(s) '1_sports_goat_raw_to_clean', '2_sports_goat_run_batch' retrieved from /opt/airflow/dags/sports_goat_pipeline.py
[2026-08-22T16:44:25.701+0000] {logging_mixin.py:188} INFO - [2026-08-22T16:44:25.701+0000] {dag.py:3036} INFO - Sync 2 DAGs
[2026-08-22T16:44:25.728+0000] {logging_mixin.py:188} INFO - [2026-08-22T16:44:25.727+0000] {dag.py:3823} INFO - Setting next_dagrun for 1_sports_goat_raw_to_clean to 2026-08-21 17:45:00+00:00, run_after=2026-08-22 17:45:00+00:00
[2026-08-22T16:44:25.734+0000] {logging_mixin.py:188} INFO - [2026-08-22T16:44:25.734+0000] {dag.py:3823} INFO - Setting next_dagrun for 2_sports_goat_run_batch to 2026-08-21 18:00:00+00:00, run_after=2026-08-22 18:00:00+00:00
[2026-08-22T16:44:25.757+0000] {processor.py:183} INFO - Processing /opt/airflow/dags/sports_goat_pipeline.py took 0.345 seconds
[2026-08-22T16:44:55.964+0000] {processor.py:161} INFO - Started process (PID=166) to work on /opt/airflow/dags/sports_goat_pipeline.py
[2026-08-22T16:44:55.965+0000] {processor.py:830} INFO - Processing file /opt/airflow/dags/sports_goat_pipeline.py for tasks to queue
[2026-08-22T16:44:55.967+0000] {logging_mixin.py:188} INFO - [2026-08-22T16:44:55.966+0000] {dagbag.py:538} INFO - Filling up the DagBag from /opt/airflow/dags/sports_goat_pipeline.py
[2026-08-22T16:44:55.987+0000] {processor.py:840} INFO - DAG(s) '1_sports_goat_raw_to_clean', '2_sports_goat_run_batch' retrieved from /opt/airflow/dags/sports_goat_pipeline.py
[2026-08-22T16:44:56.020+0000] {logging_mixin.py:188} INFO - [2026-08-22T16:44:56.020+0000] {dag.py:3036} INFO - Sync 2 DAGs
[2026-08-22T16:44:56.077+0000] {logging_mixin.py:188} INFO - [2026-08-22T16:44:56.076+0000] {dag.py:3823} INFO - Setting next_dagrun for 1_sports_goat_raw_to_clean to 2026-08-21 17:45:00+00:00, run_after=2026-08-22 17:45:00+00:00
[2026-08-22T16:44:56.085+0000] {logging_mixin.py:188} INFO - [2026-08-22T16:44:56.085+0000] {dag.py:3823} INFO - Setting next_dagrun for 2_sports_goat_run_batch to 2026-08-21 18:00:00+00:00, run_after=2026-08-22 18:00:00+00:00
[2026-08-22T16:44:56.167+0000] {processor.py:183} INFO - Processing /opt/airflow/dags/sports_goat_pipeline.py took 0.207 seconds
[2026-08-22T16:45:26.432+0000] {processor.py:161} INFO - Started process (PID=167) to work on /opt/airflow/dags/sports_goat_pipeline.py
[2026-08-22T16:45:26.434+0000] {processor.py:830} INFO - Processing file /opt/airflow/dags/sports_goat_pipeline.py for tasks to queue
[2026-08-22T16:45:26.438+0000] {logging_mixin.py:188} INFO - [2026-08-22T16:45:26.437+0000] {dagbag.py:538} INFO - Filling up the DagBag from /opt/airflow/dags/sports_goat_pipeline.py
[2026-08-22T16:45:26.490+0000] {processor.py:840} INFO - DAG(s) '1_sports_goat_raw_to_clean', '2_sports_goat_run_batch' retrieved from /opt/airflow/dags/sports_goat_pipeline.py
[2026-08-22T16:45:26.561+0000] {logging_mixin.py:188} INFO - [2026-08-22T16:45:26.560+0000] {dag.py:3036} INFO - Sync 2 DAGs
[2026-08-22T16:45:26.623+0000] {logging_mixin.py:188} INFO - [2026-08-22T16:45:26.623+0000] {dag.py:3823} INFO - Setting next_dagrun for 1_sports_goat_raw_to_clean to 2026-08-21 17:45:00+00:00, run_after=2026-08-22 17:45:00+00:00
[2026-08-22T16:45:26.635+0000] {logging_mixin.py:188} INFO - [2026-08-22T16:45:26.635+0000] {dag.py:3823} INFO - Setting next_dagrun for 2_sports_goat_run_batch to 2026-08-21 18:00:00+00:00, run_after=2026-08-22 18:00:00+00:00
[2026-08-22T16:45:26.671+0000] {processor.py:183} INFO - Processing /opt/airflow/dags/sports_goat_pipeline.py took 0.244 seconds
[2026-08-22T16:45:56.826+0000] {processor.py:161} INFO - Started process (PID=168) to work on /opt/airflow/dags/sports_goat_pipeline.py
[2026-08-22T16:45:56.828+0000] {processor.py:830} INFO - Processing file /opt/airflow/dags/sports_goat_pipeline.py for tasks to queue
[2026-08-22T16:45:56.830+0000] {logging_mixin.py:188} INFO - [2026-08-22T16:45:56.830+0000] {dagbag.py:538} INFO - Filling up the DagBag from /opt/airflow/dags/sports_goat_pipeline.py
[2026-08-22T16:45:56.849+0000] {processor.py:840} INFO - DAG(s) '1_sports_goat_raw_to_clean', '2_sports_goat_run_batch' retrieved from /opt/airflow/dags/sports_goat_pipeline.py
[2026-08-22T16:45:56.876+0000] {logging_mixin.py:188} INFO - [2026-08-22T16:45:56.875+0000] {dag.py:3036} INFO - Sync 2 DAGs
[2026-08-22T16:45:56.903+0000] {logging_mixin.py:188} INFO - [2026-08-22T16:45:56.903+0000] {dag.py:3823} INFO - Setting next_dagrun for 1_sports_goat_raw_to_clean to 2026-08-21 17:45:00+00:00, run_after=2026-08-22 17:45:00+00:00
[2026-08-22T16:45:56.910+0000] {logging_mixin.py:188} INFO - [2026-08-22T16:45:56.909+0000] {dag.py:3823} INFO - Setting next_dagrun for 2_sports_goat_run_batch to 2026-08-21 18:00:00+00:00, run_after=2026-08-22 18:00:00+00:00
[2026-08-22T16:45:56.954+0000] {processor.py:183} INFO - Processing /opt/airflow/dags/sports_goat_pipeline.py took 0.142 seconds
[2026-08-22T16:46:27.142+0000] {processor.py:161} INFO - Started process (PID=169) to work on /opt/airflow/dags/sports_goat_pipeline.py
[2026-08-22T16:46:27.144+0000] {processor.py:830} INFO - Processing file /opt/airflow/dags/sports_goat_pipeline.py for tasks to queue
[2026-08-22T16:46:27.145+0000] {logging_mixin.py:188} INFO - [2026-08-22T16:46:27.145+0000] {dagbag.py:538} INFO - Filling up the DagBag from /opt/airflow/dags/sports_goat_pipeline.py
[2026-08-22T16:46:27.162+0000] {processor.py:840} INFO - DAG(s) '1_sports_goat_raw_to_clean', '2_sports_goat_run_batch' retrieved from /opt/airflow/dags/sports_goat_pipeline.py
[2026-08-22T16:46:27.190+0000] {logging_mixin.py:188} INFO - [2026-08-22T16:46:27.190+0000] {dag.py:3036} INFO - Sync 2 DAGs
[2026-08-22T16:46:27.215+0000] {logging_mixin.py:188} INFO - [2026-08-22T16:46:27.215+0000] {dag.py:3823} INFO - Setting next_dagrun for 1_sports_goat_raw_to_clean to 2026-08-21 17:45:00+00:00, run_after=2026-08-22 17:45:00+00:00
[2026-08-22T16:46:27.221+0000] {logging_mixin.py:188} INFO - [2026-08-22T16:46:27.221+0000] {dag.py:3823} INFO - Setting next_dagrun for 2_sports_goat_run_batch to 2026-08-21 18:00:00+00:00, run_after=2026-08-22 18:00:00+00:00
[2026-08-22T16:46:27.243+0000] {processor.py:183} INFO - Processing /opt/airflow/dags/sports_goat_pipeline.py took 0.116 seconds
[2026-08-22T16:46:57.439+0000] {processor.py:161} INFO - Started process (PID=170) to work on /opt/airflow/dags/sports_goat_pipeline.py
[2026-08-22T16:46:57.441+0000] {processor.py:830} INFO - Processing file /opt/airflow/dags/sports_goat_pipeline.py for tasks to queue
[2026-08-22T16:46:57.442+0000] {logging_mixin.py:188} INFO - [2026-08-22T16:46:57.442+0000] {dagbag.py:538} INFO - Filling up the DagBag from /opt/airflow/dags/sports_goat_pipeline.py
[2026-08-22T16:46:57.460+0000] {processor.py:840} INFO - DAG(s) '1_sports_goat_raw_to_clean', '2_sports_goat_run_batch' retrieved from /opt/airflow/dags/sports_goat_pipeline.py
[2026-08-22T16:46:57.489+0000] {logging_mixin.py:188} INFO - [2026-08-22T16:46:57.489+0000] {dag.py:3036} INFO - Sync 2 DAGs
[2026-08-22T16:46:57.515+0000] {logging_mixin.py:188} INFO - [2026-08-22T16:46:57.515+0000] {dag.py:3823} INFO - Setting next_dagrun for 1_sports_goat_raw_to_clean to 2026-08-21 17:45:00+00:00, run_after=2026-08-22 17:45:00+00:00
[2026-08-22T16:46:57.521+0000] {logging_mixin.py:188} INFO - [2026-08-22T16:46:57.521+0000] {dag.py:3823} INFO - Setting next_dagrun for 2_sports_goat_run_batch to 2026-08-21 18:00:00+00:00, run_after=2026-08-22 18:00:00+00:00
[2026-08-22T16:46:57.545+0000] {processor.py:183} INFO - Processing /opt/airflow/dags/sports_goat_pipeline.py took 0.111 seconds
[2026-08-22T16:47:27.734+0000] {processor.py:161} INFO - Started process (PID=171) to work on /opt/airflow/dags/sports_goat_pipeline.py
[2026-08-22T16:47:27.736+0000] {processor.py:830} INFO - Processing file /opt/airflow/dags/sports_goat_pipeline.py for tasks to queue
[2026-08-22T16:47:27.738+0000] {logging_mixin.py:188} INFO - [2026-08-22T16:47:27.737+0000] {dagbag.py:538} INFO - Filling up the DagBag from /opt/airflow/dags/sports_goat_pipeline.py
[2026-08-22T16:47:27.756+0000] {processor.py:840} INFO - DAG(s) '1_sports_goat_raw_to_clean', '2_sports_goat_run_batch' retrieved from /opt/airflow/dags/sports_goat_pipeline.py
[2026-08-22T16:47:27.852+0000] {logging_mixin.py:188} INFO - [2026-08-22T16:47:27.851+0000] {dag.py:3036} INFO - Sync 2 DAGs
[2026-08-22T16:47:27.893+0000] {logging_mixin.py:188} INFO - [2026-08-22T16:47:27.893+0000] {dag.py:3823} INFO - Setting next_dagrun for 1_sports_goat_raw_to_clean to 2026-08-21 17:45:00+00:00, run_after=2026-08-22 17:45:00+00:00
[2026-08-22T16:47:27.901+0000] {logging_mixin.py:188} INFO - [2026-08-22T16:47:27.901+0000] {dag.py:3823} INFO - Setting next_dagrun for 2_sports_goat_run_batch to 2026-08-21 18:00:00+00:00, run_after=2026-08-22 18:00:00+00:00
[2026-08-22T16:47:27.931+0000] {processor.py:183} INFO - Processing /opt/airflow/dags/sports_goat_pipeline.py took 0.202 seconds
[2026-08-22T16:47:58.036+0000] {processor.py:161} INFO - Started process (PID=172) to work on /opt/airflow/dags/sports_goat_pipeline.py
[2026-08-22T16:47:58.037+0000] {processor.py:830} INFO - Processing file /opt/airflow/dags/sports_goat_pipeline.py for tasks to queue
[2026-08-22T16:47:58.039+0000] {logging_mixin.py:188} INFO - [2026-08-22T16:47:58.038+0000] {dagbag.py:538} INFO - Filling up the DagBag from /opt/airflow/dags/sports_goat_pipeline.py
[2026-08-22T16:47:58.064+0000] {processor.py:840} INFO - DAG(s) '2_sports_goat_run_batch', '1_sports_goat_raw_to_clean' retrieved from /opt/airflow/dags/sports_goat_pipeline.py
[2026-08-22T16:47:58.104+0000] {logging_mixin.py:188} INFO - [2026-08-22T16:47:58.104+0000] {dag.py:3036} INFO - Sync 2 DAGs
[2026-08-22T16:47:58.137+0000] {logging_mixin.py:188} INFO - [2026-08-22T16:47:58.137+0000] {dag.py:3823} INFO - Setting next_dagrun for 1_sports_goat_raw_to_clean to 2026-08-21 17:45:00+00:00, run_after=2026-08-22 17:45:00+00:00
[2026-08-22T16:47:58.146+0000] {logging_mixin.py:188} INFO - [2026-08-22T16:47:58.146+0000] {dag.py:3823} INFO - Setting next_dagrun for 2_sports_goat_run_batch to 2026-08-21 18:00:00+00:00, run_after=2026-08-22 18:00:00+00:00
[2026-08-22T16:47:58.178+0000] {processor.py:183} INFO - Processing /opt/airflow/dags/sports_goat_pipeline.py took 0.150 seconds
[2026-08-22T16:48:28.320+0000] {processor.py:161} INFO - Started process (PID=173) to work on /opt/airflow/dags/sports_goat_pipeline.py
[2026-08-22T16:48:28.321+0000] {processor.py:830} INFO - Processing file /opt/airflow/dags/sports_goat_pipeline.py for tasks to queue
[2026-08-22T16:48:28.324+0000] {logging_mixin.py:188} INFO - [2026-08-22T16:48:28.322+0000] {dagbag.py:538} INFO - Filling up the DagBag from /opt/airflow/dags/sports_goat_pipeline.py
[2026-08-22T16:48:28.351+0000] {processor.py:840} INFO - DAG(s) '1_sports_goat_raw_to_clean', '2_sports_goat_run_batch' retrieved from /opt/airflow/dags/sports_goat_pipeline.py
[2026-08-22T16:48:28.382+0000] {logging_mixin.py:188} INFO - [2026-08-22T16:48:28.382+0000] {dag.py:3036} INFO - Sync 2 DAGs
[2026-08-22T16:48:28.420+0000] {logging_mixin.py:188} INFO - [2026-08-22T16:48:28.420+0000] {dag.py:3823} INFO - Setting next_dagrun for 1_sports_goat_raw_to_clean to 2026-08-21 17:45:00+00:00, run_after=2026-08-22 17:45:00+00:00
[2026-08-22T16:48:28.427+0000] {logging_mixin.py:188} INFO - [2026-08-22T16:48:28.427+0000] {dag.py:3823} INFO - Setting next_dagrun for 2_sports_goat_run_batch to 2026-08-21 18:00:00+00:00, run_after=2026-08-22 18:00:00+00:00
[2026-08-22T16:48:28.452+0000] {processor.py:183} INFO - Processing /opt/airflow/dags/sports_goat_pipeline.py took 0.137 seconds
[2026-08-22T16:48:58.619+0000] {processor.py:161} INFO - Started process (PID=174) to work on /opt/airflow/dags/sports_goat_pipeline.py
[2026-08-22T16:48:58.621+0000] {processor.py:830} INFO - Processing file /opt/airflow/dags/sports_goat_pipeline.py for tasks to queue
[2026-08-22T16:48:58.623+0000] {logging_mixin.py:188} INFO - [2026-08-22T16:48:58.623+0000] {dagbag.py:538} INFO - Filling up the DagBag from /opt/airflow/dags/sports_goat_pipeline.py
[2026-08-22T16:48:58.642+0000] {processor.py:840} INFO - DAG(s) '2_sports_goat_run_batch', '1_sports_goat_raw_to_clean' retrieved from /opt/airflow/dags/sports_goat_pipeline.py
[2026-08-22T16:48:58.670+0000] {logging_mixin.py:188} INFO - [2026-08-22T16:48:58.670+0000] {dag.py:3036} INFO - Sync 2 DAGs
[2026-08-22T16:48:58.696+0000] {logging_mixin.py:188} INFO - [2026-08-22T16:48:58.696+0000] {dag.py:3823} INFO - Setting next_dagrun for 1_sports_goat_raw_to_clean to 2026-08-21 17:45:00+00:00, run_after=2026-08-22 17:45:00+00:00
[2026-08-22T16:48:58.704+0000] {logging_mixin.py:188} INFO - [2026-08-22T16:48:58.703+0000] {dag.py:3823} INFO - Setting next_dagrun for 2_sports_goat_run_batch to 2026-08-21 18:00:00+00:00, run_after=2026-08-22 18:00:00+00:00
[2026-08-22T16:48:58.729+0000] {processor.py:183} INFO - Processing /opt/airflow/dags/sports_goat_pipeline.py took 0.114 seconds
[2026-08-22T16:49:28.919+0000] {processor.py:161} INFO - Started process (PID=175) to work on /opt/airflow/dags/sports_goat_pipeline.py
[2026-08-22T16:49:28.924+0000] {processor.py:830} INFO - Processing file /opt/airflow/dags/sports_goat_pipeline.py for tasks to queue
[2026-08-22T16:49:28.925+0000] {logging_mixin.py:188} INFO - [2026-08-22T16:49:28.924+0000] {dagbag.py:538} INFO - Filling up the DagBag from /opt/airflow/dags/sports_goat_pipeline.py
[2026-08-22T16:49:28.940+0000] {processor.py:840} INFO - DAG(s) '1_sports_goat_raw_to_clean', '2_sports_goat_run_batch' retrieved from /opt/airflow/dags/sports_goat_pipeline.py
[2026-08-22T16:49:28.967+0000] {logging_mixin.py:188} INFO - [2026-08-22T16:49:28.967+0000] {dag.py:3036} INFO - Sync 2 DAGs
[2026-08-22T16:49:28.992+0000] {logging_mixin.py:188} INFO - [2026-08-22T16:49:28.992+0000] {dag.py:3823} INFO - Setting next_dagrun for 1_sports_goat_raw_to_clean to 2026-08-21 17:45:00+00:00, run_after=2026-08-22 17:45:00+00:00
[2026-08-22T16:49:28.998+0000] {logging_mixin.py:188} INFO - [2026-08-22T16:49:28.998+0000] {dag.py:3823} INFO - Setting next_dagrun for 2_sports_goat_run_batch to 2026-08-21 18:00:00+00:00, run_after=2026-08-22 18:00:00+00:00
[2026-08-22T16:49:29.020+0000] {processor.py:183} INFO - Processing /opt/airflow/dags/sports_goat_pipeline.py took 0.106 seconds
[2026-08-22T16:49:59.197+0000] {processor.py:161} INFO - Started process (PID=176) to work on /opt/airflow/dags/sports_goat_pipeline.py
[2026-08-22T16:49:59.200+0000] {processor.py:830} INFO - Processing file /opt/airflow/dags/sports_goat_pipeline.py for tasks to queue
[2026-08-22T16:49:59.206+0000] {logging_mixin.py:188} INFO - [2026-08-22T16:49:59.203+0000] {dagbag.py:538} INFO - Filling up the DagBag from /opt/airflow/dags/sports_goat_pipeline.py
[2026-08-22T16:49:59.237+0000] {processor.py:840} INFO - DAG(s) '1_sports_goat_raw_to_clean', '2_sports_goat_run_batch' retrieved from /opt/airflow/dags/sports_goat_pipeline.py
[2026-08-22T16:49:59.282+0000] {logging_mixin.py:188} INFO - [2026-08-22T16:49:59.281+0000] {dag.py:3036} INFO - Sync 2 DAGs
[2026-08-22T16:49:59.341+0000] {logging_mixin.py:188} INFO - [2026-08-22T16:49:59.341+0000] {dag.py:3823} INFO - Setting next_dagrun for 1_sports_goat_raw_to_clean to 2026-08-21 17:45:00+00:00, run_after=2026-08-22 17:45:00+00:00
[2026-08-22T16:49:59.350+0000] {logging_mixin.py:188} INFO - [2026-08-22T16:49:59.350+0000] {dag.py:3823} INFO - Setting next_dagrun for 2_sports_goat_run_batch to 2026-08-21 18:00:00+00:00, run_after=2026-08-22 18:00:00+00:00
[2026-08-22T16:49:59.380+0000] {processor.py:183} INFO - Processing /opt/airflow/dags/sports_goat_pipeline.py took 0.188 seconds
[2026-08-22T16:50:29.495+0000] {processor.py:161} INFO - Started process (PID=177) to work on /opt/airflow/dags/sports_goat_pipeline.py
[2026-08-22T16:50:29.497+0000] {processor.py:830} INFO - Processing file /opt/airflow/dags/sports_goat_pipeline.py for tasks to queue
[2026-08-22T16:50:29.498+0000] {logging_mixin.py:188} INFO - [2026-08-22T16:50:29.498+0000] {dagbag.py:538} INFO - Filling up the DagBag from /opt/airflow/dags/sports_goat_pipeline.py
[2026-08-22T16:50:29.516+0000] {processor.py:840} INFO - DAG(s) '1_sports_goat_raw_to_clean', '2_sports_goat_run_batch' retrieved from /opt/airflow/dags/sports_goat_pipeline.py
[2026-08-22T16:50:29.545+0000] {logging_mixin.py:188} INFO - [2026-08-22T16:50:29.544+0000] {dag.py:3036} INFO - Sync 2 DAGs
[2026-08-22T16:50:29.570+0000] {logging_mixin.py:188} INFO - [2026-08-22T16:50:29.569+0000] {dag.py:3823} INFO - Setting next_dagrun for 1_sports_goat_raw_to_clean to 2026-08-21 17:45:00+00:00, run_after=2026-08-22 17:45:00+00:00
[2026-08-22T16:50:29.577+0000] {logging_mixin.py:188} INFO - [2026-08-22T16:50:29.577+0000] {dag.py:3823} INFO - Setting next_dagrun for 2_sports_goat_run_batch to 2026-08-21 18:00:00+00:00, run_after=2026-08-22 18:00:00+00:00
[2026-08-22T16:50:29.601+0000] {processor.py:183} INFO - Processing /opt/airflow/dags/sports_goat_pipeline.py took 0.110 seconds
[2026-08-22T16:50:59.798+0000] {processor.py:161} INFO - Started process (PID=178) to work on /opt/airflow/dags/sports_goat_pipeline.py
[2026-08-22T16:50:59.801+0000] {processor.py:830} INFO - Processing file /opt/airflow/dags/sports_goat_pipeline.py for tasks to queue
[2026-08-22T16:50:59.803+0000] {logging_mixin.py:188} INFO - [2026-08-22T16:50:59.802+0000] {dagbag.py:538} INFO - Filling up the DagBag from /opt/airflow/dags/sports_goat_pipeline.py
[2026-08-22T16:50:59.835+0000] {processor.py:840} INFO - DAG(s) '2_sports_goat_run_batch', '1_sports_goat_raw_to_clean' retrieved from /opt/airflow/dags/sports_goat_pipeline.py
[2026-08-22T16:50:59.871+0000] {logging_mixin.py:188} INFO - [2026-08-22T16:50:59.871+0000] {dag.py:3036} INFO - Sync 2 DAGs
[2026-08-22T16:50:59.897+0000] {logging_mixin.py:188} INFO - [2026-08-22T16:50:59.897+0000] {dag.py:3823} INFO - Setting next_dagrun for 1_sports_goat_raw_to_clean to 2026-08-21 17:45:00+00:00, run_after=2026-08-22 17:45:00+00:00
[2026-08-22T16:50:59.905+0000] {logging_mixin.py:188} INFO - [2026-08-22T16:50:59.904+0000] {dag.py:3823} INFO - Setting next_dagrun for 2_sports_goat_run_batch to 2026-08-21 18:00:00+00:00, run_after=2026-08-22 18:00:00+00:00
[2026-08-22T16:50:59.934+0000] {processor.py:183} INFO - Processing /opt/airflow/dags/sports_goat_pipeline.py took 0.145 seconds
[2026-08-22T16:51:30.105+0000] {processor.py:161} INFO - Started process (PID=179) to work on /opt/airflow/dags/sports_goat_pipeline.py
[2026-08-22T16:51:30.107+0000] {processor.py:830} INFO - Processing file /opt/airflow/dags/sports_goat_pipeline.py for tasks to queue
[2026-08-22T16:51:30.109+0000] {logging_mixin.py:188} INFO - [2026-08-22T16:51:30.108+0000] {dagbag.py:538} INFO - Filling up the DagBag from /opt/airflow/dags/sports_goat_pipeline.py
[2026-08-22T16:51:30.127+0000] {processor.py:840} INFO - DAG(s) '1_sports_goat_raw_to_clean', '2_sports_goat_run_batch' retrieved from /opt/airflow/dags/sports_goat_pipeline.py
[2026-08-22T16:51:30.155+0000] {logging_mixin.py:188} INFO - [2026-08-22T16:51:30.154+0000] {dag.py:3036} INFO - Sync 2 DAGs
[2026-08-22T16:51:30.186+0000] {logging_mixin.py:188} INFO - [2026-08-22T16:51:30.186+0000] {dag.py:3823} INFO - Setting next_dagrun for 1_sports_goat_raw_to_clean to 2026-08-21 17:45:00+00:00, run_after=2026-08-22 17:45:00+00:00
[2026-08-22T16:51:30.192+0000] {logging_mixin.py:188} INFO - [2026-08-22T16:51:30.192+0000] {dag.py:3823} INFO - Setting next_dagrun for 2_sports_goat_run_batch to 2026-08-21 18:00:00+00:00, run_after=2026-08-22 18:00:00+00:00
[2026-08-22T16:51:30.214+0000] {processor.py:183} INFO - Processing /opt/airflow/dags/sports_goat_pipeline.py took 0.130 seconds
[2026-08-22T16:52:00.390+0000] {processor.py:161} INFO - Started process (PID=180) to work on /opt/airflow/dags/sports_goat_pipeline.py
[2026-08-22T16:52:00.392+0000] {processor.py:830} INFO - Processing file /opt/airflow/dags/sports_goat_pipeline.py for tasks to queue
[2026-08-22T16:52:00.394+0000] {logging_mixin.py:188} INFO - [2026-08-22T16:52:00.394+0000] {dagbag.py:538} INFO - Filling up the DagBag from /opt/airflow/dags/sports_goat_pipeline.py
[2026-08-22T16:52:00.415+0000] {processor.py:840} INFO - DAG(s) '2_sports_goat_run_batch', '1_sports_goat_raw_to_clean' retrieved from /opt/airflow/dags/sports_goat_pipeline.py
[2026-08-22T16:52:00.445+0000] {logging_mixin.py:188} INFO - [2026-08-22T16:52:00.445+0000] {dag.py:3036} INFO - Sync 2 DAGs
[2026-08-22T16:52:00.490+0000] {logging_mixin.py:188} INFO - [2026-08-22T16:52:00.490+0000] {dag.py:3823} INFO - Setting next_dagrun for 1_sports_goat_raw_to_clean to 2026-08-21 17:45:00+00:00, run_after=2026-08-22 17:45:00+00:00
[2026-08-22T16:52:00.498+0000] {logging_mixin.py:188} INFO - [2026-08-22T16:52:00.498+0000] {dag.py:3823} INFO - Setting next_dagrun for 2_sports_goat_run_batch to 2026-08-21 18:00:00+00:00, run_after=2026-08-22 18:00:00+00:00
[2026-08-22T16:52:00.532+0000] {processor.py:183} INFO - Processing /opt/airflow/dags/sports_goat_pipeline.py took 0.146 seconds
[2026-08-22T16:52:30.686+0000] {processor.py:161} INFO - Started process (PID=181) to work on /opt/airflow/dags/sports_goat_pipeline.py
[2026-08-22T16:52:30.688+0000] {processor.py:830} INFO - Processing file /opt/airflow/dags/sports_goat_pipeline.py for tasks to queue
[2026-08-22T16:52:30.690+0000] {logging_mixin.py:188} INFO - [2026-08-22T16:52:30.689+0000] {dagbag.py:538} INFO - Filling up the DagBag from /opt/airflow/dags/sports_goat_pipeline.py
[2026-08-22T16:52:30.707+0000] {processor.py:840} INFO - DAG(s) '1_sports_goat_raw_to_clean', '2_sports_goat_run_batch' retrieved from /opt/airflow/dags/sports_goat_pipeline.py
[2026-08-22T16:52:30.751+0000] {logging_mixin.py:188} INFO - [2026-08-22T16:52:30.750+0000] {dag.py:3036} INFO - Sync 2 DAGs
[2026-08-22T16:52:30.799+0000] {logging_mixin.py:188} INFO - [2026-08-22T16:52:30.799+0000] {dag.py:3823} INFO - Setting next_dagrun for 1_sports_goat_raw_to_clean to 2026-08-21 17:45:00+00:00, run_after=2026-08-22 17:45:00+00:00
[2026-08-22T16:52:30.810+0000] {logging_mixin.py:188} INFO - [2026-08-22T16:52:30.810+0000] {dag.py:3823} INFO - Setting next_dagrun for 2_sports_goat_run_batch to 2026-08-21 18:00:00+00:00, run_after=2026-08-22 18:00:00+00:00
[2026-08-22T16:52:30.853+0000] {processor.py:183} INFO - Processing /opt/airflow/dags/sports_goat_pipeline.py took 0.170 seconds
[2026-08-22T16:53:00.905+0000] {processor.py:161} INFO - Started process (PID=182) to work on /opt/airflow/dags/sports_goat_pipeline.py
[2026-08-22T16:53:00.906+0000] {processor.py:830} INFO - Processing file /opt/airflow/dags/sports_goat_pipeline.py for tasks to queue
[2026-08-22T16:53:00.908+0000] {logging_mixin.py:188} INFO - [2026-08-22T16:53:00.908+0000] {dagbag.py:538} INFO - Filling up the DagBag from /opt/airflow/dags/sports_goat_pipeline.py
[2026-08-22T16:53:00.929+0000] {processor.py:840} INFO - DAG(s) '1_sports_goat_raw_to_clean', '2_sports_goat_run_batch' retrieved from /opt/airflow/dags/sports_goat_pipeline.py
[2026-08-22T16:53:00.956+0000] {logging_mixin.py:188} INFO - [2026-08-22T16:53:00.956+0000] {dag.py:3036} INFO - Sync 2 DAGs
[2026-08-22T16:53:00.985+0000] {logging_mixin.py:188} INFO - [2026-08-22T16:53:00.985+0000] {dag.py:3823} INFO - Setting next_dagrun for 1_sports_goat_raw_to_clean to 2026-08-21 17:45:00+00:00, run_after=2026-08-22 17:45:00+00:00
[2026-08-22T16:53:00.991+0000] {logging_mixin.py:188} INFO - [2026-08-22T16:53:00.991+0000] {dag.py:3823} INFO - Setting next_dagrun for 2_sports_goat_run_batch to 2026-08-21 18:00:00+00:00, run_after=2026-08-22 18:00:00+00:00
[2026-08-22T16:53:01.015+0000] {processor.py:183} INFO - Processing /opt/airflow/dags/sports_goat_pipeline.py took 0.116 seconds
[2026-08-22T16:53:31.191+0000] {processor.py:161} INFO - Started process (PID=183) to work on /opt/airflow/dags/sports_goat_pipeline.py
[2026-08-22T16:53:31.193+0000] {processor.py:830} INFO - Processing file /opt/airflow/dags/sports_goat_pipeline.py for tasks to queue
[2026-08-22T16:53:31.194+0000] {logging_mixin.py:188} INFO - [2026-08-22T16:53:31.193+0000] {dagbag.py:538} INFO - Filling up the DagBag from /opt/airflow/dags/sports_goat_pipeline.py
[2026-08-22T16:53:31.211+0000] {processor.py:840} INFO - DAG(s) '1_sports_goat_raw_to_clean', '2_sports_goat_run_batch' retrieved from /opt/airflow/dags/sports_goat_pipeline.py
[2026-08-22T16:53:31.240+0000] {logging_mixin.py:188} INFO - [2026-08-22T16:53:31.239+0000] {dag.py:3036} INFO - Sync 2 DAGs
[2026-08-22T16:53:31.269+0000] {logging_mixin.py:188} INFO - [2026-08-22T16:53:31.269+0000] {dag.py:3823} INFO - Setting next_dagrun for 1_sports_goat_raw_to_clean to 2026-08-21 17:45:00+00:00, run_after=2026-08-22 17:45:00+00:00
[2026-08-22T16:53:31.275+0000] {logging_mixin.py:188} INFO - [2026-08-22T16:53:31.275+0000] {dag.py:3823} INFO - Setting next_dagrun for 2_sports_goat_run_batch to 2026-08-21 18:00:00+00:00, run_after=2026-08-22 18:00:00+00:00
[2026-08-22T16:53:31.297+0000] {processor.py:183} INFO - Processing /opt/airflow/dags/sports_goat_pipeline.py took 0.111 seconds
[2026-08-22T16:54:01.493+0000] {processor.py:161} INFO - Started process (PID=184) to work on /opt/airflow/dags/sports_goat_pipeline.py
[2026-08-22T16:54:01.495+0000] {processor.py:830} INFO - Processing file /opt/airflow/dags/sports_goat_pipeline.py for tasks to queue
[2026-08-22T16:54:01.497+0000] {logging_mixin.py:188} INFO - [2026-08-22T16:54:01.496+0000] {dagbag.py:538} INFO - Filling up the DagBag from /opt/airflow/dags/sports_goat_pipeline.py
[2026-08-22T16:54:01.517+0000] {processor.py:840} INFO - DAG(s) '1_sports_goat_raw_to_clean', '2_sports_goat_run_batch' retrieved from /opt/airflow/dags/sports_goat_pipeline.py
[2026-08-22T16:54:01.545+0000] {logging_mixin.py:188} INFO - [2026-08-22T16:54:01.545+0000] {dag.py:3036} INFO - Sync 2 DAGs
[2026-08-22T16:54:01.570+0000] {logging_mixin.py:188} INFO - [2026-08-22T16:54:01.570+0000] {dag.py:3823} INFO - Setting next_dagrun for 1_sports_goat_raw_to_clean to 2026-08-21 17:45:00+00:00, run_after=2026-08-22 17:45:00+00:00
[2026-08-22T16:54:01.577+0000] {logging_mixin.py:188} INFO - [2026-08-22T16:54:01.577+0000] {dag.py:3823} INFO - Setting next_dagrun for 2_sports_goat_run_batch to 2026-08-21 18:00:00+00:00, run_after=2026-08-22 18:00:00+00:00
[2026-08-22T16:54:01.600+0000] {processor.py:183} INFO - Processing /opt/airflow/dags/sports_goat_pipeline.py took 0.111 seconds
[2026-08-22T16:54:31.799+0000] {processor.py:161} INFO - Started process (PID=185) to work on /opt/airflow/dags/sports_goat_pipeline.py
[2026-08-22T16:54:31.802+0000] {processor.py:830} INFO - Processing file /opt/airflow/dags/sports_goat_pipeline.py for tasks to queue
[2026-08-22T16:54:31.804+0000] {logging_mixin.py:188} INFO - [2026-08-22T16:54:31.803+0000] {dagbag.py:538} INFO - Filling up the DagBag from /opt/airflow/dags/sports_goat_pipeline.py
[2026-08-22T16:54:31.836+0000] {processor.py:840} INFO - DAG(s) '2_sports_goat_run_batch', '1_sports_goat_raw_to_clean' retrieved from /opt/airflow/dags/sports_goat_pipeline.py
[2026-08-22T16:54:31.882+0000] {logging_mixin.py:188} INFO - [2026-08-22T16:54:31.881+0000] {dag.py:3036} INFO - Sync 2 DAGs
[2026-08-22T16:54:31.909+0000] {logging_mixin.py:188} INFO - [2026-08-22T16:54:31.908+0000] {dag.py:3823} INFO - Setting next_dagrun for 1_sports_goat_raw_to_clean to 2026-08-21 17:45:00+00:00, run_after=2026-08-22 17:45:00+00:00
[2026-08-22T16:54:31.916+0000] {logging_mixin.py:188} INFO - [2026-08-22T16:54:31.916+0000] {dag.py:3823} INFO - Setting next_dagrun for 2_sports_goat_run_batch to 2026-08-21 18:00:00+00:00, run_after=2026-08-22 18:00:00+00:00
[2026-08-22T16:54:31.938+0000] {processor.py:183} INFO - Processing /opt/airflow/dags/sports_goat_pipeline.py took 0.144 seconds
[2026-08-22T17:10:11.235+0000] {processor.py:161} INFO - Started process (PID=186) to work on /opt/airflow/dags/sports_goat_pipeline.py
[2026-08-22T17:10:11.249+0000] {processor.py:830} INFO - Processing file /opt/airflow/dags/sports_goat_pipeline.py for tasks to queue
[2026-08-22T17:10:11.298+0000] {logging_mixin.py:188} INFO - [2026-08-22T17:10:11.274+0000] {dagbag.py:538} INFO - Filling up the DagBag from /opt/airflow/dags/sports_goat_pipeline.py
[2026-08-22T17:10:11.382+0000] {processor.py:840} INFO - DAG(s) '1_sports_goat_raw_to_clean', '2_sports_goat_run_batch' retrieved from /opt/airflow/dags/sports_goat_pipeline.py
[2026-08-22T17:10:11.514+0000] {logging_mixin.py:188} INFO - [2026-08-22T17:10:11.514+0000] {dag.py:3036} INFO - Sync 2 DAGs
[2026-08-22T17:10:11.883+0000] {logging_mixin.py:188} INFO - [2026-08-22T17:10:11.883+0000] {dag.py:3823} INFO - Setting next_dagrun for 1_sports_goat_raw_to_clean to 2026-08-21 17:45:00+00:00, run_after=2026-08-22 17:45:00+00:00
[2026-08-22T17:10:11.899+0000] {logging_mixin.py:188} INFO - [2026-08-22T17:10:11.899+0000] {dag.py:3823} INFO - Setting next_dagrun for 2_sports_goat_run_batch to 2026-08-21 18:00:00+00:00, run_after=2026-08-22 18:00:00+00:00
[2026-08-22T17:10:12.015+0000] {processor.py:183} INFO - Processing /opt/airflow/dags/sports_goat_pipeline.py took 0.801 seconds
[2026-08-22T17:10:45.626+0000] {processor.py:161} INFO - Started process (PID=188) to work on /opt/airflow/dags/sports_goat_pipeline.py
[2026-08-22T17:10:45.941+0000] {processor.py:830} INFO - Processing file /opt/airflow/dags/sports_goat_pipeline.py for tasks to queue
[2026-08-22T17:10:46.246+0000] {logging_mixin.py:188} INFO - [2026-08-22T17:10:46.141+0000] {dagbag.py:538} INFO - Filling up the DagBag from /opt/airflow/dags/sports_goat_pipeline.py
[2026-08-22T17:10:51.640+0000] {processor.py:840} INFO - DAG(s) '1_sports_goat_raw_to_clean', '2_sports_goat_run_batch' retrieved from /opt/airflow/dags/sports_goat_pipeline.py
[2026-08-22T17:10:54.940+0000] {logging_mixin.py:188} INFO - [2026-08-22T17:10:54.929+0000] {dag.py:3036} INFO - Sync 2 DAGs
[2026-08-22T17:10:57.168+0000] {logging_mixin.py:188} INFO - [2026-08-22T17:10:57.156+0000] {dag.py:3823} INFO - Setting next_dagrun for 1_sports_goat_raw_to_clean to 2026-08-21 17:45:00+00:00, run_after=2026-08-22 17:45:00+00:00
[2026-08-22T17:10:57.601+0000] {logging_mixin.py:188} INFO - [2026-08-22T17:10:57.565+0000] {dag.py:3823} INFO - Setting next_dagrun for 2_sports_goat_run_batch to 2026-08-21 18:00:00+00:00, run_after=2026-08-22 18:00:00+00:00
[2026-08-22T17:10:59.804+0000] {processor.py:183} INFO - Processing /opt/airflow/dags/sports_goat_pipeline.py took 15.081 seconds
[2026-08-22T17:15:46.237+0000] {processor.py:161} INFO - Started process (PID=190) to work on /opt/airflow/dags/sports_goat_pipeline.py
[2026-08-22T17:15:46.493+0000] {processor.py:830} INFO - Processing file /opt/airflow/dags/sports_goat_pipeline.py for tasks to queue
[2026-08-22T17:15:46.506+0000] {logging_mixin.py:188} INFO - [2026-08-22T17:15:46.505+0000] {dagbag.py:538} INFO - Filling up the DagBag from /opt/airflow/dags/sports_goat_pipeline.py
[2026-08-22T17:15:48.254+0000] {processor.py:840} INFO - DAG(s) '2_sports_goat_run_batch', '1_sports_goat_raw_to_clean' retrieved from /opt/airflow/dags/sports_goat_pipeline.py
[2026-08-22T17:15:51.220+0000] {logging_mixin.py:188} INFO - [2026-08-22T17:15:51.219+0000] {dag.py:3036} INFO - Sync 2 DAGs
[2026-08-22T17:15:51.430+0000] {logging_mixin.py:188} INFO - [2026-08-22T17:15:51.429+0000] {dag.py:3823} INFO - Setting next_dagrun for 1_sports_goat_raw_to_clean to 2026-08-21 17:45:00+00:00, run_after=2026-08-22 17:45:00+00:00
[2026-08-22T17:15:51.455+0000] {logging_mixin.py:188} INFO - [2026-08-22T17:15:51.454+0000] {dag.py:3823} INFO - Setting next_dagrun for 2_sports_goat_run_batch to 2026-08-21 18:00:00+00:00, run_after=2026-08-22 18:00:00+00:00
[2026-08-22T17:15:51.582+0000] {processor.py:183} INFO - Processing /opt/airflow/dags/sports_goat_pipeline.py took 5.695 seconds
[2026-08-22T17:16:21.973+0000] {processor.py:161} INFO - Started process (PID=193) to work on /opt/airflow/dags/sports_goat_pipeline.py
[2026-08-22T17:16:21.976+0000] {processor.py:830} INFO - Processing file /opt/airflow/dags/sports_goat_pipeline.py for tasks to queue
[2026-08-22T17:16:21.978+0000] {logging_mixin.py:188} INFO - [2026-08-22T17:16:21.977+0000] {dagbag.py:538} INFO - Filling up the DagBag from /opt/airflow/dags/sports_goat_pipeline.py
[2026-08-22T17:16:22.090+0000] {processor.py:840} INFO - DAG(s) '1_sports_goat_raw_to_clean', '2_sports_goat_run_batch' retrieved from /opt/airflow/dags/sports_goat_pipeline.py
[2026-08-22T17:16:22.273+0000] {logging_mixin.py:188} INFO - [2026-08-22T17:16:22.272+0000] {dag.py:3036} INFO - Sync 2 DAGs
[2026-08-22T17:16:22.334+0000] {logging_mixin.py:188} INFO - [2026-08-22T17:16:22.334+0000] {dag.py:3823} INFO - Setting next_dagrun for 1_sports_goat_raw_to_clean to 2026-08-21 17:45:00+00:00, run_after=2026-08-22 17:45:00+00:00
[2026-08-22T17:16:22.340+0000] {logging_mixin.py:188} INFO - [2026-08-22T17:16:22.340+0000] {dag.py:3823} INFO - Setting next_dagrun for 2_sports_goat_run_batch to 2026-08-21 18:00:00+00:00, run_after=2026-08-22 18:00:00+00:00
[2026-08-22T17:16:22.370+0000] {processor.py:183} INFO - Processing /opt/airflow/dags/sports_goat_pipeline.py took 0.402 seconds
[2026-08-22T17:16:52.602+0000] {processor.py:161} INFO - Started process (PID=194) to work on /opt/airflow/dags/sports_goat_pipeline.py
[2026-08-22T17:16:52.605+0000] {processor.py:830} INFO - Processing file /opt/airflow/dags/sports_goat_pipeline.py for tasks to queue
[2026-08-22T17:16:52.606+0000] {logging_mixin.py:188} INFO - [2026-08-22T17:16:52.606+0000] {dagbag.py:538} INFO - Filling up the DagBag from /opt/airflow/dags/sports_goat_pipeline.py
[2026-08-22T17:16:52.635+0000] {processor.py:840} INFO - DAG(s) '2_sports_goat_run_batch', '1_sports_goat_raw_to_clean' retrieved from /opt/airflow/dags/sports_goat_pipeline.py
[2026-08-22T17:16:52.865+0000] {logging_mixin.py:188} INFO - [2026-08-22T17:16:52.865+0000] {dag.py:3036} INFO - Sync 2 DAGs
[2026-08-22T17:16:52.944+0000] {logging_mixin.py:188} INFO - [2026-08-22T17:16:52.943+0000] {dag.py:3823} INFO - Setting next_dagrun for 1_sports_goat_raw_to_clean to 2026-08-21 17:45:00+00:00, run_after=2026-08-22 17:45:00+00:00
[2026-08-22T17:16:52.963+0000] {logging_mixin.py:188} INFO - [2026-08-22T17:16:52.963+0000] {dag.py:3823} INFO - Setting next_dagrun for 2_sports_goat_run_batch to 2026-08-21 18:00:00+00:00, run_after=2026-08-22 18:00:00+00:00
[2026-08-22T17:16:53.015+0000] {processor.py:183} INFO - Processing /opt/airflow/dags/sports_goat_pipeline.py took 0.419 seconds
[2026-08-22T17:17:23.211+0000] {processor.py:161} INFO - Started process (PID=195) to work on /opt/airflow/dags/sports_goat_pipeline.py
[2026-08-22T17:17:23.214+0000] {processor.py:830} INFO - Processing file /opt/airflow/dags/sports_goat_pipeline.py for tasks to queue
[2026-08-22T17:17:23.217+0000] {logging_mixin.py:188} INFO - [2026-08-22T17:17:23.216+0000] {dagbag.py:538} INFO - Filling up the DagBag from /opt/airflow/dags/sports_goat_pipeline.py
[2026-08-22T17:17:23.238+0000] {processor.py:840} INFO - DAG(s) '2_sports_goat_run_batch', '1_sports_goat_raw_to_clean' retrieved from /opt/airflow/dags/sports_goat_pipeline.py
[2026-08-22T17:17:23.275+0000] {logging_mixin.py:188} INFO - [2026-08-22T17:17:23.274+0000] {dag.py:3036} INFO - Sync 2 DAGs
[2026-08-22T17:17:23.304+0000] {logging_mixin.py:188} INFO - [2026-08-22T17:17:23.304+0000] {dag.py:3823} INFO - Setting next_dagrun for 1_sports_goat_raw_to_clean to 2026-08-21 17:45:00+00:00, run_after=2026-08-22 17:45:00+00:00
[2026-08-22T17:17:23.312+0000] {logging_mixin.py:188} INFO - [2026-08-22T17:17:23.312+0000] {dag.py:3823} INFO - Setting next_dagrun for 2_sports_goat_run_batch to 2026-08-21 18:00:00+00:00, run_after=2026-08-22 18:00:00+00:00
[2026-08-22T17:17:23.338+0000] {processor.py:183} INFO - Processing /opt/airflow/dags/sports_goat_pipeline.py took 0.135 seconds
[2026-08-22T17:17:53.537+0000] {processor.py:161} INFO - Started process (PID=196) to work on /opt/airflow/dags/sports_goat_pipeline.py
[2026-08-22T17:17:53.539+0000] {processor.py:830} INFO - Processing file /opt/airflow/dags/sports_goat_pipeline.py for tasks to queue
[2026-08-22T17:17:53.540+0000] {logging_mixin.py:188} INFO - [2026-08-22T17:17:53.540+0000] {dagbag.py:538} INFO - Filling up the DagBag from /opt/airflow/dags/sports_goat_pipeline.py
[2026-08-22T17:17:53.563+0000] {processor.py:840} INFO - DAG(s) '2_sports_goat_run_batch', '1_sports_goat_raw_to_clean' retrieved from /opt/airflow/dags/sports_goat_pipeline.py
[2026-08-22T17:17:53.601+0000] {logging_mixin.py:188} INFO - [2026-08-22T17:17:53.600+0000] {dag.py:3036} INFO - Sync 2 DAGs
[2026-08-22T17:17:53.635+0000] {logging_mixin.py:188} INFO - [2026-08-22T17:17:53.635+0000] {dag.py:3823} INFO - Setting next_dagrun for 1_sports_goat_raw_to_clean to 2026-08-21 17:45:00+00:00, run_after=2026-08-22 17:45:00+00:00
[2026-08-22T17:17:53.643+0000] {logging_mixin.py:188} INFO - [2026-08-22T17:17:53.642+0000] {dag.py:3823} INFO - Setting next_dagrun for 2_sports_goat_run_batch to 2026-08-21 18:00:00+00:00, run_after=2026-08-22 18:00:00+00:00
[2026-08-22T17:17:53.667+0000] {processor.py:183} INFO - Processing /opt/airflow/dags/sports_goat_pipeline.py took 0.136 seconds
[2026-08-22T17:18:23.844+0000] {processor.py:161} INFO - Started process (PID=197) to work on /opt/airflow/dags/sports_goat_pipeline.py
[2026-08-22T17:18:23.846+0000] {processor.py:830} INFO - Processing file /opt/airflow/dags/sports_goat_pipeline.py for tasks to queue
[2026-08-22T17:18:23.848+0000] {logging_mixin.py:188} INFO - [2026-08-22T17:18:23.847+0000] {dagbag.py:538} INFO - Filling up the DagBag from /opt/airflow/dags/sports_goat_pipeline.py
[2026-08-22T17:18:23.873+0000] {processor.py:840} INFO - DAG(s) '1_sports_goat_raw_to_clean', '2_sports_goat_run_batch' retrieved from /opt/airflow/dags/sports_goat_pipeline.py
[2026-08-22T17:18:23.937+0000] {logging_mixin.py:188} INFO - [2026-08-22T17:18:23.936+0000] {dag.py:3036} INFO - Sync 2 DAGs
[2026-08-22T17:18:23.977+0000] {logging_mixin.py:188} INFO - [2026-08-22T17:18:23.977+0000] {dag.py:3823} INFO - Setting next_dagrun for 1_sports_goat_raw_to_clean to 2026-08-21 17:45:00+00:00, run_after=2026-08-22 17:45:00+00:00
[2026-08-22T17:18:23.983+0000] {logging_mixin.py:188} INFO - [2026-08-22T17:18:23.983+0000] {dag.py:3823} INFO - Setting next_dagrun for 2_sports_goat_run_batch to 2026-08-21 18:00:00+00:00, run_after=2026-08-22 18:00:00+00:00
[2026-08-22T17:18:24.017+0000] {processor.py:183} INFO - Processing /opt/airflow/dags/sports_goat_pipeline.py took 0.177 seconds
[2026-08-22T17:18:54.157+0000] {processor.py:161} INFO - Started process (PID=198) to work on /opt/airflow/dags/sports_goat_pipeline.py
[2026-08-22T17:18:54.159+0000] {processor.py:830} INFO - Processing file /opt/airflow/dags/sports_goat_pipeline.py for tasks to queue
[2026-08-22T17:18:54.161+0000] {logging_mixin.py:188} INFO - [2026-08-22T17:18:54.160+0000] {dagbag.py:538} INFO - Filling up the DagBag from /opt/airflow/dags/sports_goat_pipeline.py
[2026-08-22T17:18:54.184+0000] {processor.py:840} INFO - DAG(s) '1_sports_goat_raw_to_clean', '2_sports_goat_run_batch' retrieved from /opt/airflow/dags/sports_goat_pipeline.py
[2026-08-22T17:18:54.218+0000] {logging_mixin.py:188} INFO - [2026-08-22T17:18:54.218+0000] {dag.py:3036} INFO - Sync 2 DAGs
[2026-08-22T17:18:54.249+0000] {logging_mixin.py:188} INFO - [2026-08-22T17:18:54.248+0000] {dag.py:3823} INFO - Setting next_dagrun for 1_sports_goat_raw_to_clean to 2026-08-21 17:45:00+00:00, run_after=2026-08-22 17:45:00+00:00
[2026-08-22T17:18:54.255+0000] {logging_mixin.py:188} INFO - [2026-08-22T17:18:54.255+0000] {dag.py:3823} INFO - Setting next_dagrun for 2_sports_goat_run_batch to 2026-08-21 18:00:00+00:00, run_after=2026-08-22 18:00:00+00:00
[2026-08-22T17:18:54.288+0000] {processor.py:183} INFO - Processing /opt/airflow/dags/sports_goat_pipeline.py took 0.137 seconds
[2026-08-22T17:19:24.459+0000] {processor.py:161} INFO - Started process (PID=199) to work on /opt/airflow/dags/sports_goat_pipeline.py
[2026-08-22T17:19:24.461+0000] {processor.py:830} INFO - Processing file /opt/airflow/dags/sports_goat_pipeline.py for tasks to queue
[2026-08-22T17:19:24.463+0000] {logging_mixin.py:188} INFO - [2026-08-22T17:19:24.462+0000] {dagbag.py:538} INFO - Filling up the DagBag from /opt/airflow/dags/sports_goat_pipeline.py
[2026-08-22T17:19:24.483+0000] {processor.py:840} INFO - DAG(s) '1_sports_goat_raw_to_clean', '2_sports_goat_run_batch' retrieved from /opt/airflow/dags/sports_goat_pipeline.py
[2026-08-22T17:19:24.518+0000] {logging_mixin.py:188} INFO - [2026-08-22T17:19:24.517+0000] {dag.py:3036} INFO - Sync 2 DAGs
[2026-08-22T17:19:24.545+0000] {logging_mixin.py:188} INFO - [2026-08-22T17:19:24.544+0000] {dag.py:3823} INFO - Setting next_dagrun for 1_sports_goat_raw_to_clean to 2026-08-21 17:45:00+00:00, run_after=2026-08-22 17:45:00+00:00
[2026-08-22T17:19:24.552+0000] {logging_mixin.py:188} INFO - [2026-08-22T17:19:24.552+0000] {dag.py:3823} INFO - Setting next_dagrun for 2_sports_goat_run_batch to 2026-08-21 18:00:00+00:00, run_after=2026-08-22 18:00:00+00:00
[2026-08-22T17:19:24.575+0000] {processor.py:183} INFO - Processing /opt/airflow/dags/sports_goat_pipeline.py took 0.120 seconds
[2026-08-22T17:19:54.767+0000] {processor.py:161} INFO - Started process (PID=200) to work on /opt/airflow/dags/sports_goat_pipeline.py
[2026-08-22T17:19:54.769+0000] {processor.py:830} INFO - Processing file /opt/airflow/dags/sports_goat_pipeline.py for tasks to queue
[2026-08-22T17:19:54.771+0000] {logging_mixin.py:188} INFO - [2026-08-22T17:19:54.770+0000] {dagbag.py:538} INFO - Filling up the DagBag from /opt/airflow/dags/sports_goat_pipeline.py
[2026-08-22T17:19:54.789+0000] {processor.py:840} INFO - DAG(s) '2_sports_goat_run_batch', '1_sports_goat_raw_to_clean' retrieved from /opt/airflow/dags/sports_goat_pipeline.py
[2026-08-22T17:19:54.824+0000] {logging_mixin.py:188} INFO - [2026-08-22T17:19:54.823+0000] {dag.py:3036} INFO - Sync 2 DAGs
[2026-08-22T17:19:54.863+0000] {logging_mixin.py:188} INFO - [2026-08-22T17:19:54.863+0000] {dag.py:3823} INFO - Setting next_dagrun for 1_sports_goat_raw_to_clean to 2026-08-21 17:45:00+00:00, run_after=2026-08-22 17:45:00+00:00
[2026-08-22T17:19:54.870+0000] {logging_mixin.py:188} INFO - [2026-08-22T17:19:54.870+0000] {dag.py:3823} INFO - Setting next_dagrun for 2_sports_goat_run_batch to 2026-08-21 18:00:00+00:00, run_after=2026-08-22 18:00:00+00:00
[2026-08-22T17:19:54.893+0000] {processor.py:183} INFO - Processing /opt/airflow/dags/sports_goat_pipeline.py took 0.132 seconds
[2026-08-22T17:20:25.086+0000] {processor.py:161} INFO - Started process (PID=201) to work on /opt/airflow/dags/sports_goat_pipeline.py
[2026-08-22T17:20:25.088+0000] {processor.py:830} INFO - Processing file /opt/airflow/dags/sports_goat_pipeline.py for tasks to queue
[2026-08-22T17:20:25.089+0000] {logging_mixin.py:188} INFO - [2026-08-22T17:20:25.089+0000] {dagbag.py:538} INFO - Filling up the DagBag from /opt/airflow/dags/sports_goat_pipeline.py
[2026-08-22T17:20:25.113+0000] {processor.py:840} INFO - DAG(s) '1_sports_goat_raw_to_clean', '2_sports_goat_run_batch' retrieved from /opt/airflow/dags/sports_goat_pipeline.py
[2026-08-22T17:20:25.149+0000] {logging_mixin.py:188} INFO - [2026-08-22T17:20:25.148+0000] {dag.py:3036} INFO - Sync 2 DAGs
[2026-08-22T17:20:25.179+0000] {logging_mixin.py:188} INFO - [2026-08-22T17:20:25.178+0000] {dag.py:3823} INFO - Setting next_dagrun for 1_sports_goat_raw_to_clean to 2026-08-21 17:45:00+00:00, run_after=2026-08-22 17:45:00+00:00
[2026-08-22T17:20:25.187+0000] {logging_mixin.py:188} INFO - [2026-08-22T17:20:25.187+0000] {dag.py:3823} INFO - Setting next_dagrun for 2_sports_goat_run_batch to 2026-08-21 18:00:00+00:00, run_after=2026-08-22 18:00:00+00:00
[2026-08-22T17:20:25.221+0000] {processor.py:183} INFO - Processing /opt/airflow/dags/sports_goat_pipeline.py took 0.140 seconds
[2026-08-22T17:20:56.329+0000] {processor.py:161} INFO - Started process (PID=222) to work on /opt/airflow/dags/sports_goat_pipeline.py
[2026-08-22T17:20:56.332+0000] {processor.py:830} INFO - Processing file /opt/airflow/dags/sports_goat_pipeline.py for tasks to queue
[2026-08-22T17:20:56.334+0000] {logging_mixin.py:188} INFO - [2026-08-22T17:20:56.333+0000] {dagbag.py:538} INFO - Filling up the DagBag from /opt/airflow/dags/sports_goat_pipeline.py
[2026-08-22T17:20:56.359+0000] {processor.py:840} INFO - DAG(s) '1_sports_goat_raw_to_clean', '2_sports_goat_run_batch' retrieved from /opt/airflow/dags/sports_goat_pipeline.py
[2026-08-22T17:20:56.393+0000] {logging_mixin.py:188} INFO - [2026-08-22T17:20:56.393+0000] {dag.py:3036} INFO - Sync 2 DAGs
[2026-08-22T17:20:56.425+0000] {logging_mixin.py:188} INFO - [2026-08-22T17:20:56.425+0000] {dag.py:3823} INFO - Setting next_dagrun for 1_sports_goat_raw_to_clean to 2026-08-21 17:45:00+00:00, run_after=2026-08-22 17:45:00+00:00
[2026-08-22T17:20:56.431+0000] {logging_mixin.py:188} INFO - [2026-08-22T17:20:56.431+0000] {dag.py:3823} INFO - Setting next_dagrun for 2_sports_goat_run_batch to 2026-08-21 18:00:00+00:00, run_after=2026-08-22 18:00:00+00:00
[2026-08-22T17:20:56.455+0000] {processor.py:183} INFO - Processing /opt/airflow/dags/sports_goat_pipeline.py took 0.131 seconds
[2026-08-22T17:21:26.780+0000] {processor.py:161} INFO - Started process (PID=223) to work on /opt/airflow/dags/sports_goat_pipeline.py
[2026-08-22T17:21:26.782+0000] {processor.py:830} INFO - Processing file /opt/airflow/dags/sports_goat_pipeline.py for tasks to queue
[2026-08-22T17:21:26.785+0000] {logging_mixin.py:188} INFO - [2026-08-22T17:21:26.784+0000] {dagbag.py:538} INFO - Filling up the DagBag from /opt/airflow/dags/sports_goat_pipeline.py
[2026-08-22T17:21:26.813+0000] {processor.py:840} INFO - DAG(s) '2_sports_goat_run_batch', '1_sports_goat_raw_to_clean' retrieved from /opt/airflow/dags/sports_goat_pipeline.py
[2026-08-22T17:21:26.858+0000] {logging_mixin.py:188} INFO - [2026-08-22T17:21:26.858+0000] {dag.py:3036} INFO - Sync 2 DAGs
[2026-08-22T17:21:26.891+0000] {logging_mixin.py:188} INFO - [2026-08-22T17:21:26.890+0000] {dag.py:3823} INFO - Setting next_dagrun for 1_sports_goat_raw_to_clean to 2026-08-21 17:45:00+00:00, run_after=2026-08-22 17:45:00+00:00
[2026-08-22T17:21:26.900+0000] {logging_mixin.py:188} INFO - [2026-08-22T17:21:26.900+0000] {dag.py:3823} INFO - Setting next_dagrun for 2_sports_goat_run_batch to 2026-08-21 18:00:00+00:00, run_after=2026-08-22 18:00:00+00:00
[2026-08-22T17:21:26.935+0000] {processor.py:183} INFO - Processing /opt/airflow/dags/sports_goat_pipeline.py took 0.162 seconds
[2026-08-22T17:21:57.126+0000] {processor.py:161} INFO - Started process (PID=224) to work on /opt/airflow/dags/sports_goat_pipeline.py
[2026-08-22T17:21:57.128+0000] {processor.py:830} INFO - Processing file /opt/airflow/dags/sports_goat_pipeline.py for tasks to queue
[2026-08-22T17:21:57.129+0000] {logging_mixin.py:188} INFO - [2026-08-22T17:21:57.129+0000] {dagbag.py:538} INFO - Filling up the DagBag from /opt/airflow/dags/sports_goat_pipeline.py
[2026-08-22T17:21:57.146+0000] {processor.py:840} INFO - DAG(s) '2_sports_goat_run_batch', '1_sports_goat_raw_to_clean' retrieved from /opt/airflow/dags/sports_goat_pipeline.py
[2026-08-22T17:21:57.173+0000] {logging_mixin.py:188} INFO - [2026-08-22T17:21:57.173+0000] {dag.py:3036} INFO - Sync 2 DAGs
[2026-08-22T17:21:57.198+0000] {logging_mixin.py:188} INFO - [2026-08-22T17:21:57.198+0000] {dag.py:3823} INFO - Setting next_dagrun for 1_sports_goat_raw_to_clean to 2026-08-21 17:45:00+00:00, run_after=2026-08-22 17:45:00+00:00
[2026-08-22T17:21:57.204+0000] {logging_mixin.py:188} INFO - [2026-08-22T17:21:57.204+0000] {dag.py:3823} INFO - Setting next_dagrun for 2_sports_goat_run_batch to 2026-08-21 18:00:00+00:00, run_after=2026-08-22 18:00:00+00:00
[2026-08-22T17:21:57.234+0000] {processor.py:183} INFO - Processing /opt/airflow/dags/sports_goat_pipeline.py took 0.113 seconds
[2026-08-22T17:22:27.428+0000] {processor.py:161} INFO - Started process (PID=238) to work on /opt/airflow/dags/sports_goat_pipeline.py
[2026-08-22T17:22:27.430+0000] {processor.py:830} INFO - Processing file /opt/airflow/dags/sports_goat_pipeline.py for tasks to queue
[2026-08-22T17:22:27.431+0000] {logging_mixin.py:188} INFO - [2026-08-22T17:22:27.431+0000] {dagbag.py:538} INFO - Filling up the DagBag from /opt/airflow/dags/sports_goat_pipeline.py
[2026-08-22T17:22:27.448+0000] {processor.py:840} INFO - DAG(s) '1_sports_goat_raw_to_clean', '2_sports_goat_run_batch' retrieved from /opt/airflow/dags/sports_goat_pipeline.py
[2026-08-22T17:22:27.475+0000] {logging_mixin.py:188} INFO - [2026-08-22T17:22:27.475+0000] {dag.py:3036} INFO - Sync 2 DAGs
[2026-08-22T17:22:27.501+0000] {logging_mixin.py:188} INFO - [2026-08-22T17:22:27.501+0000] {dag.py:3823} INFO - Setting next_dagrun for 1_sports_goat_raw_to_clean to 2026-08-21 17:45:00+00:00, run_after=2026-08-22 17:45:00+00:00
[2026-08-22T17:22:27.506+0000] {logging_mixin.py:188} INFO - [2026-08-22T17:22:27.506+0000] {dag.py:3823} INFO - Setting next_dagrun for 2_sports_goat_run_batch to 2026-08-21 18:00:00+00:00, run_after=2026-08-22 18:00:00+00:00
[2026-08-22T17:22:27.529+0000] {processor.py:183} INFO - Processing /opt/airflow/dags/sports_goat_pipeline.py took 0.106 seconds
[2026-08-22T17:22:57.763+0000] {processor.py:161} INFO - Started process (PID=245) to work on /opt/airflow/dags/sports_goat_pipeline.py
[2026-08-22T17:22:57.764+0000] {processor.py:830} INFO - Processing file /opt/airflow/dags/sports_goat_pipeline.py for tasks to queue
[2026-08-22T17:22:57.766+0000] {logging_mixin.py:188} INFO - [2026-08-22T17:22:57.766+0000] {dagbag.py:538} INFO - Filling up the DagBag from /opt/airflow/dags/sports_goat_pipeline.py
[2026-08-22T17:22:57.788+0000] {processor.py:840} INFO - DAG(s) '1_sports_goat_raw_to_clean', '2_sports_goat_run_batch' retrieved from /opt/airflow/dags/sports_goat_pipeline.py
[2026-08-22T17:22:57.832+0000] {logging_mixin.py:188} INFO - [2026-08-22T17:22:57.831+0000] {dag.py:3036} INFO - Sync 2 DAGs
[2026-08-22T17:22:57.864+0000] {logging_mixin.py:188} INFO - [2026-08-22T17:22:57.864+0000] {dag.py:3823} INFO - Setting next_dagrun for 1_sports_goat_raw_to_clean to 2026-08-21 17:45:00+00:00, run_after=2026-08-22 17:45:00+00:00
[2026-08-22T17:22:57.874+0000] {logging_mixin.py:188} INFO - [2026-08-22T17:22:57.873+0000] {dag.py:3823} INFO - Setting next_dagrun for 2_sports_goat_run_batch to 2026-08-21 18:00:00+00:00, run_after=2026-08-22 18:00:00+00:00
[2026-08-22T17:22:57.899+0000] {processor.py:183} INFO - Processing /opt/airflow/dags/sports_goat_pipeline.py took 0.142 seconds
[2026-08-22T17:23:28.082+0000] {processor.py:161} INFO - Started process (PID=275) to work on /opt/airflow/dags/sports_goat_pipeline.py
[2026-08-22T17:23:28.084+0000] {processor.py:830} INFO - Processing file /opt/airflow/dags/sports_goat_pipeline.py for tasks to queue
[2026-08-22T17:23:28.085+0000] {logging_mixin.py:188} INFO - [2026-08-22T17:23:28.085+0000] {dagbag.py:538} INFO - Filling up the DagBag from /opt/airflow/dags/sports_goat_pipeline.py
[2026-08-22T17:23:28.142+0000] {processor.py:840} INFO - DAG(s) '2_sports_goat_run_batch', '1_sports_goat_raw_to_clean' retrieved from /opt/airflow/dags/sports_goat_pipeline.py
[2026-08-22T17:23:28.180+0000] {logging_mixin.py:188} INFO - [2026-08-22T17:23:28.180+0000] {dag.py:3036} INFO - Sync 2 DAGs
[2026-08-22T17:23:28.206+0000] {logging_mixin.py:188} INFO - [2026-08-22T17:23:28.206+0000] {dag.py:3823} INFO - Setting next_dagrun for 1_sports_goat_raw_to_clean to 2026-08-21 17:45:00+00:00, run_after=2026-08-22 17:45:00+00:00
[2026-08-22T17:23:28.216+0000] {logging_mixin.py:188} INFO - [2026-08-22T17:23:28.216+0000] {dag.py:3823} INFO - Setting next_dagrun for 2_sports_goat_run_batch to 2026-08-21 18:00:00+00:00, run_after=2026-08-22 18:00:00+00:00
[2026-08-22T17:23:28.257+0000] {processor.py:183} INFO - Processing /opt/airflow/dags/sports_goat_pipeline.py took 0.180 seconds
[2026-08-22T17:23:58.395+0000] {processor.py:161} INFO - Started process (PID=282) to work on /opt/airflow/dags/sports_goat_pipeline.py
[2026-08-22T17:23:58.397+0000] {processor.py:830} INFO - Processing file /opt/airflow/dags/sports_goat_pipeline.py for tasks to queue
[2026-08-22T17:23:58.398+0000] {logging_mixin.py:188} INFO - [2026-08-22T17:23:58.398+0000] {dagbag.py:538} INFO - Filling up the DagBag from /opt/airflow/dags/sports_goat_pipeline.py
[2026-08-22T17:23:58.417+0000] {processor.py:840} INFO - DAG(s) '1_sports_goat_raw_to_clean', '2_sports_goat_run_batch' retrieved from /opt/airflow/dags/sports_goat_pipeline.py
[2026-08-22T17:23:58.449+0000] {logging_mixin.py:188} INFO - [2026-08-22T17:23:58.448+0000] {dag.py:3036} INFO - Sync 2 DAGs
[2026-08-22T17:23:58.476+0000] {logging_mixin.py:188} INFO - [2026-08-22T17:23:58.475+0000] {dag.py:3823} INFO - Setting next_dagrun for 1_sports_goat_raw_to_clean to 2026-08-21 17:45:00+00:00, run_after=2026-08-22 17:45:00+00:00
[2026-08-22T17:23:58.481+0000] {logging_mixin.py:188} INFO - [2026-08-22T17:23:58.481+0000] {dag.py:3823} INFO - Setting next_dagrun for 2_sports_goat_run_batch to 2026-08-21 18:00:00+00:00, run_after=2026-08-22 18:00:00+00:00
[2026-08-22T17:23:58.503+0000] {processor.py:183} INFO - Processing /opt/airflow/dags/sports_goat_pipeline.py took 0.112 seconds
[2026-08-22T17:24:28.706+0000] {processor.py:161} INFO - Started process (PID=283) to work on /opt/airflow/dags/sports_goat_pipeline.py
[2026-08-22T17:24:28.708+0000] {processor.py:830} INFO - Processing file /opt/airflow/dags/sports_goat_pipeline.py for tasks to queue
[2026-08-22T17:24:28.710+0000] {logging_mixin.py:188} INFO - [2026-08-22T17:24:28.709+0000] {dagbag.py:538} INFO - Filling up the DagBag from /opt/airflow/dags/sports_goat_pipeline.py
[2026-08-22T17:24:28.736+0000] {processor.py:840} INFO - DAG(s) '2_sports_goat_run_batch', '1_sports_goat_raw_to_clean' retrieved from /opt/airflow/dags/sports_goat_pipeline.py
[2026-08-22T17:24:28.844+0000] {logging_mixin.py:188} INFO - [2026-08-22T17:24:28.844+0000] {dag.py:3036} INFO - Sync 2 DAGs
[2026-08-22T17:24:28.941+0000] {logging_mixin.py:188} INFO - [2026-08-22T17:24:28.941+0000] {dag.py:3823} INFO - Setting next_dagrun for 1_sports_goat_raw_to_clean to 2026-08-21 17:45:00+00:00, run_after=2026-08-22 17:45:00+00:00
[2026-08-22T17:24:28.951+0000] {logging_mixin.py:188} INFO - [2026-08-22T17:24:28.950+0000] {dag.py:3823} INFO - Setting next_dagrun for 2_sports_goat_run_batch to 2026-08-21 18:00:00+00:00, run_after=2026-08-22 18:00:00+00:00
[2026-08-22T17:24:28.994+0000] {processor.py:183} INFO - Processing /opt/airflow/dags/sports_goat_pipeline.py took 0.294 seconds
[2026-08-22T17:24:59.188+0000] {processor.py:161} INFO - Started process (PID=284) to work on /opt/airflow/dags/sports_goat_pipeline.py
[2026-08-22T17:24:59.190+0000] {processor.py:830} INFO - Processing file /opt/airflow/dags/sports_goat_pipeline.py for tasks to queue
[2026-08-22T17:24:59.193+0000] {logging_mixin.py:188} INFO - [2026-08-22T17:24:59.192+0000] {dagbag.py:538} INFO - Filling up the DagBag from /opt/airflow/dags/sports_goat_pipeline.py
[2026-08-22T17:24:59.219+0000] {processor.py:840} INFO - DAG(s) '2_sports_goat_run_batch', '1_sports_goat_raw_to_clean' retrieved from /opt/airflow/dags/sports_goat_pipeline.py
[2026-08-22T17:24:59.259+0000] {logging_mixin.py:188} INFO - [2026-08-22T17:24:59.259+0000] {dag.py:3036} INFO - Sync 2 DAGs
[2026-08-22T17:24:59.291+0000] {logging_mixin.py:188} INFO - [2026-08-22T17:24:59.291+0000] {dag.py:3823} INFO - Setting next_dagrun for 1_sports_goat_raw_to_clean to 2026-08-21 17:45:00+00:00, run_after=2026-08-22 17:45:00+00:00
[2026-08-22T17:24:59.298+0000] {logging_mixin.py:188} INFO - [2026-08-22T17:24:59.298+0000] {dag.py:3823} INFO - Setting next_dagrun for 2_sports_goat_run_batch to 2026-08-21 18:00:00+00:00, run_after=2026-08-22 18:00:00+00:00
[2026-08-22T17:24:59.324+0000] {processor.py:183} INFO - Processing /opt/airflow/dags/sports_goat_pipeline.py took 0.144 seconds
[2026-08-22T17:25:29.512+0000] {processor.py:161} INFO - Started process (PID=285) to work on /opt/airflow/dags/sports_goat_pipeline.py
[2026-08-22T17:25:29.515+0000] {processor.py:830} INFO - Processing file /opt/airflow/dags/sports_goat_pipeline.py for tasks to queue
[2026-08-22T17:25:29.517+0000] {logging_mixin.py:188} INFO - [2026-08-22T17:25:29.516+0000] {dagbag.py:538} INFO - Filling up the DagBag from /opt/airflow/dags/sports_goat_pipeline.py
[2026-08-22T17:25:29.542+0000] {processor.py:840} INFO - DAG(s) '2_sports_goat_run_batch', '1_sports_goat_raw_to_clean' retrieved from /opt/airflow/dags/sports_goat_pipeline.py
[2026-08-22T17:25:29.640+0000] {logging_mixin.py:188} INFO - [2026-08-22T17:25:29.640+0000] {dag.py:3036} INFO - Sync 2 DAGs
[2026-08-22T17:25:29.666+0000] {logging_mixin.py:188} INFO - [2026-08-22T17:25:29.665+0000] {dag.py:3823} INFO - Setting next_dagrun for 1_sports_goat_raw_to_clean to 2026-08-21 17:45:00+00:00, run_after=2026-08-22 17:45:00+00:00
[2026-08-22T17:25:29.672+0000] {logging_mixin.py:188} INFO - [2026-08-22T17:25:29.672+0000] {dag.py:3823} INFO - Setting next_dagrun for 2_sports_goat_run_batch to 2026-08-21 18:00:00+00:00, run_after=2026-08-22 18:00:00+00:00
[2026-08-22T17:25:29.703+0000] {processor.py:183} INFO - Processing /opt/airflow/dags/sports_goat_pipeline.py took 0.205 seconds
[2026-08-22T17:25:59.938+0000] {processor.py:161} INFO - Started process (PID=286) to work on /opt/airflow/dags/sports_goat_pipeline.py
[2026-08-22T17:25:59.940+0000] {processor.py:830} INFO - Processing file /opt/airflow/dags/sports_goat_pipeline.py for tasks to queue
[2026-08-22T17:25:59.942+0000] {logging_mixin.py:188} INFO - [2026-08-22T17:25:59.942+0000] {dagbag.py:538} INFO - Filling up the DagBag from /opt/airflow/dags/sports_goat_pipeline.py
[2026-08-22T17:25:59.965+0000] {processor.py:840} INFO - DAG(s) '2_sports_goat_run_batch', '1_sports_goat_raw_to_clean' retrieved from /opt/airflow/dags/sports_goat_pipeline.py
[2026-08-22T17:26:00.008+0000] {logging_mixin.py:188} INFO - [2026-08-22T17:26:00.008+0000] {dag.py:3036} INFO - Sync 2 DAGs
[2026-08-22T17:26:00.039+0000] {logging_mixin.py:188} INFO - [2026-08-22T17:26:00.039+0000] {dag.py:3823} INFO - Setting next_dagrun for 1_sports_goat_raw_to_clean to 2026-08-21 17:45:00+00:00, run_after=2026-08-22 17:45:00+00:00
[2026-08-22T17:26:00.045+0000] {logging_mixin.py:188} INFO - [2026-08-22T17:26:00.045+0000] {dag.py:3823} INFO - Setting next_dagrun for 2_sports_goat_run_batch to 2026-08-21 18:00:00+00:00, run_after=2026-08-22 18:00:00+00:00
[2026-08-22T17:26:00.070+0000] {processor.py:183} INFO - Processing /opt/airflow/dags/sports_goat_pipeline.py took 0.146 seconds
[2026-08-22T17:26:30.226+0000] {processor.py:161} INFO - Started process (PID=287) to work on /opt/airflow/dags/sports_goat_pipeline.py
[2026-08-22T17:26:30.228+0000] {processor.py:830} INFO - Processing file /opt/airflow/dags/sports_goat_pipeline.py for tasks to queue
[2026-08-22T17:26:30.230+0000] {logging_mixin.py:188} INFO - [2026-08-22T17:26:30.229+0000] {dagbag.py:538} INFO - Filling up the DagBag from /opt/airflow/dags/sports_goat_pipeline.py
[2026-08-22T17:26:30.250+0000] {processor.py:840} INFO - DAG(s) '2_sports_goat_run_batch', '1_sports_goat_raw_to_clean' retrieved from /opt/airflow/dags/sports_goat_pipeline.py
[2026-08-22T17:26:30.279+0000] {logging_mixin.py:188} INFO - [2026-08-22T17:26:30.279+0000] {dag.py:3036} INFO - Sync 2 DAGs
[2026-08-22T17:26:30.305+0000] {logging_mixin.py:188} INFO - [2026-08-22T17:26:30.305+0000] {dag.py:3823} INFO - Setting next_dagrun for 1_sports_goat_raw_to_clean to 2026-08-21 17:45:00+00:00, run_after=2026-08-22 17:45:00+00:00
[2026-08-22T17:26:30.312+0000] {logging_mixin.py:188} INFO - [2026-08-22T17:26:30.312+0000] {dag.py:3823} INFO - Setting next_dagrun for 2_sports_goat_run_batch to 2026-08-21 18:00:00+00:00, run_after=2026-08-22 18:00:00+00:00
[2026-08-22T17:26:30.342+0000] {processor.py:183} INFO - Processing /opt/airflow/dags/sports_goat_pipeline.py took 0.121 seconds
[2026-08-22T17:27:00.543+0000] {processor.py:161} INFO - Started process (PID=288) to work on /opt/airflow/dags/sports_goat_pipeline.py
[2026-08-22T17:27:00.547+0000] {processor.py:830} INFO - Processing file /opt/airflow/dags/sports_goat_pipeline.py for tasks to queue
[2026-08-22T17:27:00.549+0000] {logging_mixin.py:188} INFO - [2026-08-22T17:27:00.548+0000] {dagbag.py:538} INFO - Filling up the DagBag from /opt/airflow/dags/sports_goat_pipeline.py
[2026-08-22T17:27:00.576+0000] {processor.py:840} INFO - DAG(s) '2_sports_goat_run_batch', '1_sports_goat_raw_to_clean' retrieved from /opt/airflow/dags/sports_goat_pipeline.py
[2026-08-22T17:27:00.616+0000] {logging_mixin.py:188} INFO - [2026-08-22T17:27:00.616+0000] {dag.py:3036} INFO - Sync 2 DAGs
[2026-08-22T17:27:00.648+0000] {logging_mixin.py:188} INFO - [2026-08-22T17:27:00.648+0000] {dag.py:3823} INFO - Setting next_dagrun for 1_sports_goat_raw_to_clean to 2026-08-21 17:45:00+00:00, run_after=2026-08-22 17:45:00+00:00
[2026-08-22T17:27:00.655+0000] {logging_mixin.py:188} INFO - [2026-08-22T17:27:00.654+0000] {dag.py:3823} INFO - Setting next_dagrun for 2_sports_goat_run_batch to 2026-08-21 18:00:00+00:00, run_after=2026-08-22 18:00:00+00:00
[2026-08-22T17:27:00.682+0000] {processor.py:183} INFO - Processing /opt/airflow/dags/sports_goat_pipeline.py took 0.145 seconds
[2026-08-22T17:27:30.841+0000] {processor.py:161} INFO - Started process (PID=289) to work on /opt/airflow/dags/sports_goat_pipeline.py
[2026-08-22T17:27:30.843+0000] {processor.py:830} INFO - Processing file /opt/airflow/dags/sports_goat_pipeline.py for tasks to queue
[2026-08-22T17:27:30.844+0000] {logging_mixin.py:188} INFO - [2026-08-22T17:27:30.843+0000] {dagbag.py:538} INFO - Filling up the DagBag from /opt/airflow/dags/sports_goat_pipeline.py
[2026-08-22T17:27:30.867+0000] {processor.py:840} INFO - DAG(s) '1_sports_goat_raw_to_clean', '2_sports_goat_run_batch' retrieved from /opt/airflow/dags/sports_goat_pipeline.py
[2026-08-22T17:27:30.902+0000] {logging_mixin.py:188} INFO - [2026-08-22T17:27:30.901+0000] {dag.py:3036} INFO - Sync 2 DAGs
[2026-08-22T17:27:30.933+0000] {logging_mixin.py:188} INFO - [2026-08-22T17:27:30.933+0000] {dag.py:3823} INFO - Setting next_dagrun for 1_sports_goat_raw_to_clean to 2026-08-21 17:45:00+00:00, run_after=2026-08-22 17:45:00+00:00
[2026-08-22T17:27:30.941+0000] {logging_mixin.py:188} INFO - [2026-08-22T17:27:30.941+0000] {dag.py:3823} INFO - Setting next_dagrun for 2_sports_goat_run_batch to 2026-08-21 18:00:00+00:00, run_after=2026-08-22 18:00:00+00:00
[2026-08-22T17:27:30.980+0000] {processor.py:183} INFO - Processing /opt/airflow/dags/sports_goat_pipeline.py took 0.145 seconds
[2026-08-22T17:28:01.136+0000] {processor.py:161} INFO - Started process (PID=290) to work on /opt/airflow/dags/sports_goat_pipeline.py
[2026-08-22T17:28:01.138+0000] {processor.py:830} INFO - Processing file /opt/airflow/dags/sports_goat_pipeline.py for tasks to queue
[2026-08-22T17:28:01.140+0000] {logging_mixin.py:188} INFO - [2026-08-22T17:28:01.139+0000] {dagbag.py:538} INFO - Filling up the DagBag from /opt/airflow/dags/sports_goat_pipeline.py
[2026-08-22T17:28:01.158+0000] {processor.py:840} INFO - DAG(s) '1_sports_goat_raw_to_clean', '2_sports_goat_run_batch' retrieved from /opt/airflow/dags/sports_goat_pipeline.py
[2026-08-22T17:28:01.186+0000] {logging_mixin.py:188} INFO - [2026-08-22T17:28:01.185+0000] {dag.py:3036} INFO - Sync 2 DAGs
[2026-08-22T17:28:01.214+0000] {logging_mixin.py:188} INFO - [2026-08-22T17:28:01.214+0000] {dag.py:3823} INFO - Setting next_dagrun for 1_sports_goat_raw_to_clean to 2026-08-21 17:45:00+00:00, run_after=2026-08-22 17:45:00+00:00
[2026-08-22T17:28:01.221+0000] {logging_mixin.py:188} INFO - [2026-08-22T17:28:01.220+0000] {dag.py:3823} INFO - Setting next_dagrun for 2_sports_goat_run_batch to 2026-08-21 18:00:00+00:00, run_after=2026-08-22 18:00:00+00:00
[2026-08-22T17:28:01.244+0000] {processor.py:183} INFO - Processing /opt/airflow/dags/sports_goat_pipeline.py took 0.112 seconds
[2026-08-22T17:28:31.442+0000] {processor.py:161} INFO - Started process (PID=291) to work on /opt/airflow/dags/sports_goat_pipeline.py
[2026-08-22T17:28:31.444+0000] {processor.py:830} INFO - Processing file /opt/airflow/dags/sports_goat_pipeline.py for tasks to queue
[2026-08-22T17:28:31.445+0000] {logging_mixin.py:188} INFO - [2026-08-22T17:28:31.445+0000] {dagbag.py:538} INFO - Filling up the DagBag from /opt/airflow/dags/sports_goat_pipeline.py
[2026-08-22T17:28:31.463+0000] {processor.py:840} INFO - DAG(s) '2_sports_goat_run_batch', '1_sports_goat_raw_to_clean' retrieved from /opt/airflow/dags/sports_goat_pipeline.py
[2026-08-22T17:28:31.489+0000] {logging_mixin.py:188} INFO - [2026-08-22T17:28:31.489+0000] {dag.py:3036} INFO - Sync 2 DAGs
[2026-08-22T17:28:31.514+0000] {logging_mixin.py:188} INFO - [2026-08-22T17:28:31.514+0000] {dag.py:3823} INFO - Setting next_dagrun for 1_sports_goat_raw_to_clean to 2026-08-21 17:45:00+00:00, run_after=2026-08-22 17:45:00+00:00
[2026-08-22T17:28:31.520+0000] {logging_mixin.py:188} INFO - [2026-08-22T17:28:31.520+0000] {dag.py:3823} INFO - Setting next_dagrun for 2_sports_goat_run_batch to 2026-08-21 18:00:00+00:00, run_after=2026-08-22 18:00:00+00:00
[2026-08-22T17:28:31.543+0000] {processor.py:183} INFO - Processing /opt/airflow/dags/sports_goat_pipeline.py took 0.105 seconds
[2026-08-22T17:29:01.758+0000] {processor.py:161} INFO - Started process (PID=292) to work on /opt/airflow/dags/sports_goat_pipeline.py
[2026-08-22T17:29:01.760+0000] {processor.py:830} INFO - Processing file /opt/airflow/dags/sports_goat_pipeline.py for tasks to queue
[2026-08-22T17:29:01.761+0000] {logging_mixin.py:188} INFO - [2026-08-22T17:29:01.761+0000] {dagbag.py:538} INFO - Filling up the DagBag from /opt/airflow/dags/sports_goat_pipeline.py
[2026-08-22T17:29:01.781+0000] {processor.py:840} INFO - DAG(s) '1_sports_goat_raw_to_clean', '2_sports_goat_run_batch' retrieved from /opt/airflow/dags/sports_goat_pipeline.py
[2026-08-22T17:29:01.811+0000] {logging_mixin.py:188} INFO - [2026-08-22T17:29:01.811+0000] {dag.py:3036} INFO - Sync 2 DAGs
[2026-08-22T17:29:01.854+0000] {logging_mixin.py:188} INFO - [2026-08-22T17:29:01.853+0000] {dag.py:3823} INFO - Setting next_dagrun for 1_sports_goat_raw_to_clean to 2026-08-21 17:45:00+00:00, run_after=2026-08-22 17:45:00+00:00
[2026-08-22T17:29:01.860+0000] {logging_mixin.py:188} INFO - [2026-08-22T17:29:01.860+0000] {dag.py:3823} INFO - Setting next_dagrun for 2_sports_goat_run_batch to 2026-08-21 18:00:00+00:00, run_after=2026-08-22 18:00:00+00:00
[2026-08-22T17:29:01.885+0000] {processor.py:183} INFO - Processing /opt/airflow/dags/sports_goat_pipeline.py took 0.131 seconds
[2026-08-22T17:29:32.067+0000] {processor.py:161} INFO - Started process (PID=293) to work on /opt/airflow/dags/sports_goat_pipeline.py
[2026-08-22T17:29:32.069+0000] {processor.py:830} INFO - Processing file /opt/airflow/dags/sports_goat_pipeline.py for tasks to queue
[2026-08-22T17:29:32.082+0000] {logging_mixin.py:188} INFO - [2026-08-22T17:29:32.081+0000] {dagbag.py:538} INFO - Filling up the DagBag from /opt/airflow/dags/sports_goat_pipeline.py
[2026-08-22T17:29:32.102+0000] {processor.py:840} INFO - DAG(s) '1_sports_goat_raw_to_clean', '2_sports_goat_run_batch' retrieved from /opt/airflow/dags/sports_goat_pipeline.py
[2026-08-22T17:29:32.133+0000] {logging_mixin.py:188} INFO - [2026-08-22T17:29:32.133+0000] {dag.py:3036} INFO - Sync 2 DAGs
[2026-08-22T17:29:32.163+0000] {logging_mixin.py:188} INFO - [2026-08-22T17:29:32.162+0000] {dag.py:3823} INFO - Setting next_dagrun for 1_sports_goat_raw_to_clean to 2026-08-21 17:45:00+00:00, run_after=2026-08-22 17:45:00+00:00
[2026-08-22T17:29:32.170+0000] {logging_mixin.py:188} INFO - [2026-08-22T17:29:32.170+0000] {dag.py:3823} INFO - Setting next_dagrun for 2_sports_goat_run_batch to 2026-08-21 18:00:00+00:00, run_after=2026-08-22 18:00:00+00:00
[2026-08-22T17:29:32.193+0000] {processor.py:183} INFO - Processing /opt/airflow/dags/sports_goat_pipeline.py took 0.134 seconds
[2026-08-22T17:30:02.399+0000] {processor.py:161} INFO - Started process (PID=294) to work on /opt/airflow/dags/sports_goat_pipeline.py
[2026-08-22T17:30:02.403+0000] {processor.py:830} INFO - Processing file /opt/airflow/dags/sports_goat_pipeline.py for tasks to queue
[2026-08-22T17:30:02.407+0000] {logging_mixin.py:188} INFO - [2026-08-22T17:30:02.405+0000] {dagbag.py:538} INFO - Filling up the DagBag from /opt/airflow/dags/sports_goat_pipeline.py
[2026-08-22T17:30:02.439+0000] {processor.py:840} INFO - DAG(s) '1_sports_goat_raw_to_clean', '2_sports_goat_run_batch' retrieved from /opt/airflow/dags/sports_goat_pipeline.py
[2026-08-22T17:30:02.485+0000] {logging_mixin.py:188} INFO - [2026-08-22T17:30:02.485+0000] {dag.py:3036} INFO - Sync 2 DAGs
[2026-08-22T17:30:02.529+0000] {logging_mixin.py:188} INFO - [2026-08-22T17:30:02.528+0000] {dag.py:3823} INFO - Setting next_dagrun for 1_sports_goat_raw_to_clean to 2026-08-21 17:45:00+00:00, run_after=2026-08-22 17:45:00+00:00
[2026-08-22T17:30:02.536+0000] {logging_mixin.py:188} INFO - [2026-08-22T17:30:02.536+0000] {dag.py:3823} INFO - Setting next_dagrun for 2_sports_goat_run_batch to 2026-08-21 18:00:00+00:00, run_after=2026-08-22 18:00:00+00:00
[2026-08-22T17:30:02.570+0000] {processor.py:183} INFO - Processing /opt/airflow/dags/sports_goat_pipeline.py took 0.180 seconds
[2026-08-22T17:30:32.673+0000] {processor.py:161} INFO - Started process (PID=295) to work on /opt/airflow/dags/sports_goat_pipeline.py
[2026-08-22T17:30:32.674+0000] {processor.py:830} INFO - Processing file /opt/airflow/dags/sports_goat_pipeline.py for tasks to queue
[2026-08-22T17:30:32.676+0000] {logging_mixin.py:188} INFO - [2026-08-22T17:30:32.675+0000] {dagbag.py:538} INFO - Filling up the DagBag from /opt/airflow/dags/sports_goat_pipeline.py
[2026-08-22T17:30:32.694+0000] {processor.py:840} INFO - DAG(s) '2_sports_goat_run_batch', '1_sports_goat_raw_to_clean' retrieved from /opt/airflow/dags/sports_goat_pipeline.py
[2026-08-22T17:30:32.723+0000] {logging_mixin.py:188} INFO - [2026-08-22T17:30:32.722+0000] {dag.py:3036} INFO - Sync 2 DAGs
[2026-08-22T17:30:32.749+0000] {logging_mixin.py:188} INFO - [2026-08-22T17:30:32.748+0000] {dag.py:3823} INFO - Setting next_dagrun for 1_sports_goat_raw_to_clean to 2026-08-21 17:45:00+00:00, run_after=2026-08-22 17:45:00+00:00
[2026-08-22T17:30:32.756+0000] {logging_mixin.py:188} INFO - [2026-08-22T17:30:32.755+0000] {dag.py:3823} INFO - Setting next_dagrun for 2_sports_goat_run_batch to 2026-08-21 18:00:00+00:00, run_after=2026-08-22 18:00:00+00:00
[2026-08-22T17:30:32.780+0000] {processor.py:183} INFO - Processing /opt/airflow/dags/sports_goat_pipeline.py took 0.112 seconds
[2026-08-22T17:31:02.989+0000] {processor.py:161} INFO - Started process (PID=302) to work on /opt/airflow/dags/sports_goat_pipeline.py
[2026-08-22T17:31:02.991+0000] {processor.py:830} INFO - Processing file /opt/airflow/dags/sports_goat_pipeline.py for tasks to queue
[2026-08-22T17:31:02.993+0000] {logging_mixin.py:188} INFO - [2026-08-22T17:31:02.993+0000] {dagbag.py:538} INFO - Filling up the DagBag from /opt/airflow/dags/sports_goat_pipeline.py
[2026-08-22T17:31:03.028+0000] {processor.py:840} INFO - DAG(s) '2_sports_goat_run_batch', '1_sports_goat_raw_to_clean' retrieved from /opt/airflow/dags/sports_goat_pipeline.py
[2026-08-22T17:31:03.071+0000] {logging_mixin.py:188} INFO - [2026-08-22T17:31:03.070+0000] {dag.py:3036} INFO - Sync 2 DAGs
[2026-08-22T17:31:03.102+0000] {logging_mixin.py:188} INFO - [2026-08-22T17:31:03.102+0000] {dag.py:3823} INFO - Setting next_dagrun for 1_sports_goat_raw_to_clean to 2026-08-21 17:45:00+00:00, run_after=2026-08-22 17:45:00+00:00
[2026-08-22T17:31:03.110+0000] {logging_mixin.py:188} INFO - [2026-08-22T17:31:03.110+0000] {dag.py:3823} INFO - Setting next_dagrun for 2_sports_goat_run_batch to 2026-08-21 18:00:00+00:00, run_after=2026-08-22 18:00:00+00:00
[2026-08-22T17:31:03.139+0000] {processor.py:183} INFO - Processing /opt/airflow/dags/sports_goat_pipeline.py took 0.161 seconds
[2026-08-22T17:31:33.306+0000] {processor.py:161} INFO - Started process (PID=303) to work on /opt/airflow/dags/sports_goat_pipeline.py
[2026-08-22T17:31:33.307+0000] {processor.py:830} INFO - Processing file /opt/airflow/dags/sports_goat_pipeline.py for tasks to queue
[2026-08-22T17:31:33.308+0000] {logging_mixin.py:188} INFO - [2026-08-22T17:31:33.308+0000] {dagbag.py:538} INFO - Filling up the DagBag from /opt/airflow/dags/sports_goat_pipeline.py
[2026-08-22T17:31:33.327+0000] {processor.py:840} INFO - DAG(s) '1_sports_goat_raw_to_clean', '2_sports_goat_run_batch' retrieved from /opt/airflow/dags/sports_goat_pipeline.py
[2026-08-22T17:31:33.356+0000] {logging_mixin.py:188} INFO - [2026-08-22T17:31:33.355+0000] {dag.py:3036} INFO - Sync 2 DAGs
[2026-08-22T17:31:33.382+0000] {logging_mixin.py:188} INFO - [2026-08-22T17:31:33.381+0000] {dag.py:3823} INFO - Setting next_dagrun for 1_sports_goat_raw_to_clean to 2026-08-21 17:45:00+00:00, run_after=2026-08-22 17:45:00+00:00
[2026-08-22T17:31:33.387+0000] {logging_mixin.py:188} INFO - [2026-08-22T17:31:33.387+0000] {dag.py:3823} INFO - Setting next_dagrun for 2_sports_goat_run_batch to 2026-08-21 18:00:00+00:00, run_after=2026-08-22 18:00:00+00:00
[2026-08-22T17:31:33.410+0000] {processor.py:183} INFO - Processing /opt/airflow/dags/sports_goat_pipeline.py took 0.109 seconds
[2026-08-22T17:32:03.611+0000] {processor.py:161} INFO - Started process (PID=304) to work on /opt/airflow/dags/sports_goat_pipeline.py
[2026-08-22T17:32:03.613+0000] {processor.py:830} INFO - Processing file /opt/airflow/dags/sports_goat_pipeline.py for tasks to queue
[2026-08-22T17:32:03.614+0000] {logging_mixin.py:188} INFO - [2026-08-22T17:32:03.614+0000] {dagbag.py:538} INFO - Filling up the DagBag from /opt/airflow/dags/sports_goat_pipeline.py
[2026-08-22T17:32:03.632+0000] {processor.py:840} INFO - DAG(s) '1_sports_goat_raw_to_clean', '2_sports_goat_run_batch' retrieved from /opt/airflow/dags/sports_goat_pipeline.py
[2026-08-22T17:32:03.661+0000] {logging_mixin.py:188} INFO - [2026-08-22T17:32:03.660+0000] {dag.py:3036} INFO - Sync 2 DAGs
[2026-08-22T17:32:03.685+0000] {logging_mixin.py:188} INFO - [2026-08-22T17:32:03.685+0000] {dag.py:3823} INFO - Setting next_dagrun for 1_sports_goat_raw_to_clean to 2026-08-21 17:45:00+00:00, run_after=2026-08-22 17:45:00+00:00
[2026-08-22T17:32:03.692+0000] {logging_mixin.py:188} INFO - [2026-08-22T17:32:03.691+0000] {dag.py:3823} INFO - Setting next_dagrun for 2_sports_goat_run_batch to 2026-08-21 18:00:00+00:00, run_after=2026-08-22 18:00:00+00:00
[2026-08-22T17:32:03.714+0000] {processor.py:183} INFO - Processing /opt/airflow/dags/sports_goat_pipeline.py took 0.108 seconds
[2026-08-22T17:32:33.928+0000] {processor.py:161} INFO - Started process (PID=305) to work on /opt/airflow/dags/sports_goat_pipeline.py
[2026-08-22T17:32:33.930+0000] {processor.py:830} INFO - Processing file /opt/airflow/dags/sports_goat_pipeline.py for tasks to queue
[2026-08-22T17:32:33.932+0000] {logging_mixin.py:188} INFO - [2026-08-22T17:32:33.931+0000] {dagbag.py:538} INFO - Filling up the DagBag from /opt/airflow/dags/sports_goat_pipeline.py
[2026-08-22T17:32:33.950+0000] {processor.py:840} INFO - DAG(s) '2_sports_goat_run_batch', '1_sports_goat_raw_to_clean' retrieved from /opt/airflow/dags/sports_goat_pipeline.py
[2026-08-22T17:32:33.978+0000] {logging_mixin.py:188} INFO - [2026-08-22T17:32:33.978+0000] {dag.py:3036} INFO - Sync 2 DAGs
[2026-08-22T17:32:34.003+0000] {logging_mixin.py:188} INFO - [2026-08-22T17:32:34.003+0000] {dag.py:3823} INFO - Setting next_dagrun for 1_sports_goat_raw_to_clean to 2026-08-21 17:45:00+00:00, run_after=2026-08-22 17:45:00+00:00
[2026-08-22T17:32:34.010+0000] {logging_mixin.py:188} INFO - [2026-08-22T17:32:34.009+0000] {dag.py:3823} INFO - Setting next_dagrun for 2_sports_goat_run_batch to 2026-08-21 18:00:00+00:00, run_after=2026-08-22 18:00:00+00:00
[2026-08-22T17:32:34.033+0000] {processor.py:183} INFO - Processing /opt/airflow/dags/sports_goat_pipeline.py took 0.118 seconds
[2026-08-22T17:33:04.220+0000] {processor.py:161} INFO - Started process (PID=306) to work on /opt/airflow/dags/sports_goat_pipeline.py
[2026-08-22T17:33:04.222+0000] {processor.py:830} INFO - Processing file /opt/airflow/dags/sports_goat_pipeline.py for tasks to queue
[2026-08-22T17:33:04.224+0000] {logging_mixin.py:188} INFO - [2026-08-22T17:33:04.223+0000] {dagbag.py:538} INFO - Filling up the DagBag from /opt/airflow/dags/sports_goat_pipeline.py
[2026-08-22T17:33:04.244+0000] {processor.py:840} INFO - DAG(s) '2_sports_goat_run_batch', '1_sports_goat_raw_to_clean' retrieved from /opt/airflow/dags/sports_goat_pipeline.py
[2026-08-22T17:33:04.276+0000] {logging_mixin.py:188} INFO - [2026-08-22T17:33:04.276+0000] {dag.py:3036} INFO - Sync 2 DAGs
[2026-08-22T17:33:04.303+0000] {logging_mixin.py:188} INFO - [2026-08-22T17:33:04.303+0000] {dag.py:3823} INFO - Setting next_dagrun for 1_sports_goat_raw_to_clean to 2026-08-21 17:45:00+00:00, run_after=2026-08-22 17:45:00+00:00
[2026-08-22T17:33:04.311+0000] {logging_mixin.py:188} INFO - [2026-08-22T17:33:04.310+0000] {dag.py:3823} INFO - Setting next_dagrun for 2_sports_goat_run_batch to 2026-08-21 18:00:00+00:00, run_after=2026-08-22 18:00:00+00:00
[2026-08-22T17:33:04.334+0000] {processor.py:183} INFO - Processing /opt/airflow/dags/sports_goat_pipeline.py took 0.118 seconds
[2026-08-22T17:33:34.537+0000] {processor.py:161} INFO - Started process (PID=307) to work on /opt/airflow/dags/sports_goat_pipeline.py
[2026-08-22T17:33:34.540+0000] {processor.py:830} INFO - Processing file /opt/airflow/dags/sports_goat_pipeline.py for tasks to queue
[2026-08-22T17:33:34.542+0000] {logging_mixin.py:188} INFO - [2026-08-22T17:33:34.541+0000] {dagbag.py:538} INFO - Filling up the DagBag from /opt/airflow/dags/sports_goat_pipeline.py
[2026-08-22T17:33:34.575+0000] {processor.py:840} INFO - DAG(s) '1_sports_goat_raw_to_clean', '2_sports_goat_run_batch' retrieved from /opt/airflow/dags/sports_goat_pipeline.py
[2026-08-22T17:33:34.615+0000] {logging_mixin.py:188} INFO - [2026-08-22T17:33:34.615+0000] {dag.py:3036} INFO - Sync 2 DAGs
[2026-08-22T17:33:34.642+0000] {logging_mixin.py:188} INFO - [2026-08-22T17:33:34.642+0000] {dag.py:3823} INFO - Setting next_dagrun for 1_sports_goat_raw_to_clean to 2026-08-21 17:45:00+00:00, run_after=2026-08-22 17:45:00+00:00
[2026-08-22T17:33:34.649+0000] {logging_mixin.py:188} INFO - [2026-08-22T17:33:34.648+0000] {dag.py:3823} INFO - Setting next_dagrun for 2_sports_goat_run_batch to 2026-08-21 18:00:00+00:00, run_after=2026-08-22 18:00:00+00:00
[2026-08-22T17:33:34.677+0000] {processor.py:183} INFO - Processing /opt/airflow/dags/sports_goat_pipeline.py took 0.146 seconds
[2026-08-22T17:34:14.581+0000] {processor.py:161} INFO - Started process (PID=326) to work on /opt/airflow/dags/sports_goat_pipeline.py
[2026-08-22T17:34:14.582+0000] {processor.py:830} INFO - Processing file /opt/airflow/dags/sports_goat_pipeline.py for tasks to queue
[2026-08-22T17:34:14.583+0000] {logging_mixin.py:188} INFO - [2026-08-22T17:34:14.583+0000] {dagbag.py:538} INFO - Filling up the DagBag from /opt/airflow/dags/sports_goat_pipeline.py
[2026-08-22T17:34:14.600+0000] {processor.py:840} INFO - DAG(s) '2_sports_goat_run_batch', '1_sports_goat_raw_to_clean' retrieved from /opt/airflow/dags/sports_goat_pipeline.py
[2026-08-22T17:34:14.627+0000] {logging_mixin.py:188} INFO - [2026-08-22T17:34:14.627+0000] {dag.py:3036} INFO - Sync 2 DAGs
[2026-08-22T17:34:14.657+0000] {logging_mixin.py:188} INFO - [2026-08-22T17:34:14.656+0000] {dag.py:3823} INFO - Setting next_dagrun for 1_sports_goat_raw_to_clean to 2026-08-21 17:45:00+00:00, run_after=2026-08-22 17:45:00+00:00
[2026-08-22T17:34:14.668+0000] {logging_mixin.py:188} INFO - [2026-08-22T17:34:14.667+0000] {dag.py:3823} INFO - Setting next_dagrun for 2_sports_goat_run_batch to 2026-08-21 18:00:00+00:00, run_after=2026-08-22 18:00:00+00:00
[2026-08-22T17:34:14.692+0000] {processor.py:183} INFO - Processing /opt/airflow/dags/sports_goat_pipeline.py took 0.114 seconds
[2026-08-22T17:34:44.812+0000] {processor.py:161} INFO - Started process (PID=327) to work on /opt/airflow/dags/sports_goat_pipeline.py
[2026-08-22T17:34:44.816+0000] {processor.py:830} INFO - Processing file /opt/airflow/dags/sports_goat_pipeline.py for tasks to queue
[2026-08-22T17:34:44.819+0000] {logging_mixin.py:188} INFO - [2026-08-22T17:34:44.818+0000] {dagbag.py:538} INFO - Filling up the DagBag from /opt/airflow/dags/sports_goat_pipeline.py
[2026-08-22T17:34:44.847+0000] {processor.py:840} INFO - DAG(s) '1_sports_goat_raw_to_clean', '2_sports_goat_run_batch' retrieved from /opt/airflow/dags/sports_goat_pipeline.py
[2026-08-22T17:34:44.891+0000] {logging_mixin.py:188} INFO - [2026-08-22T17:34:44.891+0000] {dag.py:3036} INFO - Sync 2 DAGs
[2026-08-22T17:34:44.933+0000] {logging_mixin.py:188} INFO - [2026-08-22T17:34:44.933+0000] {dag.py:3823} INFO - Setting next_dagrun for 1_sports_goat_raw_to_clean to 2026-08-21 17:45:00+00:00, run_after=2026-08-22 17:45:00+00:00
[2026-08-22T17:34:44.941+0000] {logging_mixin.py:188} INFO - [2026-08-22T17:34:44.941+0000] {dag.py:3823} INFO - Setting next_dagrun for 2_sports_goat_run_batch to 2026-08-21 18:00:00+00:00, run_after=2026-08-22 18:00:00+00:00
[2026-08-22T17:34:44.976+0000] {processor.py:183} INFO - Processing /opt/airflow/dags/sports_goat_pipeline.py took 0.172 seconds
[2026-08-22T17:35:15.370+0000] {processor.py:161} INFO - Started process (PID=328) to work on /opt/airflow/dags/sports_goat_pipeline.py
[2026-08-22T17:35:15.371+0000] {processor.py:830} INFO - Processing file /opt/airflow/dags/sports_goat_pipeline.py for tasks to queue
[2026-08-22T17:35:15.373+0000] {logging_mixin.py:188} INFO - [2026-08-22T17:35:15.373+0000] {dagbag.py:538} INFO - Filling up the DagBag from /opt/airflow/dags/sports_goat_pipeline.py
[2026-08-22T17:35:15.392+0000] {processor.py:840} INFO - DAG(s) '1_sports_goat_raw_to_clean', '2_sports_goat_run_batch' retrieved from /opt/airflow/dags/sports_goat_pipeline.py
[2026-08-22T17:35:15.423+0000] {logging_mixin.py:188} INFO - [2026-08-22T17:35:15.423+0000] {dag.py:3036} INFO - Sync 2 DAGs
[2026-08-22T17:35:15.450+0000] {logging_mixin.py:188} INFO - [2026-08-22T17:35:15.450+0000] {dag.py:3823} INFO - Setting next_dagrun for 1_sports_goat_raw_to_clean to 2026-08-21 17:45:00+00:00, run_after=2026-08-22 17:45:00+00:00
[2026-08-22T17:35:15.455+0000] {logging_mixin.py:188} INFO - [2026-08-22T17:35:15.455+0000] {dag.py:3823} INFO - Setting next_dagrun for 2_sports_goat_run_batch to 2026-08-21 18:00:00+00:00, run_after=2026-08-22 18:00:00+00:00
[2026-08-22T17:35:15.484+0000] {processor.py:183} INFO - Processing /opt/airflow/dags/sports_goat_pipeline.py took 0.120 seconds
[2026-08-22T17:35:45.880+0000] {processor.py:161} INFO - Started process (PID=329) to work on /opt/airflow/dags/sports_goat_pipeline.py
[2026-08-22T17:35:45.883+0000] {processor.py:830} INFO - Processing file /opt/airflow/dags/sports_goat_pipeline.py for tasks to queue
[2026-08-22T17:35:45.884+0000] {logging_mixin.py:188} INFO - [2026-08-22T17:35:45.883+0000] {dagbag.py:538} INFO - Filling up the DagBag from /opt/airflow/dags/sports_goat_pipeline.py
[2026-08-22T17:35:45.901+0000] {processor.py:840} INFO - DAG(s) '1_sports_goat_raw_to_clean', '2_sports_goat_run_batch' retrieved from /opt/airflow/dags/sports_goat_pipeline.py
[2026-08-22T17:35:45.929+0000] {logging_mixin.py:188} INFO - [2026-08-22T17:35:45.929+0000] {dag.py:3036} INFO - Sync 2 DAGs
[2026-08-22T17:35:45.956+0000] {logging_mixin.py:188} INFO - [2026-08-22T17:35:45.955+0000] {dag.py:3823} INFO - Setting next_dagrun for 1_sports_goat_raw_to_clean to 2026-08-21 17:45:00+00:00, run_after=2026-08-22 17:45:00+00:00
[2026-08-22T17:35:45.962+0000] {logging_mixin.py:188} INFO - [2026-08-22T17:35:45.962+0000] {dag.py:3823} INFO - Setting next_dagrun for 2_sports_goat_run_batch to 2026-08-21 18:00:00+00:00, run_after=2026-08-22 18:00:00+00:00
[2026-08-22T17:35:45.984+0000] {processor.py:183} INFO - Processing /opt/airflow/dags/sports_goat_pipeline.py took 0.108 seconds
[2026-08-22T17:36:16.453+0000] {processor.py:161} INFO - Started process (PID=330) to work on /opt/airflow/dags/sports_goat_pipeline.py
[2026-08-22T17:36:16.456+0000] {processor.py:830} INFO - Processing file /opt/airflow/dags/sports_goat_pipeline.py for tasks to queue
[2026-08-22T17:36:16.457+0000] {logging_mixin.py:188} INFO - [2026-08-22T17:36:16.457+0000] {dagbag.py:538} INFO - Filling up the DagBag from /opt/airflow/dags/sports_goat_pipeline.py
[2026-08-22T17:36:16.478+0000] {processor.py:840} INFO - DAG(s) '1_sports_goat_raw_to_clean', '2_sports_goat_run_batch' retrieved from /opt/airflow/dags/sports_goat_pipeline.py
[2026-08-22T17:36:16.514+0000] {logging_mixin.py:188} INFO - [2026-08-22T17:36:16.514+0000] {dag.py:3036} INFO - Sync 2 DAGs
[2026-08-22T17:36:16.545+0000] {logging_mixin.py:188} INFO - [2026-08-22T17:36:16.545+0000] {dag.py:3823} INFO - Setting next_dagrun for 1_sports_goat_raw_to_clean to 2026-08-21 17:45:00+00:00, run_after=2026-08-22 17:45:00+00:00
[2026-08-22T17:36:16.553+0000] {logging_mixin.py:188} INFO - [2026-08-22T17:36:16.553+0000] {dag.py:3823} INFO - Setting next_dagrun for 2_sports_goat_run_batch to 2026-08-21 18:00:00+00:00, run_after=2026-08-22 18:00:00+00:00
[2026-08-22T17:36:16.584+0000] {processor.py:183} INFO - Processing /opt/airflow/dags/sports_goat_pipeline.py took 0.135 seconds
[2026-08-22T17:36:51.810+0000] {processor.py:161} INFO - Started process (PID=350) to work on /opt/airflow/dags/sports_goat_pipeline.py
[2026-08-22T17:36:51.812+0000] {processor.py:830} INFO - Processing file /opt/airflow/dags/sports_goat_pipeline.py for tasks to queue
[2026-08-22T17:36:51.813+0000] {logging_mixin.py:188} INFO - [2026-08-22T17:36:51.813+0000] {dagbag.py:538} INFO - Filling up the DagBag from /opt/airflow/dags/sports_goat_pipeline.py
[2026-08-22T17:36:51.834+0000] {processor.py:840} INFO - DAG(s) '1_sports_goat_raw_to_clean', '2_sports_goat_run_batch' retrieved from /opt/airflow/dags/sports_goat_pipeline.py
[2026-08-22T17:36:51.863+0000] {logging_mixin.py:188} INFO - [2026-08-22T17:36:51.863+0000] {dag.py:3036} INFO - Sync 2 DAGs
[2026-08-22T17:36:51.890+0000] {logging_mixin.py:188} INFO - [2026-08-22T17:36:51.890+0000] {dag.py:3823} INFO - Setting next_dagrun for 1_sports_goat_raw_to_clean to 2026-08-21 17:45:00+00:00, run_after=2026-08-22 17:45:00+00:00
[2026-08-22T17:36:51.896+0000] {logging_mixin.py:188} INFO - [2026-08-22T17:36:51.896+0000] {dag.py:3823} INFO - Setting next_dagrun for 2_sports_goat_run_batch to 2026-08-21 18:00:00+00:00, run_after=2026-08-22 18:00:00+00:00
[2026-08-22T17:36:51.921+0000] {processor.py:183} INFO - Processing /opt/airflow/dags/sports_goat_pipeline.py took 0.115 seconds
[2026-08-22T17:37:22.098+0000] {processor.py:161} INFO - Started process (PID=351) to work on /opt/airflow/dags/sports_goat_pipeline.py
[2026-08-22T17:37:22.100+0000] {processor.py:830} INFO - Processing file /opt/airflow/dags/sports_goat_pipeline.py for tasks to queue
[2026-08-22T17:37:22.102+0000] {logging_mixin.py:188} INFO - [2026-08-22T17:37:22.101+0000] {dagbag.py:538} INFO - Filling up the DagBag from /opt/airflow/dags/sports_goat_pipeline.py
[2026-08-22T17:37:22.128+0000] {processor.py:840} INFO - DAG(s) '2_sports_goat_run_batch', '1_sports_goat_raw_to_clean' retrieved from /opt/airflow/dags/sports_goat_pipeline.py
[2026-08-22T17:37:22.162+0000] {logging_mixin.py:188} INFO - [2026-08-22T17:37:22.162+0000] {dag.py:3036} INFO - Sync 2 DAGs
[2026-08-22T17:37:22.190+0000] {logging_mixin.py:188} INFO - [2026-08-22T17:37:22.190+0000] {dag.py:3823} INFO - Setting next_dagrun for 1_sports_goat_raw_to_clean to 2026-08-21 17:45:00+00:00, run_after=2026-08-22 17:45:00+00:00
[2026-08-22T17:37:22.197+0000] {logging_mixin.py:188} INFO - [2026-08-22T17:37:22.197+0000] {dag.py:3823} INFO - Setting next_dagrun for 2_sports_goat_run_batch to 2026-08-21 18:00:00+00:00, run_after=2026-08-22 18:00:00+00:00
[2026-08-22T17:37:22.223+0000] {processor.py:183} INFO - Processing /opt/airflow/dags/sports_goat_pipeline.py took 0.130 seconds
[2026-08-22T17:37:52.388+0000] {processor.py:161} INFO - Started process (PID=352) to work on /opt/airflow/dags/sports_goat_pipeline.py
[2026-08-22T17:37:52.389+0000] {processor.py:830} INFO - Processing file /opt/airflow/dags/sports_goat_pipeline.py for tasks to queue
[2026-08-22T17:37:52.391+0000] {logging_mixin.py:188} INFO - [2026-08-22T17:37:52.391+0000] {dagbag.py:538} INFO - Filling up the DagBag from /opt/airflow/dags/sports_goat_pipeline.py
[2026-08-22T17:37:52.409+0000] {processor.py:840} INFO - DAG(s) '2_sports_goat_run_batch', '1_sports_goat_raw_to_clean' retrieved from /opt/airflow/dags/sports_goat_pipeline.py
[2026-08-22T17:37:52.439+0000] {logging_mixin.py:188} INFO - [2026-08-22T17:37:52.438+0000] {dag.py:3036} INFO - Sync 2 DAGs
[2026-08-22T17:37:52.464+0000] {logging_mixin.py:188} INFO - [2026-08-22T17:37:52.464+0000] {dag.py:3823} INFO - Setting next_dagrun for 1_sports_goat_raw_to_clean to 2026-08-21 17:45:00+00:00, run_after=2026-08-22 17:45:00+00:00
[2026-08-22T17:37:52.470+0000] {logging_mixin.py:188} INFO - [2026-08-22T17:37:52.470+0000] {dag.py:3823} INFO - Setting next_dagrun for 2_sports_goat_run_batch to 2026-08-21 18:00:00+00:00, run_after=2026-08-22 18:00:00+00:00
[2026-08-22T17:37:52.497+0000] {processor.py:183} INFO - Processing /opt/airflow/dags/sports_goat_pipeline.py took 0.114 seconds
[2026-08-22T17:38:23.113+0000] {processor.py:161} INFO - Started process (PID=353) to work on /opt/airflow/dags/sports_goat_pipeline.py
[2026-08-22T17:38:23.115+0000] {processor.py:830} INFO - Processing file /opt/airflow/dags/sports_goat_pipeline.py for tasks to queue
[2026-08-22T17:38:23.116+0000] {logging_mixin.py:188} INFO - [2026-08-22T17:38:23.116+0000] {dagbag.py:538} INFO - Filling up the DagBag from /opt/airflow/dags/sports_goat_pipeline.py
[2026-08-22T17:38:23.135+0000] {processor.py:840} INFO - DAG(s) '2_sports_goat_run_batch', '1_sports_goat_raw_to_clean' retrieved from /opt/airflow/dags/sports_goat_pipeline.py
[2026-08-22T17:38:23.164+0000] {logging_mixin.py:188} INFO - [2026-08-22T17:38:23.164+0000] {dag.py:3036} INFO - Sync 2 DAGs
[2026-08-22T17:38:23.189+0000] {logging_mixin.py:188} INFO - [2026-08-22T17:38:23.189+0000] {dag.py:3823} INFO - Setting next_dagrun for 1_sports_goat_raw_to_clean to 2026-08-21 17:45:00+00:00, run_after=2026-08-22 17:45:00+00:00
[2026-08-22T17:38:23.198+0000] {logging_mixin.py:188} INFO - [2026-08-22T17:38:23.197+0000] {dag.py:3823} INFO - Setting next_dagrun for 2_sports_goat_run_batch to 2026-08-21 18:00:00+00:00, run_after=2026-08-22 18:00:00+00:00
[2026-08-22T17:38:23.220+0000] {processor.py:183} INFO - Processing /opt/airflow/dags/sports_goat_pipeline.py took 0.112 seconds
[2026-08-22T17:38:53.661+0000] {processor.py:161} INFO - Started process (PID=354) to work on /opt/airflow/dags/sports_goat_pipeline.py
[2026-08-22T17:38:53.663+0000] {processor.py:830} INFO - Processing file /opt/airflow/dags/sports_goat_pipeline.py for tasks to queue
[2026-08-22T17:38:53.664+0000] {logging_mixin.py:188} INFO - [2026-08-22T17:38:53.664+0000] {dagbag.py:538} INFO - Filling up the DagBag from /opt/airflow/dags/sports_goat_pipeline.py
[2026-08-22T17:38:53.682+0000] {processor.py:840} INFO - DAG(s) '2_sports_goat_run_batch', '1_sports_goat_raw_to_clean' retrieved from /opt/airflow/dags/sports_goat_pipeline.py
[2026-08-22T17:38:53.714+0000] {logging_mixin.py:188} INFO - [2026-08-22T17:38:53.714+0000] {dag.py:3036} INFO - Sync 2 DAGs
[2026-08-22T17:38:53.742+0000] {logging_mixin.py:188} INFO - [2026-08-22T17:38:53.742+0000] {dag.py:3823} INFO - Setting next_dagrun for 1_sports_goat_raw_to_clean to 2026-08-21 17:45:00+00:00, run_after=2026-08-22 17:45:00+00:00
[2026-08-22T17:38:53.748+0000] {logging_mixin.py:188} INFO - [2026-08-22T17:38:53.748+0000] {dag.py:3823} INFO - Setting next_dagrun for 2_sports_goat_run_batch to 2026-08-21 18:00:00+00:00, run_after=2026-08-22 18:00:00+00:00
[2026-08-22T17:38:53.773+0000] {processor.py:183} INFO - Processing /opt/airflow/dags/sports_goat_pipeline.py took 0.117 seconds
[2026-08-22T17:39:24.210+0000] {processor.py:161} INFO - Started process (PID=355) to work on /opt/airflow/dags/sports_goat_pipeline.py
[2026-08-22T17:39:24.212+0000] {processor.py:830} INFO - Processing file /opt/airflow/dags/sports_goat_pipeline.py for tasks to queue
[2026-08-22T17:39:24.213+0000] {logging_mixin.py:188} INFO - [2026-08-22T17:39:24.213+0000] {dagbag.py:538} INFO - Filling up the DagBag from /opt/airflow/dags/sports_goat_pipeline.py
[2026-08-22T17:39:24.231+0000] {processor.py:840} INFO - DAG(s) '1_sports_goat_raw_to_clean', '2_sports_goat_run_batch' retrieved from /opt/airflow/dags/sports_goat_pipeline.py
[2026-08-22T17:39:24.259+0000] {logging_mixin.py:188} INFO - [2026-08-22T17:39:24.259+0000] {dag.py:3036} INFO - Sync 2 DAGs
[2026-08-22T17:39:24.287+0000] {logging_mixin.py:188} INFO - [2026-08-22T17:39:24.286+0000] {dag.py:3823} INFO - Setting next_dagrun for 1_sports_goat_raw_to_clean to 2026-08-21 17:45:00+00:00, run_after=2026-08-22 17:45:00+00:00
[2026-08-22T17:39:24.293+0000] {logging_mixin.py:188} INFO - [2026-08-22T17:39:24.293+0000] {dag.py:3823} INFO - Setting next_dagrun for 2_sports_goat_run_batch to 2026-08-21 18:00:00+00:00, run_after=2026-08-22 18:00:00+00:00
[2026-08-22T17:39:24.317+0000] {processor.py:183} INFO - Processing /opt/airflow/dags/sports_goat_pipeline.py took 0.111 seconds
[2026-08-22T17:39:54.763+0000] {processor.py:161} INFO - Started process (PID=356) to work on /opt/airflow/dags/sports_goat_pipeline.py
[2026-08-22T17:39:54.764+0000] {processor.py:830} INFO - Processing file /opt/airflow/dags/sports_goat_pipeline.py for tasks to queue
[2026-08-22T17:39:54.766+0000] {logging_mixin.py:188} INFO - [2026-08-22T17:39:54.765+0000] {dagbag.py:538} INFO - Filling up the DagBag from /opt/airflow/dags/sports_goat_pipeline.py
[2026-08-22T17:39:54.785+0000] {processor.py:840} INFO - DAG(s) '2_sports_goat_run_batch', '1_sports_goat_raw_to_clean' retrieved from /opt/airflow/dags/sports_goat_pipeline.py
[2026-08-22T17:39:54.813+0000] {logging_mixin.py:188} INFO - [2026-08-22T17:39:54.813+0000] {dag.py:3036} INFO - Sync 2 DAGs
[2026-08-22T17:39:54.838+0000] {logging_mixin.py:188} INFO - [2026-08-22T17:39:54.838+0000] {dag.py:3823} INFO - Setting next_dagrun for 1_sports_goat_raw_to_clean to 2026-08-21 17:45:00+00:00, run_after=2026-08-22 17:45:00+00:00
[2026-08-22T17:39:54.844+0000] {logging_mixin.py:188} INFO - [2026-08-22T17:39:54.843+0000] {dag.py:3823} INFO - Setting next_dagrun for 2_sports_goat_run_batch to 2026-08-21 18:00:00+00:00, run_after=2026-08-22 18:00:00+00:00
[2026-08-22T17:39:54.868+0000] {processor.py:183} INFO - Processing /opt/airflow/dags/sports_goat_pipeline.py took 0.110 seconds
[2026-08-22T17:40:24.982+0000] {processor.py:161} INFO - Started process (PID=357) to work on /opt/airflow/dags/sports_goat_pipeline.py
[2026-08-22T17:40:24.984+0000] {processor.py:830} INFO - Processing file /opt/airflow/dags/sports_goat_pipeline.py for tasks to queue
[2026-08-22T17:40:24.986+0000] {logging_mixin.py:188} INFO - [2026-08-22T17:40:24.986+0000] {dagbag.py:538} INFO - Filling up the DagBag from /opt/airflow/dags/sports_goat_pipeline.py
[2026-08-22T17:40:25.006+0000] {processor.py:840} INFO - DAG(s) '2_sports_goat_run_batch', '1_sports_goat_raw_to_clean' retrieved from /opt/airflow/dags/sports_goat_pipeline.py
[2026-08-22T17:40:25.036+0000] {logging_mixin.py:188} INFO - [2026-08-22T17:40:25.036+0000] {dag.py:3036} INFO - Sync 2 DAGs
[2026-08-22T17:40:25.064+0000] {logging_mixin.py:188} INFO - [2026-08-22T17:40:25.064+0000] {dag.py:3823} INFO - Setting next_dagrun for 1_sports_goat_raw_to_clean to 2026-08-21 17:45:00+00:00, run_after=2026-08-22 17:45:00+00:00
[2026-08-22T17:40:25.070+0000] {logging_mixin.py:188} INFO - [2026-08-22T17:40:25.070+0000] {dag.py:3823} INFO - Setting next_dagrun for 2_sports_goat_run_batch to 2026-08-21 18:00:00+00:00, run_after=2026-08-22 18:00:00+00:00
[2026-08-22T17:40:25.098+0000] {processor.py:183} INFO - Processing /opt/airflow/dags/sports_goat_pipeline.py took 0.120 seconds
[2026-08-22T17:40:55.620+0000] {processor.py:161} INFO - Started process (PID=358) to work on /opt/airflow/dags/sports_goat_pipeline.py
[2026-08-22T17:40:55.622+0000] {processor.py:830} INFO - Processing file /opt/airflow/dags/sports_goat_pipeline.py for tasks to queue
[2026-08-22T17:40:55.623+0000] {logging_mixin.py:188} INFO - [2026-08-22T17:40:55.622+0000] {dagbag.py:538} INFO - Filling up the DagBag from /opt/airflow/dags/sports_goat_pipeline.py
[2026-08-22T17:40:55.642+0000] {processor.py:840} INFO - DAG(s) '1_sports_goat_raw_to_clean', '2_sports_goat_run_batch' retrieved from /opt/airflow/dags/sports_goat_pipeline.py
[2026-08-22T17:40:55.670+0000] {logging_mixin.py:188} INFO - [2026-08-22T17:40:55.670+0000] {dag.py:3036} INFO - Sync 2 DAGs
[2026-08-22T17:40:55.695+0000] {logging_mixin.py:188} INFO - [2026-08-22T17:40:55.694+0000] {dag.py:3823} INFO - Setting next_dagrun for 1_sports_goat_raw_to_clean to 2026-08-21 17:45:00+00:00, run_after=2026-08-22 17:45:00+00:00
[2026-08-22T17:40:55.702+0000] {logging_mixin.py:188} INFO - [2026-08-22T17:40:55.701+0000] {dag.py:3823} INFO - Setting next_dagrun for 2_sports_goat_run_batch to 2026-08-21 18:00:00+00:00, run_after=2026-08-22 18:00:00+00:00
[2026-08-22T17:40:55.725+0000] {processor.py:183} INFO - Processing /opt/airflow/dags/sports_goat_pipeline.py took 0.108 seconds
[2026-08-22T17:41:26.174+0000] {processor.py:161} INFO - Started process (PID=359) to work on /opt/airflow/dags/sports_goat_pipeline.py
[2026-08-22T17:41:26.175+0000] {processor.py:830} INFO - Processing file /opt/airflow/dags/sports_goat_pipeline.py for tasks to queue
[2026-08-22T17:41:26.177+0000] {logging_mixin.py:188} INFO - [2026-08-22T17:41:26.176+0000] {dagbag.py:538} INFO - Filling up the DagBag from /opt/airflow/dags/sports_goat_pipeline.py
[2026-08-22T17:41:26.197+0000] {processor.py:840} INFO - DAG(s) '2_sports_goat_run_batch', '1_sports_goat_raw_to_clean' retrieved from /opt/airflow/dags/sports_goat_pipeline.py
[2026-08-22T17:41:26.226+0000] {logging_mixin.py:188} INFO - [2026-08-22T17:41:26.225+0000] {dag.py:3036} INFO - Sync 2 DAGs
[2026-08-22T17:41:26.250+0000] {logging_mixin.py:188} INFO - [2026-08-22T17:41:26.250+0000] {dag.py:3823} INFO - Setting next_dagrun for 1_sports_goat_raw_to_clean to 2026-08-21 17:45:00+00:00, run_after=2026-08-22 17:45:00+00:00
[2026-08-22T17:41:26.256+0000] {logging_mixin.py:188} INFO - [2026-08-22T17:41:26.256+0000] {dag.py:3823} INFO - Setting next_dagrun for 2_sports_goat_run_batch to 2026-08-21 18:00:00+00:00, run_after=2026-08-22 18:00:00+00:00
[2026-08-22T17:41:26.279+0000] {processor.py:183} INFO - Processing /opt/airflow/dags/sports_goat_pipeline.py took 0.111 seconds
[2026-08-22T17:41:56.437+0000] {processor.py:161} INFO - Started process (PID=360) to work on /opt/airflow/dags/sports_goat_pipeline.py
[2026-08-22T17:41:56.439+0000] {processor.py:830} INFO - Processing file /opt/airflow/dags/sports_goat_pipeline.py for tasks to queue
[2026-08-22T17:41:56.440+0000] {logging_mixin.py:188} INFO - [2026-08-22T17:41:56.440+0000] {dagbag.py:538} INFO - Filling up the DagBag from /opt/airflow/dags/sports_goat_pipeline.py
[2026-08-22T17:41:56.459+0000] {processor.py:840} INFO - DAG(s) '1_sports_goat_raw_to_clean', '2_sports_goat_run_batch' retrieved from /opt/airflow/dags/sports_goat_pipeline.py
[2026-08-22T17:41:56.488+0000] {logging_mixin.py:188} INFO - [2026-08-22T17:41:56.488+0000] {dag.py:3036} INFO - Sync 2 DAGs
[2026-08-22T17:41:56.514+0000] {logging_mixin.py:188} INFO - [2026-08-22T17:41:56.514+0000] {dag.py:3823} INFO - Setting next_dagrun for 1_sports_goat_raw_to_clean to 2026-08-21 17:45:00+00:00, run_after=2026-08-22 17:45:00+00:00
[2026-08-22T17:41:56.520+0000] {logging_mixin.py:188} INFO - [2026-08-22T17:41:56.520+0000] {dag.py:3823} INFO - Setting next_dagrun for 2_sports_goat_run_batch to 2026-08-21 18:00:00+00:00, run_after=2026-08-22 18:00:00+00:00
[2026-08-22T17:41:56.547+0000] {processor.py:183} INFO - Processing /opt/airflow/dags/sports_goat_pipeline.py took 0.116 seconds
[2026-08-22T17:42:27.033+0000] {processor.py:161} INFO - Started process (PID=361) to work on /opt/airflow/dags/sports_goat_pipeline.py
[2026-08-22T17:42:27.035+0000] {processor.py:830} INFO - Processing file /opt/airflow/dags/sports_goat_pipeline.py for tasks to queue
[2026-08-22T17:42:27.037+0000] {logging_mixin.py:188} INFO - [2026-08-22T17:42:27.036+0000] {dagbag.py:538} INFO - Filling up the DagBag from /opt/airflow/dags/sports_goat_pipeline.py
[2026-08-22T17:42:27.055+0000] {processor.py:840} INFO - DAG(s) '1_sports_goat_raw_to_clean', '2_sports_goat_run_batch' retrieved from /opt/airflow/dags/sports_goat_pipeline.py
[2026-08-22T17:42:27.083+0000] {logging_mixin.py:188} INFO - [2026-08-22T17:42:27.083+0000] {dag.py:3036} INFO - Sync 2 DAGs
[2026-08-22T17:42:27.108+0000] {logging_mixin.py:188} INFO - [2026-08-22T17:42:27.108+0000] {dag.py:3823} INFO - Setting next_dagrun for 1_sports_goat_raw_to_clean to 2026-08-21 17:45:00+00:00, run_after=2026-08-22 17:45:00+00:00
[2026-08-22T17:42:27.115+0000] {logging_mixin.py:188} INFO - [2026-08-22T17:42:27.115+0000] {dag.py:3823} INFO - Setting next_dagrun for 2_sports_goat_run_batch to 2026-08-21 18:00:00+00:00, run_after=2026-08-22 18:00:00+00:00
[2026-08-22T17:42:27.144+0000] {processor.py:183} INFO - Processing /opt/airflow/dags/sports_goat_pipeline.py took 0.115 seconds
[2026-08-22T17:42:57.582+0000] {processor.py:161} INFO - Started process (PID=362) to work on /opt/airflow/dags/sports_goat_pipeline.py
[2026-08-22T17:42:57.584+0000] {processor.py:830} INFO - Processing file /opt/airflow/dags/sports_goat_pipeline.py for tasks to queue
[2026-08-22T17:42:57.586+0000] {logging_mixin.py:188} INFO - [2026-08-22T17:42:57.586+0000] {dagbag.py:538} INFO - Filling up the DagBag from /opt/airflow/dags/sports_goat_pipeline.py
[2026-08-22T17:42:57.609+0000] {processor.py:840} INFO - DAG(s) '1_sports_goat_raw_to_clean', '2_sports_goat_run_batch' retrieved from /opt/airflow/dags/sports_goat_pipeline.py
[2026-08-22T17:42:57.648+0000] {logging_mixin.py:188} INFO - [2026-08-22T17:42:57.647+0000] {dag.py:3036} INFO - Sync 2 DAGs
[2026-08-22T17:42:57.681+0000] {logging_mixin.py:188} INFO - [2026-08-22T17:42:57.681+0000] {dag.py:3823} INFO - Setting next_dagrun for 1_sports_goat_raw_to_clean to 2026-08-21 17:45:00+00:00, run_after=2026-08-22 17:45:00+00:00
[2026-08-22T17:42:57.690+0000] {logging_mixin.py:188} INFO - [2026-08-22T17:42:57.690+0000] {dag.py:3823} INFO - Setting next_dagrun for 2_sports_goat_run_batch to 2026-08-21 18:00:00+00:00, run_after=2026-08-22 18:00:00+00:00
[2026-08-22T17:42:57.721+0000] {processor.py:183} INFO - Processing /opt/airflow/dags/sports_goat_pipeline.py took 0.144 seconds
[2026-08-22T17:43:27.893+0000] {processor.py:161} INFO - Started process (PID=363) to work on /opt/airflow/dags/sports_goat_pipeline.py
[2026-08-22T17:43:27.895+0000] {processor.py:830} INFO - Processing file /opt/airflow/dags/sports_goat_pipeline.py for tasks to queue
[2026-08-22T17:43:27.896+0000] {logging_mixin.py:188} INFO - [2026-08-22T17:43:27.896+0000] {dagbag.py:538} INFO - Filling up the DagBag from /opt/airflow/dags/sports_goat_pipeline.py
[2026-08-22T17:43:27.920+0000] {processor.py:840} INFO - DAG(s) '2_sports_goat_run_batch', '1_sports_goat_raw_to_clean' retrieved from /opt/airflow/dags/sports_goat_pipeline.py
[2026-08-22T17:43:27.954+0000] {logging_mixin.py:188} INFO - [2026-08-22T17:43:27.954+0000] {dag.py:3036} INFO - Sync 2 DAGs
[2026-08-22T17:43:27.985+0000] {logging_mixin.py:188} INFO - [2026-08-22T17:43:27.985+0000] {dag.py:3823} INFO - Setting next_dagrun for 1_sports_goat_raw_to_clean to 2026-08-21 17:45:00+00:00, run_after=2026-08-22 17:45:00+00:00
[2026-08-22T17:43:27.992+0000] {logging_mixin.py:188} INFO - [2026-08-22T17:43:27.992+0000] {dag.py:3823} INFO - Setting next_dagrun for 2_sports_goat_run_batch to 2026-08-21 18:00:00+00:00, run_after=2026-08-22 18:00:00+00:00
[2026-08-22T17:43:28.016+0000] {processor.py:183} INFO - Processing /opt/airflow/dags/sports_goat_pipeline.py took 0.128 seconds
[2026-08-22T17:43:58.442+0000] {processor.py:161} INFO - Started process (PID=364) to work on /opt/airflow/dags/sports_goat_pipeline.py
[2026-08-22T17:43:58.443+0000] {processor.py:830} INFO - Processing file /opt/airflow/dags/sports_goat_pipeline.py for tasks to queue
[2026-08-22T17:43:58.446+0000] {logging_mixin.py:188} INFO - [2026-08-22T17:43:58.445+0000] {dagbag.py:538} INFO - Filling up the DagBag from /opt/airflow/dags/sports_goat_pipeline.py
[2026-08-22T17:43:58.464+0000] {processor.py:840} INFO - DAG(s) '1_sports_goat_raw_to_clean', '2_sports_goat_run_batch' retrieved from /opt/airflow/dags/sports_goat_pipeline.py
[2026-08-22T17:43:58.493+0000] {logging_mixin.py:188} INFO - [2026-08-22T17:43:58.493+0000] {dag.py:3036} INFO - Sync 2 DAGs
[2026-08-22T17:43:58.520+0000] {logging_mixin.py:188} INFO - [2026-08-22T17:43:58.520+0000] {dag.py:3823} INFO - Setting next_dagrun for 1_sports_goat_raw_to_clean to 2026-08-21 17:45:00+00:00, run_after=2026-08-22 17:45:00+00:00
[2026-08-22T17:43:58.526+0000] {logging_mixin.py:188} INFO - [2026-08-22T17:43:58.526+0000] {dag.py:3823} INFO - Setting next_dagrun for 2_sports_goat_run_batch to 2026-08-21 18:00:00+00:00, run_after=2026-08-22 18:00:00+00:00
[2026-08-22T17:43:58.556+0000] {processor.py:183} INFO - Processing /opt/airflow/dags/sports_goat_pipeline.py took 0.120 seconds
[2026-08-22T17:44:29.032+0000] {processor.py:161} INFO - Started process (PID=365) to work on /opt/airflow/dags/sports_goat_pipeline.py
[2026-08-22T17:44:29.033+0000] {processor.py:830} INFO - Processing file /opt/airflow/dags/sports_goat_pipeline.py for tasks to queue
[2026-08-22T17:44:29.035+0000] {logging_mixin.py:188} INFO - [2026-08-22T17:44:29.034+0000] {dagbag.py:538} INFO - Filling up the DagBag from /opt/airflow/dags/sports_goat_pipeline.py
[2026-08-22T17:44:29.054+0000] {processor.py:840} INFO - DAG(s) '2_sports_goat_run_batch', '1_sports_goat_raw_to_clean' retrieved from /opt/airflow/dags/sports_goat_pipeline.py
[2026-08-22T17:44:29.082+0000] {logging_mixin.py:188} INFO - [2026-08-22T17:44:29.082+0000] {dag.py:3036} INFO - Sync 2 DAGs
[2026-08-22T17:44:29.106+0000] {logging_mixin.py:188} INFO - [2026-08-22T17:44:29.106+0000] {dag.py:3823} INFO - Setting next_dagrun for 1_sports_goat_raw_to_clean to 2026-08-21 17:45:00+00:00, run_after=2026-08-22 17:45:00+00:00
[2026-08-22T17:44:29.114+0000] {logging_mixin.py:188} INFO - [2026-08-22T17:44:29.114+0000] {dag.py:3823} INFO - Setting next_dagrun for 2_sports_goat_run_batch to 2026-08-21 18:00:00+00:00, run_after=2026-08-22 18:00:00+00:00
[2026-08-22T17:44:29.144+0000] {processor.py:183} INFO - Processing /opt/airflow/dags/sports_goat_pipeline.py took 0.116 seconds
[2026-08-22T17:44:59.581+0000] {processor.py:161} INFO - Started process (PID=366) to work on /opt/airflow/dags/sports_goat_pipeline.py
[2026-08-22T17:44:59.583+0000] {processor.py:830} INFO - Processing file /opt/airflow/dags/sports_goat_pipeline.py for tasks to queue
[2026-08-22T17:44:59.584+0000] {logging_mixin.py:188} INFO - [2026-08-22T17:44:59.584+0000] {dagbag.py:538} INFO - Filling up the DagBag from /opt/airflow/dags/sports_goat_pipeline.py
[2026-08-22T17:44:59.604+0000] {processor.py:840} INFO - DAG(s) '2_sports_goat_run_batch', '1_sports_goat_raw_to_clean' retrieved from /opt/airflow/dags/sports_goat_pipeline.py
[2026-08-22T17:44:59.635+0000] {logging_mixin.py:188} INFO - [2026-08-22T17:44:59.634+0000] {dag.py:3036} INFO - Sync 2 DAGs
[2026-08-22T17:44:59.660+0000] {logging_mixin.py:188} INFO - [2026-08-22T17:44:59.660+0000] {dag.py:3823} INFO - Setting next_dagrun for 1_sports_goat_raw_to_clean to 2026-08-21 17:45:00+00:00, run_after=2026-08-22 17:45:00+00:00
[2026-08-22T17:44:59.666+0000] {logging_mixin.py:188} INFO - [2026-08-22T17:44:59.666+0000] {dag.py:3823} INFO - Setting next_dagrun for 2_sports_goat_run_batch to 2026-08-21 18:00:00+00:00, run_after=2026-08-22 18:00:00+00:00
[2026-08-22T17:44:59.689+0000] {processor.py:183} INFO - Processing /opt/airflow/dags/sports_goat_pipeline.py took 0.114 seconds
[2026-08-22T17:45:30.546+0000] {processor.py:161} INFO - Started process (PID=381) to work on /opt/airflow/dags/sports_goat_pipeline.py
[2026-08-22T17:45:30.547+0000] {processor.py:830} INFO - Processing file /opt/airflow/dags/sports_goat_pipeline.py for tasks to queue
[2026-08-22T17:45:30.549+0000] {logging_mixin.py:188} INFO - [2026-08-22T17:45:30.549+0000] {dagbag.py:538} INFO - Filling up the DagBag from /opt/airflow/dags/sports_goat_pipeline.py
[2026-08-22T17:45:30.569+0000] {processor.py:840} INFO - DAG(s) '2_sports_goat_run_batch', '1_sports_goat_raw_to_clean' retrieved from /opt/airflow/dags/sports_goat_pipeline.py
[2026-08-22T17:45:30.599+0000] {logging_mixin.py:188} INFO - [2026-08-22T17:45:30.599+0000] {dag.py:3036} INFO - Sync 2 DAGs
[2026-08-22T17:45:30.626+0000] {logging_mixin.py:188} INFO - [2026-08-22T17:45:30.625+0000] {dag.py:3823} INFO - Setting next_dagrun for 1_sports_goat_raw_to_clean to 2026-08-22 17:45:00+00:00, run_after=2026-08-23 17:45:00+00:00
[2026-08-22T17:45:30.632+0000] {logging_mixin.py:188} INFO - [2026-08-22T17:45:30.632+0000] {dag.py:3823} INFO - Setting next_dagrun for 2_sports_goat_run_batch to 2026-08-21 18:00:00+00:00, run_after=2026-08-22 18:00:00+00:00
[2026-08-22T17:45:30.656+0000] {processor.py:183} INFO - Processing /opt/airflow/dags/sports_goat_pipeline.py took 0.116 seconds
[2026-08-22T17:46:01.081+0000] {processor.py:161} INFO - Started process (PID=383) to work on /opt/airflow/dags/sports_goat_pipeline.py
[2026-08-22T17:46:01.083+0000] {processor.py:830} INFO - Processing file /opt/airflow/dags/sports_goat_pipeline.py for tasks to queue
[2026-08-22T17:46:01.085+0000] {logging_mixin.py:188} INFO - [2026-08-22T17:46:01.084+0000] {dagbag.py:538} INFO - Filling up the DagBag from /opt/airflow/dags/sports_goat_pipeline.py
[2026-08-22T17:46:01.105+0000] {processor.py:840} INFO - DAG(s) '2_sports_goat_run_batch', '1_sports_goat_raw_to_clean' retrieved from /opt/airflow/dags/sports_goat_pipeline.py
[2026-08-22T17:46:01.134+0000] {logging_mixin.py:188} INFO - [2026-08-22T17:46:01.134+0000] {dag.py:3036} INFO - Sync 2 DAGs
[2026-08-22T17:46:01.160+0000] {logging_mixin.py:188} INFO - [2026-08-22T17:46:01.160+0000] {dag.py:3823} INFO - Setting next_dagrun for 1_sports_goat_raw_to_clean to 2026-08-22 17:45:00+00:00, run_after=2026-08-23 17:45:00+00:00
[2026-08-22T17:46:01.168+0000] {logging_mixin.py:188} INFO - [2026-08-22T17:46:01.167+0000] {dag.py:3823} INFO - Setting next_dagrun for 2_sports_goat_run_batch to 2026-08-21 18:00:00+00:00, run_after=2026-08-22 18:00:00+00:00
[2026-08-22T17:46:01.196+0000] {processor.py:183} INFO - Processing /opt/airflow/dags/sports_goat_pipeline.py took 0.124 seconds
[2026-08-22T17:46:31.612+0000] {processor.py:161} INFO - Started process (PID=384) to work on /opt/airflow/dags/sports_goat_pipeline.py
[2026-08-22T17:46:31.614+0000] {processor.py:830} INFO - Processing file /opt/airflow/dags/sports_goat_pipeline.py for tasks to queue
[2026-08-22T17:46:31.616+0000] {logging_mixin.py:188} INFO - [2026-08-22T17:46:31.615+0000] {dagbag.py:538} INFO - Filling up the DagBag from /opt/airflow/dags/sports_goat_pipeline.py
[2026-08-22T17:46:31.638+0000] {processor.py:840} INFO - DAG(s) '1_sports_goat_raw_to_clean', '2_sports_goat_run_batch' retrieved from /opt/airflow/dags/sports_goat_pipeline.py
[2026-08-22T17:46:31.667+0000] {logging_mixin.py:188} INFO - [2026-08-22T17:46:31.667+0000] {dag.py:3036} INFO - Sync 2 DAGs
[2026-08-22T17:46:31.692+0000] {logging_mixin.py:188} INFO - [2026-08-22T17:46:31.692+0000] {dag.py:3823} INFO - Setting next_dagrun for 1_sports_goat_raw_to_clean to 2026-08-22 17:45:00+00:00, run_after=2026-08-23 17:45:00+00:00
[2026-08-22T17:46:31.700+0000] {logging_mixin.py:188} INFO - [2026-08-22T17:46:31.700+0000] {dag.py:3823} INFO - Setting next_dagrun for 2_sports_goat_run_batch to 2026-08-21 18:00:00+00:00, run_after=2026-08-22 18:00:00+00:00
[2026-08-22T17:46:31.723+0000] {processor.py:183} INFO - Processing /opt/airflow/dags/sports_goat_pipeline.py took 0.116 seconds
[2026-08-22T17:47:02.507+0000] {processor.py:161} INFO - Started process (PID=385) to work on /opt/airflow/dags/sports_goat_pipeline.py
[2026-08-22T17:47:02.509+0000] {processor.py:830} INFO - Processing file /opt/airflow/dags/sports_goat_pipeline.py for tasks to queue
[2026-08-22T17:47:02.511+0000] {logging_mixin.py:188} INFO - [2026-08-22T17:47:02.510+0000] {dagbag.py:538} INFO - Filling up the DagBag from /opt/airflow/dags/sports_goat_pipeline.py
[2026-08-22T17:47:02.544+0000] {processor.py:840} INFO - DAG(s) '2_sports_goat_run_batch', '1_sports_goat_raw_to_clean' retrieved from /opt/airflow/dags/sports_goat_pipeline.py
[2026-08-22T17:47:02.587+0000] {logging_mixin.py:188} INFO - [2026-08-22T17:47:02.587+0000] {dag.py:3036} INFO - Sync 2 DAGs
[2026-08-22T17:47:02.620+0000] {logging_mixin.py:188} INFO - [2026-08-22T17:47:02.620+0000] {dag.py:3823} INFO - Setting next_dagrun for 1_sports_goat_raw_to_clean to 2026-08-22 17:45:00+00:00, run_after=2026-08-23 17:45:00+00:00
[2026-08-22T17:47:02.627+0000] {logging_mixin.py:188} INFO - [2026-08-22T17:47:02.626+0000] {dag.py:3823} INFO - Setting next_dagrun for 2_sports_goat_run_batch to 2026-08-21 18:00:00+00:00, run_after=2026-08-22 18:00:00+00:00
[2026-08-22T17:47:02.654+0000] {processor.py:183} INFO - Processing /opt/airflow/dags/sports_goat_pipeline.py took 0.155 seconds
[2026-08-22T17:47:32.998+0000] {processor.py:161} INFO - Started process (PID=386) to work on /opt/airflow/dags/sports_goat_pipeline.py
[2026-08-22T17:47:33.000+0000] {processor.py:830} INFO - Processing file /opt/airflow/dags/sports_goat_pipeline.py for tasks to queue
[2026-08-22T17:47:33.001+0000] {logging_mixin.py:188} INFO - [2026-08-22T17:47:33.001+0000] {dagbag.py:538} INFO - Filling up the DagBag from /opt/airflow/dags/sports_goat_pipeline.py
[2026-08-22T17:47:33.020+0000] {processor.py:840} INFO - DAG(s) '2_sports_goat_run_batch', '1_sports_goat_raw_to_clean' retrieved from /opt/airflow/dags/sports_goat_pipeline.py
[2026-08-22T17:47:33.050+0000] {logging_mixin.py:188} INFO - [2026-08-22T17:47:33.050+0000] {dag.py:3036} INFO - Sync 2 DAGs
[2026-08-22T17:47:33.077+0000] {logging_mixin.py:188} INFO - [2026-08-22T17:47:33.077+0000] {dag.py:3823} INFO - Setting next_dagrun for 1_sports_goat_raw_to_clean to 2026-08-22 17:45:00+00:00, run_after=2026-08-23 17:45:00+00:00
[2026-08-22T17:47:33.083+0000] {logging_mixin.py:188} INFO - [2026-08-22T17:47:33.083+0000] {dag.py:3823} INFO - Setting next_dagrun for 2_sports_goat_run_batch to 2026-08-21 18:00:00+00:00, run_after=2026-08-22 18:00:00+00:00
[2026-08-22T17:47:33.109+0000] {processor.py:183} INFO - Processing /opt/airflow/dags/sports_goat_pipeline.py took 0.116 seconds
[2026-08-22T17:48:03.550+0000] {processor.py:161} INFO - Started process (PID=387) to work on /opt/airflow/dags/sports_goat_pipeline.py
[2026-08-22T17:48:03.552+0000] {processor.py:830} INFO - Processing file /opt/airflow/dags/sports_goat_pipeline.py for tasks to queue
[2026-08-22T17:48:03.554+0000] {logging_mixin.py:188} INFO - [2026-08-22T17:48:03.553+0000] {dagbag.py:538} INFO - Filling up the DagBag from /opt/airflow/dags/sports_goat_pipeline.py
[2026-08-22T17:48:03.573+0000] {processor.py:840} INFO - DAG(s) '2_sports_goat_run_batch', '1_sports_goat_raw_to_clean' retrieved from /opt/airflow/dags/sports_goat_pipeline.py
[2026-08-22T17:48:03.601+0000] {logging_mixin.py:188} INFO - [2026-08-22T17:48:03.601+0000] {dag.py:3036} INFO - Sync 2 DAGs
[2026-08-22T17:48:03.625+0000] {logging_mixin.py:188} INFO - [2026-08-22T17:48:03.625+0000] {dag.py:3823} INFO - Setting next_dagrun for 1_sports_goat_raw_to_clean to 2026-08-22 17:45:00+00:00, run_after=2026-08-23 17:45:00+00:00
[2026-08-22T17:48:03.631+0000] {logging_mixin.py:188} INFO - [2026-08-22T17:48:03.630+0000] {dag.py:3823} INFO - Setting next_dagrun for 2_sports_goat_run_batch to 2026-08-21 18:00:00+00:00, run_after=2026-08-22 18:00:00+00:00
[2026-08-22T17:48:03.654+0000] {processor.py:183} INFO - Processing /opt/airflow/dags/sports_goat_pipeline.py took 0.108 seconds
[2026-08-22T17:48:34.094+0000] {processor.py:161} INFO - Started process (PID=388) to work on /opt/airflow/dags/sports_goat_pipeline.py
[2026-08-22T17:48:34.096+0000] {processor.py:830} INFO - Processing file /opt/airflow/dags/sports_goat_pipeline.py for tasks to queue
[2026-08-22T17:48:34.097+0000] {logging_mixin.py:188} INFO - [2026-08-22T17:48:34.097+0000] {dagbag.py:538} INFO - Filling up the DagBag from /opt/airflow/dags/sports_goat_pipeline.py
[2026-08-22T17:48:34.115+0000] {processor.py:840} INFO - DAG(s) '1_sports_goat_raw_to_clean', '2_sports_goat_run_batch' retrieved from /opt/airflow/dags/sports_goat_pipeline.py
[2026-08-22T17:48:34.141+0000] {logging_mixin.py:188} INFO - [2026-08-22T17:48:34.141+0000] {dag.py:3036} INFO - Sync 2 DAGs
[2026-08-22T17:48:34.167+0000] {logging_mixin.py:188} INFO - [2026-08-22T17:48:34.167+0000] {dag.py:3823} INFO - Setting next_dagrun for 1_sports_goat_raw_to_clean to 2026-08-22 17:45:00+00:00, run_after=2026-08-23 17:45:00+00:00
[2026-08-22T17:48:34.173+0000] {logging_mixin.py:188} INFO - [2026-08-22T17:48:34.173+0000] {dag.py:3823} INFO - Setting next_dagrun for 2_sports_goat_run_batch to 2026-08-21 18:00:00+00:00, run_after=2026-08-22 18:00:00+00:00
[2026-08-22T17:48:34.200+0000] {processor.py:183} INFO - Processing /opt/airflow/dags/sports_goat_pipeline.py took 0.111 seconds
[2026-08-22T17:53:51.918+0000] {processor.py:161} INFO - Started process (PID=389) to work on /opt/airflow/dags/sports_goat_pipeline.py
[2026-08-22T17:53:51.943+0000] {processor.py:830} INFO - Processing file /opt/airflow/dags/sports_goat_pipeline.py for tasks to queue
[2026-08-22T17:53:51.960+0000] {logging_mixin.py:188} INFO - [2026-08-22T17:53:51.948+0000] {dagbag.py:538} INFO - Filling up the DagBag from /opt/airflow/dags/sports_goat_pipeline.py
[2026-08-22T17:53:52.394+0000] {processor.py:840} INFO - DAG(s) '2_sports_goat_run_batch', '1_sports_goat_raw_to_clean' retrieved from /opt/airflow/dags/sports_goat_pipeline.py
[2026-08-22T17:53:52.721+0000] {logging_mixin.py:188} INFO - [2026-08-22T17:53:52.721+0000] {dag.py:3036} INFO - Sync 2 DAGs
[2026-08-22T17:53:52.839+0000] {logging_mixin.py:188} INFO - [2026-08-22T17:53:52.839+0000] {dag.py:3823} INFO - Setting next_dagrun for 1_sports_goat_raw_to_clean to 2026-08-22 17:45:00+00:00, run_after=2026-08-23 17:45:00+00:00
[2026-08-22T17:53:52.860+0000] {logging_mixin.py:188} INFO - [2026-08-22T17:53:52.858+0000] {dag.py:3823} INFO - Setting next_dagrun for 2_sports_goat_run_batch to 2026-08-21 18:00:00+00:00, run_after=2026-08-22 18:00:00+00:00
[2026-08-22T17:53:52.980+0000] {processor.py:183} INFO - Processing /opt/airflow/dags/sports_goat_pipeline.py took 1.085 seconds
[2026-08-22T17:54:23.508+0000] {processor.py:161} INFO - Started process (PID=391) to work on /opt/airflow/dags/sports_goat_pipeline.py
[2026-08-22T17:54:23.515+0000] {processor.py:830} INFO - Processing file /opt/airflow/dags/sports_goat_pipeline.py for tasks to queue
[2026-08-22T17:54:23.517+0000] {logging_mixin.py:188} INFO - [2026-08-22T17:54:23.516+0000] {dagbag.py:538} INFO - Filling up the DagBag from /opt/airflow/dags/sports_goat_pipeline.py
[2026-08-22T17:54:23.537+0000] {processor.py:840} INFO - DAG(s) '2_sports_goat_run_batch', '1_sports_goat_raw_to_clean' retrieved from /opt/airflow/dags/sports_goat_pipeline.py
[2026-08-22T17:54:23.648+0000] {logging_mixin.py:188} INFO - [2026-08-22T17:54:23.648+0000] {dag.py:3036} INFO - Sync 2 DAGs
[2026-08-22T17:54:23.699+0000] {logging_mixin.py:188} INFO - [2026-08-22T17:54:23.699+0000] {dag.py:3823} INFO - Setting next_dagrun for 1_sports_goat_raw_to_clean to 2026-08-22 17:45:00+00:00, run_after=2026-08-23 17:45:00+00:00
[2026-08-22T17:54:23.708+0000] {logging_mixin.py:188} INFO - [2026-08-22T17:54:23.708+0000] {dag.py:3823} INFO - Setting next_dagrun for 2_sports_goat_run_batch to 2026-08-21 18:00:00+00:00, run_after=2026-08-22 18:00:00+00:00
[2026-08-22T17:54:23.745+0000] {processor.py:183} INFO - Processing /opt/airflow/dags/sports_goat_pipeline.py took 0.265 seconds
[2026-08-22T17:54:53.886+0000] {processor.py:161} INFO - Started process (PID=392) to work on /opt/airflow/dags/sports_goat_pipeline.py
[2026-08-22T17:54:53.889+0000] {processor.py:830} INFO - Processing file /opt/airflow/dags/sports_goat_pipeline.py for tasks to queue
[2026-08-22T17:54:53.890+0000] {logging_mixin.py:188} INFO - [2026-08-22T17:54:53.890+0000] {dagbag.py:538} INFO - Filling up the DagBag from /opt/airflow/dags/sports_goat_pipeline.py
[2026-08-22T17:54:53.913+0000] {processor.py:840} INFO - DAG(s) '2_sports_goat_run_batch', '1_sports_goat_raw_to_clean' retrieved from /opt/airflow/dags/sports_goat_pipeline.py
[2026-08-22T17:54:53.949+0000] {logging_mixin.py:188} INFO - [2026-08-22T17:54:53.949+0000] {dag.py:3036} INFO - Sync 2 DAGs
[2026-08-22T17:54:53.978+0000] {logging_mixin.py:188} INFO - [2026-08-22T17:54:53.978+0000] {dag.py:3823} INFO - Setting next_dagrun for 1_sports_goat_raw_to_clean to 2026-08-22 17:45:00+00:00, run_after=2026-08-23 17:45:00+00:00
[2026-08-22T17:54:53.984+0000] {logging_mixin.py:188} INFO - [2026-08-22T17:54:53.984+0000] {dag.py:3823} INFO - Setting next_dagrun for 2_sports_goat_run_batch to 2026-08-21 18:00:00+00:00, run_after=2026-08-22 18:00:00+00:00
[2026-08-22T17:54:54.011+0000] {processor.py:183} INFO - Processing /opt/airflow/dags/sports_goat_pipeline.py took 0.137 seconds
[2026-08-22T17:55:24.181+0000] {processor.py:161} INFO - Started process (PID=393) to work on /opt/airflow/dags/sports_goat_pipeline.py
[2026-08-22T17:55:24.183+0000] {processor.py:830} INFO - Processing file /opt/airflow/dags/sports_goat_pipeline.py for tasks to queue
[2026-08-22T17:55:24.185+0000] {logging_mixin.py:188} INFO - [2026-08-22T17:55:24.185+0000] {dagbag.py:538} INFO - Filling up the DagBag from /opt/airflow/dags/sports_goat_pipeline.py
[2026-08-22T17:55:24.203+0000] {processor.py:840} INFO - DAG(s) '2_sports_goat_run_batch', '1_sports_goat_raw_to_clean' retrieved from /opt/airflow/dags/sports_goat_pipeline.py
[2026-08-22T17:55:24.230+0000] {logging_mixin.py:188} INFO - [2026-08-22T17:55:24.230+0000] {dag.py:3036} INFO - Sync 2 DAGs
[2026-08-22T17:55:24.257+0000] {logging_mixin.py:188} INFO - [2026-08-22T17:55:24.257+0000] {dag.py:3823} INFO - Setting next_dagrun for 1_sports_goat_raw_to_clean to 2026-08-22 17:45:00+00:00, run_after=2026-08-23 17:45:00+00:00
[2026-08-22T17:55:24.262+0000] {logging_mixin.py:188} INFO - [2026-08-22T17:55:24.262+0000] {dag.py:3823} INFO - Setting next_dagrun for 2_sports_goat_run_batch to 2026-08-21 18:00:00+00:00, run_after=2026-08-22 18:00:00+00:00
[2026-08-22T17:55:24.287+0000] {processor.py:183} INFO - Processing /opt/airflow/dags/sports_goat_pipeline.py took 0.119 seconds
[2026-08-22T17:55:54.484+0000] {processor.py:161} INFO - Started process (PID=394) to work on /opt/airflow/dags/sports_goat_pipeline.py
[2026-08-22T17:55:54.485+0000] {processor.py:830} INFO - Processing file /opt/airflow/dags/sports_goat_pipeline.py for tasks to queue
[2026-08-22T17:55:54.487+0000] {logging_mixin.py:188} INFO - [2026-08-22T17:55:54.486+0000] {dagbag.py:538} INFO - Filling up the DagBag from /opt/airflow/dags/sports_goat_pipeline.py
[2026-08-22T17:55:54.504+0000] {processor.py:840} INFO - DAG(s) '2_sports_goat_run_batch', '1_sports_goat_raw_to_clean' retrieved from /opt/airflow/dags/sports_goat_pipeline.py
[2026-08-22T17:55:54.533+0000] {logging_mixin.py:188} INFO - [2026-08-22T17:55:54.532+0000] {dag.py:3036} INFO - Sync 2 DAGs
[2026-08-22T17:55:54.560+0000] {logging_mixin.py:188} INFO - [2026-08-22T17:55:54.559+0000] {dag.py:3823} INFO - Setting next_dagrun for 1_sports_goat_raw_to_clean to 2026-08-22 17:45:00+00:00, run_after=2026-08-23 17:45:00+00:00
[2026-08-22T17:55:54.566+0000] {logging_mixin.py:188} INFO - [2026-08-22T17:55:54.565+0000] {dag.py:3823} INFO - Setting next_dagrun for 2_sports_goat_run_batch to 2026-08-21 18:00:00+00:00, run_after=2026-08-22 18:00:00+00:00
[2026-08-22T17:55:54.591+0000] {processor.py:183} INFO - Processing /opt/airflow/dags/sports_goat_pipeline.py took 0.112 seconds
[2026-08-22T17:56:24.830+0000] {processor.py:161} INFO - Started process (PID=395) to work on /opt/airflow/dags/sports_goat_pipeline.py
[2026-08-22T17:56:24.838+0000] {processor.py:830} INFO - Processing file /opt/airflow/dags/sports_goat_pipeline.py for tasks to queue
[2026-08-22T17:56:24.839+0000] {logging_mixin.py:188} INFO - [2026-08-22T17:56:24.839+0000] {dagbag.py:538} INFO - Filling up the DagBag from /opt/airflow/dags/sports_goat_pipeline.py
[2026-08-22T17:56:24.857+0000] {processor.py:840} INFO - DAG(s) '1_sports_goat_raw_to_clean', '2_sports_goat_run_batch' retrieved from /opt/airflow/dags/sports_goat_pipeline.py
[2026-08-22T17:56:24.885+0000] {logging_mixin.py:188} INFO - [2026-08-22T17:56:24.885+0000] {dag.py:3036} INFO - Sync 2 DAGs
[2026-08-22T17:56:24.911+0000] {logging_mixin.py:188} INFO - [2026-08-22T17:56:24.911+0000] {dag.py:3823} INFO - Setting next_dagrun for 1_sports_goat_raw_to_clean to 2026-08-22 17:45:00+00:00, run_after=2026-08-23 17:45:00+00:00
[2026-08-22T17:56:24.917+0000] {logging_mixin.py:188} INFO - [2026-08-22T17:56:24.917+0000] {dag.py:3823} INFO - Setting next_dagrun for 2_sports_goat_run_batch to 2026-08-21 18:00:00+00:00, run_after=2026-08-22 18:00:00+00:00
[2026-08-22T17:56:24.940+0000] {processor.py:183} INFO - Processing /opt/airflow/dags/sports_goat_pipeline.py took 0.142 seconds
[2026-08-22T17:56:55.046+0000] {processor.py:161} INFO - Started process (PID=396) to work on /opt/airflow/dags/sports_goat_pipeline.py
[2026-08-22T17:56:55.047+0000] {processor.py:830} INFO - Processing file /opt/airflow/dags/sports_goat_pipeline.py for tasks to queue
[2026-08-22T17:56:55.049+0000] {logging_mixin.py:188} INFO - [2026-08-22T17:56:55.048+0000] {dagbag.py:538} INFO - Filling up the DagBag from /opt/airflow/dags/sports_goat_pipeline.py
[2026-08-22T17:56:55.066+0000] {processor.py:840} INFO - DAG(s) '2_sports_goat_run_batch', '1_sports_goat_raw_to_clean' retrieved from /opt/airflow/dags/sports_goat_pipeline.py
[2026-08-22T17:56:55.093+0000] {logging_mixin.py:188} INFO - [2026-08-22T17:56:55.093+0000] {dag.py:3036} INFO - Sync 2 DAGs
[2026-08-22T17:56:55.118+0000] {logging_mixin.py:188} INFO - [2026-08-22T17:56:55.118+0000] {dag.py:3823} INFO - Setting next_dagrun for 1_sports_goat_raw_to_clean to 2026-08-22 17:45:00+00:00, run_after=2026-08-23 17:45:00+00:00
[2026-08-22T17:56:55.124+0000] {logging_mixin.py:188} INFO - [2026-08-22T17:56:55.123+0000] {dag.py:3823} INFO - Setting next_dagrun for 2_sports_goat_run_batch to 2026-08-21 18:00:00+00:00, run_after=2026-08-22 18:00:00+00:00
[2026-08-22T17:56:55.148+0000] {processor.py:183} INFO - Processing /opt/airflow/dags/sports_goat_pipeline.py took 0.107 seconds
[2026-08-22T17:57:25.357+0000] {processor.py:161} INFO - Started process (PID=397) to work on /opt/airflow/dags/sports_goat_pipeline.py
[2026-08-22T17:57:25.358+0000] {processor.py:830} INFO - Processing file /opt/airflow/dags/sports_goat_pipeline.py for tasks to queue
[2026-08-22T17:57:25.359+0000] {logging_mixin.py:188} INFO - [2026-08-22T17:57:25.359+0000] {dagbag.py:538} INFO - Filling up the DagBag from /opt/airflow/dags/sports_goat_pipeline.py
[2026-08-22T17:57:25.379+0000] {processor.py:840} INFO - DAG(s) '1_sports_goat_raw_to_clean', '2_sports_goat_run_batch' retrieved from /opt/airflow/dags/sports_goat_pipeline.py
[2026-08-22T17:57:25.408+0000] {logging_mixin.py:188} INFO - [2026-08-22T17:57:25.408+0000] {dag.py:3036} INFO - Sync 2 DAGs
[2026-08-22T17:57:25.433+0000] {logging_mixin.py:188} INFO - [2026-08-22T17:57:25.433+0000] {dag.py:3823} INFO - Setting next_dagrun for 1_sports_goat_raw_to_clean to 2026-08-22 17:45:00+00:00, run_after=2026-08-23 17:45:00+00:00
[2026-08-22T17:57:25.439+0000] {logging_mixin.py:188} INFO - [2026-08-22T17:57:25.439+0000] {dag.py:3823} INFO - Setting next_dagrun for 2_sports_goat_run_batch to 2026-08-21 18:00:00+00:00, run_after=2026-08-22 18:00:00+00:00
[2026-08-22T17:57:25.462+0000] {processor.py:183} INFO - Processing /opt/airflow/dags/sports_goat_pipeline.py took 0.111 seconds
[2026-08-22T17:57:55.665+0000] {processor.py:161} INFO - Started process (PID=398) to work on /opt/airflow/dags/sports_goat_pipeline.py
[2026-08-22T17:57:55.667+0000] {processor.py:830} INFO - Processing file /opt/airflow/dags/sports_goat_pipeline.py for tasks to queue
[2026-08-22T17:57:55.668+0000] {logging_mixin.py:188} INFO - [2026-08-22T17:57:55.668+0000] {dagbag.py:538} INFO - Filling up the DagBag from /opt/airflow/dags/sports_goat_pipeline.py
[2026-08-22T17:57:55.686+0000] {processor.py:840} INFO - DAG(s) '1_sports_goat_raw_to_clean', '2_sports_goat_run_batch' retrieved from /opt/airflow/dags/sports_goat_pipeline.py
[2026-08-22T17:57:55.714+0000] {logging_mixin.py:188} INFO - [2026-08-22T17:57:55.714+0000] {dag.py:3036} INFO - Sync 2 DAGs
[2026-08-22T17:57:55.741+0000] {logging_mixin.py:188} INFO - [2026-08-22T17:57:55.740+0000] {dag.py:3823} INFO - Setting next_dagrun for 1_sports_goat_raw_to_clean to 2026-08-22 17:45:00+00:00, run_after=2026-08-23 17:45:00+00:00
[2026-08-22T17:57:55.747+0000] {logging_mixin.py:188} INFO - [2026-08-22T17:57:55.747+0000] {dag.py:3823} INFO - Setting next_dagrun for 2_sports_goat_run_batch to 2026-08-21 18:00:00+00:00, run_after=2026-08-22 18:00:00+00:00
[2026-08-22T17:57:55.770+0000] {processor.py:183} INFO - Processing /opt/airflow/dags/sports_goat_pipeline.py took 0.109 seconds
[2026-08-22T17:58:25.994+0000] {processor.py:161} INFO - Started process (PID=399) to work on /opt/airflow/dags/sports_goat_pipeline.py
[2026-08-22T17:58:25.996+0000] {processor.py:830} INFO - Processing file /opt/airflow/dags/sports_goat_pipeline.py for tasks to queue
[2026-08-22T17:58:25.998+0000] {logging_mixin.py:188} INFO - [2026-08-22T17:58:25.997+0000] {dagbag.py:538} INFO - Filling up the DagBag from /opt/airflow/dags/sports_goat_pipeline.py
[2026-08-22T17:58:26.016+0000] {processor.py:840} INFO - DAG(s) '1_sports_goat_raw_to_clean', '2_sports_goat_run_batch' retrieved from /opt/airflow/dags/sports_goat_pipeline.py
[2026-08-22T17:58:26.044+0000] {logging_mixin.py:188} INFO - [2026-08-22T17:58:26.043+0000] {dag.py:3036} INFO - Sync 2 DAGs
[2026-08-22T17:58:26.074+0000] {logging_mixin.py:188} INFO - [2026-08-22T17:58:26.073+0000] {dag.py:3823} INFO - Setting next_dagrun for 1_sports_goat_raw_to_clean to 2026-08-22 17:45:00+00:00, run_after=2026-08-23 17:45:00+00:00
[2026-08-22T17:58:26.079+0000] {logging_mixin.py:188} INFO - [2026-08-22T17:58:26.079+0000] {dag.py:3823} INFO - Setting next_dagrun for 2_sports_goat_run_batch to 2026-08-21 18:00:00+00:00, run_after=2026-08-22 18:00:00+00:00
[2026-08-22T17:58:26.102+0000] {processor.py:183} INFO - Processing /opt/airflow/dags/sports_goat_pipeline.py took 0.113 seconds
[2026-08-22T17:58:56.309+0000] {processor.py:161} INFO - Started process (PID=400) to work on /opt/airflow/dags/sports_goat_pipeline.py
[2026-08-22T17:58:56.312+0000] {processor.py:830} INFO - Processing file /opt/airflow/dags/sports_goat_pipeline.py for tasks to queue
[2026-08-22T17:58:56.313+0000] {logging_mixin.py:188} INFO - [2026-08-22T17:58:56.313+0000] {dagbag.py:538} INFO - Filling up the DagBag from /opt/airflow/dags/sports_goat_pipeline.py
[2026-08-22T17:58:56.332+0000] {processor.py:840} INFO - DAG(s) '1_sports_goat_raw_to_clean', '2_sports_goat_run_batch' retrieved from /opt/airflow/dags/sports_goat_pipeline.py
[2026-08-22T17:58:56.359+0000] {logging_mixin.py:188} INFO - [2026-08-22T17:58:56.358+0000] {dag.py:3036} INFO - Sync 2 DAGs
[2026-08-22T17:58:56.383+0000] {logging_mixin.py:188} INFO - [2026-08-22T17:58:56.383+0000] {dag.py:3823} INFO - Setting next_dagrun for 1_sports_goat_raw_to_clean to 2026-08-22 17:45:00+00:00, run_after=2026-08-23 17:45:00+00:00
[2026-08-22T17:58:56.389+0000] {logging_mixin.py:188} INFO - [2026-08-22T17:58:56.389+0000] {dag.py:3823} INFO - Setting next_dagrun for 2_sports_goat_run_batch to 2026-08-21 18:00:00+00:00, run_after=2026-08-22 18:00:00+00:00
[2026-08-22T17:58:56.415+0000] {processor.py:183} INFO - Processing /opt/airflow/dags/sports_goat_pipeline.py took 0.113 seconds
[2026-08-22T17:59:26.820+0000] {processor.py:161} INFO - Started process (PID=401) to work on /opt/airflow/dags/sports_goat_pipeline.py
[2026-08-22T17:59:26.837+0000] {processor.py:830} INFO - Processing file /opt/airflow/dags/sports_goat_pipeline.py for tasks to queue
[2026-08-22T17:59:26.843+0000] {logging_mixin.py:188} INFO - [2026-08-22T17:59:26.842+0000] {dagbag.py:538} INFO - Filling up the DagBag from /opt/airflow/dags/sports_goat_pipeline.py
[2026-08-22T17:59:26.915+0000] {processor.py:840} INFO - DAG(s) '1_sports_goat_raw_to_clean', '2_sports_goat_run_batch' retrieved from /opt/airflow/dags/sports_goat_pipeline.py
[2026-08-22T17:59:27.005+0000] {logging_mixin.py:188} INFO - [2026-08-22T17:59:27.004+0000] {dag.py:3036} INFO - Sync 2 DAGs
[2026-08-22T17:59:27.039+0000] {logging_mixin.py:188} INFO - [2026-08-22T17:59:27.039+0000] {dag.py:3823} INFO - Setting next_dagrun for 1_sports_goat_raw_to_clean to 2026-08-22 17:45:00+00:00, run_after=2026-08-23 17:45:00+00:00
[2026-08-22T17:59:27.051+0000] {logging_mixin.py:188} INFO - [2026-08-22T17:59:27.050+0000] {dag.py:3823} INFO - Setting next_dagrun for 2_sports_goat_run_batch to 2026-08-21 18:00:00+00:00, run_after=2026-08-22 18:00:00+00:00
[2026-08-22T17:59:27.079+0000] {processor.py:183} INFO - Processing /opt/airflow/dags/sports_goat_pipeline.py took 0.272 seconds
[2026-08-22T17:59:57.264+0000] {processor.py:161} INFO - Started process (PID=402) to work on /opt/airflow/dags/sports_goat_pipeline.py
[2026-08-22T17:59:57.266+0000] {processor.py:830} INFO - Processing file /opt/airflow/dags/sports_goat_pipeline.py for tasks to queue
[2026-08-22T17:59:57.268+0000] {logging_mixin.py:188} INFO - [2026-08-22T17:59:57.267+0000] {dagbag.py:538} INFO - Filling up the DagBag from /opt/airflow/dags/sports_goat_pipeline.py
[2026-08-22T17:59:57.289+0000] {processor.py:840} INFO - DAG(s) '1_sports_goat_raw_to_clean', '2_sports_goat_run_batch' retrieved from /opt/airflow/dags/sports_goat_pipeline.py
[2026-08-22T17:59:57.321+0000] {logging_mixin.py:188} INFO - [2026-08-22T17:59:57.321+0000] {dag.py:3036} INFO - Sync 2 DAGs
[2026-08-22T17:59:57.347+0000] {logging_mixin.py:188} INFO - [2026-08-22T17:59:57.347+0000] {dag.py:3823} INFO - Setting next_dagrun for 1_sports_goat_raw_to_clean to 2026-08-22 17:45:00+00:00, run_after=2026-08-23 17:45:00+00:00
[2026-08-22T17:59:57.355+0000] {logging_mixin.py:188} INFO - [2026-08-22T17:59:57.354+0000] {dag.py:3823} INFO - Setting next_dagrun for 2_sports_goat_run_batch to 2026-08-21 18:00:00+00:00, run_after=2026-08-22 18:00:00+00:00
[2026-08-22T17:59:57.379+0000] {processor.py:183} INFO - Processing /opt/airflow/dags/sports_goat_pipeline.py took 0.118 seconds
[2026-08-22T18:00:27.567+0000] {processor.py:161} INFO - Started process (PID=422) to work on /opt/airflow/dags/sports_goat_pipeline.py
[2026-08-22T18:00:27.569+0000] {processor.py:830} INFO - Processing file /opt/airflow/dags/sports_goat_pipeline.py for tasks to queue
[2026-08-22T18:00:27.570+0000] {logging_mixin.py:188} INFO - [2026-08-22T18:00:27.570+0000] {dagbag.py:538} INFO - Filling up the DagBag from /opt/airflow/dags/sports_goat_pipeline.py
[2026-08-22T18:00:27.591+0000] {processor.py:840} INFO - DAG(s) '1_sports_goat_raw_to_clean', '2_sports_goat_run_batch' retrieved from /opt/airflow/dags/sports_goat_pipeline.py
[2026-08-22T18:00:27.625+0000] {logging_mixin.py:188} INFO - [2026-08-22T18:00:27.624+0000] {dag.py:3036} INFO - Sync 2 DAGs
[2026-08-22T18:00:27.662+0000] {logging_mixin.py:188} INFO - [2026-08-22T18:00:27.662+0000] {dag.py:3823} INFO - Setting next_dagrun for 1_sports_goat_raw_to_clean to 2026-08-22 17:45:00+00:00, run_after=2026-08-23 17:45:00+00:00
[2026-08-22T18:00:27.669+0000] {logging_mixin.py:188} INFO - [2026-08-22T18:00:27.668+0000] {dag.py:3823} INFO - Setting next_dagrun for 2_sports_goat_run_batch to 2026-08-22 18:00:00+00:00, run_after=2026-08-23 18:00:00+00:00
[2026-08-22T18:00:27.694+0000] {processor.py:183} INFO - Processing /opt/airflow/dags/sports_goat_pipeline.py took 0.132 seconds
[2026-08-22T18:00:57.870+0000] {processor.py:161} INFO - Started process (PID=423) to work on /opt/airflow/dags/sports_goat_pipeline.py
[2026-08-22T18:00:57.872+0000] {processor.py:830} INFO - Processing file /opt/airflow/dags/sports_goat_pipeline.py for tasks to queue
[2026-08-22T18:00:57.874+0000] {logging_mixin.py:188} INFO - [2026-08-22T18:00:57.873+0000] {dagbag.py:538} INFO - Filling up the DagBag from /opt/airflow/dags/sports_goat_pipeline.py
[2026-08-22T18:00:57.895+0000] {processor.py:840} INFO - DAG(s) '2_sports_goat_run_batch', '1_sports_goat_raw_to_clean' retrieved from /opt/airflow/dags/sports_goat_pipeline.py
[2026-08-22T18:00:57.924+0000] {logging_mixin.py:188} INFO - [2026-08-22T18:00:57.924+0000] {dag.py:3036} INFO - Sync 2 DAGs
[2026-08-22T18:00:57.951+0000] {logging_mixin.py:188} INFO - [2026-08-22T18:00:57.951+0000] {dag.py:3823} INFO - Setting next_dagrun for 1_sports_goat_raw_to_clean to 2026-08-22 17:45:00+00:00, run_after=2026-08-23 17:45:00+00:00
[2026-08-22T18:00:57.958+0000] {logging_mixin.py:188} INFO - [2026-08-22T18:00:57.958+0000] {dag.py:3823} INFO - Setting next_dagrun for 2_sports_goat_run_batch to 2026-08-22 18:00:00+00:00, run_after=2026-08-23 18:00:00+00:00
[2026-08-22T18:00:57.982+0000] {processor.py:183} INFO - Processing /opt/airflow/dags/sports_goat_pipeline.py took 0.119 seconds
[2026-08-22T18:01:28.142+0000] {processor.py:161} INFO - Started process (PID=424) to work on /opt/airflow/dags/sports_goat_pipeline.py
[2026-08-22T18:01:28.144+0000] {processor.py:830} INFO - Processing file /opt/airflow/dags/sports_goat_pipeline.py for tasks to queue
[2026-08-22T18:01:28.146+0000] {logging_mixin.py:188} INFO - [2026-08-22T18:01:28.145+0000] {dagbag.py:538} INFO - Filling up the DagBag from /opt/airflow/dags/sports_goat_pipeline.py
[2026-08-22T18:01:28.168+0000] {processor.py:840} INFO - DAG(s) '2_sports_goat_run_batch', '1_sports_goat_raw_to_clean' retrieved from /opt/airflow/dags/sports_goat_pipeline.py
[2026-08-22T18:01:28.199+0000] {logging_mixin.py:188} INFO - [2026-08-22T18:01:28.198+0000] {dag.py:3036} INFO - Sync 2 DAGs
[2026-08-22T18:01:28.226+0000] {logging_mixin.py:188} INFO - [2026-08-22T18:01:28.226+0000] {dag.py:3823} INFO - Setting next_dagrun for 1_sports_goat_raw_to_clean to 2026-08-22 17:45:00+00:00, run_after=2026-08-23 17:45:00+00:00
[2026-08-22T18:01:28.231+0000] {logging_mixin.py:188} INFO - [2026-08-22T18:01:28.231+0000] {dag.py:3823} INFO - Setting next_dagrun for 2_sports_goat_run_batch to 2026-08-22 18:00:00+00:00, run_after=2026-08-23 18:00:00+00:00
[2026-08-22T18:01:28.258+0000] {processor.py:183} INFO - Processing /opt/airflow/dags/sports_goat_pipeline.py took 0.124 seconds
[2026-08-22T18:01:58.437+0000] {processor.py:161} INFO - Started process (PID=425) to work on /opt/airflow/dags/sports_goat_pipeline.py
[2026-08-22T18:01:58.439+0000] {processor.py:830} INFO - Processing file /opt/airflow/dags/sports_goat_pipeline.py for tasks to queue
[2026-08-22T18:01:58.441+0000] {logging_mixin.py:188} INFO - [2026-08-22T18:01:58.440+0000] {dagbag.py:538} INFO - Filling up the DagBag from /opt/airflow/dags/sports_goat_pipeline.py
[2026-08-22T18:01:58.463+0000] {processor.py:840} INFO - DAG(s) '2_sports_goat_run_batch', '1_sports_goat_raw_to_clean' retrieved from /opt/airflow/dags/sports_goat_pipeline.py
[2026-08-22T18:01:58.497+0000] {logging_mixin.py:188} INFO - [2026-08-22T18:01:58.497+0000] {dag.py:3036} INFO - Sync 2 DAGs
[2026-08-22T18:01:58.527+0000] {logging_mixin.py:188} INFO - [2026-08-22T18:01:58.527+0000] {dag.py:3823} INFO - Setting next_dagrun for 1_sports_goat_raw_to_clean to 2026-08-22 17:45:00+00:00, run_after=2026-08-23 17:45:00+00:00
[2026-08-22T18:01:58.534+0000] {logging_mixin.py:188} INFO - [2026-08-22T18:01:58.534+0000] {dag.py:3823} INFO - Setting next_dagrun for 2_sports_goat_run_batch to 2026-08-22 18:00:00+00:00, run_after=2026-08-23 18:00:00+00:00
[2026-08-22T18:01:58.561+0000] {processor.py:183} INFO - Processing /opt/airflow/dags/sports_goat_pipeline.py took 0.128 seconds
[2026-08-22T18:02:28.762+0000] {processor.py:161} INFO - Started process (PID=426) to work on /opt/airflow/dags/sports_goat_pipeline.py
[2026-08-22T18:02:28.763+0000] {processor.py:830} INFO - Processing file /opt/airflow/dags/sports_goat_pipeline.py for tasks to queue
[2026-08-22T18:02:28.765+0000] {logging_mixin.py:188} INFO - [2026-08-22T18:02:28.764+0000] {dagbag.py:538} INFO - Filling up the DagBag from /opt/airflow/dags/sports_goat_pipeline.py
[2026-08-22T18:02:28.783+0000] {processor.py:840} INFO - DAG(s) '1_sports_goat_raw_to_clean', '2_sports_goat_run_batch' retrieved from /opt/airflow/dags/sports_goat_pipeline.py
[2026-08-22T18:02:28.830+0000] {logging_mixin.py:188} INFO - [2026-08-22T18:02:28.830+0000] {dag.py:3036} INFO - Sync 2 DAGs
[2026-08-22T18:02:28.859+0000] {logging_mixin.py:188} INFO - [2026-08-22T18:02:28.858+0000] {dag.py:3823} INFO - Setting next_dagrun for 1_sports_goat_raw_to_clean to 2026-08-22 17:45:00+00:00, run_after=2026-08-23 17:45:00+00:00
[2026-08-22T18:02:28.866+0000] {logging_mixin.py:188} INFO - [2026-08-22T18:02:28.866+0000] {dag.py:3823} INFO - Setting next_dagrun for 2_sports_goat_run_batch to 2026-08-22 18:00:00+00:00, run_after=2026-08-23 18:00:00+00:00
[2026-08-22T18:02:28.890+0000] {processor.py:183} INFO - Processing /opt/airflow/dags/sports_goat_pipeline.py took 0.136 seconds
[2026-08-22T18:02:59.072+0000] {processor.py:161} INFO - Started process (PID=427) to work on /opt/airflow/dags/sports_goat_pipeline.py
[2026-08-22T18:02:59.074+0000] {processor.py:830} INFO - Processing file /opt/airflow/dags/sports_goat_pipeline.py for tasks to queue
[2026-08-22T18:02:59.076+0000] {logging_mixin.py:188} INFO - [2026-08-22T18:02:59.075+0000] {dagbag.py:538} INFO - Filling up the DagBag from /opt/airflow/dags/sports_goat_pipeline.py
[2026-08-22T18:02:59.105+0000] {processor.py:840} INFO - DAG(s) '1_sports_goat_raw_to_clean', '2_sports_goat_run_batch' retrieved from /opt/airflow/dags/sports_goat_pipeline.py
[2026-08-22T18:02:59.139+0000] {logging_mixin.py:188} INFO - [2026-08-22T18:02:59.139+0000] {dag.py:3036} INFO - Sync 2 DAGs
[2026-08-22T18:02:59.171+0000] {logging_mixin.py:188} INFO - [2026-08-22T18:02:59.171+0000] {dag.py:3823} INFO - Setting next_dagrun for 1_sports_goat_raw_to_clean to 2026-08-22 17:45:00+00:00, run_after=2026-08-23 17:45:00+00:00
[2026-08-22T18:02:59.178+0000] {logging_mixin.py:188} INFO - [2026-08-22T18:02:59.177+0000] {dag.py:3823} INFO - Setting next_dagrun for 2_sports_goat_run_batch to 2026-08-22 18:00:00+00:00, run_after=2026-08-23 18:00:00+00:00
[2026-08-22T18:02:59.202+0000] {processor.py:183} INFO - Processing /opt/airflow/dags/sports_goat_pipeline.py took 0.135 seconds
[2026-08-22T18:03:29.379+0000] {processor.py:161} INFO - Started process (PID=428) to work on /opt/airflow/dags/sports_goat_pipeline.py
[2026-08-22T18:03:29.381+0000] {processor.py:830} INFO - Processing file /opt/airflow/dags/sports_goat_pipeline.py for tasks to queue
[2026-08-22T18:03:29.382+0000] {logging_mixin.py:188} INFO - [2026-08-22T18:03:29.382+0000] {dagbag.py:538} INFO - Filling up the DagBag from /opt/airflow/dags/sports_goat_pipeline.py
[2026-08-22T18:03:29.402+0000] {processor.py:840} INFO - DAG(s) '1_sports_goat_raw_to_clean', '2_sports_goat_run_batch' retrieved from /opt/airflow/dags/sports_goat_pipeline.py
[2026-08-22T18:03:29.432+0000] {logging_mixin.py:188} INFO - [2026-08-22T18:03:29.431+0000] {dag.py:3036} INFO - Sync 2 DAGs
[2026-08-22T18:03:29.460+0000] {logging_mixin.py:188} INFO - [2026-08-22T18:03:29.460+0000] {dag.py:3823} INFO - Setting next_dagrun for 1_sports_goat_raw_to_clean to 2026-08-22 17:45:00+00:00, run_after=2026-08-23 17:45:00+00:00
[2026-08-22T18:03:29.467+0000] {logging_mixin.py:188} INFO - [2026-08-22T18:03:29.467+0000] {dag.py:3823} INFO - Setting next_dagrun for 2_sports_goat_run_batch to 2026-08-22 18:00:00+00:00, run_after=2026-08-23 18:00:00+00:00
[2026-08-22T18:03:29.492+0000] {processor.py:183} INFO - Processing /opt/airflow/dags/sports_goat_pipeline.py took 0.117 seconds
[2026-08-22T18:03:59.680+0000] {processor.py:161} INFO - Started process (PID=429) to work on /opt/airflow/dags/sports_goat_pipeline.py
[2026-08-22T18:03:59.682+0000] {processor.py:830} INFO - Processing file /opt/airflow/dags/sports_goat_pipeline.py for tasks to queue
[2026-08-22T18:03:59.683+0000] {logging_mixin.py:188} INFO - [2026-08-22T18:03:59.683+0000] {dagbag.py:538} INFO - Filling up the DagBag from /opt/airflow/dags/sports_goat_pipeline.py
[2026-08-22T18:03:59.707+0000] {processor.py:840} INFO - DAG(s) '2_sports_goat_run_batch', '1_sports_goat_raw_to_clean' retrieved from /opt/airflow/dags/sports_goat_pipeline.py
[2026-08-22T18:03:59.742+0000] {logging_mixin.py:188} INFO - [2026-08-22T18:03:59.742+0000] {dag.py:3036} INFO - Sync 2 DAGs
[2026-08-22T18:03:59.771+0000] {logging_mixin.py:188} INFO - [2026-08-22T18:03:59.771+0000] {dag.py:3823} INFO - Setting next_dagrun for 1_sports_goat_raw_to_clean to 2026-08-22 17:45:00+00:00, run_after=2026-08-23 17:45:00+00:00
[2026-08-22T18:03:59.778+0000] {logging_mixin.py:188} INFO - [2026-08-22T18:03:59.778+0000] {dag.py:3823} INFO - Setting next_dagrun for 2_sports_goat_run_batch to 2026-08-22 18:00:00+00:00, run_after=2026-08-23 18:00:00+00:00
[2026-08-22T18:03:59.813+0000] {processor.py:183} INFO - Processing /opt/airflow/dags/sports_goat_pipeline.py took 0.140 seconds
[2026-08-22T18:04:29.973+0000] {processor.py:161} INFO - Started process (PID=430) to work on /opt/airflow/dags/sports_goat_pipeline.py
[2026-08-22T18:04:29.975+0000] {processor.py:830} INFO - Processing file /opt/airflow/dags/sports_goat_pipeline.py for tasks to queue
[2026-08-22T18:04:29.978+0000] {logging_mixin.py:188} INFO - [2026-08-22T18:04:29.977+0000] {dagbag.py:538} INFO - Filling up the DagBag from /opt/airflow/dags/sports_goat_pipeline.py
[2026-08-22T18:04:30.007+0000] {processor.py:840} INFO - DAG(s) '1_sports_goat_raw_to_clean', '2_sports_goat_run_batch' retrieved from /opt/airflow/dags/sports_goat_pipeline.py
[2026-08-22T18:04:30.044+0000] {logging_mixin.py:188} INFO - [2026-08-22T18:04:30.044+0000] {dag.py:3036} INFO - Sync 2 DAGs
[2026-08-22T18:04:30.075+0000] {logging_mixin.py:188} INFO - [2026-08-22T18:04:30.074+0000] {dag.py:3823} INFO - Setting next_dagrun for 1_sports_goat_raw_to_clean to 2026-08-22 17:45:00+00:00, run_after=2026-08-23 17:45:00+00:00
[2026-08-22T18:04:30.081+0000] {logging_mixin.py:188} INFO - [2026-08-22T18:04:30.081+0000] {dag.py:3823} INFO - Setting next_dagrun for 2_sports_goat_run_batch to 2026-08-22 18:00:00+00:00, run_after=2026-08-23 18:00:00+00:00
[2026-08-22T18:04:30.109+0000] {processor.py:183} INFO - Processing /opt/airflow/dags/sports_goat_pipeline.py took 0.143 seconds
[2026-08-22T18:05:08.954+0000] {processor.py:161} INFO - Started process (PID=451) to work on /opt/airflow/dags/sports_goat_pipeline.py
[2026-08-22T18:05:08.956+0000] {processor.py:830} INFO - Processing file /opt/airflow/dags/sports_goat_pipeline.py for tasks to queue
[2026-08-22T18:05:08.963+0000] {logging_mixin.py:188} INFO - [2026-08-22T18:05:08.957+0000] {dagbag.py:538} INFO - Filling up the DagBag from /opt/airflow/dags/sports_goat_pipeline.py
[2026-08-22T18:05:09.007+0000] {processor.py:840} INFO - DAG(s) '1_sports_goat_raw_to_clean', '2_sports_goat_run_batch' retrieved from /opt/airflow/dags/sports_goat_pipeline.py
[2026-08-22T18:05:09.061+0000] {logging_mixin.py:188} INFO - [2026-08-22T18:05:09.060+0000] {dag.py:3036} INFO - Sync 2 DAGs
[2026-08-22T18:05:09.107+0000] {logging_mixin.py:188} INFO - [2026-08-22T18:05:09.107+0000] {dag.py:3823} INFO - Setting next_dagrun for 1_sports_goat_raw_to_clean to 2026-08-22 17:45:00+00:00, run_after=2026-08-23 17:45:00+00:00
[2026-08-22T18:05:09.115+0000] {logging_mixin.py:188} INFO - [2026-08-22T18:05:09.115+0000] {dag.py:3823} INFO - Setting next_dagrun for 2_sports_goat_run_batch to 2026-08-22 18:00:00+00:00, run_after=2026-08-23 18:00:00+00:00
[2026-08-22T18:05:09.142+0000] {processor.py:183} INFO - Processing /opt/airflow/dags/sports_goat_pipeline.py took 0.197 seconds
[2026-08-22T18:05:40.391+0000] {processor.py:161} INFO - Started process (PID=452) to work on /opt/airflow/dags/sports_goat_pipeline.py
[2026-08-22T18:05:40.393+0000] {processor.py:830} INFO - Processing file /opt/airflow/dags/sports_goat_pipeline.py for tasks to queue
[2026-08-22T18:05:40.394+0000] {logging_mixin.py:188} INFO - [2026-08-22T18:05:40.394+0000] {dagbag.py:538} INFO - Filling up the DagBag from /opt/airflow/dags/sports_goat_pipeline.py
[2026-08-22T18:05:40.412+0000] {processor.py:840} INFO - DAG(s) '2_sports_goat_run_batch', '1_sports_goat_raw_to_clean' retrieved from /opt/airflow/dags/sports_goat_pipeline.py
[2026-08-22T18:05:40.441+0000] {logging_mixin.py:188} INFO - [2026-08-22T18:05:40.440+0000] {dag.py:3036} INFO - Sync 2 DAGs
[2026-08-22T18:05:40.468+0000] {logging_mixin.py:188} INFO - [2026-08-22T18:05:40.468+0000] {dag.py:3823} INFO - Setting next_dagrun for 1_sports_goat_raw_to_clean to 2026-08-22 17:45:00+00:00, run_after=2026-08-23 17:45:00+00:00
[2026-08-22T18:05:40.474+0000] {logging_mixin.py:188} INFO - [2026-08-22T18:05:40.474+0000] {dag.py:3823} INFO - Setting next_dagrun for 2_sports_goat_run_batch to 2026-08-22 18:00:00+00:00, run_after=2026-08-23 18:00:00+00:00
[2026-08-22T18:05:40.497+0000] {processor.py:183} INFO - Processing /opt/airflow/dags/sports_goat_pipeline.py took 0.111 seconds
[2026-08-22T18:06:10.701+0000] {processor.py:161} INFO - Started process (PID=453) to work on /opt/airflow/dags/sports_goat_pipeline.py
[2026-08-22T18:06:10.704+0000] {processor.py:830} INFO - Processing file /opt/airflow/dags/sports_goat_pipeline.py for tasks to queue
[2026-08-22T18:06:10.705+0000] {logging_mixin.py:188} INFO - [2026-08-22T18:06:10.705+0000] {dagbag.py:538} INFO - Filling up the DagBag from /opt/airflow/dags/sports_goat_pipeline.py
[2026-08-22T18:06:10.727+0000] {processor.py:840} INFO - DAG(s) '2_sports_goat_run_batch', '1_sports_goat_raw_to_clean' retrieved from /opt/airflow/dags/sports_goat_pipeline.py
[2026-08-22T18:06:10.769+0000] {logging_mixin.py:188} INFO - [2026-08-22T18:06:10.769+0000] {dag.py:3036} INFO - Sync 2 DAGs
[2026-08-22T18:06:10.794+0000] {logging_mixin.py:188} INFO - [2026-08-22T18:06:10.794+0000] {dag.py:3823} INFO - Setting next_dagrun for 1_sports_goat_raw_to_clean to 2026-08-22 17:45:00+00:00, run_after=2026-08-23 17:45:00+00:00
[2026-08-22T18:06:10.800+0000] {logging_mixin.py:188} INFO - [2026-08-22T18:06:10.800+0000] {dag.py:3823} INFO - Setting next_dagrun for 2_sports_goat_run_batch to 2026-08-22 18:00:00+00:00, run_after=2026-08-23 18:00:00+00:00
[2026-08-22T18:06:10.824+0000] {processor.py:183} INFO - Processing /opt/airflow/dags/sports_goat_pipeline.py took 0.131 seconds
[2026-08-22T18:06:41.067+0000] {processor.py:161} INFO - Started process (PID=454) to work on /opt/airflow/dags/sports_goat_pipeline.py
[2026-08-22T18:06:41.068+0000] {processor.py:830} INFO - Processing file /opt/airflow/dags/sports_goat_pipeline.py for tasks to queue
[2026-08-22T18:06:41.071+0000] {logging_mixin.py:188} INFO - [2026-08-22T18:06:41.070+0000] {dagbag.py:538} INFO - Filling up the DagBag from /opt/airflow/dags/sports_goat_pipeline.py
[2026-08-22T18:06:41.096+0000] {processor.py:840} INFO - DAG(s) '1_sports_goat_raw_to_clean', '2_sports_goat_run_batch' retrieved from /opt/airflow/dags/sports_goat_pipeline.py
[2026-08-22T18:06:41.133+0000] {logging_mixin.py:188} INFO - [2026-08-22T18:06:41.133+0000] {dag.py:3036} INFO - Sync 2 DAGs
[2026-08-22T18:06:41.165+0000] {logging_mixin.py:188} INFO - [2026-08-22T18:06:41.165+0000] {dag.py:3823} INFO - Setting next_dagrun for 1_sports_goat_raw_to_clean to 2026-08-22 17:45:00+00:00, run_after=2026-08-23 17:45:00+00:00
[2026-08-22T18:06:41.171+0000] {logging_mixin.py:188} INFO - [2026-08-22T18:06:41.171+0000] {dag.py:3823} INFO - Setting next_dagrun for 2_sports_goat_run_batch to 2026-08-22 18:00:00+00:00, run_after=2026-08-23 18:00:00+00:00
[2026-08-22T18:06:41.201+0000] {processor.py:183} INFO - Processing /opt/airflow/dags/sports_goat_pipeline.py took 0.138 seconds
[2026-08-22T18:07:11.380+0000] {processor.py:161} INFO - Started process (PID=455) to work on /opt/airflow/dags/sports_goat_pipeline.py
[2026-08-22T18:07:11.381+0000] {processor.py:830} INFO - Processing file /opt/airflow/dags/sports_goat_pipeline.py for tasks to queue
[2026-08-22T18:07:11.383+0000] {logging_mixin.py:188} INFO - [2026-08-22T18:07:11.382+0000] {dagbag.py:538} INFO - Filling up the DagBag from /opt/airflow/dags/sports_goat_pipeline.py
[2026-08-22T18:07:11.404+0000] {processor.py:840} INFO - DAG(s) '1_sports_goat_raw_to_clean', '2_sports_goat_run_batch' retrieved from /opt/airflow/dags/sports_goat_pipeline.py
[2026-08-22T18:07:11.434+0000] {logging_mixin.py:188} INFO - [2026-08-22T18:07:11.433+0000] {dag.py:3036} INFO - Sync 2 DAGs
[2026-08-22T18:07:11.463+0000] {logging_mixin.py:188} INFO - [2026-08-22T18:07:11.463+0000] {dag.py:3823} INFO - Setting next_dagrun for 1_sports_goat_raw_to_clean to 2026-08-22 17:45:00+00:00, run_after=2026-08-23 17:45:00+00:00
[2026-08-22T18:07:11.471+0000] {logging_mixin.py:188} INFO - [2026-08-22T18:07:11.471+0000] {dag.py:3823} INFO - Setting next_dagrun for 2_sports_goat_run_batch to 2026-08-22 18:00:00+00:00, run_after=2026-08-23 18:00:00+00:00
[2026-08-22T18:07:11.501+0000] {processor.py:183} INFO - Processing /opt/airflow/dags/sports_goat_pipeline.py took 0.126 seconds
[2026-08-22T18:07:41.756+0000] {processor.py:161} INFO - Started process (PID=456) to work on /opt/airflow/dags/sports_goat_pipeline.py
[2026-08-22T18:07:41.759+0000] {processor.py:830} INFO - Processing file /opt/airflow/dags/sports_goat_pipeline.py for tasks to queue
[2026-08-22T18:07:41.761+0000] {logging_mixin.py:188} INFO - [2026-08-22T18:07:41.760+0000] {dagbag.py:538} INFO - Filling up the DagBag from /opt/airflow/dags/sports_goat_pipeline.py
[2026-08-22T18:07:41.796+0000] {processor.py:840} INFO - DAG(s) '1_sports_goat_raw_to_clean', '2_sports_goat_run_batch' retrieved from /opt/airflow/dags/sports_goat_pipeline.py
[2026-08-22T18:07:41.863+0000] {logging_mixin.py:188} INFO - [2026-08-22T18:07:41.862+0000] {dag.py:3036} INFO - Sync 2 DAGs
[2026-08-22T18:07:41.926+0000] {logging_mixin.py:188} INFO - [2026-08-22T18:07:41.926+0000] {dag.py:3823} INFO - Setting next_dagrun for 1_sports_goat_raw_to_clean to 2026-08-22 17:45:00+00:00, run_after=2026-08-23 17:45:00+00:00
[2026-08-22T18:07:41.943+0000] {logging_mixin.py:188} INFO - [2026-08-22T18:07:41.942+0000] {dag.py:3823} INFO - Setting next_dagrun for 2_sports_goat_run_batch to 2026-08-22 18:00:00+00:00, run_after=2026-08-23 18:00:00+00:00
[2026-08-22T18:07:41.987+0000] {processor.py:183} INFO - Processing /opt/airflow/dags/sports_goat_pipeline.py took 0.239 seconds
[2026-08-22T18:08:12.152+0000] {processor.py:161} INFO - Started process (PID=457) to work on /opt/airflow/dags/sports_goat_pipeline.py
[2026-08-22T18:08:12.154+0000] {processor.py:830} INFO - Processing file /opt/airflow/dags/sports_goat_pipeline.py for tasks to queue
[2026-08-22T18:08:12.156+0000] {logging_mixin.py:188} INFO - [2026-08-22T18:08:12.155+0000] {dagbag.py:538} INFO - Filling up the DagBag from /opt/airflow/dags/sports_goat_pipeline.py
[2026-08-22T18:08:12.179+0000] {processor.py:840} INFO - DAG(s) '1_sports_goat_raw_to_clean', '2_sports_goat_run_batch' retrieved from /opt/airflow/dags/sports_goat_pipeline.py
[2026-08-22T18:08:12.213+0000] {logging_mixin.py:188} INFO - [2026-08-22T18:08:12.213+0000] {dag.py:3036} INFO - Sync 2 DAGs
[2026-08-22T18:08:12.250+0000] {logging_mixin.py:188} INFO - [2026-08-22T18:08:12.250+0000] {dag.py:3823} INFO - Setting next_dagrun for 1_sports_goat_raw_to_clean to 2026-08-22 17:45:00+00:00, run_after=2026-08-23 17:45:00+00:00
[2026-08-22T18:08:12.257+0000] {logging_mixin.py:188} INFO - [2026-08-22T18:08:12.257+0000] {dag.py:3823} INFO - Setting next_dagrun for 2_sports_goat_run_batch to 2026-08-22 18:00:00+00:00, run_after=2026-08-23 18:00:00+00:00
[2026-08-22T18:08:12.289+0000] {processor.py:183} INFO - Processing /opt/airflow/dags/sports_goat_pipeline.py took 0.142 seconds
[2026-08-22T18:08:42.442+0000] {processor.py:161} INFO - Started process (PID=458) to work on /opt/airflow/dags/sports_goat_pipeline.py
[2026-08-22T18:08:42.444+0000] {processor.py:830} INFO - Processing file /opt/airflow/dags/sports_goat_pipeline.py for tasks to queue
[2026-08-22T18:08:42.446+0000] {logging_mixin.py:188} INFO - [2026-08-22T18:08:42.445+0000] {dagbag.py:538} INFO - Filling up the DagBag from /opt/airflow/dags/sports_goat_pipeline.py
[2026-08-22T18:08:42.465+0000] {processor.py:840} INFO - DAG(s) '1_sports_goat_raw_to_clean', '2_sports_goat_run_batch' retrieved from /opt/airflow/dags/sports_goat_pipeline.py
[2026-08-22T18:08:42.494+0000] {logging_mixin.py:188} INFO - [2026-08-22T18:08:42.494+0000] {dag.py:3036} INFO - Sync 2 DAGs
[2026-08-22T18:08:42.523+0000] {logging_mixin.py:188} INFO - [2026-08-22T18:08:42.523+0000] {dag.py:3823} INFO - Setting next_dagrun for 1_sports_goat_raw_to_clean to 2026-08-22 17:45:00+00:00, run_after=2026-08-23 17:45:00+00:00
[2026-08-22T18:08:42.530+0000] {logging_mixin.py:188} INFO - [2026-08-22T18:08:42.530+0000] {dag.py:3823} INFO - Setting next_dagrun for 2_sports_goat_run_batch to 2026-08-22 18:00:00+00:00, run_after=2026-08-23 18:00:00+00:00
[2026-08-22T18:08:42.553+0000] {processor.py:183} INFO - Processing /opt/airflow/dags/sports_goat_pipeline.py took 0.115 seconds
[2026-08-22T18:09:12.790+0000] {processor.py:161} INFO - Started process (PID=459) to work on /opt/airflow/dags/sports_goat_pipeline.py
[2026-08-22T18:09:12.792+0000] {processor.py:830} INFO - Processing file /opt/airflow/dags/sports_goat_pipeline.py for tasks to queue
[2026-08-22T18:09:12.793+0000] {logging_mixin.py:188} INFO - [2026-08-22T18:09:12.793+0000] {dagbag.py:538} INFO - Filling up the DagBag from /opt/airflow/dags/sports_goat_pipeline.py
[2026-08-22T18:09:12.812+0000] {processor.py:840} INFO - DAG(s) '2_sports_goat_run_batch', '1_sports_goat_raw_to_clean' retrieved from /opt/airflow/dags/sports_goat_pipeline.py
[2026-08-22T18:09:12.863+0000] {logging_mixin.py:188} INFO - [2026-08-22T18:09:12.863+0000] {dag.py:3036} INFO - Sync 2 DAGs
[2026-08-22T18:09:12.896+0000] {logging_mixin.py:188} INFO - [2026-08-22T18:09:12.896+0000] {dag.py:3823} INFO - Setting next_dagrun for 1_sports_goat_raw_to_clean to 2026-08-22 17:45:00+00:00, run_after=2026-08-23 17:45:00+00:00
[2026-08-22T18:09:12.902+0000] {logging_mixin.py:188} INFO - [2026-08-22T18:09:12.902+0000] {dag.py:3823} INFO - Setting next_dagrun for 2_sports_goat_run_batch to 2026-08-22 18:00:00+00:00, run_after=2026-08-23 18:00:00+00:00
[2026-08-22T18:09:12.927+0000] {processor.py:183} INFO - Processing /opt/airflow/dags/sports_goat_pipeline.py took 0.142 seconds
[2026-08-22T18:09:43.133+0000] {processor.py:161} INFO - Started process (PID=460) to work on /opt/airflow/dags/sports_goat_pipeline.py
[2026-08-22T18:09:43.135+0000] {processor.py:830} INFO - Processing file /opt/airflow/dags/sports_goat_pipeline.py for tasks to queue
[2026-08-22T18:09:43.138+0000] {logging_mixin.py:188} INFO - [2026-08-22T18:09:43.137+0000] {dagbag.py:538} INFO - Filling up the DagBag from /opt/airflow/dags/sports_goat_pipeline.py
[2026-08-22T18:09:43.158+0000] {processor.py:840} INFO - DAG(s) '2_sports_goat_run_batch', '1_sports_goat_raw_to_clean' retrieved from /opt/airflow/dags/sports_goat_pipeline.py
[2026-08-22T18:09:43.186+0000] {logging_mixin.py:188} INFO - [2026-08-22T18:09:43.186+0000] {dag.py:3036} INFO - Sync 2 DAGs
[2026-08-22T18:09:43.212+0000] {logging_mixin.py:188} INFO - [2026-08-22T18:09:43.212+0000] {dag.py:3823} INFO - Setting next_dagrun for 1_sports_goat_raw_to_clean to 2026-08-22 17:45:00+00:00, run_after=2026-08-23 17:45:00+00:00
[2026-08-22T18:09:43.218+0000] {logging_mixin.py:188} INFO - [2026-08-22T18:09:43.218+0000] {dag.py:3823} INFO - Setting next_dagrun for 2_sports_goat_run_batch to 2026-08-22 18:00:00+00:00, run_after=2026-08-23 18:00:00+00:00
[2026-08-22T18:09:43.262+0000] {processor.py:183} INFO - Processing /opt/airflow/dags/sports_goat_pipeline.py took 0.134 seconds
[2026-08-22T18:10:13.531+0000] {processor.py:161} INFO - Started process (PID=461) to work on /opt/airflow/dags/sports_goat_pipeline.py
[2026-08-22T18:10:13.538+0000] {processor.py:830} INFO - Processing file /opt/airflow/dags/sports_goat_pipeline.py for tasks to queue
[2026-08-22T18:10:13.543+0000] {logging_mixin.py:188} INFO - [2026-08-22T18:10:13.541+0000] {dagbag.py:538} INFO - Filling up the DagBag from /opt/airflow/dags/sports_goat_pipeline.py
[2026-08-22T18:10:13.641+0000] {processor.py:840} INFO - DAG(s) '2_sports_goat_run_batch', '1_sports_goat_raw_to_clean' retrieved from /opt/airflow/dags/sports_goat_pipeline.py
[2026-08-22T18:10:13.711+0000] {logging_mixin.py:188} INFO - [2026-08-22T18:10:13.711+0000] {dag.py:3036} INFO - Sync 2 DAGs
[2026-08-22T18:10:13.766+0000] {logging_mixin.py:188} INFO - [2026-08-22T18:10:13.766+0000] {dag.py:3823} INFO - Setting next_dagrun for 1_sports_goat_raw_to_clean to 2026-08-22 17:45:00+00:00, run_after=2026-08-23 17:45:00+00:00
[2026-08-22T18:10:13.775+0000] {logging_mixin.py:188} INFO - [2026-08-22T18:10:13.775+0000] {dag.py:3823} INFO - Setting next_dagrun for 2_sports_goat_run_batch to 2026-08-22 18:00:00+00:00, run_after=2026-08-23 18:00:00+00:00
[2026-08-22T18:10:13.810+0000] {processor.py:183} INFO - Processing /opt/airflow/dags/sports_goat_pipeline.py took 0.295 seconds
[2026-08-22T18:10:43.878+0000] {processor.py:161} INFO - Started process (PID=462) to work on /opt/airflow/dags/sports_goat_pipeline.py
[2026-08-22T18:10:43.882+0000] {processor.py:830} INFO - Processing file /opt/airflow/dags/sports_goat_pipeline.py for tasks to queue
[2026-08-22T18:10:43.883+0000] {logging_mixin.py:188} INFO - [2026-08-22T18:10:43.883+0000] {dagbag.py:538} INFO - Filling up the DagBag from /opt/airflow/dags/sports_goat_pipeline.py
[2026-08-22T18:10:43.901+0000] {processor.py:840} INFO - DAG(s) '2_sports_goat_run_batch', '1_sports_goat_raw_to_clean' retrieved from /opt/airflow/dags/sports_goat_pipeline.py
[2026-08-22T18:10:43.928+0000] {logging_mixin.py:188} INFO - [2026-08-22T18:10:43.928+0000] {dag.py:3036} INFO - Sync 2 DAGs
[2026-08-22T18:10:43.952+0000] {logging_mixin.py:188} INFO - [2026-08-22T18:10:43.952+0000] {dag.py:3823} INFO - Setting next_dagrun for 1_sports_goat_raw_to_clean to 2026-08-22 17:45:00+00:00, run_after=2026-08-23 17:45:00+00:00
[2026-08-22T18:10:43.958+0000] {logging_mixin.py:188} INFO - [2026-08-22T18:10:43.958+0000] {dag.py:3823} INFO - Setting next_dagrun for 2_sports_goat_run_batch to 2026-08-22 18:00:00+00:00, run_after=2026-08-23 18:00:00+00:00
[2026-08-22T18:10:43.980+0000] {processor.py:183} INFO - Processing /opt/airflow/dags/sports_goat_pipeline.py took 0.115 seconds
[2026-08-22T18:11:14.198+0000] {processor.py:161} INFO - Started process (PID=463) to work on /opt/airflow/dags/sports_goat_pipeline.py
[2026-08-22T18:11:14.199+0000] {processor.py:830} INFO - Processing file /opt/airflow/dags/sports_goat_pipeline.py for tasks to queue
[2026-08-22T18:11:14.201+0000] {logging_mixin.py:188} INFO - [2026-08-22T18:11:14.200+0000] {dagbag.py:538} INFO - Filling up the DagBag from /opt/airflow/dags/sports_goat_pipeline.py
[2026-08-22T18:11:14.222+0000] {processor.py:840} INFO - DAG(s) '1_sports_goat_raw_to_clean', '2_sports_goat_run_batch' retrieved from /opt/airflow/dags/sports_goat_pipeline.py
[2026-08-22T18:11:14.263+0000] {logging_mixin.py:188} INFO - [2026-08-22T18:11:14.263+0000] {dag.py:3036} INFO - Sync 2 DAGs
[2026-08-22T18:11:14.296+0000] {logging_mixin.py:188} INFO - [2026-08-22T18:11:14.296+0000] {dag.py:3823} INFO - Setting next_dagrun for 1_sports_goat_raw_to_clean to 2026-08-22 17:45:00+00:00, run_after=2026-08-23 17:45:00+00:00
[2026-08-22T18:11:14.303+0000] {logging_mixin.py:188} INFO - [2026-08-22T18:11:14.302+0000] {dag.py:3823} INFO - Setting next_dagrun for 2_sports_goat_run_batch to 2026-08-22 18:00:00+00:00, run_after=2026-08-23 18:00:00+00:00
[2026-08-22T18:11:14.327+0000] {processor.py:183} INFO - Processing /opt/airflow/dags/sports_goat_pipeline.py took 0.134 seconds
[2026-08-22T18:11:44.546+0000] {processor.py:161} INFO - Started process (PID=464) to work on /opt/airflow/dags/sports_goat_pipeline.py
[2026-08-22T18:11:44.547+0000] {processor.py:830} INFO - Processing file /opt/airflow/dags/sports_goat_pipeline.py for tasks to queue
[2026-08-22T18:11:44.549+0000] {logging_mixin.py:188} INFO - [2026-08-22T18:11:44.548+0000] {dagbag.py:538} INFO - Filling up the DagBag from /opt/airflow/dags/sports_goat_pipeline.py
[2026-08-22T18:11:44.567+0000] {processor.py:840} INFO - DAG(s) '1_sports_goat_raw_to_clean', '2_sports_goat_run_batch' retrieved from /opt/airflow/dags/sports_goat_pipeline.py
[2026-08-22T18:11:44.594+0000] {logging_mixin.py:188} INFO - [2026-08-22T18:11:44.594+0000] {dag.py:3036} INFO - Sync 2 DAGs
[2026-08-22T18:11:44.619+0000] {logging_mixin.py:188} INFO - [2026-08-22T18:11:44.619+0000] {dag.py:3823} INFO - Setting next_dagrun for 1_sports_goat_raw_to_clean to 2026-08-22 17:45:00+00:00, run_after=2026-08-23 17:45:00+00:00
[2026-08-22T18:11:44.625+0000] {logging_mixin.py:188} INFO - [2026-08-22T18:11:44.624+0000] {dag.py:3823} INFO - Setting next_dagrun for 2_sports_goat_run_batch to 2026-08-22 18:00:00+00:00, run_after=2026-08-23 18:00:00+00:00
[2026-08-22T18:11:44.649+0000] {processor.py:183} INFO - Processing /opt/airflow/dags/sports_goat_pipeline.py took 0.108 seconds
[2026-08-22T18:12:14.891+0000] {processor.py:161} INFO - Started process (PID=465) to work on /opt/airflow/dags/sports_goat_pipeline.py
[2026-08-22T18:12:14.892+0000] {processor.py:830} INFO - Processing file /opt/airflow/dags/sports_goat_pipeline.py for tasks to queue
[2026-08-22T18:12:14.894+0000] {logging_mixin.py:188} INFO - [2026-08-22T18:12:14.894+0000] {dagbag.py:538} INFO - Filling up the DagBag from /opt/airflow/dags/sports_goat_pipeline.py
[2026-08-22T18:12:14.914+0000] {processor.py:840} INFO - DAG(s) '1_sports_goat_raw_to_clean', '2_sports_goat_run_batch' retrieved from /opt/airflow/dags/sports_goat_pipeline.py
[2026-08-22T18:12:14.951+0000] {logging_mixin.py:188} INFO - [2026-08-22T18:12:14.951+0000] {dag.py:3036} INFO - Sync 2 DAGs
[2026-08-22T18:12:14.976+0000] {logging_mixin.py:188} INFO - [2026-08-22T18:12:14.976+0000] {dag.py:3823} INFO - Setting next_dagrun for 1_sports_goat_raw_to_clean to 2026-08-22 17:45:00+00:00, run_after=2026-08-23 17:45:00+00:00
[2026-08-22T18:12:14.982+0000] {logging_mixin.py:188} INFO - [2026-08-22T18:12:14.982+0000] {dag.py:3823} INFO - Setting next_dagrun for 2_sports_goat_run_batch to 2026-08-22 18:00:00+00:00, run_after=2026-08-23 18:00:00+00:00
[2026-08-22T18:12:15.008+0000] {processor.py:183} INFO - Processing /opt/airflow/dags/sports_goat_pipeline.py took 0.123 seconds
[2026-08-22T18:12:45.228+0000] {processor.py:161} INFO - Started process (PID=466) to work on /opt/airflow/dags/sports_goat_pipeline.py
[2026-08-22T18:12:45.229+0000] {processor.py:830} INFO - Processing file /opt/airflow/dags/sports_goat_pipeline.py for tasks to queue
[2026-08-22T18:12:45.231+0000] {logging_mixin.py:188} INFO - [2026-08-22T18:12:45.230+0000] {dagbag.py:538} INFO - Filling up the DagBag from /opt/airflow/dags/sports_goat_pipeline.py
[2026-08-22T18:12:45.249+0000] {processor.py:840} INFO - DAG(s) '1_sports_goat_raw_to_clean', '2_sports_goat_run_batch' retrieved from /opt/airflow/dags/sports_goat_pipeline.py
[2026-08-22T18:12:45.285+0000] {logging_mixin.py:188} INFO - [2026-08-22T18:12:45.285+0000] {dag.py:3036} INFO - Sync 2 DAGs
[2026-08-22T18:12:45.311+0000] {logging_mixin.py:188} INFO - [2026-08-22T18:12:45.311+0000] {dag.py:3823} INFO - Setting next_dagrun for 1_sports_goat_raw_to_clean to 2026-08-22 17:45:00+00:00, run_after=2026-08-23 17:45:00+00:00
[2026-08-22T18:12:45.317+0000] {logging_mixin.py:188} INFO - [2026-08-22T18:12:45.317+0000] {dag.py:3823} INFO - Setting next_dagrun for 2_sports_goat_run_batch to 2026-08-22 18:00:00+00:00, run_after=2026-08-23 18:00:00+00:00
[2026-08-22T18:12:45.339+0000] {processor.py:183} INFO - Processing /opt/airflow/dags/sports_goat_pipeline.py took 0.116 seconds
[2026-08-22T18:13:15.560+0000] {processor.py:161} INFO - Started process (PID=467) to work on /opt/airflow/dags/sports_goat_pipeline.py
[2026-08-22T18:13:15.562+0000] {processor.py:830} INFO - Processing file /opt/airflow/dags/sports_goat_pipeline.py for tasks to queue
[2026-08-22T18:13:15.563+0000] {logging_mixin.py:188} INFO - [2026-08-22T18:13:15.563+0000] {dagbag.py:538} INFO - Filling up the DagBag from /opt/airflow/dags/sports_goat_pipeline.py
[2026-08-22T18:13:15.582+0000] {processor.py:840} INFO - DAG(s) '2_sports_goat_run_batch', '1_sports_goat_raw_to_clean' retrieved from /opt/airflow/dags/sports_goat_pipeline.py
[2026-08-22T18:13:15.621+0000] {logging_mixin.py:188} INFO - [2026-08-22T18:13:15.621+0000] {dag.py:3036} INFO - Sync 2 DAGs
[2026-08-22T18:13:15.665+0000] {logging_mixin.py:188} INFO - [2026-08-22T18:13:15.664+0000] {dag.py:3823} INFO - Setting next_dagrun for 1_sports_goat_raw_to_clean to 2026-08-22 17:45:00+00:00, run_after=2026-08-23 17:45:00+00:00
[2026-08-22T18:13:15.671+0000] {logging_mixin.py:188} INFO - [2026-08-22T18:13:15.671+0000] {dag.py:3823} INFO - Setting next_dagrun for 2_sports_goat_run_batch to 2026-08-22 18:00:00+00:00, run_after=2026-08-23 18:00:00+00:00
[2026-08-22T18:13:15.697+0000] {processor.py:183} INFO - Processing /opt/airflow/dags/sports_goat_pipeline.py took 0.147 seconds
[2026-08-22T18:13:45.907+0000] {processor.py:161} INFO - Started process (PID=468) to work on /opt/airflow/dags/sports_goat_pipeline.py
[2026-08-22T18:13:45.909+0000] {processor.py:830} INFO - Processing file /opt/airflow/dags/sports_goat_pipeline.py for tasks to queue
[2026-08-22T18:13:45.910+0000] {logging_mixin.py:188} INFO - [2026-08-22T18:13:45.910+0000] {dagbag.py:538} INFO - Filling up the DagBag from /opt/airflow/dags/sports_goat_pipeline.py
[2026-08-22T18:13:45.930+0000] {processor.py:840} INFO - DAG(s) '2_sports_goat_run_batch', '1_sports_goat_raw_to_clean' retrieved from /opt/airflow/dags/sports_goat_pipeline.py
[2026-08-22T18:13:45.962+0000] {logging_mixin.py:188} INFO - [2026-08-22T18:13:45.962+0000] {dag.py:3036} INFO - Sync 2 DAGs
[2026-08-22T18:13:45.999+0000] {logging_mixin.py:188} INFO - [2026-08-22T18:13:45.999+0000] {dag.py:3823} INFO - Setting next_dagrun for 1_sports_goat_raw_to_clean to 2026-08-22 17:45:00+00:00, run_after=2026-08-23 17:45:00+00:00
[2026-08-22T18:13:46.014+0000] {logging_mixin.py:188} INFO - [2026-08-22T18:13:46.014+0000] {dag.py:3823} INFO - Setting next_dagrun for 2_sports_goat_run_batch to 2026-08-22 18:00:00+00:00, run_after=2026-08-23 18:00:00+00:00
[2026-08-22T18:13:46.048+0000] {processor.py:183} INFO - Processing /opt/airflow/dags/sports_goat_pipeline.py took 0.146 seconds
[2026-08-22T18:14:16.264+0000] {processor.py:161} INFO - Started process (PID=469) to work on /opt/airflow/dags/sports_goat_pipeline.py
[2026-08-22T18:14:16.265+0000] {processor.py:830} INFO - Processing file /opt/airflow/dags/sports_goat_pipeline.py for tasks to queue
[2026-08-22T18:14:16.267+0000] {logging_mixin.py:188} INFO - [2026-08-22T18:14:16.266+0000] {dagbag.py:538} INFO - Filling up the DagBag from /opt/airflow/dags/sports_goat_pipeline.py
[2026-08-22T18:14:16.284+0000] {processor.py:840} INFO - DAG(s) '2_sports_goat_run_batch', '1_sports_goat_raw_to_clean' retrieved from /opt/airflow/dags/sports_goat_pipeline.py
[2026-08-22T18:14:16.313+0000] {logging_mixin.py:188} INFO - [2026-08-22T18:14:16.312+0000] {dag.py:3036} INFO - Sync 2 DAGs
[2026-08-22T18:14:16.337+0000] {logging_mixin.py:188} INFO - [2026-08-22T18:14:16.337+0000] {dag.py:3823} INFO - Setting next_dagrun for 1_sports_goat_raw_to_clean to 2026-08-22 17:45:00+00:00, run_after=2026-08-23 17:45:00+00:00
[2026-08-22T18:14:16.342+0000] {logging_mixin.py:188} INFO - [2026-08-22T18:14:16.342+0000] {dag.py:3823} INFO - Setting next_dagrun for 2_sports_goat_run_batch to 2026-08-22 18:00:00+00:00, run_after=2026-08-23 18:00:00+00:00
[2026-08-22T18:14:16.369+0000] {processor.py:183} INFO - Processing /opt/airflow/dags/sports_goat_pipeline.py took 0.110 seconds
[2026-08-22T18:14:46.598+0000] {processor.py:161} INFO - Started process (PID=470) to work on /opt/airflow/dags/sports_goat_pipeline.py
[2026-08-22T18:14:46.602+0000] {processor.py:830} INFO - Processing file /opt/airflow/dags/sports_goat_pipeline.py for tasks to queue
[2026-08-22T18:14:46.605+0000] {logging_mixin.py:188} INFO - [2026-08-22T18:14:46.604+0000] {dagbag.py:538} INFO - Filling up the DagBag from /opt/airflow/dags/sports_goat_pipeline.py
[2026-08-22T18:14:46.640+0000] {processor.py:840} INFO - DAG(s) '1_sports_goat_raw_to_clean', '2_sports_goat_run_batch' retrieved from /opt/airflow/dags/sports_goat_pipeline.py
[2026-08-22T18:14:46.686+0000] {logging_mixin.py:188} INFO - [2026-08-22T18:14:46.686+0000] {dag.py:3036} INFO - Sync 2 DAGs
[2026-08-22T18:14:46.720+0000] {logging_mixin.py:188} INFO - [2026-08-22T18:14:46.719+0000] {dag.py:3823} INFO - Setting next_dagrun for 1_sports_goat_raw_to_clean to 2026-08-22 17:45:00+00:00, run_after=2026-08-23 17:45:00+00:00
[2026-08-22T18:14:46.727+0000] {logging_mixin.py:188} INFO - [2026-08-22T18:14:46.727+0000] {dag.py:3823} INFO - Setting next_dagrun for 2_sports_goat_run_batch to 2026-08-22 18:00:00+00:00, run_after=2026-08-23 18:00:00+00:00
[2026-08-22T18:14:46.752+0000] {processor.py:183} INFO - Processing /opt/airflow/dags/sports_goat_pipeline.py took 0.161 seconds
[2026-08-22T18:15:16.968+0000] {processor.py:161} INFO - Started process (PID=471) to work on /opt/airflow/dags/sports_goat_pipeline.py
[2026-08-22T18:15:16.971+0000] {processor.py:830} INFO - Processing file /opt/airflow/dags/sports_goat_pipeline.py for tasks to queue
[2026-08-22T18:15:16.973+0000] {logging_mixin.py:188} INFO - [2026-08-22T18:15:16.972+0000] {dagbag.py:538} INFO - Filling up the DagBag from /opt/airflow/dags/sports_goat_pipeline.py
[2026-08-22T18:15:17.014+0000] {processor.py:840} INFO - DAG(s) '1_sports_goat_raw_to_clean', '2_sports_goat_run_batch' retrieved from /opt/airflow/dags/sports_goat_pipeline.py
[2026-08-22T18:15:17.093+0000] {logging_mixin.py:188} INFO - [2026-08-22T18:15:17.092+0000] {dag.py:3036} INFO - Sync 2 DAGs
[2026-08-22T18:15:17.159+0000] {logging_mixin.py:188} INFO - [2026-08-22T18:15:17.159+0000] {dag.py:3823} INFO - Setting next_dagrun for 1_sports_goat_raw_to_clean to 2026-08-22 17:45:00+00:00, run_after=2026-08-23 17:45:00+00:00
[2026-08-22T18:15:17.176+0000] {logging_mixin.py:188} INFO - [2026-08-22T18:15:17.176+0000] {dag.py:3823} INFO - Setting next_dagrun for 2_sports_goat_run_batch to 2026-08-22 18:00:00+00:00, run_after=2026-08-23 18:00:00+00:00
[2026-08-22T18:15:17.205+0000] {processor.py:183} INFO - Processing /opt/airflow/dags/sports_goat_pipeline.py took 0.246 seconds
[2026-08-22T18:15:48.245+0000] {processor.py:161} INFO - Started process (PID=472) to work on /opt/airflow/dags/sports_goat_pipeline.py
[2026-08-22T18:15:48.247+0000] {processor.py:830} INFO - Processing file /opt/airflow/dags/sports_goat_pipeline.py for tasks to queue
[2026-08-22T18:15:48.250+0000] {logging_mixin.py:188} INFO - [2026-08-22T18:15:48.249+0000] {dagbag.py:538} INFO - Filling up the DagBag from /opt/airflow/dags/sports_goat_pipeline.py
[2026-08-22T18:15:48.276+0000] {processor.py:840} INFO - DAG(s) '2_sports_goat_run_batch', '1_sports_goat_raw_to_clean' retrieved from /opt/airflow/dags/sports_goat_pipeline.py
[2026-08-22T18:15:48.342+0000] {logging_mixin.py:188} INFO - [2026-08-22T18:15:48.341+0000] {dag.py:3036} INFO - Sync 2 DAGs
[2026-08-22T18:15:48.402+0000] {logging_mixin.py:188} INFO - [2026-08-22T18:15:48.402+0000] {dag.py:3823} INFO - Setting next_dagrun for 1_sports_goat_raw_to_clean to 2026-08-22 17:45:00+00:00, run_after=2026-08-23 17:45:00+00:00
[2026-08-22T18:15:48.412+0000] {logging_mixin.py:188} INFO - [2026-08-22T18:15:48.411+0000] {dag.py:3823} INFO - Setting next_dagrun for 2_sports_goat_run_batch to 2026-08-22 18:00:00+00:00, run_after=2026-08-23 18:00:00+00:00
[2026-08-22T18:15:48.453+0000] {processor.py:183} INFO - Processing /opt/airflow/dags/sports_goat_pipeline.py took 0.212 seconds
[2026-08-22T18:16:19.588+0000] {processor.py:161} INFO - Started process (PID=473) to work on /opt/airflow/dags/sports_goat_pipeline.py
[2026-08-22T18:16:19.590+0000] {processor.py:830} INFO - Processing file /opt/airflow/dags/sports_goat_pipeline.py for tasks to queue
[2026-08-22T18:16:19.591+0000] {logging_mixin.py:188} INFO - [2026-08-22T18:16:19.591+0000] {dagbag.py:538} INFO - Filling up the DagBag from /opt/airflow/dags/sports_goat_pipeline.py
[2026-08-22T18:16:19.610+0000] {processor.py:840} INFO - DAG(s) '1_sports_goat_raw_to_clean', '2_sports_goat_run_batch' retrieved from /opt/airflow/dags/sports_goat_pipeline.py
[2026-08-22T18:16:19.642+0000] {logging_mixin.py:188} INFO - [2026-08-22T18:16:19.642+0000] {dag.py:3036} INFO - Sync 2 DAGs
[2026-08-22T18:16:19.690+0000] {logging_mixin.py:188} INFO - [2026-08-22T18:16:19.690+0000] {dag.py:3823} INFO - Setting next_dagrun for 1_sports_goat_raw_to_clean to 2026-08-22 17:45:00+00:00, run_after=2026-08-23 17:45:00+00:00
[2026-08-22T18:16:19.700+0000] {logging_mixin.py:188} INFO - [2026-08-22T18:16:19.699+0000] {dag.py:3823} INFO - Setting next_dagrun for 2_sports_goat_run_batch to 2026-08-22 18:00:00+00:00, run_after=2026-08-23 18:00:00+00:00
[2026-08-22T18:16:19.736+0000] {processor.py:183} INFO - Processing /opt/airflow/dags/sports_goat_pipeline.py took 0.152 seconds
[2026-08-22T18:16:49.989+0000] {processor.py:161} INFO - Started process (PID=474) to work on /opt/airflow/dags/sports_goat_pipeline.py
[2026-08-22T18:16:49.991+0000] {processor.py:830} INFO - Processing file /opt/airflow/dags/sports_goat_pipeline.py for tasks to queue
[2026-08-22T18:16:49.993+0000] {logging_mixin.py:188} INFO - [2026-08-22T18:16:49.992+0000] {dagbag.py:538} INFO - Filling up the DagBag from /opt/airflow/dags/sports_goat_pipeline.py
[2026-08-22T18:16:50.015+0000] {processor.py:840} INFO - DAG(s) '1_sports_goat_raw_to_clean', '2_sports_goat_run_batch' retrieved from /opt/airflow/dags/sports_goat_pipeline.py
[2026-08-22T18:16:50.049+0000] {logging_mixin.py:188} INFO - [2026-08-22T18:16:50.048+0000] {dag.py:3036} INFO - Sync 2 DAGs
[2026-08-22T18:16:50.094+0000] {logging_mixin.py:188} INFO - [2026-08-22T18:16:50.093+0000] {dag.py:3823} INFO - Setting next_dagrun for 1_sports_goat_raw_to_clean to 2026-08-22 17:45:00+00:00, run_after=2026-08-23 17:45:00+00:00
[2026-08-22T18:16:50.105+0000] {logging_mixin.py:188} INFO - [2026-08-22T18:16:50.105+0000] {dag.py:3823} INFO - Setting next_dagrun for 2_sports_goat_run_batch to 2026-08-22 18:00:00+00:00, run_after=2026-08-23 18:00:00+00:00
[2026-08-22T18:16:50.159+0000] {processor.py:183} INFO - Processing /opt/airflow/dags/sports_goat_pipeline.py took 0.175 seconds
[2026-08-22T18:17:20.317+0000] {processor.py:161} INFO - Started process (PID=475) to work on /opt/airflow/dags/sports_goat_pipeline.py
[2026-08-22T18:17:20.319+0000] {processor.py:830} INFO - Processing file /opt/airflow/dags/sports_goat_pipeline.py for tasks to queue
[2026-08-22T18:17:20.321+0000] {logging_mixin.py:188} INFO - [2026-08-22T18:17:20.321+0000] {dagbag.py:538} INFO - Filling up the DagBag from /opt/airflow/dags/sports_goat_pipeline.py
[2026-08-22T18:17:20.345+0000] {processor.py:840} INFO - DAG(s) '1_sports_goat_raw_to_clean', '2_sports_goat_run_batch' retrieved from /opt/airflow/dags/sports_goat_pipeline.py
[2026-08-22T18:17:20.382+0000] {logging_mixin.py:188} INFO - [2026-08-22T18:17:20.382+0000] {dag.py:3036} INFO - Sync 2 DAGs
[2026-08-22T18:17:20.408+0000] {logging_mixin.py:188} INFO - [2026-08-22T18:17:20.407+0000] {dag.py:3823} INFO - Setting next_dagrun for 1_sports_goat_raw_to_clean to 2026-08-22 17:45:00+00:00, run_after=2026-08-23 17:45:00+00:00
[2026-08-22T18:17:20.413+0000] {logging_mixin.py:188} INFO - [2026-08-22T18:17:20.413+0000] {dag.py:3823} INFO - Setting next_dagrun for 2_sports_goat_run_batch to 2026-08-22 18:00:00+00:00, run_after=2026-08-23 18:00:00+00:00
[2026-08-22T18:17:20.436+0000] {processor.py:183} INFO - Processing /opt/airflow/dags/sports_goat_pipeline.py took 0.127 seconds
[2026-08-22T18:17:50.612+0000] {processor.py:161} INFO - Started process (PID=476) to work on /opt/airflow/dags/sports_goat_pipeline.py
[2026-08-22T18:17:50.614+0000] {processor.py:830} INFO - Processing file /opt/airflow/dags/sports_goat_pipeline.py for tasks to queue
[2026-08-22T18:17:50.615+0000] {logging_mixin.py:188} INFO - [2026-08-22T18:17:50.615+0000] {dagbag.py:538} INFO - Filling up the DagBag from /opt/airflow/dags/sports_goat_pipeline.py
[2026-08-22T18:17:50.631+0000] {processor.py:840} INFO - DAG(s) '1_sports_goat_raw_to_clean', '2_sports_goat_run_batch' retrieved from /opt/airflow/dags/sports_goat_pipeline.py
[2026-08-22T18:17:50.658+0000] {logging_mixin.py:188} INFO - [2026-08-22T18:17:50.657+0000] {dag.py:3036} INFO - Sync 2 DAGs
[2026-08-22T18:17:50.702+0000] {logging_mixin.py:188} INFO - [2026-08-22T18:17:50.702+0000] {dag.py:3823} INFO - Setting next_dagrun for 1_sports_goat_raw_to_clean to 2026-08-22 17:45:00+00:00, run_after=2026-08-23 17:45:00+00:00
[2026-08-22T18:17:50.710+0000] {logging_mixin.py:188} INFO - [2026-08-22T18:17:50.710+0000] {dag.py:3823} INFO - Setting next_dagrun for 2_sports_goat_run_batch to 2026-08-22 18:00:00+00:00, run_after=2026-08-23 18:00:00+00:00
[2026-08-22T18:17:50.754+0000] {processor.py:183} INFO - Processing /opt/airflow/dags/sports_goat_pipeline.py took 0.146 seconds
[2026-08-22T18:18:20.955+0000] {processor.py:161} INFO - Started process (PID=477) to work on /opt/airflow/dags/sports_goat_pipeline.py
[2026-08-22T18:18:20.957+0000] {processor.py:830} INFO - Processing file /opt/airflow/dags/sports_goat_pipeline.py for tasks to queue
[2026-08-22T18:18:20.958+0000] {logging_mixin.py:188} INFO - [2026-08-22T18:18:20.958+0000] {dagbag.py:538} INFO - Filling up the DagBag from /opt/airflow/dags/sports_goat_pipeline.py
[2026-08-22T18:18:20.983+0000] {processor.py:840} INFO - DAG(s) '2_sports_goat_run_batch', '1_sports_goat_raw_to_clean' retrieved from /opt/airflow/dags/sports_goat_pipeline.py
[2026-08-22T18:18:21.028+0000] {logging_mixin.py:188} INFO - [2026-08-22T18:18:21.028+0000] {dag.py:3036} INFO - Sync 2 DAGs
[2026-08-22T18:18:21.055+0000] {logging_mixin.py:188} INFO - [2026-08-22T18:18:21.055+0000] {dag.py:3823} INFO - Setting next_dagrun for 1_sports_goat_raw_to_clean to 2026-08-22 17:45:00+00:00, run_after=2026-08-23 17:45:00+00:00
[2026-08-22T18:18:21.061+0000] {logging_mixin.py:188} INFO - [2026-08-22T18:18:21.061+0000] {dag.py:3823} INFO - Setting next_dagrun for 2_sports_goat_run_batch to 2026-08-22 18:00:00+00:00, run_after=2026-08-23 18:00:00+00:00
[2026-08-22T18:18:21.087+0000] {processor.py:183} INFO - Processing /opt/airflow/dags/sports_goat_pipeline.py took 0.139 seconds
[2026-08-22T18:18:51.276+0000] {processor.py:161} INFO - Started process (PID=478) to work on /opt/airflow/dags/sports_goat_pipeline.py
[2026-08-22T18:18:51.278+0000] {processor.py:830} INFO - Processing file /opt/airflow/dags/sports_goat_pipeline.py for tasks to queue
[2026-08-22T18:18:51.280+0000] {logging_mixin.py:188} INFO - [2026-08-22T18:18:51.279+0000] {dagbag.py:538} INFO - Filling up the DagBag from /opt/airflow/dags/sports_goat_pipeline.py
[2026-08-22T18:18:51.304+0000] {processor.py:840} INFO - DAG(s) '1_sports_goat_raw_to_clean', '2_sports_goat_run_batch' retrieved from /opt/airflow/dags/sports_goat_pipeline.py
[2026-08-22T18:18:51.333+0000] {logging_mixin.py:188} INFO - [2026-08-22T18:18:51.332+0000] {dag.py:3036} INFO - Sync 2 DAGs
[2026-08-22T18:18:51.358+0000] {logging_mixin.py:188} INFO - [2026-08-22T18:18:51.358+0000] {dag.py:3823} INFO - Setting next_dagrun for 1_sports_goat_raw_to_clean to 2026-08-22 17:45:00+00:00, run_after=2026-08-23 17:45:00+00:00
[2026-08-22T18:18:51.364+0000] {logging_mixin.py:188} INFO - [2026-08-22T18:18:51.363+0000] {dag.py:3823} INFO - Setting next_dagrun for 2_sports_goat_run_batch to 2026-08-22 18:00:00+00:00, run_after=2026-08-23 18:00:00+00:00
[2026-08-22T18:18:51.386+0000] {processor.py:183} INFO - Processing /opt/airflow/dags/sports_goat_pipeline.py took 0.114 seconds
[2026-08-22T18:19:21.625+0000] {processor.py:161} INFO - Started process (PID=479) to work on /opt/airflow/dags/sports_goat_pipeline.py
[2026-08-22T18:19:21.627+0000] {processor.py:830} INFO - Processing file /opt/airflow/dags/sports_goat_pipeline.py for tasks to queue
[2026-08-22T18:19:21.629+0000] {logging_mixin.py:188} INFO - [2026-08-22T18:19:21.628+0000] {dagbag.py:538} INFO - Filling up the DagBag from /opt/airflow/dags/sports_goat_pipeline.py
[2026-08-22T18:19:21.649+0000] {processor.py:840} INFO - DAG(s) '1_sports_goat_raw_to_clean', '2_sports_goat_run_batch' retrieved from /opt/airflow/dags/sports_goat_pipeline.py
[2026-08-22T18:19:21.679+0000] {logging_mixin.py:188} INFO - [2026-08-22T18:19:21.678+0000] {dag.py:3036} INFO - Sync 2 DAGs
[2026-08-22T18:19:21.704+0000] {logging_mixin.py:188} INFO - [2026-08-22T18:19:21.704+0000] {dag.py:3823} INFO - Setting next_dagrun for 1_sports_goat_raw_to_clean to 2026-08-22 17:45:00+00:00, run_after=2026-08-23 17:45:00+00:00
[2026-08-22T18:19:21.710+0000] {logging_mixin.py:188} INFO - [2026-08-22T18:19:21.710+0000] {dag.py:3823} INFO - Setting next_dagrun for 2_sports_goat_run_batch to 2026-08-22 18:00:00+00:00, run_after=2026-08-23 18:00:00+00:00
[2026-08-22T18:19:21.733+0000] {processor.py:183} INFO - Processing /opt/airflow/dags/sports_goat_pipeline.py took 0.113 seconds
[2026-08-22T18:19:52.036+0000] {processor.py:161} INFO - Started process (PID=480) to work on /opt/airflow/dags/sports_goat_pipeline.py
[2026-08-22T18:19:52.040+0000] {processor.py:830} INFO - Processing file /opt/airflow/dags/sports_goat_pipeline.py for tasks to queue
[2026-08-22T18:19:52.042+0000] {logging_mixin.py:188} INFO - [2026-08-22T18:19:52.042+0000] {dagbag.py:538} INFO - Filling up the DagBag from /opt/airflow/dags/sports_goat_pipeline.py
[2026-08-22T18:19:52.075+0000] {processor.py:840} INFO - DAG(s) '2_sports_goat_run_batch', '1_sports_goat_raw_to_clean' retrieved from /opt/airflow/dags/sports_goat_pipeline.py
[2026-08-22T18:19:52.116+0000] {logging_mixin.py:188} INFO - [2026-08-22T18:19:52.116+0000] {dag.py:3036} INFO - Sync 2 DAGs
[2026-08-22T18:19:52.149+0000] {logging_mixin.py:188} INFO - [2026-08-22T18:19:52.149+0000] {dag.py:3823} INFO - Setting next_dagrun for 1_sports_goat_raw_to_clean to 2026-08-22 17:45:00+00:00, run_after=2026-08-23 17:45:00+00:00
[2026-08-22T18:19:52.157+0000] {logging_mixin.py:188} INFO - [2026-08-22T18:19:52.157+0000] {dag.py:3823} INFO - Setting next_dagrun for 2_sports_goat_run_batch to 2026-08-22 18:00:00+00:00, run_after=2026-08-23 18:00:00+00:00
[2026-08-22T18:19:52.218+0000] {processor.py:183} INFO - Processing /opt/airflow/dags/sports_goat_pipeline.py took 0.189 seconds
[2026-08-22T18:20:22.309+0000] {processor.py:161} INFO - Started process (PID=481) to work on /opt/airflow/dags/sports_goat_pipeline.py
[2026-08-22T18:20:22.311+0000] {processor.py:830} INFO - Processing file /opt/airflow/dags/sports_goat_pipeline.py for tasks to queue
[2026-08-22T18:20:22.313+0000] {logging_mixin.py:188} INFO - [2026-08-22T18:20:22.312+0000] {dagbag.py:538} INFO - Filling up the DagBag from /opt/airflow/dags/sports_goat_pipeline.py
[2026-08-22T18:20:22.336+0000] {processor.py:840} INFO - DAG(s) '2_sports_goat_run_batch', '1_sports_goat_raw_to_clean' retrieved from /opt/airflow/dags/sports_goat_pipeline.py
[2026-08-22T18:20:22.374+0000] {logging_mixin.py:188} INFO - [2026-08-22T18:20:22.373+0000] {dag.py:3036} INFO - Sync 2 DAGs
[2026-08-22T18:20:22.407+0000] {logging_mixin.py:188} INFO - [2026-08-22T18:20:22.406+0000] {dag.py:3823} INFO - Setting next_dagrun for 1_sports_goat_raw_to_clean to 2026-08-22 17:45:00+00:00, run_after=2026-08-23 17:45:00+00:00
[2026-08-22T18:20:22.415+0000] {logging_mixin.py:188} INFO - [2026-08-22T18:20:22.415+0000] {dag.py:3823} INFO - Setting next_dagrun for 2_sports_goat_run_batch to 2026-08-22 18:00:00+00:00, run_after=2026-08-23 18:00:00+00:00
[2026-08-22T18:20:22.443+0000] {processor.py:183} INFO - Processing /opt/airflow/dags/sports_goat_pipeline.py took 0.139 seconds
[2026-08-22T18:37:17.296+0000] {processor.py:161} INFO - Started process (PID=501) to work on /opt/airflow/dags/sports_goat_pipeline.py
[2026-08-22T18:37:17.299+0000] {processor.py:830} INFO - Processing file /opt/airflow/dags/sports_goat_pipeline.py for tasks to queue
[2026-08-22T18:37:17.307+0000] {logging_mixin.py:188} INFO - [2026-08-22T18:37:17.305+0000] {dagbag.py:538} INFO - Filling up the DagBag from /opt/airflow/dags/sports_goat_pipeline.py
[2026-08-22T18:37:17.354+0000] {processor.py:840} INFO - DAG(s) '1_sports_goat_raw_to_clean', '2_sports_goat_run_batch' retrieved from /opt/airflow/dags/sports_goat_pipeline.py
[2026-08-22T18:37:17.464+0000] {logging_mixin.py:188} INFO - [2026-08-22T18:37:17.463+0000] {dag.py:3036} INFO - Sync 2 DAGs
[2026-08-22T18:37:17.505+0000] {logging_mixin.py:188} INFO - [2026-08-22T18:37:17.505+0000] {dag.py:3823} INFO - Setting next_dagrun for 1_sports_goat_raw_to_clean to 2026-08-22 17:45:00+00:00, run_after=2026-08-23 17:45:00+00:00
[2026-08-22T18:37:17.512+0000] {logging_mixin.py:188} INFO - [2026-08-22T18:37:17.512+0000] {dag.py:3823} INFO - Setting next_dagrun for 2_sports_goat_run_batch to 2026-08-22 18:00:00+00:00, run_after=2026-08-23 18:00:00+00:00
[2026-08-22T18:37:17.539+0000] {processor.py:183} INFO - Processing /opt/airflow/dags/sports_goat_pipeline.py took 0.253 seconds
[2026-08-22T18:37:57.536+0000] {processor.py:161} INFO - Started process (PID=521) to work on /opt/airflow/dags/sports_goat_pipeline.py
[2026-08-22T18:37:57.539+0000] {processor.py:830} INFO - Processing file /opt/airflow/dags/sports_goat_pipeline.py for tasks to queue
[2026-08-22T18:37:57.540+0000] {logging_mixin.py:188} INFO - [2026-08-22T18:37:57.540+0000] {dagbag.py:538} INFO - Filling up the DagBag from /opt/airflow/dags/sports_goat_pipeline.py
[2026-08-22T18:37:57.556+0000] {processor.py:840} INFO - DAG(s) '2_sports_goat_run_batch', '1_sports_goat_raw_to_clean' retrieved from /opt/airflow/dags/sports_goat_pipeline.py
[2026-08-22T18:37:57.614+0000] {logging_mixin.py:188} INFO - [2026-08-22T18:37:57.614+0000] {dag.py:3036} INFO - Sync 2 DAGs
[2026-08-22T18:37:57.643+0000] {logging_mixin.py:188} INFO - [2026-08-22T18:37:57.643+0000] {dag.py:3823} INFO - Setting next_dagrun for 1_sports_goat_raw_to_clean to 2026-08-22 17:45:00+00:00, run_after=2026-08-23 17:45:00+00:00
[2026-08-22T18:37:57.650+0000] {logging_mixin.py:188} INFO - [2026-08-22T18:37:57.650+0000] {dag.py:3823} INFO - Setting next_dagrun for 2_sports_goat_run_batch to 2026-08-22 18:00:00+00:00, run_after=2026-08-23 18:00:00+00:00
[2026-08-22T18:37:57.674+0000] {processor.py:183} INFO - Processing /opt/airflow/dags/sports_goat_pipeline.py took 0.142 seconds
[2026-08-22T18:38:27.808+0000] {processor.py:161} INFO - Started process (PID=522) to work on /opt/airflow/dags/sports_goat_pipeline.py
[2026-08-22T18:38:27.810+0000] {processor.py:830} INFO - Processing file /opt/airflow/dags/sports_goat_pipeline.py for tasks to queue
[2026-08-22T18:38:27.811+0000] {logging_mixin.py:188} INFO - [2026-08-22T18:38:27.811+0000] {dagbag.py:538} INFO - Filling up the DagBag from /opt/airflow/dags/sports_goat_pipeline.py
[2026-08-22T18:38:27.822+0000] {processor.py:840} INFO - DAG(s) '1_sports_goat_raw_to_clean', '2_sports_goat_run_batch' retrieved from /opt/airflow/dags/sports_goat_pipeline.py
[2026-08-22T18:38:27.854+0000] {logging_mixin.py:188} INFO - [2026-08-22T18:38:27.854+0000] {dag.py:3036} INFO - Sync 2 DAGs
[2026-08-22T18:38:27.887+0000] {logging_mixin.py:188} INFO - [2026-08-22T18:38:27.887+0000] {dag.py:3823} INFO - Setting next_dagrun for 1_sports_goat_raw_to_clean to 2026-08-22 17:45:00+00:00, run_after=2026-08-23 17:45:00+00:00
[2026-08-22T18:38:27.894+0000] {logging_mixin.py:188} INFO - [2026-08-22T18:38:27.893+0000] {dag.py:3823} INFO - Setting next_dagrun for 2_sports_goat_run_batch to 2026-08-22 18:00:00+00:00, run_after=2026-08-23 18:00:00+00:00
[2026-08-22T18:38:27.917+0000] {processor.py:183} INFO - Processing /opt/airflow/dags/sports_goat_pipeline.py took 0.113 seconds
[2026-08-22T18:38:58.539+0000] {processor.py:161} INFO - Started process (PID=523) to work on /opt/airflow/dags/sports_goat_pipeline.py
[2026-08-22T18:38:58.541+0000] {processor.py:830} INFO - Processing file /opt/airflow/dags/sports_goat_pipeline.py for tasks to queue
[2026-08-22T18:38:58.543+0000] {logging_mixin.py:188} INFO - [2026-08-22T18:38:58.542+0000] {dagbag.py:538} INFO - Filling up the DagBag from /opt/airflow/dags/sports_goat_pipeline.py
[2026-08-22T18:38:58.557+0000] {processor.py:840} INFO - DAG(s) '2_sports_goat_run_batch', '1_sports_goat_raw_to_clean' retrieved from /opt/airflow/dags/sports_goat_pipeline.py
[2026-08-22T18:38:58.592+0000] {logging_mixin.py:188} INFO - [2026-08-22T18:38:58.592+0000] {dag.py:3036} INFO - Sync 2 DAGs
[2026-08-22T18:38:58.622+0000] {logging_mixin.py:188} INFO - [2026-08-22T18:38:58.622+0000] {dag.py:3823} INFO - Setting next_dagrun for 1_sports_goat_raw_to_clean to 2026-08-22 17:45:00+00:00, run_after=2026-08-23 17:45:00+00:00
[2026-08-22T18:38:58.630+0000] {logging_mixin.py:188} INFO - [2026-08-22T18:38:58.630+0000] {dag.py:3823} INFO - Setting next_dagrun for 2_sports_goat_run_batch to 2026-08-22 18:00:00+00:00, run_after=2026-08-23 18:00:00+00:00
[2026-08-22T18:38:58.656+0000] {processor.py:183} INFO - Processing /opt/airflow/dags/sports_goat_pipeline.py took 0.122 seconds
[2026-08-22T18:39:28.956+0000] {processor.py:161} INFO - Started process (PID=524) to work on /opt/airflow/dags/sports_goat_pipeline.py
[2026-08-22T18:39:28.958+0000] {processor.py:830} INFO - Processing file /opt/airflow/dags/sports_goat_pipeline.py for tasks to queue
[2026-08-22T18:39:28.959+0000] {logging_mixin.py:188} INFO - [2026-08-22T18:39:28.959+0000] {dagbag.py:538} INFO - Filling up the DagBag from /opt/airflow/dags/sports_goat_pipeline.py
[2026-08-22T18:39:28.970+0000] {processor.py:840} INFO - DAG(s) '2_sports_goat_run_batch', '1_sports_goat_raw_to_clean' retrieved from /opt/airflow/dags/sports_goat_pipeline.py
[2026-08-22T18:39:29.007+0000] {logging_mixin.py:188} INFO - [2026-08-22T18:39:29.006+0000] {dag.py:3036} INFO - Sync 2 DAGs
[2026-08-22T18:39:29.030+0000] {logging_mixin.py:188} INFO - [2026-08-22T18:39:29.030+0000] {dag.py:3823} INFO - Setting next_dagrun for 1_sports_goat_raw_to_clean to 2026-08-22 17:45:00+00:00, run_after=2026-08-23 17:45:00+00:00
[2026-08-22T18:39:29.036+0000] {logging_mixin.py:188} INFO - [2026-08-22T18:39:29.035+0000] {dag.py:3823} INFO - Setting next_dagrun for 2_sports_goat_run_batch to 2026-08-22 18:00:00+00:00, run_after=2026-08-23 18:00:00+00:00
[2026-08-22T18:39:29.061+0000] {processor.py:183} INFO - Processing /opt/airflow/dags/sports_goat_pipeline.py took 0.110 seconds
[2026-08-22T18:39:59.513+0000] {processor.py:161} INFO - Started process (PID=525) to work on /opt/airflow/dags/sports_goat_pipeline.py
[2026-08-22T18:39:59.515+0000] {processor.py:830} INFO - Processing file /opt/airflow/dags/sports_goat_pipeline.py for tasks to queue
[2026-08-22T18:39:59.517+0000] {logging_mixin.py:188} INFO - [2026-08-22T18:39:59.516+0000] {dagbag.py:538} INFO - Filling up the DagBag from /opt/airflow/dags/sports_goat_pipeline.py
[2026-08-22T18:39:59.530+0000] {processor.py:840} INFO - DAG(s) '1_sports_goat_raw_to_clean', '2_sports_goat_run_batch' retrieved from /opt/airflow/dags/sports_goat_pipeline.py
[2026-08-22T18:39:59.569+0000] {logging_mixin.py:188} INFO - [2026-08-22T18:39:59.569+0000] {dag.py:3036} INFO - Sync 2 DAGs
[2026-08-22T18:39:59.592+0000] {logging_mixin.py:188} INFO - [2026-08-22T18:39:59.592+0000] {dag.py:3823} INFO - Setting next_dagrun for 1_sports_goat_raw_to_clean to 2026-08-22 17:45:00+00:00, run_after=2026-08-23 17:45:00+00:00
[2026-08-22T18:39:59.599+0000] {logging_mixin.py:188} INFO - [2026-08-22T18:39:59.599+0000] {dag.py:3823} INFO - Setting next_dagrun for 2_sports_goat_run_batch to 2026-08-22 18:00:00+00:00, run_after=2026-08-23 18:00:00+00:00
[2026-08-22T18:39:59.622+0000] {processor.py:183} INFO - Processing /opt/airflow/dags/sports_goat_pipeline.py took 0.113 seconds
[2026-08-22T18:40:30.090+0000] {processor.py:161} INFO - Started process (PID=526) to work on /opt/airflow/dags/sports_goat_pipeline.py
[2026-08-22T18:40:30.092+0000] {processor.py:830} INFO - Processing file /opt/airflow/dags/sports_goat_pipeline.py for tasks to queue
[2026-08-22T18:40:30.094+0000] {logging_mixin.py:188} INFO - [2026-08-22T18:40:30.093+0000] {dagbag.py:538} INFO - Filling up the DagBag from /opt/airflow/dags/sports_goat_pipeline.py
[2026-08-22T18:40:30.109+0000] {processor.py:840} INFO - DAG(s) '2_sports_goat_run_batch', '1_sports_goat_raw_to_clean' retrieved from /opt/airflow/dags/sports_goat_pipeline.py
[2026-08-22T18:40:30.145+0000] {logging_mixin.py:188} INFO - [2026-08-22T18:40:30.144+0000] {dag.py:3036} INFO - Sync 2 DAGs
[2026-08-22T18:40:30.173+0000] {logging_mixin.py:188} INFO - [2026-08-22T18:40:30.173+0000] {dag.py:3823} INFO - Setting next_dagrun for 1_sports_goat_raw_to_clean to 2026-08-22 17:45:00+00:00, run_after=2026-08-23 17:45:00+00:00
[2026-08-22T18:40:30.181+0000] {logging_mixin.py:188} INFO - [2026-08-22T18:40:30.181+0000] {dag.py:3823} INFO - Setting next_dagrun for 2_sports_goat_run_batch to 2026-08-22 18:00:00+00:00, run_after=2026-08-23 18:00:00+00:00
[2026-08-22T18:40:30.211+0000] {processor.py:183} INFO - Processing /opt/airflow/dags/sports_goat_pipeline.py took 0.125 seconds
[2026-08-22T18:41:00.574+0000] {processor.py:161} INFO - Started process (PID=527) to work on /opt/airflow/dags/sports_goat_pipeline.py
[2026-08-22T18:41:00.575+0000] {processor.py:830} INFO - Processing file /opt/airflow/dags/sports_goat_pipeline.py for tasks to queue
[2026-08-22T18:41:00.577+0000] {logging_mixin.py:188} INFO - [2026-08-22T18:41:00.577+0000] {dagbag.py:538} INFO - Filling up the DagBag from /opt/airflow/dags/sports_goat_pipeline.py
[2026-08-22T18:41:00.590+0000] {processor.py:840} INFO - DAG(s) '2_sports_goat_run_batch', '1_sports_goat_raw_to_clean' retrieved from /opt/airflow/dags/sports_goat_pipeline.py
[2026-08-22T18:41:00.627+0000] {logging_mixin.py:188} INFO - [2026-08-22T18:41:00.627+0000] {dag.py:3036} INFO - Sync 2 DAGs
[2026-08-22T18:41:00.656+0000] {logging_mixin.py:188} INFO - [2026-08-22T18:41:00.656+0000] {dag.py:3823} INFO - Setting next_dagrun for 1_sports_goat_raw_to_clean to 2026-08-22 17:45:00+00:00, run_after=2026-08-23 17:45:00+00:00
[2026-08-22T18:41:00.662+0000] {logging_mixin.py:188} INFO - [2026-08-22T18:41:00.661+0000] {dag.py:3823} INFO - Setting next_dagrun for 2_sports_goat_run_batch to 2026-08-22 18:00:00+00:00, run_after=2026-08-23 18:00:00+00:00
[2026-08-22T18:41:00.690+0000] {processor.py:183} INFO - Processing /opt/airflow/dags/sports_goat_pipeline.py took 0.120 seconds
[2026-08-22T18:41:31.185+0000] {processor.py:161} INFO - Started process (PID=528) to work on /opt/airflow/dags/sports_goat_pipeline.py
[2026-08-22T18:41:31.187+0000] {processor.py:830} INFO - Processing file /opt/airflow/dags/sports_goat_pipeline.py for tasks to queue
[2026-08-22T18:41:31.190+0000] {logging_mixin.py:188} INFO - [2026-08-22T18:41:31.189+0000] {dagbag.py:538} INFO - Filling up the DagBag from /opt/airflow/dags/sports_goat_pipeline.py
[2026-08-22T18:41:31.204+0000] {processor.py:840} INFO - DAG(s) '2_sports_goat_run_batch', '1_sports_goat_raw_to_clean' retrieved from /opt/airflow/dags/sports_goat_pipeline.py
[2026-08-22T18:41:31.243+0000] {logging_mixin.py:188} INFO - [2026-08-22T18:41:31.242+0000] {dag.py:3036} INFO - Sync 2 DAGs
[2026-08-22T18:41:31.278+0000] {logging_mixin.py:188} INFO - [2026-08-22T18:41:31.277+0000] {dag.py:3823} INFO - Setting next_dagrun for 1_sports_goat_raw_to_clean to 2026-08-22 17:45:00+00:00, run_after=2026-08-23 17:45:00+00:00
[2026-08-22T18:41:31.289+0000] {logging_mixin.py:188} INFO - [2026-08-22T18:41:31.288+0000] {dag.py:3823} INFO - Setting next_dagrun for 2_sports_goat_run_batch to 2026-08-22 18:00:00+00:00, run_after=2026-08-23 18:00:00+00:00
[2026-08-22T18:41:31.319+0000] {processor.py:183} INFO - Processing /opt/airflow/dags/sports_goat_pipeline.py took 0.141 seconds
[2026-08-22T18:42:01.806+0000] {processor.py:161} INFO - Started process (PID=529) to work on /opt/airflow/dags/sports_goat_pipeline.py
[2026-08-22T18:42:01.807+0000] {processor.py:830} INFO - Processing file /opt/airflow/dags/sports_goat_pipeline.py for tasks to queue
[2026-08-22T18:42:01.809+0000] {logging_mixin.py:188} INFO - [2026-08-22T18:42:01.808+0000] {dagbag.py:538} INFO - Filling up the DagBag from /opt/airflow/dags/sports_goat_pipeline.py
[2026-08-22T18:42:01.820+0000] {processor.py:840} INFO - DAG(s) '2_sports_goat_run_batch', '1_sports_goat_raw_to_clean' retrieved from /opt/airflow/dags/sports_goat_pipeline.py
[2026-08-22T18:42:01.850+0000] {logging_mixin.py:188} INFO - [2026-08-22T18:42:01.849+0000] {dag.py:3036} INFO - Sync 2 DAGs
[2026-08-22T18:42:01.873+0000] {logging_mixin.py:188} INFO - [2026-08-22T18:42:01.872+0000] {dag.py:3823} INFO - Setting next_dagrun for 1_sports_goat_raw_to_clean to 2026-08-22 17:45:00+00:00, run_after=2026-08-23 17:45:00+00:00
[2026-08-22T18:42:01.878+0000] {logging_mixin.py:188} INFO - [2026-08-22T18:42:01.878+0000] {dag.py:3823} INFO - Setting next_dagrun for 2_sports_goat_run_batch to 2026-08-22 18:00:00+00:00, run_after=2026-08-23 18:00:00+00:00
[2026-08-22T18:42:01.902+0000] {processor.py:183} INFO - Processing /opt/airflow/dags/sports_goat_pipeline.py took 0.101 seconds
[2026-08-22T18:42:32.040+0000] {processor.py:161} INFO - Started process (PID=530) to work on /opt/airflow/dags/sports_goat_pipeline.py
[2026-08-22T18:42:32.042+0000] {processor.py:830} INFO - Processing file /opt/airflow/dags/sports_goat_pipeline.py for tasks to queue
[2026-08-22T18:42:32.043+0000] {logging_mixin.py:188} INFO - [2026-08-22T18:42:32.043+0000] {dagbag.py:538} INFO - Filling up the DagBag from /opt/airflow/dags/sports_goat_pipeline.py
[2026-08-22T18:42:32.053+0000] {processor.py:840} INFO - DAG(s) '1_sports_goat_raw_to_clean', '2_sports_goat_run_batch' retrieved from /opt/airflow/dags/sports_goat_pipeline.py
[2026-08-22T18:42:32.083+0000] {logging_mixin.py:188} INFO - [2026-08-22T18:42:32.082+0000] {dag.py:3036} INFO - Sync 2 DAGs
[2026-08-22T18:42:32.108+0000] {logging_mixin.py:188} INFO - [2026-08-22T18:42:32.107+0000] {dag.py:3823} INFO - Setting next_dagrun for 1_sports_goat_raw_to_clean to 2026-08-22 17:45:00+00:00, run_after=2026-08-23 17:45:00+00:00
[2026-08-22T18:42:32.113+0000] {logging_mixin.py:188} INFO - [2026-08-22T18:42:32.113+0000] {dag.py:3823} INFO - Setting next_dagrun for 2_sports_goat_run_batch to 2026-08-22 18:00:00+00:00, run_after=2026-08-23 18:00:00+00:00
[2026-08-22T18:42:32.138+0000] {processor.py:183} INFO - Processing /opt/airflow/dags/sports_goat_pipeline.py took 0.103 seconds
[2026-08-22T18:43:02.712+0000] {processor.py:161} INFO - Started process (PID=531) to work on /opt/airflow/dags/sports_goat_pipeline.py
[2026-08-22T18:43:02.714+0000] {processor.py:830} INFO - Processing file /opt/airflow/dags/sports_goat_pipeline.py for tasks to queue
[2026-08-22T18:43:02.716+0000] {logging_mixin.py:188} INFO - [2026-08-22T18:43:02.715+0000] {dagbag.py:538} INFO - Filling up the DagBag from /opt/airflow/dags/sports_goat_pipeline.py
[2026-08-22T18:43:02.727+0000] {processor.py:840} INFO - DAG(s) '2_sports_goat_run_batch', '1_sports_goat_raw_to_clean' retrieved from /opt/airflow/dags/sports_goat_pipeline.py
[2026-08-22T18:43:02.759+0000] {logging_mixin.py:188} INFO - [2026-08-22T18:43:02.758+0000] {dag.py:3036} INFO - Sync 2 DAGs
[2026-08-22T18:43:02.781+0000] {logging_mixin.py:188} INFO - [2026-08-22T18:43:02.780+0000] {dag.py:3823} INFO - Setting next_dagrun for 1_sports_goat_raw_to_clean to 2026-08-22 17:45:00+00:00, run_after=2026-08-23 17:45:00+00:00
[2026-08-22T18:43:02.786+0000] {logging_mixin.py:188} INFO - [2026-08-22T18:43:02.786+0000] {dag.py:3823} INFO - Setting next_dagrun for 2_sports_goat_run_batch to 2026-08-22 18:00:00+00:00, run_after=2026-08-23 18:00:00+00:00
[2026-08-22T18:43:02.811+0000] {processor.py:183} INFO - Processing /opt/airflow/dags/sports_goat_pipeline.py took 0.104 seconds
[2026-08-22T18:43:33.259+0000] {processor.py:161} INFO - Started process (PID=532) to work on /opt/airflow/dags/sports_goat_pipeline.py
[2026-08-22T18:43:33.261+0000] {processor.py:830} INFO - Processing file /opt/airflow/dags/sports_goat_pipeline.py for tasks to queue
[2026-08-22T18:43:33.262+0000] {logging_mixin.py:188} INFO - [2026-08-22T18:43:33.262+0000] {dagbag.py:538} INFO - Filling up the DagBag from /opt/airflow/dags/sports_goat_pipeline.py
[2026-08-22T18:43:33.273+0000] {processor.py:840} INFO - DAG(s) '2_sports_goat_run_batch', '1_sports_goat_raw_to_clean' retrieved from /opt/airflow/dags/sports_goat_pipeline.py
[2026-08-22T18:43:33.303+0000] {logging_mixin.py:188} INFO - [2026-08-22T18:43:33.303+0000] {dag.py:3036} INFO - Sync 2 DAGs
[2026-08-22T18:43:33.325+0000] {logging_mixin.py:188} INFO - [2026-08-22T18:43:33.325+0000] {dag.py:3823} INFO - Setting next_dagrun for 1_sports_goat_raw_to_clean to 2026-08-22 17:45:00+00:00, run_after=2026-08-23 17:45:00+00:00
[2026-08-22T18:43:33.331+0000] {logging_mixin.py:188} INFO - [2026-08-22T18:43:33.330+0000] {dag.py:3823} INFO - Setting next_dagrun for 2_sports_goat_run_batch to 2026-08-22 18:00:00+00:00, run_after=2026-08-23 18:00:00+00:00
[2026-08-22T18:43:33.366+0000] {processor.py:183} INFO - Processing /opt/airflow/dags/sports_goat_pipeline.py took 0.112 seconds
[2026-08-22T18:44:03.499+0000] {processor.py:161} INFO - Started process (PID=533) to work on /opt/airflow/dags/sports_goat_pipeline.py
[2026-08-22T18:44:03.501+0000] {processor.py:830} INFO - Processing file /opt/airflow/dags/sports_goat_pipeline.py for tasks to queue
[2026-08-22T18:44:03.503+0000] {logging_mixin.py:188} INFO - [2026-08-22T18:44:03.503+0000] {dagbag.py:538} INFO - Filling up the DagBag from /opt/airflow/dags/sports_goat_pipeline.py
[2026-08-22T18:44:03.522+0000] {processor.py:840} INFO - DAG(s) '2_sports_goat_run_batch', '1_sports_goat_raw_to_clean' retrieved from /opt/airflow/dags/sports_goat_pipeline.py
[2026-08-22T18:44:03.568+0000] {logging_mixin.py:188} INFO - [2026-08-22T18:44:03.568+0000] {dag.py:3036} INFO - Sync 2 DAGs
[2026-08-22T18:44:03.597+0000] {logging_mixin.py:188} INFO - [2026-08-22T18:44:03.596+0000] {dag.py:3823} INFO - Setting next_dagrun for 1_sports_goat_raw_to_clean to 2026-08-22 17:45:00+00:00, run_after=2026-08-23 17:45:00+00:00
[2026-08-22T18:44:03.603+0000] {logging_mixin.py:188} INFO - [2026-08-22T18:44:03.603+0000] {dag.py:3823} INFO - Setting next_dagrun for 2_sports_goat_run_batch to 2026-08-22 18:00:00+00:00, run_after=2026-08-23 18:00:00+00:00
[2026-08-22T18:44:03.629+0000] {processor.py:183} INFO - Processing /opt/airflow/dags/sports_goat_pipeline.py took 0.137 seconds
[2026-08-22T18:44:34.161+0000] {processor.py:161} INFO - Started process (PID=534) to work on /opt/airflow/dags/sports_goat_pipeline.py
[2026-08-22T18:44:34.163+0000] {processor.py:830} INFO - Processing file /opt/airflow/dags/sports_goat_pipeline.py for tasks to queue
[2026-08-22T18:44:34.165+0000] {logging_mixin.py:188} INFO - [2026-08-22T18:44:34.164+0000] {dagbag.py:538} INFO - Filling up the DagBag from /opt/airflow/dags/sports_goat_pipeline.py
[2026-08-22T18:44:34.175+0000] {processor.py:840} INFO - DAG(s) '1_sports_goat_raw_to_clean', '2_sports_goat_run_batch' retrieved from /opt/airflow/dags/sports_goat_pipeline.py
[2026-08-22T18:44:34.204+0000] {logging_mixin.py:188} INFO - [2026-08-22T18:44:34.203+0000] {dag.py:3036} INFO - Sync 2 DAGs
[2026-08-22T18:44:34.226+0000] {logging_mixin.py:188} INFO - [2026-08-22T18:44:34.225+0000] {dag.py:3823} INFO - Setting next_dagrun for 1_sports_goat_raw_to_clean to 2026-08-22 17:45:00+00:00, run_after=2026-08-23 17:45:00+00:00
[2026-08-22T18:44:34.232+0000] {logging_mixin.py:188} INFO - [2026-08-22T18:44:34.231+0000] {dag.py:3823} INFO - Setting next_dagrun for 2_sports_goat_run_batch to 2026-08-22 18:00:00+00:00, run_after=2026-08-23 18:00:00+00:00
[2026-08-22T18:44:34.256+0000] {processor.py:183} INFO - Processing /opt/airflow/dags/sports_goat_pipeline.py took 0.100 seconds
[2026-08-22T18:45:04.745+0000] {processor.py:161} INFO - Started process (PID=535) to work on /opt/airflow/dags/sports_goat_pipeline.py
[2026-08-22T18:45:04.746+0000] {processor.py:830} INFO - Processing file /opt/airflow/dags/sports_goat_pipeline.py for tasks to queue
[2026-08-22T18:45:04.748+0000] {logging_mixin.py:188} INFO - [2026-08-22T18:45:04.747+0000] {dagbag.py:538} INFO - Filling up the DagBag from /opt/airflow/dags/sports_goat_pipeline.py
[2026-08-22T18:45:04.759+0000] {processor.py:840} INFO - DAG(s) '1_sports_goat_raw_to_clean', '2_sports_goat_run_batch' retrieved from /opt/airflow/dags/sports_goat_pipeline.py
[2026-08-22T18:45:04.789+0000] {logging_mixin.py:188} INFO - [2026-08-22T18:45:04.789+0000] {dag.py:3036} INFO - Sync 2 DAGs
[2026-08-22T18:45:04.813+0000] {logging_mixin.py:188} INFO - [2026-08-22T18:45:04.813+0000] {dag.py:3823} INFO - Setting next_dagrun for 1_sports_goat_raw_to_clean to 2026-08-22 17:45:00+00:00, run_after=2026-08-23 17:45:00+00:00
[2026-08-22T18:45:04.819+0000] {logging_mixin.py:188} INFO - [2026-08-22T18:45:04.819+0000] {dag.py:3823} INFO - Setting next_dagrun for 2_sports_goat_run_batch to 2026-08-22 18:00:00+00:00, run_after=2026-08-23 18:00:00+00:00
[2026-08-22T18:45:04.843+0000] {processor.py:183} INFO - Processing /opt/airflow/dags/sports_goat_pipeline.py took 0.104 seconds
[2026-08-22T18:45:35.298+0000] {processor.py:161} INFO - Started process (PID=536) to work on /opt/airflow/dags/sports_goat_pipeline.py
[2026-08-22T18:45:35.300+0000] {processor.py:830} INFO - Processing file /opt/airflow/dags/sports_goat_pipeline.py for tasks to queue
[2026-08-22T18:45:35.302+0000] {logging_mixin.py:188} INFO - [2026-08-22T18:45:35.301+0000] {dagbag.py:538} INFO - Filling up the DagBag from /opt/airflow/dags/sports_goat_pipeline.py
[2026-08-22T18:45:35.312+0000] {processor.py:840} INFO - DAG(s) '2_sports_goat_run_batch', '1_sports_goat_raw_to_clean' retrieved from /opt/airflow/dags/sports_goat_pipeline.py
[2026-08-22T18:45:35.342+0000] {logging_mixin.py:188} INFO - [2026-08-22T18:45:35.341+0000] {dag.py:3036} INFO - Sync 2 DAGs
[2026-08-22T18:45:35.364+0000] {logging_mixin.py:188} INFO - [2026-08-22T18:45:35.364+0000] {dag.py:3823} INFO - Setting next_dagrun for 1_sports_goat_raw_to_clean to 2026-08-22 17:45:00+00:00, run_after=2026-08-23 17:45:00+00:00
[2026-08-22T18:45:35.370+0000] {logging_mixin.py:188} INFO - [2026-08-22T18:45:35.369+0000] {dag.py:3823} INFO - Setting next_dagrun for 2_sports_goat_run_batch to 2026-08-22 18:00:00+00:00, run_after=2026-08-23 18:00:00+00:00
[2026-08-22T18:45:35.395+0000] {processor.py:183} INFO - Processing /opt/airflow/dags/sports_goat_pipeline.py took 0.102 seconds
[2026-08-22T18:46:05.874+0000] {processor.py:161} INFO - Started process (PID=537) to work on /opt/airflow/dags/sports_goat_pipeline.py
[2026-08-22T18:46:05.877+0000] {processor.py:830} INFO - Processing file /opt/airflow/dags/sports_goat_pipeline.py for tasks to queue
[2026-08-22T18:46:05.879+0000] {logging_mixin.py:188} INFO - [2026-08-22T18:46:05.878+0000] {dagbag.py:538} INFO - Filling up the DagBag from /opt/airflow/dags/sports_goat_pipeline.py
[2026-08-22T18:46:05.895+0000] {processor.py:840} INFO - DAG(s) '2_sports_goat_run_batch', '1_sports_goat_raw_to_clean' retrieved from /opt/airflow/dags/sports_goat_pipeline.py
[2026-08-22T18:46:05.939+0000] {logging_mixin.py:188} INFO - [2026-08-22T18:46:05.939+0000] {dag.py:3036} INFO - Sync 2 DAGs
[2026-08-22T18:46:05.968+0000] {logging_mixin.py:188} INFO - [2026-08-22T18:46:05.968+0000] {dag.py:3823} INFO - Setting next_dagrun for 1_sports_goat_raw_to_clean to 2026-08-22 17:45:00+00:00, run_after=2026-08-23 17:45:00+00:00
[2026-08-22T18:46:05.975+0000] {logging_mixin.py:188} INFO - [2026-08-22T18:46:05.975+0000] {dag.py:3823} INFO - Setting next_dagrun for 2_sports_goat_run_batch to 2026-08-22 18:00:00+00:00, run_after=2026-08-23 18:00:00+00:00
[2026-08-22T18:46:06.002+0000] {processor.py:183} INFO - Processing /opt/airflow/dags/sports_goat_pipeline.py took 0.135 seconds
[2026-08-22T18:46:36.434+0000] {processor.py:161} INFO - Started process (PID=538) to work on /opt/airflow/dags/sports_goat_pipeline.py
[2026-08-22T18:46:36.436+0000] {processor.py:830} INFO - Processing file /opt/airflow/dags/sports_goat_pipeline.py for tasks to queue
[2026-08-22T18:46:36.438+0000] {logging_mixin.py:188} INFO - [2026-08-22T18:46:36.438+0000] {dagbag.py:538} INFO - Filling up the DagBag from /opt/airflow/dags/sports_goat_pipeline.py
[2026-08-22T18:46:36.449+0000] {processor.py:840} INFO - DAG(s) '1_sports_goat_raw_to_clean', '2_sports_goat_run_batch' retrieved from /opt/airflow/dags/sports_goat_pipeline.py
[2026-08-22T18:46:36.480+0000] {logging_mixin.py:188} INFO - [2026-08-22T18:46:36.479+0000] {dag.py:3036} INFO - Sync 2 DAGs
[2026-08-22T18:46:36.505+0000] {logging_mixin.py:188} INFO - [2026-08-22T18:46:36.505+0000] {dag.py:3823} INFO - Setting next_dagrun for 1_sports_goat_raw_to_clean to 2026-08-22 17:45:00+00:00, run_after=2026-08-23 17:45:00+00:00
[2026-08-22T18:46:36.511+0000] {logging_mixin.py:188} INFO - [2026-08-22T18:46:36.511+0000] {dag.py:3823} INFO - Setting next_dagrun for 2_sports_goat_run_batch to 2026-08-22 18:00:00+00:00, run_after=2026-08-23 18:00:00+00:00
[2026-08-22T18:46:36.537+0000] {processor.py:183} INFO - Processing /opt/airflow/dags/sports_goat_pipeline.py took 0.108 seconds
[2026-08-22T18:47:06.990+0000] {processor.py:161} INFO - Started process (PID=539) to work on /opt/airflow/dags/sports_goat_pipeline.py
[2026-08-22T18:47:06.993+0000] {processor.py:830} INFO - Processing file /opt/airflow/dags/sports_goat_pipeline.py for tasks to queue
[2026-08-22T18:47:06.995+0000] {logging_mixin.py:188} INFO - [2026-08-22T18:47:06.994+0000] {dagbag.py:538} INFO - Filling up the DagBag from /opt/airflow/dags/sports_goat_pipeline.py
[2026-08-22T18:47:07.007+0000] {processor.py:840} INFO - DAG(s) '2_sports_goat_run_batch', '1_sports_goat_raw_to_clean' retrieved from /opt/airflow/dags/sports_goat_pipeline.py
[2026-08-22T18:47:07.046+0000] {logging_mixin.py:188} INFO - [2026-08-22T18:47:07.046+0000] {dag.py:3036} INFO - Sync 2 DAGs
[2026-08-22T18:47:07.078+0000] {logging_mixin.py:188} INFO - [2026-08-22T18:47:07.077+0000] {dag.py:3823} INFO - Setting next_dagrun for 1_sports_goat_raw_to_clean to 2026-08-22 17:45:00+00:00, run_after=2026-08-23 17:45:00+00:00
[2026-08-22T18:47:07.087+0000] {logging_mixin.py:188} INFO - [2026-08-22T18:47:07.087+0000] {dag.py:3823} INFO - Setting next_dagrun for 2_sports_goat_run_batch to 2026-08-22 18:00:00+00:00, run_after=2026-08-23 18:00:00+00:00
[2026-08-22T18:47:07.113+0000] {processor.py:183} INFO - Processing /opt/airflow/dags/sports_goat_pipeline.py took 0.128 seconds
[2026-08-22T18:47:37.434+0000] {processor.py:161} INFO - Started process (PID=540) to work on /opt/airflow/dags/sports_goat_pipeline.py
[2026-08-22T18:47:37.436+0000] {processor.py:830} INFO - Processing file /opt/airflow/dags/sports_goat_pipeline.py for tasks to queue
[2026-08-22T18:47:37.438+0000] {logging_mixin.py:188} INFO - [2026-08-22T18:47:37.437+0000] {dagbag.py:538} INFO - Filling up the DagBag from /opt/airflow/dags/sports_goat_pipeline.py
[2026-08-22T18:47:37.449+0000] {processor.py:840} INFO - DAG(s) '2_sports_goat_run_batch', '1_sports_goat_raw_to_clean' retrieved from /opt/airflow/dags/sports_goat_pipeline.py
[2026-08-22T18:47:37.483+0000] {logging_mixin.py:188} INFO - [2026-08-22T18:47:37.482+0000] {dag.py:3036} INFO - Sync 2 DAGs
[2026-08-22T18:47:37.508+0000] {logging_mixin.py:188} INFO - [2026-08-22T18:47:37.508+0000] {dag.py:3823} INFO - Setting next_dagrun for 1_sports_goat_raw_to_clean to 2026-08-22 17:45:00+00:00, run_after=2026-08-23 17:45:00+00:00
[2026-08-22T18:47:37.515+0000] {logging_mixin.py:188} INFO - [2026-08-22T18:47:37.514+0000] {dag.py:3823} INFO - Setting next_dagrun for 2_sports_goat_run_batch to 2026-08-22 18:00:00+00:00, run_after=2026-08-23 18:00:00+00:00
[2026-08-22T18:47:37.540+0000] {processor.py:183} INFO - Processing /opt/airflow/dags/sports_goat_pipeline.py took 0.110 seconds
[2026-08-22T18:48:07.981+0000] {processor.py:161} INFO - Started process (PID=541) to work on /opt/airflow/dags/sports_goat_pipeline.py
[2026-08-22T18:48:07.982+0000] {processor.py:830} INFO - Processing file /opt/airflow/dags/sports_goat_pipeline.py for tasks to queue
[2026-08-22T18:48:07.984+0000] {logging_mixin.py:188} INFO - [2026-08-22T18:48:07.983+0000] {dagbag.py:538} INFO - Filling up the DagBag from /opt/airflow/dags/sports_goat_pipeline.py
[2026-08-22T18:48:07.997+0000] {processor.py:840} INFO - DAG(s) '1_sports_goat_raw_to_clean', '2_sports_goat_run_batch' retrieved from /opt/airflow/dags/sports_goat_pipeline.py
[2026-08-22T18:48:08.031+0000] {logging_mixin.py:188} INFO - [2026-08-22T18:48:08.030+0000] {dag.py:3036} INFO - Sync 2 DAGs
[2026-08-22T18:48:08.060+0000] {logging_mixin.py:188} INFO - [2026-08-22T18:48:08.060+0000] {dag.py:3823} INFO - Setting next_dagrun for 1_sports_goat_raw_to_clean to 2026-08-22 17:45:00+00:00, run_after=2026-08-23 17:45:00+00:00
[2026-08-22T18:48:08.067+0000] {logging_mixin.py:188} INFO - [2026-08-22T18:48:08.066+0000] {dag.py:3823} INFO - Setting next_dagrun for 2_sports_goat_run_batch to 2026-08-22 18:00:00+00:00, run_after=2026-08-23 18:00:00+00:00
[2026-08-22T18:48:08.094+0000] {processor.py:183} INFO - Processing /opt/airflow/dags/sports_goat_pipeline.py took 0.118 seconds
[2026-08-22T18:48:38.561+0000] {processor.py:161} INFO - Started process (PID=542) to work on /opt/airflow/dags/sports_goat_pipeline.py
[2026-08-22T18:48:38.568+0000] {processor.py:830} INFO - Processing file /opt/airflow/dags/sports_goat_pipeline.py for tasks to queue
[2026-08-22T18:48:38.570+0000] {logging_mixin.py:188} INFO - [2026-08-22T18:48:38.569+0000] {dagbag.py:538} INFO - Filling up the DagBag from /opt/airflow/dags/sports_goat_pipeline.py
[2026-08-22T18:48:38.581+0000] {processor.py:840} INFO - DAG(s) '1_sports_goat_raw_to_clean', '2_sports_goat_run_batch' retrieved from /opt/airflow/dags/sports_goat_pipeline.py
[2026-08-22T18:48:38.614+0000] {logging_mixin.py:188} INFO - [2026-08-22T18:48:38.613+0000] {dag.py:3036} INFO - Sync 2 DAGs
[2026-08-22T18:48:38.638+0000] {logging_mixin.py:188} INFO - [2026-08-22T18:48:38.637+0000] {dag.py:3823} INFO - Setting next_dagrun for 1_sports_goat_raw_to_clean to 2026-08-22 17:45:00+00:00, run_after=2026-08-23 17:45:00+00:00
[2026-08-22T18:48:38.643+0000] {logging_mixin.py:188} INFO - [2026-08-22T18:48:38.643+0000] {dag.py:3823} INFO - Setting next_dagrun for 2_sports_goat_run_batch to 2026-08-22 18:00:00+00:00, run_after=2026-08-23 18:00:00+00:00
[2026-08-22T18:48:38.666+0000] {processor.py:183} INFO - Processing /opt/airflow/dags/sports_goat_pipeline.py took 0.119 seconds
[2026-08-22T18:49:09.096+0000] {processor.py:161} INFO - Started process (PID=543) to work on /opt/airflow/dags/sports_goat_pipeline.py
[2026-08-22T18:49:09.098+0000] {processor.py:830} INFO - Processing file /opt/airflow/dags/sports_goat_pipeline.py for tasks to queue
[2026-08-22T18:49:09.099+0000] {logging_mixin.py:188} INFO - [2026-08-22T18:49:09.099+0000] {dagbag.py:538} INFO - Filling up the DagBag from /opt/airflow/dags/sports_goat_pipeline.py
[2026-08-22T18:49:09.110+0000] {processor.py:840} INFO - DAG(s) '1_sports_goat_raw_to_clean', '2_sports_goat_run_batch' retrieved from /opt/airflow/dags/sports_goat_pipeline.py
[2026-08-22T18:49:09.148+0000] {logging_mixin.py:188} INFO - [2026-08-22T18:49:09.148+0000] {dag.py:3036} INFO - Sync 2 DAGs
[2026-08-22T18:49:09.171+0000] {logging_mixin.py:188} INFO - [2026-08-22T18:49:09.171+0000] {dag.py:3823} INFO - Setting next_dagrun for 1_sports_goat_raw_to_clean to 2026-08-22 17:45:00+00:00, run_after=2026-08-23 17:45:00+00:00
[2026-08-22T18:49:09.177+0000] {logging_mixin.py:188} INFO - [2026-08-22T18:49:09.177+0000] {dag.py:3823} INFO - Setting next_dagrun for 2_sports_goat_run_batch to 2026-08-22 18:00:00+00:00, run_after=2026-08-23 18:00:00+00:00
[2026-08-22T18:49:09.201+0000] {processor.py:183} INFO - Processing /opt/airflow/dags/sports_goat_pipeline.py took 0.110 seconds
[2026-08-22T18:49:39.712+0000] {processor.py:161} INFO - Started process (PID=544) to work on /opt/airflow/dags/sports_goat_pipeline.py
[2026-08-22T18:49:39.714+0000] {processor.py:830} INFO - Processing file /opt/airflow/dags/sports_goat_pipeline.py for tasks to queue
[2026-08-22T18:49:39.716+0000] {logging_mixin.py:188} INFO - [2026-08-22T18:49:39.716+0000] {dagbag.py:538} INFO - Filling up the DagBag from /opt/airflow/dags/sports_goat_pipeline.py
[2026-08-22T18:49:39.733+0000] {processor.py:840} INFO - DAG(s) '2_sports_goat_run_batch', '1_sports_goat_raw_to_clean' retrieved from /opt/airflow/dags/sports_goat_pipeline.py
[2026-08-22T18:49:39.789+0000] {logging_mixin.py:188} INFO - [2026-08-22T18:49:39.788+0000] {dag.py:3036} INFO - Sync 2 DAGs
[2026-08-22T18:49:39.823+0000] {logging_mixin.py:188} INFO - [2026-08-22T18:49:39.823+0000] {dag.py:3823} INFO - Setting next_dagrun for 1_sports_goat_raw_to_clean to 2026-08-22 17:45:00+00:00, run_after=2026-08-23 17:45:00+00:00
[2026-08-22T18:49:39.833+0000] {logging_mixin.py:188} INFO - [2026-08-22T18:49:39.833+0000] {dag.py:3823} INFO - Setting next_dagrun for 2_sports_goat_run_batch to 2026-08-22 18:00:00+00:00, run_after=2026-08-23 18:00:00+00:00
[2026-08-22T18:49:39.863+0000] {processor.py:183} INFO - Processing /opt/airflow/dags/sports_goat_pipeline.py took 0.158 seconds
[2026-08-22T18:50:10.235+0000] {processor.py:161} INFO - Started process (PID=545) to work on /opt/airflow/dags/sports_goat_pipeline.py
[2026-08-22T18:50:10.236+0000] {processor.py:830} INFO - Processing file /opt/airflow/dags/sports_goat_pipeline.py for tasks to queue
[2026-08-22T18:50:10.238+0000] {logging_mixin.py:188} INFO - [2026-08-22T18:50:10.237+0000] {dagbag.py:538} INFO - Filling up the DagBag from /opt/airflow/dags/sports_goat_pipeline.py
[2026-08-22T18:50:10.248+0000] {processor.py:840} INFO - DAG(s) '1_sports_goat_raw_to_clean', '2_sports_goat_run_batch' retrieved from /opt/airflow/dags/sports_goat_pipeline.py
[2026-08-22T18:50:10.280+0000] {logging_mixin.py:188} INFO - [2026-08-22T18:50:10.279+0000] {dag.py:3036} INFO - Sync 2 DAGs
[2026-08-22T18:50:10.306+0000] {logging_mixin.py:188} INFO - [2026-08-22T18:50:10.306+0000] {dag.py:3823} INFO - Setting next_dagrun for 1_sports_goat_raw_to_clean to 2026-08-22 17:45:00+00:00, run_after=2026-08-23 17:45:00+00:00
[2026-08-22T18:50:10.314+0000] {logging_mixin.py:188} INFO - [2026-08-22T18:50:10.314+0000] {dag.py:3823} INFO - Setting next_dagrun for 2_sports_goat_run_batch to 2026-08-22 18:00:00+00:00, run_after=2026-08-23 18:00:00+00:00
[2026-08-22T18:50:10.339+0000] {processor.py:183} INFO - Processing /opt/airflow/dags/sports_goat_pipeline.py took 0.110 seconds
[2026-08-22T18:51:07.450+0000] {processor.py:161} INFO - Started process (PID=566) to work on /opt/airflow/dags/sports_goat_pipeline.py
[2026-08-22T18:51:07.453+0000] {processor.py:830} INFO - Processing file /opt/airflow/dags/sports_goat_pipeline.py for tasks to queue
[2026-08-22T18:51:07.455+0000] {logging_mixin.py:188} INFO - [2026-08-22T18:51:07.454+0000] {dagbag.py:538} INFO - Filling up the DagBag from /opt/airflow/dags/sports_goat_pipeline.py
[2026-08-22T18:51:07.471+0000] {processor.py:840} INFO - DAG(s) '1_sports_goat_raw_to_clean', '2_sports_goat_run_batch' retrieved from /opt/airflow/dags/sports_goat_pipeline.py
[2026-08-22T18:51:07.512+0000] {logging_mixin.py:188} INFO - [2026-08-22T18:51:07.512+0000] {dag.py:3036} INFO - Sync 2 DAGs
[2026-08-22T18:51:07.535+0000] {logging_mixin.py:188} INFO - [2026-08-22T18:51:07.535+0000] {dag.py:3823} INFO - Setting next_dagrun for 1_sports_goat_raw_to_clean to 2026-08-22 17:45:00+00:00, run_after=2026-08-23 17:45:00+00:00
[2026-08-22T18:51:07.540+0000] {logging_mixin.py:188} INFO - [2026-08-22T18:51:07.540+0000] {dag.py:3823} INFO - Setting next_dagrun for 2_sports_goat_run_batch to 2026-08-22 18:00:00+00:00, run_after=2026-08-23 18:00:00+00:00
[2026-08-22T18:51:07.562+0000] {processor.py:183} INFO - Processing /opt/airflow/dags/sports_goat_pipeline.py took 0.116 seconds
[2026-08-22T18:51:37.898+0000] {processor.py:161} INFO - Started process (PID=567) to work on /opt/airflow/dags/sports_goat_pipeline.py
[2026-08-22T18:51:37.935+0000] {processor.py:830} INFO - Processing file /opt/airflow/dags/sports_goat_pipeline.py for tasks to queue
[2026-08-22T18:51:37.939+0000] {logging_mixin.py:188} INFO - [2026-08-22T18:51:37.939+0000] {dagbag.py:538} INFO - Filling up the DagBag from /opt/airflow/dags/sports_goat_pipeline.py
[2026-08-22T18:51:37.997+0000] {processor.py:840} INFO - DAG(s) '1_sports_goat_raw_to_clean', '2_sports_goat_run_batch' retrieved from /opt/airflow/dags/sports_goat_pipeline.py
[2026-08-22T18:51:38.102+0000] {logging_mixin.py:188} INFO - [2026-08-22T18:51:38.101+0000] {dag.py:3036} INFO - Sync 2 DAGs
[2026-08-22T18:51:38.199+0000] {logging_mixin.py:188} INFO - [2026-08-22T18:51:38.198+0000] {dag.py:3823} INFO - Setting next_dagrun for 1_sports_goat_raw_to_clean to 2026-08-22 17:45:00+00:00, run_after=2026-08-23 17:45:00+00:00
[2026-08-22T18:51:38.220+0000] {logging_mixin.py:188} INFO - [2026-08-22T18:51:38.219+0000] {dag.py:3823} INFO - Setting next_dagrun for 2_sports_goat_run_batch to 2026-08-22 18:00:00+00:00, run_after=2026-08-23 18:00:00+00:00
[2026-08-22T18:51:38.293+0000] {processor.py:183} INFO - Processing /opt/airflow/dags/sports_goat_pipeline.py took 0.424 seconds
[2026-08-22T18:52:08.711+0000] {processor.py:161} INFO - Started process (PID=568) to work on /opt/airflow/dags/sports_goat_pipeline.py
[2026-08-22T18:52:08.713+0000] {processor.py:830} INFO - Processing file /opt/airflow/dags/sports_goat_pipeline.py for tasks to queue
[2026-08-22T18:52:08.714+0000] {logging_mixin.py:188} INFO - [2026-08-22T18:52:08.714+0000] {dagbag.py:538} INFO - Filling up the DagBag from /opt/airflow/dags/sports_goat_pipeline.py
[2026-08-22T18:52:08.728+0000] {processor.py:840} INFO - DAG(s) '2_sports_goat_run_batch', '1_sports_goat_raw_to_clean' retrieved from /opt/airflow/dags/sports_goat_pipeline.py
[2026-08-22T18:52:08.769+0000] {logging_mixin.py:188} INFO - [2026-08-22T18:52:08.769+0000] {dag.py:3036} INFO - Sync 2 DAGs
[2026-08-22T18:52:08.794+0000] {logging_mixin.py:188} INFO - [2026-08-22T18:52:08.794+0000] {dag.py:3823} INFO - Setting next_dagrun for 1_sports_goat_raw_to_clean to 2026-08-22 17:45:00+00:00, run_after=2026-08-23 17:45:00+00:00
[2026-08-22T18:52:08.801+0000] {logging_mixin.py:188} INFO - [2026-08-22T18:52:08.801+0000] {dag.py:3823} INFO - Setting next_dagrun for 2_sports_goat_run_batch to 2026-08-22 18:00:00+00:00, run_after=2026-08-23 18:00:00+00:00
[2026-08-22T18:52:08.827+0000] {processor.py:183} INFO - Processing /opt/airflow/dags/sports_goat_pipeline.py took 0.121 seconds
[2026-08-22T18:52:39.248+0000] {processor.py:161} INFO - Started process (PID=569) to work on /opt/airflow/dags/sports_goat_pipeline.py
[2026-08-22T18:52:39.250+0000] {processor.py:830} INFO - Processing file /opt/airflow/dags/sports_goat_pipeline.py for tasks to queue
[2026-08-22T18:52:39.252+0000] {logging_mixin.py:188} INFO - [2026-08-22T18:52:39.251+0000] {dagbag.py:538} INFO - Filling up the DagBag from /opt/airflow/dags/sports_goat_pipeline.py
[2026-08-22T18:52:39.263+0000] {processor.py:840} INFO - DAG(s) '1_sports_goat_raw_to_clean', '2_sports_goat_run_batch' retrieved from /opt/airflow/dags/sports_goat_pipeline.py
[2026-08-22T18:52:39.293+0000] {logging_mixin.py:188} INFO - [2026-08-22T18:52:39.293+0000] {dag.py:3036} INFO - Sync 2 DAGs
[2026-08-22T18:52:39.316+0000] {logging_mixin.py:188} INFO - [2026-08-22T18:52:39.316+0000] {dag.py:3823} INFO - Setting next_dagrun for 1_sports_goat_raw_to_clean to 2026-08-22 17:45:00+00:00, run_after=2026-08-23 17:45:00+00:00
[2026-08-22T18:52:39.322+0000] {logging_mixin.py:188} INFO - [2026-08-22T18:52:39.321+0000] {dag.py:3823} INFO - Setting next_dagrun for 2_sports_goat_run_batch to 2026-08-22 18:00:00+00:00, run_after=2026-08-23 18:00:00+00:00
[2026-08-22T18:52:39.344+0000] {processor.py:183} INFO - Processing /opt/airflow/dags/sports_goat_pipeline.py took 0.101 seconds
[2026-08-22T18:53:09.785+0000] {processor.py:161} INFO - Started process (PID=570) to work on /opt/airflow/dags/sports_goat_pipeline.py
[2026-08-22T18:53:09.787+0000] {processor.py:830} INFO - Processing file /opt/airflow/dags/sports_goat_pipeline.py for tasks to queue
[2026-08-22T18:53:09.788+0000] {logging_mixin.py:188} INFO - [2026-08-22T18:53:09.788+0000] {dagbag.py:538} INFO - Filling up the DagBag from /opt/airflow/dags/sports_goat_pipeline.py
[2026-08-22T18:53:09.800+0000] {processor.py:840} INFO - DAG(s) '1_sports_goat_raw_to_clean', '2_sports_goat_run_batch' retrieved from /opt/airflow/dags/sports_goat_pipeline.py
[2026-08-22T18:53:09.832+0000] {logging_mixin.py:188} INFO - [2026-08-22T18:53:09.831+0000] {dag.py:3036} INFO - Sync 2 DAGs
[2026-08-22T18:53:09.855+0000] {logging_mixin.py:188} INFO - [2026-08-22T18:53:09.854+0000] {dag.py:3823} INFO - Setting next_dagrun for 1_sports_goat_raw_to_clean to 2026-08-22 17:45:00+00:00, run_after=2026-08-23 17:45:00+00:00
[2026-08-22T18:53:09.861+0000] {logging_mixin.py:188} INFO - [2026-08-22T18:53:09.860+0000] {dag.py:3823} INFO - Setting next_dagrun for 2_sports_goat_run_batch to 2026-08-22 18:00:00+00:00, run_after=2026-08-23 18:00:00+00:00
[2026-08-22T18:53:09.885+0000] {processor.py:183} INFO - Processing /opt/airflow/dags/sports_goat_pipeline.py took 0.105 seconds
[2026-08-22T18:53:40.154+0000] {processor.py:161} INFO - Started process (PID=571) to work on /opt/airflow/dags/sports_goat_pipeline.py
[2026-08-22T18:53:40.156+0000] {processor.py:830} INFO - Processing file /opt/airflow/dags/sports_goat_pipeline.py for tasks to queue
[2026-08-22T18:53:40.158+0000] {logging_mixin.py:188} INFO - [2026-08-22T18:53:40.157+0000] {dagbag.py:538} INFO - Filling up the DagBag from /opt/airflow/dags/sports_goat_pipeline.py
[2026-08-22T18:53:40.170+0000] {processor.py:840} INFO - DAG(s) '1_sports_goat_raw_to_clean', '2_sports_goat_run_batch' retrieved from /opt/airflow/dags/sports_goat_pipeline.py
[2026-08-22T18:53:40.204+0000] {logging_mixin.py:188} INFO - [2026-08-22T18:53:40.204+0000] {dag.py:3036} INFO - Sync 2 DAGs
[2026-08-22T18:53:40.228+0000] {logging_mixin.py:188} INFO - [2026-08-22T18:53:40.228+0000] {dag.py:3823} INFO - Setting next_dagrun for 1_sports_goat_raw_to_clean to 2026-08-22 17:45:00+00:00, run_after=2026-08-23 17:45:00+00:00
[2026-08-22T18:53:40.233+0000] {logging_mixin.py:188} INFO - [2026-08-22T18:53:40.233+0000] {dag.py:3823} INFO - Setting next_dagrun for 2_sports_goat_run_batch to 2026-08-22 18:00:00+00:00, run_after=2026-08-23 18:00:00+00:00
[2026-08-22T18:53:40.258+0000] {processor.py:183} INFO - Processing /opt/airflow/dags/sports_goat_pipeline.py took 0.109 seconds
[2026-08-22T18:54:10.706+0000] {processor.py:161} INFO - Started process (PID=572) to work on /opt/airflow/dags/sports_goat_pipeline.py
[2026-08-22T18:54:10.709+0000] {processor.py:830} INFO - Processing file /opt/airflow/dags/sports_goat_pipeline.py for tasks to queue
[2026-08-22T18:54:10.711+0000] {logging_mixin.py:188} INFO - [2026-08-22T18:54:10.710+0000] {dagbag.py:538} INFO - Filling up the DagBag from /opt/airflow/dags/sports_goat_pipeline.py
[2026-08-22T18:54:10.724+0000] {processor.py:840} INFO - DAG(s) '1_sports_goat_raw_to_clean', '2_sports_goat_run_batch' retrieved from /opt/airflow/dags/sports_goat_pipeline.py
[2026-08-22T18:54:10.754+0000] {logging_mixin.py:188} INFO - [2026-08-22T18:54:10.754+0000] {dag.py:3036} INFO - Sync 2 DAGs
[2026-08-22T18:54:10.778+0000] {logging_mixin.py:188} INFO - [2026-08-22T18:54:10.778+0000] {dag.py:3823} INFO - Setting next_dagrun for 1_sports_goat_raw_to_clean to 2026-08-22 17:45:00+00:00, run_after=2026-08-23 17:45:00+00:00
[2026-08-22T18:54:10.785+0000] {logging_mixin.py:188} INFO - [2026-08-22T18:54:10.785+0000] {dag.py:3823} INFO - Setting next_dagrun for 2_sports_goat_run_batch to 2026-08-22 18:00:00+00:00, run_after=2026-08-23 18:00:00+00:00
[2026-08-22T18:54:10.808+0000] {processor.py:183} INFO - Processing /opt/airflow/dags/sports_goat_pipeline.py took 0.108 seconds
[2026-08-22T18:54:41.287+0000] {processor.py:161} INFO - Started process (PID=573) to work on /opt/airflow/dags/sports_goat_pipeline.py
[2026-08-22T18:54:41.289+0000] {processor.py:830} INFO - Processing file /opt/airflow/dags/sports_goat_pipeline.py for tasks to queue
[2026-08-22T18:54:41.290+0000] {logging_mixin.py:188} INFO - [2026-08-22T18:54:41.290+0000] {dagbag.py:538} INFO - Filling up the DagBag from /opt/airflow/dags/sports_goat_pipeline.py
[2026-08-22T18:54:41.301+0000] {processor.py:840} INFO - DAG(s) '1_sports_goat_raw_to_clean', '2_sports_goat_run_batch' retrieved from /opt/airflow/dags/sports_goat_pipeline.py
[2026-08-22T18:54:41.331+0000] {logging_mixin.py:188} INFO - [2026-08-22T18:54:41.330+0000] {dag.py:3036} INFO - Sync 2 DAGs
[2026-08-22T18:54:41.357+0000] {logging_mixin.py:188} INFO - [2026-08-22T18:54:41.356+0000] {dag.py:3823} INFO - Setting next_dagrun for 1_sports_goat_raw_to_clean to 2026-08-22 17:45:00+00:00, run_after=2026-08-23 17:45:00+00:00
[2026-08-22T18:54:41.362+0000] {logging_mixin.py:188} INFO - [2026-08-22T18:54:41.362+0000] {dag.py:3823} INFO - Setting next_dagrun for 2_sports_goat_run_batch to 2026-08-22 18:00:00+00:00, run_after=2026-08-23 18:00:00+00:00
[2026-08-22T18:54:41.385+0000] {processor.py:183} INFO - Processing /opt/airflow/dags/sports_goat_pipeline.py took 0.103 seconds
[2026-08-22T18:55:11.651+0000] {processor.py:161} INFO - Started process (PID=574) to work on /opt/airflow/dags/sports_goat_pipeline.py
[2026-08-22T18:55:11.652+0000] {processor.py:830} INFO - Processing file /opt/airflow/dags/sports_goat_pipeline.py for tasks to queue
[2026-08-22T18:55:11.654+0000] {logging_mixin.py:188} INFO - [2026-08-22T18:55:11.653+0000] {dagbag.py:538} INFO - Filling up the DagBag from /opt/airflow/dags/sports_goat_pipeline.py
[2026-08-22T18:55:11.666+0000] {processor.py:840} INFO - DAG(s) '2_sports_goat_run_batch', '1_sports_goat_raw_to_clean' retrieved from /opt/airflow/dags/sports_goat_pipeline.py
[2026-08-22T18:55:11.699+0000] {logging_mixin.py:188} INFO - [2026-08-22T18:55:11.698+0000] {dag.py:3036} INFO - Sync 2 DAGs
[2026-08-22T18:55:11.721+0000] {logging_mixin.py:188} INFO - [2026-08-22T18:55:11.720+0000] {dag.py:3823} INFO - Setting next_dagrun for 1_sports_goat_raw_to_clean to 2026-08-22 17:45:00+00:00, run_after=2026-08-23 17:45:00+00:00
[2026-08-22T18:55:11.727+0000] {logging_mixin.py:188} INFO - [2026-08-22T18:55:11.727+0000] {dag.py:3823} INFO - Setting next_dagrun for 2_sports_goat_run_batch to 2026-08-22 18:00:00+00:00, run_after=2026-08-23 18:00:00+00:00
[2026-08-22T18:55:11.748+0000] {processor.py:183} INFO - Processing /opt/airflow/dags/sports_goat_pipeline.py took 0.103 seconds
[2026-08-22T18:55:42.193+0000] {processor.py:161} INFO - Started process (PID=575) to work on /opt/airflow/dags/sports_goat_pipeline.py
[2026-08-22T18:55:42.195+0000] {processor.py:830} INFO - Processing file /opt/airflow/dags/sports_goat_pipeline.py for tasks to queue
[2026-08-22T18:55:42.197+0000] {logging_mixin.py:188} INFO - [2026-08-22T18:55:42.196+0000] {dagbag.py:538} INFO - Filling up the DagBag from /opt/airflow/dags/sports_goat_pipeline.py
[2026-08-22T18:55:42.208+0000] {processor.py:840} INFO - DAG(s) '2_sports_goat_run_batch', '1_sports_goat_raw_to_clean' retrieved from /opt/airflow/dags/sports_goat_pipeline.py
[2026-08-22T18:55:42.239+0000] {logging_mixin.py:188} INFO - [2026-08-22T18:55:42.239+0000] {dag.py:3036} INFO - Sync 2 DAGs
[2026-08-22T18:55:42.262+0000] {logging_mixin.py:188} INFO - [2026-08-22T18:55:42.262+0000] {dag.py:3823} INFO - Setting next_dagrun for 1_sports_goat_raw_to_clean to 2026-08-22 17:45:00+00:00, run_after=2026-08-23 17:45:00+00:00
[2026-08-22T18:55:42.269+0000] {logging_mixin.py:188} INFO - [2026-08-22T18:55:42.268+0000] {dag.py:3823} INFO - Setting next_dagrun for 2_sports_goat_run_batch to 2026-08-22 18:00:00+00:00, run_after=2026-08-23 18:00:00+00:00
[2026-08-22T18:55:42.293+0000] {processor.py:183} INFO - Processing /opt/airflow/dags/sports_goat_pipeline.py took 0.104 seconds
[2026-08-22T18:56:12.743+0000] {processor.py:161} INFO - Started process (PID=576) to work on /opt/airflow/dags/sports_goat_pipeline.py
[2026-08-22T18:56:12.745+0000] {processor.py:830} INFO - Processing file /opt/airflow/dags/sports_goat_pipeline.py for tasks to queue
[2026-08-22T18:56:12.747+0000] {logging_mixin.py:188} INFO - [2026-08-22T18:56:12.746+0000] {dagbag.py:538} INFO - Filling up the DagBag from /opt/airflow/dags/sports_goat_pipeline.py
[2026-08-22T18:56:12.758+0000] {processor.py:840} INFO - DAG(s) '2_sports_goat_run_batch', '1_sports_goat_raw_to_clean' retrieved from /opt/airflow/dags/sports_goat_pipeline.py
[2026-08-22T18:56:12.788+0000] {logging_mixin.py:188} INFO - [2026-08-22T18:56:12.788+0000] {dag.py:3036} INFO - Sync 2 DAGs
[2026-08-22T18:56:12.812+0000] {logging_mixin.py:188} INFO - [2026-08-22T18:56:12.811+0000] {dag.py:3823} INFO - Setting next_dagrun for 1_sports_goat_raw_to_clean to 2026-08-22 17:45:00+00:00, run_after=2026-08-23 17:45:00+00:00
[2026-08-22T18:56:12.819+0000] {logging_mixin.py:188} INFO - [2026-08-22T18:56:12.819+0000] {dag.py:3823} INFO - Setting next_dagrun for 2_sports_goat_run_batch to 2026-08-22 18:00:00+00:00, run_after=2026-08-23 18:00:00+00:00
[2026-08-22T18:56:12.845+0000] {processor.py:183} INFO - Processing /opt/airflow/dags/sports_goat_pipeline.py took 0.107 seconds
[2026-08-22T18:56:43.140+0000] {processor.py:161} INFO - Started process (PID=577) to work on /opt/airflow/dags/sports_goat_pipeline.py
[2026-08-22T18:56:43.142+0000] {processor.py:830} INFO - Processing file /opt/airflow/dags/sports_goat_pipeline.py for tasks to queue
[2026-08-22T18:56:43.143+0000] {logging_mixin.py:188} INFO - [2026-08-22T18:56:43.143+0000] {dagbag.py:538} INFO - Filling up the DagBag from /opt/airflow/dags/sports_goat_pipeline.py
[2026-08-22T18:56:43.154+0000] {processor.py:840} INFO - DAG(s) '1_sports_goat_raw_to_clean', '2_sports_goat_run_batch' retrieved from /opt/airflow/dags/sports_goat_pipeline.py
[2026-08-22T18:56:43.185+0000] {logging_mixin.py:188} INFO - [2026-08-22T18:56:43.185+0000] {dag.py:3036} INFO - Sync 2 DAGs
[2026-08-22T18:56:43.209+0000] {logging_mixin.py:188} INFO - [2026-08-22T18:56:43.209+0000] {dag.py:3823} INFO - Setting next_dagrun for 1_sports_goat_raw_to_clean to 2026-08-22 17:45:00+00:00, run_after=2026-08-23 17:45:00+00:00
[2026-08-22T18:56:43.215+0000] {logging_mixin.py:188} INFO - [2026-08-22T18:56:43.215+0000] {dag.py:3823} INFO - Setting next_dagrun for 2_sports_goat_run_batch to 2026-08-22 18:00:00+00:00, run_after=2026-08-23 18:00:00+00:00
[2026-08-22T18:56:43.239+0000] {processor.py:183} INFO - Processing /opt/airflow/dags/sports_goat_pipeline.py took 0.105 seconds
[2026-08-22T18:57:13.720+0000] {processor.py:161} INFO - Started process (PID=578) to work on /opt/airflow/dags/sports_goat_pipeline.py
[2026-08-22T18:57:13.722+0000] {processor.py:830} INFO - Processing file /opt/airflow/dags/sports_goat_pipeline.py for tasks to queue
[2026-08-22T18:57:13.724+0000] {logging_mixin.py:188} INFO - [2026-08-22T18:57:13.723+0000] {dagbag.py:538} INFO - Filling up the DagBag from /opt/airflow/dags/sports_goat_pipeline.py
[2026-08-22T18:57:13.735+0000] {processor.py:840} INFO - DAG(s) '2_sports_goat_run_batch', '1_sports_goat_raw_to_clean' retrieved from /opt/airflow/dags/sports_goat_pipeline.py
[2026-08-22T18:57:13.766+0000] {logging_mixin.py:188} INFO - [2026-08-22T18:57:13.765+0000] {dag.py:3036} INFO - Sync 2 DAGs
[2026-08-22T18:57:13.790+0000] {logging_mixin.py:188} INFO - [2026-08-22T18:57:13.789+0000] {dag.py:3823} INFO - Setting next_dagrun for 1_sports_goat_raw_to_clean to 2026-08-22 17:45:00+00:00, run_after=2026-08-23 17:45:00+00:00
[2026-08-22T18:57:13.795+0000] {logging_mixin.py:188} INFO - [2026-08-22T18:57:13.795+0000] {dag.py:3823} INFO - Setting next_dagrun for 2_sports_goat_run_batch to 2026-08-22 18:00:00+00:00, run_after=2026-08-23 18:00:00+00:00
[2026-08-22T18:57:13.820+0000] {processor.py:183} INFO - Processing /opt/airflow/dags/sports_goat_pipeline.py took 0.104 seconds
[2026-08-22T18:57:44.286+0000] {processor.py:161} INFO - Started process (PID=579) to work on /opt/airflow/dags/sports_goat_pipeline.py
[2026-08-22T18:57:44.288+0000] {processor.py:830} INFO - Processing file /opt/airflow/dags/sports_goat_pipeline.py for tasks to queue
[2026-08-22T18:57:44.289+0000] {logging_mixin.py:188} INFO - [2026-08-22T18:57:44.288+0000] {dagbag.py:538} INFO - Filling up the DagBag from /opt/airflow/dags/sports_goat_pipeline.py
[2026-08-22T18:57:44.300+0000] {processor.py:840} INFO - DAG(s) '1_sports_goat_raw_to_clean', '2_sports_goat_run_batch' retrieved from /opt/airflow/dags/sports_goat_pipeline.py
[2026-08-22T18:57:44.329+0000] {logging_mixin.py:188} INFO - [2026-08-22T18:57:44.328+0000] {dag.py:3036} INFO - Sync 2 DAGs
[2026-08-22T18:57:44.355+0000] {logging_mixin.py:188} INFO - [2026-08-22T18:57:44.355+0000] {dag.py:3823} INFO - Setting next_dagrun for 1_sports_goat_raw_to_clean to 2026-08-22 17:45:00+00:00, run_after=2026-08-23 17:45:00+00:00
[2026-08-22T18:57:44.361+0000] {logging_mixin.py:188} INFO - [2026-08-22T18:57:44.360+0000] {dag.py:3823} INFO - Setting next_dagrun for 2_sports_goat_run_batch to 2026-08-22 18:00:00+00:00, run_after=2026-08-23 18:00:00+00:00
[2026-08-22T18:57:44.384+0000] {processor.py:183} INFO - Processing /opt/airflow/dags/sports_goat_pipeline.py took 0.103 seconds
[2026-08-22T18:58:14.831+0000] {processor.py:161} INFO - Started process (PID=580) to work on /opt/airflow/dags/sports_goat_pipeline.py
[2026-08-22T18:58:14.833+0000] {processor.py:830} INFO - Processing file /opt/airflow/dags/sports_goat_pipeline.py for tasks to queue
[2026-08-22T18:58:14.834+0000] {logging_mixin.py:188} INFO - [2026-08-22T18:58:14.834+0000] {dagbag.py:538} INFO - Filling up the DagBag from /opt/airflow/dags/sports_goat_pipeline.py
[2026-08-22T18:58:14.845+0000] {processor.py:840} INFO - DAG(s) '2_sports_goat_run_batch', '1_sports_goat_raw_to_clean' retrieved from /opt/airflow/dags/sports_goat_pipeline.py
[2026-08-22T18:58:14.875+0000] {logging_mixin.py:188} INFO - [2026-08-22T18:58:14.875+0000] {dag.py:3036} INFO - Sync 2 DAGs
[2026-08-22T18:58:14.898+0000] {logging_mixin.py:188} INFO - [2026-08-22T18:58:14.897+0000] {dag.py:3823} INFO - Setting next_dagrun for 1_sports_goat_raw_to_clean to 2026-08-22 17:45:00+00:00, run_after=2026-08-23 17:45:00+00:00
[2026-08-22T18:58:14.905+0000] {logging_mixin.py:188} INFO - [2026-08-22T18:58:14.905+0000] {dag.py:3823} INFO - Setting next_dagrun for 2_sports_goat_run_batch to 2026-08-22 18:00:00+00:00, run_after=2026-08-23 18:00:00+00:00
[2026-08-22T18:58:14.928+0000] {processor.py:183} INFO - Processing /opt/airflow/dags/sports_goat_pipeline.py took 0.102 seconds
[2026-08-22T18:58:45.393+0000] {processor.py:161} INFO - Started process (PID=581) to work on /opt/airflow/dags/sports_goat_pipeline.py
[2026-08-22T18:58:45.395+0000] {processor.py:830} INFO - Processing file /opt/airflow/dags/sports_goat_pipeline.py for tasks to queue
[2026-08-22T18:58:45.400+0000] {logging_mixin.py:188} INFO - [2026-08-22T18:58:45.400+0000] {dagbag.py:538} INFO - Filling up the DagBag from /opt/airflow/dags/sports_goat_pipeline.py
[2026-08-22T18:58:45.411+0000] {processor.py:840} INFO - DAG(s) '2_sports_goat_run_batch', '1_sports_goat_raw_to_clean' retrieved from /opt/airflow/dags/sports_goat_pipeline.py
[2026-08-22T18:58:45.443+0000] {logging_mixin.py:188} INFO - [2026-08-22T18:58:45.442+0000] {dag.py:3036} INFO - Sync 2 DAGs
[2026-08-22T18:58:45.468+0000] {logging_mixin.py:188} INFO - [2026-08-22T18:58:45.467+0000] {dag.py:3823} INFO - Setting next_dagrun for 1_sports_goat_raw_to_clean to 2026-08-22 17:45:00+00:00, run_after=2026-08-23 17:45:00+00:00
[2026-08-22T18:58:45.473+0000] {logging_mixin.py:188} INFO - [2026-08-22T18:58:45.473+0000] {dag.py:3823} INFO - Setting next_dagrun for 2_sports_goat_run_batch to 2026-08-22 18:00:00+00:00, run_after=2026-08-23 18:00:00+00:00
[2026-08-22T18:58:45.496+0000] {processor.py:183} INFO - Processing /opt/airflow/dags/sports_goat_pipeline.py took 0.108 seconds
[2026-08-22T18:59:15.894+0000] {processor.py:161} INFO - Started process (PID=582) to work on /opt/airflow/dags/sports_goat_pipeline.py
[2026-08-22T18:59:15.896+0000] {processor.py:830} INFO - Processing file /opt/airflow/dags/sports_goat_pipeline.py for tasks to queue
[2026-08-22T18:59:15.897+0000] {logging_mixin.py:188} INFO - [2026-08-22T18:59:15.897+0000] {dagbag.py:538} INFO - Filling up the DagBag from /opt/airflow/dags/sports_goat_pipeline.py
[2026-08-22T18:59:15.909+0000] {processor.py:840} INFO - DAG(s) '1_sports_goat_raw_to_clean', '2_sports_goat_run_batch' retrieved from /opt/airflow/dags/sports_goat_pipeline.py
[2026-08-22T18:59:15.942+0000] {logging_mixin.py:188} INFO - [2026-08-22T18:59:15.942+0000] {dag.py:3036} INFO - Sync 2 DAGs
[2026-08-22T18:59:15.965+0000] {logging_mixin.py:188} INFO - [2026-08-22T18:59:15.965+0000] {dag.py:3823} INFO - Setting next_dagrun for 1_sports_goat_raw_to_clean to 2026-08-22 17:45:00+00:00, run_after=2026-08-23 17:45:00+00:00
[2026-08-22T18:59:15.971+0000] {logging_mixin.py:188} INFO - [2026-08-22T18:59:15.971+0000] {dag.py:3823} INFO - Setting next_dagrun for 2_sports_goat_run_batch to 2026-08-22 18:00:00+00:00, run_after=2026-08-23 18:00:00+00:00
[2026-08-22T18:59:15.996+0000] {processor.py:183} INFO - Processing /opt/airflow/dags/sports_goat_pipeline.py took 0.108 seconds
[2026-08-22T18:59:46.437+0000] {processor.py:161} INFO - Started process (PID=583) to work on /opt/airflow/dags/sports_goat_pipeline.py
[2026-08-22T18:59:46.438+0000] {processor.py:830} INFO - Processing file /opt/airflow/dags/sports_goat_pipeline.py for tasks to queue
[2026-08-22T18:59:46.440+0000] {logging_mixin.py:188} INFO - [2026-08-22T18:59:46.439+0000] {dagbag.py:538} INFO - Filling up the DagBag from /opt/airflow/dags/sports_goat_pipeline.py
[2026-08-22T18:59:46.451+0000] {processor.py:840} INFO - DAG(s) '1_sports_goat_raw_to_clean', '2_sports_goat_run_batch' retrieved from /opt/airflow/dags/sports_goat_pipeline.py
[2026-08-22T18:59:46.482+0000] {logging_mixin.py:188} INFO - [2026-08-22T18:59:46.482+0000] {dag.py:3036} INFO - Sync 2 DAGs
[2026-08-22T18:59:46.506+0000] {logging_mixin.py:188} INFO - [2026-08-22T18:59:46.506+0000] {dag.py:3823} INFO - Setting next_dagrun for 1_sports_goat_raw_to_clean to 2026-08-22 17:45:00+00:00, run_after=2026-08-23 17:45:00+00:00
[2026-08-22T18:59:46.512+0000] {logging_mixin.py:188} INFO - [2026-08-22T18:59:46.511+0000] {dag.py:3823} INFO - Setting next_dagrun for 2_sports_goat_run_batch to 2026-08-22 18:00:00+00:00, run_after=2026-08-23 18:00:00+00:00
[2026-08-22T18:59:46.537+0000] {processor.py:183} INFO - Processing /opt/airflow/dags/sports_goat_pipeline.py took 0.106 seconds
[2026-08-22T19:00:16.988+0000] {processor.py:161} INFO - Started process (PID=584) to work on /opt/airflow/dags/sports_goat_pipeline.py
[2026-08-22T19:00:16.990+0000] {processor.py:830} INFO - Processing file /opt/airflow/dags/sports_goat_pipeline.py for tasks to queue
[2026-08-22T19:00:16.991+0000] {logging_mixin.py:188} INFO - [2026-08-22T19:00:16.991+0000] {dagbag.py:538} INFO - Filling up the DagBag from /opt/airflow/dags/sports_goat_pipeline.py
[2026-08-22T19:00:17.002+0000] {processor.py:840} INFO - DAG(s) '1_sports_goat_raw_to_clean', '2_sports_goat_run_batch' retrieved from /opt/airflow/dags/sports_goat_pipeline.py
[2026-08-22T19:00:17.037+0000] {logging_mixin.py:188} INFO - [2026-08-22T19:00:17.037+0000] {dag.py:3036} INFO - Sync 2 DAGs
[2026-08-22T19:00:17.060+0000] {logging_mixin.py:188} INFO - [2026-08-22T19:00:17.060+0000] {dag.py:3823} INFO - Setting next_dagrun for 1_sports_goat_raw_to_clean to 2026-08-22 17:45:00+00:00, run_after=2026-08-23 17:45:00+00:00
[2026-08-22T19:00:17.066+0000] {logging_mixin.py:188} INFO - [2026-08-22T19:00:17.065+0000] {dag.py:3823} INFO - Setting next_dagrun for 2_sports_goat_run_batch to 2026-08-22 18:00:00+00:00, run_after=2026-08-23 18:00:00+00:00
[2026-08-22T19:00:17.090+0000] {processor.py:183} INFO - Processing /opt/airflow/dags/sports_goat_pipeline.py took 0.107 seconds
[2026-08-22T19:00:47.549+0000] {processor.py:161} INFO - Started process (PID=585) to work on /opt/airflow/dags/sports_goat_pipeline.py
[2026-08-22T19:00:47.551+0000] {processor.py:830} INFO - Processing file /opt/airflow/dags/sports_goat_pipeline.py for tasks to queue
[2026-08-22T19:00:47.552+0000] {logging_mixin.py:188} INFO - [2026-08-22T19:00:47.552+0000] {dagbag.py:538} INFO - Filling up the DagBag from /opt/airflow/dags/sports_goat_pipeline.py
[2026-08-22T19:00:47.564+0000] {processor.py:840} INFO - DAG(s) '1_sports_goat_raw_to_clean', '2_sports_goat_run_batch' retrieved from /opt/airflow/dags/sports_goat_pipeline.py
[2026-08-22T19:00:47.594+0000] {logging_mixin.py:188} INFO - [2026-08-22T19:00:47.594+0000] {dag.py:3036} INFO - Sync 2 DAGs
[2026-08-22T19:00:47.621+0000] {logging_mixin.py:188} INFO - [2026-08-22T19:00:47.620+0000] {dag.py:3823} INFO - Setting next_dagrun for 1_sports_goat_raw_to_clean to 2026-08-22 17:45:00+00:00, run_after=2026-08-23 17:45:00+00:00
[2026-08-22T19:00:47.627+0000] {logging_mixin.py:188} INFO - [2026-08-22T19:00:47.626+0000] {dag.py:3823} INFO - Setting next_dagrun for 2_sports_goat_run_batch to 2026-08-22 18:00:00+00:00, run_after=2026-08-23 18:00:00+00:00
[2026-08-22T19:00:47.652+0000] {processor.py:183} INFO - Processing /opt/airflow/dags/sports_goat_pipeline.py took 0.109 seconds
[2026-08-22T19:01:17.905+0000] {processor.py:161} INFO - Started process (PID=586) to work on /opt/airflow/dags/sports_goat_pipeline.py
[2026-08-22T19:01:17.907+0000] {processor.py:830} INFO - Processing file /opt/airflow/dags/sports_goat_pipeline.py for tasks to queue
[2026-08-22T19:01:17.909+0000] {logging_mixin.py:188} INFO - [2026-08-22T19:01:17.908+0000] {dagbag.py:538} INFO - Filling up the DagBag from /opt/airflow/dags/sports_goat_pipeline.py
[2026-08-22T19:01:17.924+0000] {processor.py:840} INFO - DAG(s) '1_sports_goat_raw_to_clean', '2_sports_goat_run_batch' retrieved from /opt/airflow/dags/sports_goat_pipeline.py
[2026-08-22T19:01:17.959+0000] {logging_mixin.py:188} INFO - [2026-08-22T19:01:17.959+0000] {dag.py:3036} INFO - Sync 2 DAGs
[2026-08-22T19:01:17.984+0000] {logging_mixin.py:188} INFO - [2026-08-22T19:01:17.984+0000] {dag.py:3823} INFO - Setting next_dagrun for 1_sports_goat_raw_to_clean to 2026-08-22 17:45:00+00:00, run_after=2026-08-23 17:45:00+00:00
[2026-08-22T19:01:17.990+0000] {logging_mixin.py:188} INFO - [2026-08-22T19:01:17.990+0000] {dag.py:3823} INFO - Setting next_dagrun for 2_sports_goat_run_batch to 2026-08-22 18:00:00+00:00, run_after=2026-08-23 18:00:00+00:00
[2026-08-22T19:01:18.012+0000] {processor.py:183} INFO - Processing /opt/airflow/dags/sports_goat_pipeline.py took 0.113 seconds
[2026-08-22T19:01:48.454+0000] {processor.py:161} INFO - Started process (PID=587) to work on /opt/airflow/dags/sports_goat_pipeline.py
[2026-08-22T19:01:48.456+0000] {processor.py:830} INFO - Processing file /opt/airflow/dags/sports_goat_pipeline.py for tasks to queue
[2026-08-22T19:01:48.457+0000] {logging_mixin.py:188} INFO - [2026-08-22T19:01:48.457+0000] {dagbag.py:538} INFO - Filling up the DagBag from /opt/airflow/dags/sports_goat_pipeline.py
[2026-08-22T19:01:48.468+0000] {processor.py:840} INFO - DAG(s) '1_sports_goat_raw_to_clean', '2_sports_goat_run_batch' retrieved from /opt/airflow/dags/sports_goat_pipeline.py
[2026-08-22T19:01:48.499+0000] {logging_mixin.py:188} INFO - [2026-08-22T19:01:48.499+0000] {dag.py:3036} INFO - Sync 2 DAGs
[2026-08-22T19:01:48.523+0000] {logging_mixin.py:188} INFO - [2026-08-22T19:01:48.523+0000] {dag.py:3823} INFO - Setting next_dagrun for 1_sports_goat_raw_to_clean to 2026-08-22 17:45:00+00:00, run_after=2026-08-23 17:45:00+00:00
[2026-08-22T19:01:48.529+0000] {logging_mixin.py:188} INFO - [2026-08-22T19:01:48.529+0000] {dag.py:3823} INFO - Setting next_dagrun for 2_sports_goat_run_batch to 2026-08-22 18:00:00+00:00, run_after=2026-08-23 18:00:00+00:00
[2026-08-22T19:01:48.554+0000] {processor.py:183} INFO - Processing /opt/airflow/dags/sports_goat_pipeline.py took 0.105 seconds
[2026-08-22T19:02:19.015+0000] {processor.py:161} INFO - Started process (PID=588) to work on /opt/airflow/dags/sports_goat_pipeline.py
[2026-08-22T19:02:19.017+0000] {processor.py:830} INFO - Processing file /opt/airflow/dags/sports_goat_pipeline.py for tasks to queue
[2026-08-22T19:02:19.018+0000] {logging_mixin.py:188} INFO - [2026-08-22T19:02:19.018+0000] {dagbag.py:538} INFO - Filling up the DagBag from /opt/airflow/dags/sports_goat_pipeline.py
[2026-08-22T19:02:19.037+0000] {processor.py:840} INFO - DAG(s) '1_sports_goat_raw_to_clean', '2_sports_goat_run_batch' retrieved from /opt/airflow/dags/sports_goat_pipeline.py
[2026-08-22T19:02:19.090+0000] {logging_mixin.py:188} INFO - [2026-08-22T19:02:19.090+0000] {dag.py:3036} INFO - Sync 2 DAGs
[2026-08-22T19:02:19.117+0000] {logging_mixin.py:188} INFO - [2026-08-22T19:02:19.117+0000] {dag.py:3823} INFO - Setting next_dagrun for 1_sports_goat_raw_to_clean to 2026-08-22 17:45:00+00:00, run_after=2026-08-23 17:45:00+00:00
[2026-08-22T19:02:19.124+0000] {logging_mixin.py:188} INFO - [2026-08-22T19:02:19.123+0000] {dag.py:3823} INFO - Setting next_dagrun for 2_sports_goat_run_batch to 2026-08-22 18:00:00+00:00, run_after=2026-08-23 18:00:00+00:00
[2026-08-22T19:02:19.149+0000] {processor.py:183} INFO - Processing /opt/airflow/dags/sports_goat_pipeline.py took 0.137 seconds
[2026-08-22T19:02:49.575+0000] {processor.py:161} INFO - Started process (PID=589) to work on /opt/airflow/dags/sports_goat_pipeline.py
[2026-08-22T19:02:49.576+0000] {processor.py:830} INFO - Processing file /opt/airflow/dags/sports_goat_pipeline.py for tasks to queue
[2026-08-22T19:02:49.578+0000] {logging_mixin.py:188} INFO - [2026-08-22T19:02:49.577+0000] {dagbag.py:538} INFO - Filling up the DagBag from /opt/airflow/dags/sports_goat_pipeline.py
[2026-08-22T19:02:49.592+0000] {processor.py:840} INFO - DAG(s) '2_sports_goat_run_batch', '1_sports_goat_raw_to_clean' retrieved from /opt/airflow/dags/sports_goat_pipeline.py
[2026-08-22T19:02:49.622+0000] {logging_mixin.py:188} INFO - [2026-08-22T19:02:49.621+0000] {dag.py:3036} INFO - Sync 2 DAGs
[2026-08-22T19:02:49.646+0000] {logging_mixin.py:188} INFO - [2026-08-22T19:02:49.645+0000] {dag.py:3823} INFO - Setting next_dagrun for 1_sports_goat_raw_to_clean to 2026-08-22 17:45:00+00:00, run_after=2026-08-23 17:45:00+00:00
[2026-08-22T19:02:49.654+0000] {logging_mixin.py:188} INFO - [2026-08-22T19:02:49.653+0000] {dag.py:3823} INFO - Setting next_dagrun for 2_sports_goat_run_batch to 2026-08-22 18:00:00+00:00, run_after=2026-08-23 18:00:00+00:00
[2026-08-22T19:02:49.678+0000] {processor.py:183} INFO - Processing /opt/airflow/dags/sports_goat_pipeline.py took 0.110 seconds
[2026-08-22T19:03:20.072+0000] {processor.py:161} INFO - Started process (PID=590) to work on /opt/airflow/dags/sports_goat_pipeline.py
[2026-08-22T19:03:20.073+0000] {processor.py:830} INFO - Processing file /opt/airflow/dags/sports_goat_pipeline.py for tasks to queue
[2026-08-22T19:03:20.075+0000] {logging_mixin.py:188} INFO - [2026-08-22T19:03:20.074+0000] {dagbag.py:538} INFO - Filling up the DagBag from /opt/airflow/dags/sports_goat_pipeline.py
[2026-08-22T19:03:20.085+0000] {processor.py:840} INFO - DAG(s) '1_sports_goat_raw_to_clean', '2_sports_goat_run_batch' retrieved from /opt/airflow/dags/sports_goat_pipeline.py
[2026-08-22T19:03:20.116+0000] {logging_mixin.py:188} INFO - [2026-08-22T19:03:20.116+0000] {dag.py:3036} INFO - Sync 2 DAGs
[2026-08-22T19:03:20.140+0000] {logging_mixin.py:188} INFO - [2026-08-22T19:03:20.140+0000] {dag.py:3823} INFO - Setting next_dagrun for 1_sports_goat_raw_to_clean to 2026-08-22 17:45:00+00:00, run_after=2026-08-23 17:45:00+00:00
[2026-08-22T19:03:20.146+0000] {logging_mixin.py:188} INFO - [2026-08-22T19:03:20.145+0000] {dag.py:3823} INFO - Setting next_dagrun for 2_sports_goat_run_batch to 2026-08-22 18:00:00+00:00, run_after=2026-08-23 18:00:00+00:00
[2026-08-22T19:03:20.172+0000] {processor.py:183} INFO - Processing /opt/airflow/dags/sports_goat_pipeline.py took 0.105 seconds
[2026-08-22T19:03:50.643+0000] {processor.py:161} INFO - Started process (PID=591) to work on /opt/airflow/dags/sports_goat_pipeline.py
[2026-08-22T19:03:50.645+0000] {processor.py:830} INFO - Processing file /opt/airflow/dags/sports_goat_pipeline.py for tasks to queue
[2026-08-22T19:03:50.647+0000] {logging_mixin.py:188} INFO - [2026-08-22T19:03:50.647+0000] {dagbag.py:538} INFO - Filling up the DagBag from /opt/airflow/dags/sports_goat_pipeline.py
[2026-08-22T19:03:50.660+0000] {processor.py:840} INFO - DAG(s) '2_sports_goat_run_batch', '1_sports_goat_raw_to_clean' retrieved from /opt/airflow/dags/sports_goat_pipeline.py
[2026-08-22T19:03:50.693+0000] {logging_mixin.py:188} INFO - [2026-08-22T19:03:50.693+0000] {dag.py:3036} INFO - Sync 2 DAGs
[2026-08-22T19:03:50.718+0000] {logging_mixin.py:188} INFO - [2026-08-22T19:03:50.718+0000] {dag.py:3823} INFO - Setting next_dagrun for 1_sports_goat_raw_to_clean to 2026-08-22 17:45:00+00:00, run_after=2026-08-23 17:45:00+00:00
[2026-08-22T19:03:50.723+0000] {logging_mixin.py:188} INFO - [2026-08-22T19:03:50.723+0000] {dag.py:3823} INFO - Setting next_dagrun for 2_sports_goat_run_batch to 2026-08-22 18:00:00+00:00, run_after=2026-08-23 18:00:00+00:00
[2026-08-22T19:03:50.744+0000] {processor.py:183} INFO - Processing /opt/airflow/dags/sports_goat_pipeline.py took 0.106 seconds
[2026-08-22T19:09:00.016+0000] {processor.py:161} INFO - Started process (PID=592) to work on /opt/airflow/dags/sports_goat_pipeline.py
[2026-08-22T19:09:00.051+0000] {processor.py:830} INFO - Processing file /opt/airflow/dags/sports_goat_pipeline.py for tasks to queue
[2026-08-22T19:09:00.055+0000] {logging_mixin.py:188} INFO - [2026-08-22T19:09:00.053+0000] {dagbag.py:538} INFO - Filling up the DagBag from /opt/airflow/dags/sports_goat_pipeline.py
[2026-08-22T19:09:00.140+0000] {processor.py:840} INFO - DAG(s) '1_sports_goat_raw_to_clean', '2_sports_goat_run_batch' retrieved from /opt/airflow/dags/sports_goat_pipeline.py
[2026-08-22T19:09:00.559+0000] {logging_mixin.py:188} INFO - [2026-08-22T19:09:00.515+0000] {dag.py:3036} INFO - Sync 2 DAGs
[2026-08-22T19:09:01.599+0000] {logging_mixin.py:188} INFO - [2026-08-22T19:09:01.596+0000] {dag.py:3823} INFO - Setting next_dagrun for 1_sports_goat_raw_to_clean to 2026-08-22 17:45:00+00:00, run_after=2026-08-23 17:45:00+00:00
[2026-08-22T19:09:01.681+0000] {logging_mixin.py:188} INFO - [2026-08-22T19:09:01.680+0000] {dag.py:3823} INFO - Setting next_dagrun for 2_sports_goat_run_batch to 2026-08-22 18:00:00+00:00, run_after=2026-08-23 18:00:00+00:00
[2026-08-22T19:09:03.823+0000] {processor.py:183} INFO - Processing /opt/airflow/dags/sports_goat_pipeline.py took 3.952 seconds
[2026-08-22T19:09:34.659+0000] {processor.py:161} INFO - Started process (PID=596) to work on /opt/airflow/dags/sports_goat_pipeline.py
[2026-08-22T19:09:34.663+0000] {processor.py:830} INFO - Processing file /opt/airflow/dags/sports_goat_pipeline.py for tasks to queue
[2026-08-22T19:09:34.667+0000] {logging_mixin.py:188} INFO - [2026-08-22T19:09:34.665+0000] {dagbag.py:538} INFO - Filling up the DagBag from /opt/airflow/dags/sports_goat_pipeline.py
[2026-08-22T19:09:34.698+0000] {processor.py:840} INFO - DAG(s) '1_sports_goat_raw_to_clean', '2_sports_goat_run_batch' retrieved from /opt/airflow/dags/sports_goat_pipeline.py
[2026-08-22T19:09:34.794+0000] {logging_mixin.py:188} INFO - [2026-08-22T19:09:34.794+0000] {dag.py:3036} INFO - Sync 2 DAGs
[2026-08-22T19:09:34.907+0000] {logging_mixin.py:188} INFO - [2026-08-22T19:09:34.907+0000] {dag.py:3823} INFO - Setting next_dagrun for 1_sports_goat_raw_to_clean to 2026-08-22 17:45:00+00:00, run_after=2026-08-23 17:45:00+00:00
[2026-08-22T19:09:34.914+0000] {logging_mixin.py:188} INFO - [2026-08-22T19:09:34.913+0000] {dag.py:3823} INFO - Setting next_dagrun for 2_sports_goat_run_batch to 2026-08-22 18:00:00+00:00, run_after=2026-08-23 18:00:00+00:00
[2026-08-22T19:09:34.943+0000] {processor.py:183} INFO - Processing /opt/airflow/dags/sports_goat_pipeline.py took 0.300 seconds
[2026-08-22T19:10:05.177+0000] {processor.py:161} INFO - Started process (PID=597) to work on /opt/airflow/dags/sports_goat_pipeline.py
[2026-08-22T19:10:05.179+0000] {processor.py:830} INFO - Processing file /opt/airflow/dags/sports_goat_pipeline.py for tasks to queue
[2026-08-22T19:10:05.180+0000] {logging_mixin.py:188} INFO - [2026-08-22T19:10:05.180+0000] {dagbag.py:538} INFO - Filling up the DagBag from /opt/airflow/dags/sports_goat_pipeline.py
[2026-08-22T19:10:05.192+0000] {processor.py:840} INFO - DAG(s) '2_sports_goat_run_batch', '1_sports_goat_raw_to_clean' retrieved from /opt/airflow/dags/sports_goat_pipeline.py
[2026-08-22T19:10:05.221+0000] {logging_mixin.py:188} INFO - [2026-08-22T19:10:05.221+0000] {dag.py:3036} INFO - Sync 2 DAGs
[2026-08-22T19:10:05.244+0000] {logging_mixin.py:188} INFO - [2026-08-22T19:10:05.243+0000] {dag.py:3823} INFO - Setting next_dagrun for 1_sports_goat_raw_to_clean to 2026-08-22 17:45:00+00:00, run_after=2026-08-23 17:45:00+00:00
[2026-08-22T19:10:05.250+0000] {logging_mixin.py:188} INFO - [2026-08-22T19:10:05.250+0000] {dag.py:3823} INFO - Setting next_dagrun for 2_sports_goat_run_batch to 2026-08-22 18:00:00+00:00, run_after=2026-08-23 18:00:00+00:00
[2026-08-22T19:10:05.273+0000] {processor.py:183} INFO - Processing /opt/airflow/dags/sports_goat_pipeline.py took 0.099 seconds
[2026-08-22T19:10:35.450+0000] {processor.py:161} INFO - Started process (PID=598) to work on /opt/airflow/dags/sports_goat_pipeline.py
[2026-08-22T19:10:35.453+0000] {processor.py:830} INFO - Processing file /opt/airflow/dags/sports_goat_pipeline.py for tasks to queue
[2026-08-22T19:10:35.454+0000] {logging_mixin.py:188} INFO - [2026-08-22T19:10:35.454+0000] {dagbag.py:538} INFO - Filling up the DagBag from /opt/airflow/dags/sports_goat_pipeline.py
[2026-08-22T19:10:35.465+0000] {processor.py:840} INFO - DAG(s) '1_sports_goat_raw_to_clean', '2_sports_goat_run_batch' retrieved from /opt/airflow/dags/sports_goat_pipeline.py
[2026-08-22T19:10:35.494+0000] {logging_mixin.py:188} INFO - [2026-08-22T19:10:35.494+0000] {dag.py:3036} INFO - Sync 2 DAGs
[2026-08-22T19:10:35.516+0000] {logging_mixin.py:188} INFO - [2026-08-22T19:10:35.516+0000] {dag.py:3823} INFO - Setting next_dagrun for 1_sports_goat_raw_to_clean to 2026-08-22 17:45:00+00:00, run_after=2026-08-23 17:45:00+00:00
[2026-08-22T19:10:35.522+0000] {logging_mixin.py:188} INFO - [2026-08-22T19:10:35.522+0000] {dag.py:3823} INFO - Setting next_dagrun for 2_sports_goat_run_batch to 2026-08-22 18:00:00+00:00, run_after=2026-08-23 18:00:00+00:00
[2026-08-22T19:10:35.558+0000] {processor.py:183} INFO - Processing /opt/airflow/dags/sports_goat_pipeline.py took 0.118 seconds
[2026-08-22T19:11:05.756+0000] {processor.py:161} INFO - Started process (PID=599) to work on /opt/airflow/dags/sports_goat_pipeline.py
[2026-08-22T19:11:05.758+0000] {processor.py:830} INFO - Processing file /opt/airflow/dags/sports_goat_pipeline.py for tasks to queue
[2026-08-22T19:11:05.760+0000] {logging_mixin.py:188} INFO - [2026-08-22T19:11:05.759+0000] {dagbag.py:538} INFO - Filling up the DagBag from /opt/airflow/dags/sports_goat_pipeline.py
[2026-08-22T19:11:05.772+0000] {processor.py:840} INFO - DAG(s) '2_sports_goat_run_batch', '1_sports_goat_raw_to_clean' retrieved from /opt/airflow/dags/sports_goat_pipeline.py
[2026-08-22T19:11:05.804+0000] {logging_mixin.py:188} INFO - [2026-08-22T19:11:05.804+0000] {dag.py:3036} INFO - Sync 2 DAGs
[2026-08-22T19:11:05.826+0000] {logging_mixin.py:188} INFO - [2026-08-22T19:11:05.825+0000] {dag.py:3823} INFO - Setting next_dagrun for 1_sports_goat_raw_to_clean to 2026-08-22 17:45:00+00:00, run_after=2026-08-23 17:45:00+00:00
[2026-08-22T19:11:05.831+0000] {logging_mixin.py:188} INFO - [2026-08-22T19:11:05.831+0000] {dag.py:3823} INFO - Setting next_dagrun for 2_sports_goat_run_batch to 2026-08-22 18:00:00+00:00, run_after=2026-08-23 18:00:00+00:00
[2026-08-22T19:11:05.853+0000] {processor.py:183} INFO - Processing /opt/airflow/dags/sports_goat_pipeline.py took 0.108 seconds
[2026-08-22T19:11:35.986+0000] {processor.py:161} INFO - Started process (PID=600) to work on /opt/airflow/dags/sports_goat_pipeline.py
[2026-08-22T19:11:35.989+0000] {processor.py:830} INFO - Processing file /opt/airflow/dags/sports_goat_pipeline.py for tasks to queue
[2026-08-22T19:11:35.990+0000] {logging_mixin.py:188} INFO - [2026-08-22T19:11:35.990+0000] {dagbag.py:538} INFO - Filling up the DagBag from /opt/airflow/dags/sports_goat_pipeline.py
[2026-08-22T19:11:36.002+0000] {processor.py:840} INFO - DAG(s) '2_sports_goat_run_batch', '1_sports_goat_raw_to_clean' retrieved from /opt/airflow/dags/sports_goat_pipeline.py
[2026-08-22T19:11:36.035+0000] {logging_mixin.py:188} INFO - [2026-08-22T19:11:36.034+0000] {dag.py:3036} INFO - Sync 2 DAGs
[2026-08-22T19:11:36.062+0000] {logging_mixin.py:188} INFO - [2026-08-22T19:11:36.061+0000] {dag.py:3823} INFO - Setting next_dagrun for 1_sports_goat_raw_to_clean to 2026-08-22 17:45:00+00:00, run_after=2026-08-23 17:45:00+00:00
[2026-08-22T19:11:36.070+0000] {logging_mixin.py:188} INFO - [2026-08-22T19:11:36.069+0000] {dag.py:3823} INFO - Setting next_dagrun for 2_sports_goat_run_batch to 2026-08-22 18:00:00+00:00, run_after=2026-08-23 18:00:00+00:00
[2026-08-22T19:11:36.100+0000] {processor.py:183} INFO - Processing /opt/airflow/dags/sports_goat_pipeline.py took 0.123 seconds
[2026-08-22T19:12:06.295+0000] {processor.py:161} INFO - Started process (PID=601) to work on /opt/airflow/dags/sports_goat_pipeline.py
[2026-08-22T19:12:06.298+0000] {processor.py:830} INFO - Processing file /opt/airflow/dags/sports_goat_pipeline.py for tasks to queue
[2026-08-22T19:12:06.300+0000] {logging_mixin.py:188} INFO - [2026-08-22T19:12:06.299+0000] {dagbag.py:538} INFO - Filling up the DagBag from /opt/airflow/dags/sports_goat_pipeline.py
[2026-08-22T19:12:06.311+0000] {processor.py:840} INFO - DAG(s) '1_sports_goat_raw_to_clean', '2_sports_goat_run_batch' retrieved from /opt/airflow/dags/sports_goat_pipeline.py
[2026-08-22T19:12:06.340+0000] {logging_mixin.py:188} INFO - [2026-08-22T19:12:06.340+0000] {dag.py:3036} INFO - Sync 2 DAGs
[2026-08-22T19:12:06.362+0000] {logging_mixin.py:188} INFO - [2026-08-22T19:12:06.362+0000] {dag.py:3823} INFO - Setting next_dagrun for 1_sports_goat_raw_to_clean to 2026-08-22 17:45:00+00:00, run_after=2026-08-23 17:45:00+00:00
[2026-08-22T19:12:06.368+0000] {logging_mixin.py:188} INFO - [2026-08-22T19:12:06.367+0000] {dag.py:3823} INFO - Setting next_dagrun for 2_sports_goat_run_batch to 2026-08-22 18:00:00+00:00, run_after=2026-08-23 18:00:00+00:00
[2026-08-22T19:12:06.391+0000] {processor.py:183} INFO - Processing /opt/airflow/dags/sports_goat_pipeline.py took 0.103 seconds
[2026-08-22T19:12:36.607+0000] {processor.py:161} INFO - Started process (PID=602) to work on /opt/airflow/dags/sports_goat_pipeline.py
[2026-08-22T19:12:36.608+0000] {processor.py:830} INFO - Processing file /opt/airflow/dags/sports_goat_pipeline.py for tasks to queue
[2026-08-22T19:12:36.610+0000] {logging_mixin.py:188} INFO - [2026-08-22T19:12:36.609+0000] {dagbag.py:538} INFO - Filling up the DagBag from /opt/airflow/dags/sports_goat_pipeline.py
[2026-08-22T19:12:36.624+0000] {processor.py:840} INFO - DAG(s) '2_sports_goat_run_batch', '1_sports_goat_raw_to_clean' retrieved from /opt/airflow/dags/sports_goat_pipeline.py
[2026-08-22T19:12:36.737+0000] {logging_mixin.py:188} INFO - [2026-08-22T19:12:36.736+0000] {dag.py:3036} INFO - Sync 2 DAGs
[2026-08-22T19:12:36.779+0000] {logging_mixin.py:188} INFO - [2026-08-22T19:12:36.779+0000] {dag.py:3823} INFO - Setting next_dagrun for 1_sports_goat_raw_to_clean to 2026-08-22 17:45:00+00:00, run_after=2026-08-23 17:45:00+00:00
[2026-08-22T19:12:36.790+0000] {logging_mixin.py:188} INFO - [2026-08-22T19:12:36.787+0000] {dag.py:3823} INFO - Setting next_dagrun for 2_sports_goat_run_batch to 2026-08-22 18:00:00+00:00, run_after=2026-08-23 18:00:00+00:00
[2026-08-22T19:12:36.818+0000] {processor.py:183} INFO - Processing /opt/airflow/dags/sports_goat_pipeline.py took 0.221 seconds
[2026-08-22T19:13:06.994+0000] {processor.py:161} INFO - Started process (PID=603) to work on /opt/airflow/dags/sports_goat_pipeline.py
[2026-08-22T19:13:06.997+0000] {processor.py:830} INFO - Processing file /opt/airflow/dags/sports_goat_pipeline.py for tasks to queue
[2026-08-22T19:13:06.999+0000] {logging_mixin.py:188} INFO - [2026-08-22T19:13:06.998+0000] {dagbag.py:538} INFO - Filling up the DagBag from /opt/airflow/dags/sports_goat_pipeline.py
[2026-08-22T19:13:07.011+0000] {processor.py:840} INFO - DAG(s) '1_sports_goat_raw_to_clean', '2_sports_goat_run_batch' retrieved from /opt/airflow/dags/sports_goat_pipeline.py
[2026-08-22T19:13:07.042+0000] {logging_mixin.py:188} INFO - [2026-08-22T19:13:07.041+0000] {dag.py:3036} INFO - Sync 2 DAGs
[2026-08-22T19:13:07.064+0000] {logging_mixin.py:188} INFO - [2026-08-22T19:13:07.064+0000] {dag.py:3823} INFO - Setting next_dagrun for 1_sports_goat_raw_to_clean to 2026-08-22 17:45:00+00:00, run_after=2026-08-23 17:45:00+00:00
[2026-08-22T19:13:07.070+0000] {logging_mixin.py:188} INFO - [2026-08-22T19:13:07.069+0000] {dag.py:3823} INFO - Setting next_dagrun for 2_sports_goat_run_batch to 2026-08-22 18:00:00+00:00, run_after=2026-08-23 18:00:00+00:00
[2026-08-22T19:13:07.094+0000] {processor.py:183} INFO - Processing /opt/airflow/dags/sports_goat_pipeline.py took 0.106 seconds
[2026-08-22T19:13:37.302+0000] {processor.py:161} INFO - Started process (PID=604) to work on /opt/airflow/dags/sports_goat_pipeline.py
[2026-08-22T19:13:37.304+0000] {processor.py:830} INFO - Processing file /opt/airflow/dags/sports_goat_pipeline.py for tasks to queue
[2026-08-22T19:13:37.306+0000] {logging_mixin.py:188} INFO - [2026-08-22T19:13:37.305+0000] {dagbag.py:538} INFO - Filling up the DagBag from /opt/airflow/dags/sports_goat_pipeline.py
[2026-08-22T19:13:37.317+0000] {processor.py:840} INFO - DAG(s) '2_sports_goat_run_batch', '1_sports_goat_raw_to_clean' retrieved from /opt/airflow/dags/sports_goat_pipeline.py
[2026-08-22T19:13:37.346+0000] {logging_mixin.py:188} INFO - [2026-08-22T19:13:37.346+0000] {dag.py:3036} INFO - Sync 2 DAGs
[2026-08-22T19:13:37.370+0000] {logging_mixin.py:188} INFO - [2026-08-22T19:13:37.370+0000] {dag.py:3823} INFO - Setting next_dagrun for 1_sports_goat_raw_to_clean to 2026-08-22 17:45:00+00:00, run_after=2026-08-23 17:45:00+00:00
[2026-08-22T19:13:37.375+0000] {logging_mixin.py:188} INFO - [2026-08-22T19:13:37.375+0000] {dag.py:3823} INFO - Setting next_dagrun for 2_sports_goat_run_batch to 2026-08-22 18:00:00+00:00, run_after=2026-08-23 18:00:00+00:00
[2026-08-22T19:13:37.399+0000] {processor.py:183} INFO - Processing /opt/airflow/dags/sports_goat_pipeline.py took 0.102 seconds
[2026-08-22T19:14:07.620+0000] {processor.py:161} INFO - Started process (PID=605) to work on /opt/airflow/dags/sports_goat_pipeline.py
[2026-08-22T19:14:07.622+0000] {processor.py:830} INFO - Processing file /opt/airflow/dags/sports_goat_pipeline.py for tasks to queue
[2026-08-22T19:14:07.624+0000] {logging_mixin.py:188} INFO - [2026-08-22T19:14:07.623+0000] {dagbag.py:538} INFO - Filling up the DagBag from /opt/airflow/dags/sports_goat_pipeline.py
[2026-08-22T19:14:07.639+0000] {processor.py:840} INFO - DAG(s) '2_sports_goat_run_batch', '1_sports_goat_raw_to_clean' retrieved from /opt/airflow/dags/sports_goat_pipeline.py
[2026-08-22T19:14:07.669+0000] {logging_mixin.py:188} INFO - [2026-08-22T19:14:07.669+0000] {dag.py:3036} INFO - Sync 2 DAGs
[2026-08-22T19:14:07.696+0000] {logging_mixin.py:188} INFO - [2026-08-22T19:14:07.696+0000] {dag.py:3823} INFO - Setting next_dagrun for 1_sports_goat_raw_to_clean to 2026-08-22 17:45:00+00:00, run_after=2026-08-23 17:45:00+00:00
[2026-08-22T19:14:07.702+0000] {logging_mixin.py:188} INFO - [2026-08-22T19:14:07.701+0000] {dag.py:3823} INFO - Setting next_dagrun for 2_sports_goat_run_batch to 2026-08-22 18:00:00+00:00, run_after=2026-08-23 18:00:00+00:00
[2026-08-22T19:14:07.726+0000] {processor.py:183} INFO - Processing /opt/airflow/dags/sports_goat_pipeline.py took 0.111 seconds
[2026-08-22T19:14:37.922+0000] {processor.py:161} INFO - Started process (PID=606) to work on /opt/airflow/dags/sports_goat_pipeline.py
[2026-08-22T19:14:37.924+0000] {processor.py:830} INFO - Processing file /opt/airflow/dags/sports_goat_pipeline.py for tasks to queue
[2026-08-22T19:14:37.926+0000] {logging_mixin.py:188} INFO - [2026-08-22T19:14:37.925+0000] {dagbag.py:538} INFO - Filling up the DagBag from /opt/airflow/dags/sports_goat_pipeline.py
[2026-08-22T19:14:37.936+0000] {processor.py:840} INFO - DAG(s) '1_sports_goat_raw_to_clean', '2_sports_goat_run_batch' retrieved from /opt/airflow/dags/sports_goat_pipeline.py
[2026-08-22T19:14:37.969+0000] {logging_mixin.py:188} INFO - [2026-08-22T19:14:37.968+0000] {dag.py:3036} INFO - Sync 2 DAGs
[2026-08-22T19:14:37.992+0000] {logging_mixin.py:188} INFO - [2026-08-22T19:14:37.991+0000] {dag.py:3823} INFO - Setting next_dagrun for 1_sports_goat_raw_to_clean to 2026-08-22 17:45:00+00:00, run_after=2026-08-23 17:45:00+00:00
[2026-08-22T19:14:37.997+0000] {logging_mixin.py:188} INFO - [2026-08-22T19:14:37.997+0000] {dag.py:3823} INFO - Setting next_dagrun for 2_sports_goat_run_batch to 2026-08-22 18:00:00+00:00, run_after=2026-08-23 18:00:00+00:00
[2026-08-22T19:14:38.020+0000] {processor.py:183} INFO - Processing /opt/airflow/dags/sports_goat_pipeline.py took 0.102 seconds
[2026-08-22T19:15:08.231+0000] {processor.py:161} INFO - Started process (PID=607) to work on /opt/airflow/dags/sports_goat_pipeline.py
[2026-08-22T19:15:08.233+0000] {processor.py:830} INFO - Processing file /opt/airflow/dags/sports_goat_pipeline.py for tasks to queue
[2026-08-22T19:15:08.234+0000] {logging_mixin.py:188} INFO - [2026-08-22T19:15:08.234+0000] {dagbag.py:538} INFO - Filling up the DagBag from /opt/airflow/dags/sports_goat_pipeline.py
[2026-08-22T19:15:08.249+0000] {processor.py:840} INFO - DAG(s) '1_sports_goat_raw_to_clean', '2_sports_goat_run_batch' retrieved from /opt/airflow/dags/sports_goat_pipeline.py
[2026-08-22T19:15:08.292+0000] {logging_mixin.py:188} INFO - [2026-08-22T19:15:08.292+0000] {dag.py:3036} INFO - Sync 2 DAGs
[2026-08-22T19:15:08.331+0000] {logging_mixin.py:188} INFO - [2026-08-22T19:15:08.331+0000] {dag.py:3823} INFO - Setting next_dagrun for 1_sports_goat_raw_to_clean to 2026-08-22 17:45:00+00:00, run_after=2026-08-23 17:45:00+00:00
[2026-08-22T19:15:08.342+0000] {logging_mixin.py:188} INFO - [2026-08-22T19:15:08.341+0000] {dag.py:3823} INFO - Setting next_dagrun for 2_sports_goat_run_batch to 2026-08-22 18:00:00+00:00, run_after=2026-08-23 18:00:00+00:00
[2026-08-22T19:15:08.378+0000] {processor.py:183} INFO - Processing /opt/airflow/dags/sports_goat_pipeline.py took 0.153 seconds
[2026-08-22T19:15:38.714+0000] {processor.py:161} INFO - Started process (PID=608) to work on /opt/airflow/dags/sports_goat_pipeline.py
[2026-08-22T19:15:38.716+0000] {processor.py:830} INFO - Processing file /opt/airflow/dags/sports_goat_pipeline.py for tasks to queue
[2026-08-22T19:15:38.717+0000] {logging_mixin.py:188} INFO - [2026-08-22T19:15:38.717+0000] {dagbag.py:538} INFO - Filling up the DagBag from /opt/airflow/dags/sports_goat_pipeline.py
[2026-08-22T19:15:38.728+0000] {processor.py:840} INFO - DAG(s) '2_sports_goat_run_batch', '1_sports_goat_raw_to_clean' retrieved from /opt/airflow/dags/sports_goat_pipeline.py
[2026-08-22T19:15:38.757+0000] {logging_mixin.py:188} INFO - [2026-08-22T19:15:38.757+0000] {dag.py:3036} INFO - Sync 2 DAGs
[2026-08-22T19:15:38.781+0000] {logging_mixin.py:188} INFO - [2026-08-22T19:15:38.781+0000] {dag.py:3823} INFO - Setting next_dagrun for 1_sports_goat_raw_to_clean to 2026-08-22 17:45:00+00:00, run_after=2026-08-23 17:45:00+00:00
[2026-08-22T19:15:38.787+0000] {logging_mixin.py:188} INFO - [2026-08-22T19:15:38.786+0000] {dag.py:3823} INFO - Setting next_dagrun for 2_sports_goat_run_batch to 2026-08-22 18:00:00+00:00, run_after=2026-08-23 18:00:00+00:00
[2026-08-22T19:15:38.810+0000] {processor.py:183} INFO - Processing /opt/airflow/dags/sports_goat_pipeline.py took 0.102 seconds
[2026-08-22T19:16:09.029+0000] {processor.py:161} INFO - Started process (PID=609) to work on /opt/airflow/dags/sports_goat_pipeline.py
[2026-08-22T19:16:09.031+0000] {processor.py:830} INFO - Processing file /opt/airflow/dags/sports_goat_pipeline.py for tasks to queue
[2026-08-22T19:16:09.033+0000] {logging_mixin.py:188} INFO - [2026-08-22T19:16:09.033+0000] {dagbag.py:538} INFO - Filling up the DagBag from /opt/airflow/dags/sports_goat_pipeline.py
[2026-08-22T19:16:09.044+0000] {processor.py:840} INFO - DAG(s) '2_sports_goat_run_batch', '1_sports_goat_raw_to_clean' retrieved from /opt/airflow/dags/sports_goat_pipeline.py
[2026-08-22T19:16:09.072+0000] {logging_mixin.py:188} INFO - [2026-08-22T19:16:09.072+0000] {dag.py:3036} INFO - Sync 2 DAGs
[2026-08-22T19:16:09.097+0000] {logging_mixin.py:188} INFO - [2026-08-22T19:16:09.096+0000] {dag.py:3823} INFO - Setting next_dagrun for 1_sports_goat_raw_to_clean to 2026-08-22 17:45:00+00:00, run_after=2026-08-23 17:45:00+00:00
[2026-08-22T19:16:09.103+0000] {logging_mixin.py:188} INFO - [2026-08-22T19:16:09.103+0000] {dag.py:3823} INFO - Setting next_dagrun for 2_sports_goat_run_batch to 2026-08-22 18:00:00+00:00, run_after=2026-08-23 18:00:00+00:00
[2026-08-22T19:16:09.125+0000] {processor.py:183} INFO - Processing /opt/airflow/dags/sports_goat_pipeline.py took 0.102 seconds
[2026-08-22T19:16:39.342+0000] {processor.py:161} INFO - Started process (PID=610) to work on /opt/airflow/dags/sports_goat_pipeline.py
[2026-08-22T19:16:39.344+0000] {processor.py:830} INFO - Processing file /opt/airflow/dags/sports_goat_pipeline.py for tasks to queue
[2026-08-22T19:16:39.346+0000] {logging_mixin.py:188} INFO - [2026-08-22T19:16:39.345+0000] {dagbag.py:538} INFO - Filling up the DagBag from /opt/airflow/dags/sports_goat_pipeline.py
[2026-08-22T19:16:39.356+0000] {processor.py:840} INFO - DAG(s) '2_sports_goat_run_batch', '1_sports_goat_raw_to_clean' retrieved from /opt/airflow/dags/sports_goat_pipeline.py
[2026-08-22T19:16:39.384+0000] {logging_mixin.py:188} INFO - [2026-08-22T19:16:39.384+0000] {dag.py:3036} INFO - Sync 2 DAGs
[2026-08-22T19:16:39.407+0000] {logging_mixin.py:188} INFO - [2026-08-22T19:16:39.407+0000] {dag.py:3823} INFO - Setting next_dagrun for 1_sports_goat_raw_to_clean to 2026-08-22 17:45:00+00:00, run_after=2026-08-23 17:45:00+00:00
[2026-08-22T19:16:39.413+0000] {logging_mixin.py:188} INFO - [2026-08-22T19:16:39.413+0000] {dag.py:3823} INFO - Setting next_dagrun for 2_sports_goat_run_batch to 2026-08-22 18:00:00+00:00, run_after=2026-08-23 18:00:00+00:00
[2026-08-22T19:16:39.437+0000] {processor.py:183} INFO - Processing /opt/airflow/dags/sports_goat_pipeline.py took 0.100 seconds
[2026-08-22T19:17:09.638+0000] {processor.py:161} INFO - Started process (PID=611) to work on /opt/airflow/dags/sports_goat_pipeline.py
[2026-08-22T19:17:09.640+0000] {processor.py:830} INFO - Processing file /opt/airflow/dags/sports_goat_pipeline.py for tasks to queue
[2026-08-22T19:17:09.643+0000] {logging_mixin.py:188} INFO - [2026-08-22T19:17:09.642+0000] {dagbag.py:538} INFO - Filling up the DagBag from /opt/airflow/dags/sports_goat_pipeline.py
[2026-08-22T19:17:09.660+0000] {processor.py:840} INFO - DAG(s) '1_sports_goat_raw_to_clean', '2_sports_goat_run_batch' retrieved from /opt/airflow/dags/sports_goat_pipeline.py
[2026-08-22T19:17:09.703+0000] {logging_mixin.py:188} INFO - [2026-08-22T19:17:09.702+0000] {dag.py:3036} INFO - Sync 2 DAGs
[2026-08-22T19:17:09.735+0000] {logging_mixin.py:188} INFO - [2026-08-22T19:17:09.734+0000] {dag.py:3823} INFO - Setting next_dagrun for 1_sports_goat_raw_to_clean to 2026-08-22 17:45:00+00:00, run_after=2026-08-23 17:45:00+00:00
[2026-08-22T19:17:09.745+0000] {logging_mixin.py:188} INFO - [2026-08-22T19:17:09.744+0000] {dag.py:3823} INFO - Setting next_dagrun for 2_sports_goat_run_batch to 2026-08-22 18:00:00+00:00, run_after=2026-08-23 18:00:00+00:00
[2026-08-22T19:17:09.780+0000] {processor.py:183} INFO - Processing /opt/airflow/dags/sports_goat_pipeline.py took 0.148 seconds
[2026-08-22T19:17:39.938+0000] {processor.py:161} INFO - Started process (PID=612) to work on /opt/airflow/dags/sports_goat_pipeline.py
[2026-08-22T19:17:39.940+0000] {processor.py:830} INFO - Processing file /opt/airflow/dags/sports_goat_pipeline.py for tasks to queue
[2026-08-22T19:17:39.942+0000] {logging_mixin.py:188} INFO - [2026-08-22T19:17:39.941+0000] {dagbag.py:538} INFO - Filling up the DagBag from /opt/airflow/dags/sports_goat_pipeline.py
[2026-08-22T19:17:39.953+0000] {processor.py:840} INFO - DAG(s) '2_sports_goat_run_batch', '1_sports_goat_raw_to_clean' retrieved from /opt/airflow/dags/sports_goat_pipeline.py
[2026-08-22T19:17:39.982+0000] {logging_mixin.py:188} INFO - [2026-08-22T19:17:39.982+0000] {dag.py:3036} INFO - Sync 2 DAGs
[2026-08-22T19:17:40.004+0000] {logging_mixin.py:188} INFO - [2026-08-22T19:17:40.004+0000] {dag.py:3823} INFO - Setting next_dagrun for 1_sports_goat_raw_to_clean to 2026-08-22 17:45:00+00:00, run_after=2026-08-23 17:45:00+00:00
[2026-08-22T19:17:40.011+0000] {logging_mixin.py:188} INFO - [2026-08-22T19:17:40.011+0000] {dag.py:3823} INFO - Setting next_dagrun for 2_sports_goat_run_batch to 2026-08-22 18:00:00+00:00, run_after=2026-08-23 18:00:00+00:00
[2026-08-22T19:17:40.034+0000] {processor.py:183} INFO - Processing /opt/airflow/dags/sports_goat_pipeline.py took 0.101 seconds
[2026-08-22T19:18:10.253+0000] {processor.py:161} INFO - Started process (PID=613) to work on /opt/airflow/dags/sports_goat_pipeline.py
[2026-08-22T19:18:10.255+0000] {processor.py:830} INFO - Processing file /opt/airflow/dags/sports_goat_pipeline.py for tasks to queue
[2026-08-22T19:18:10.257+0000] {logging_mixin.py:188} INFO - [2026-08-22T19:18:10.256+0000] {dagbag.py:538} INFO - Filling up the DagBag from /opt/airflow/dags/sports_goat_pipeline.py
[2026-08-22T19:18:10.267+0000] {processor.py:840} INFO - DAG(s) '2_sports_goat_run_batch', '1_sports_goat_raw_to_clean' retrieved from /opt/airflow/dags/sports_goat_pipeline.py
[2026-08-22T19:18:10.299+0000] {logging_mixin.py:188} INFO - [2026-08-22T19:18:10.298+0000] {dag.py:3036} INFO - Sync 2 DAGs
[2026-08-22T19:18:10.323+0000] {logging_mixin.py:188} INFO - [2026-08-22T19:18:10.323+0000] {dag.py:3823} INFO - Setting next_dagrun for 1_sports_goat_raw_to_clean to 2026-08-22 17:45:00+00:00, run_after=2026-08-23 17:45:00+00:00
[2026-08-22T19:18:10.329+0000] {logging_mixin.py:188} INFO - [2026-08-22T19:18:10.329+0000] {dag.py:3823} INFO - Setting next_dagrun for 2_sports_goat_run_batch to 2026-08-22 18:00:00+00:00, run_after=2026-08-23 18:00:00+00:00
[2026-08-22T19:18:10.354+0000] {processor.py:183} INFO - Processing /opt/airflow/dags/sports_goat_pipeline.py took 0.105 seconds
[2026-08-22T19:18:40.568+0000] {processor.py:161} INFO - Started process (PID=614) to work on /opt/airflow/dags/sports_goat_pipeline.py
[2026-08-22T19:18:40.569+0000] {processor.py:830} INFO - Processing file /opt/airflow/dags/sports_goat_pipeline.py for tasks to queue
[2026-08-22T19:18:40.571+0000] {logging_mixin.py:188} INFO - [2026-08-22T19:18:40.570+0000] {dagbag.py:538} INFO - Filling up the DagBag from /opt/airflow/dags/sports_goat_pipeline.py
[2026-08-22T19:18:40.584+0000] {processor.py:840} INFO - DAG(s) '2_sports_goat_run_batch', '1_sports_goat_raw_to_clean' retrieved from /opt/airflow/dags/sports_goat_pipeline.py
[2026-08-22T19:18:40.616+0000] {logging_mixin.py:188} INFO - [2026-08-22T19:18:40.615+0000] {dag.py:3036} INFO - Sync 2 DAGs
[2026-08-22T19:18:40.641+0000] {logging_mixin.py:188} INFO - [2026-08-22T19:18:40.641+0000] {dag.py:3823} INFO - Setting next_dagrun for 1_sports_goat_raw_to_clean to 2026-08-22 17:45:00+00:00, run_after=2026-08-23 17:45:00+00:00
[2026-08-22T19:18:40.646+0000] {logging_mixin.py:188} INFO - [2026-08-22T19:18:40.646+0000] {dag.py:3823} INFO - Setting next_dagrun for 2_sports_goat_run_batch to 2026-08-22 18:00:00+00:00, run_after=2026-08-23 18:00:00+00:00
[2026-08-22T19:18:40.672+0000] {processor.py:183} INFO - Processing /opt/airflow/dags/sports_goat_pipeline.py took 0.109 seconds
[2026-08-22T19:19:10.872+0000] {processor.py:161} INFO - Started process (PID=615) to work on /opt/airflow/dags/sports_goat_pipeline.py
[2026-08-22T19:19:10.874+0000] {processor.py:830} INFO - Processing file /opt/airflow/dags/sports_goat_pipeline.py for tasks to queue
[2026-08-22T19:19:10.875+0000] {logging_mixin.py:188} INFO - [2026-08-22T19:19:10.874+0000] {dagbag.py:538} INFO - Filling up the DagBag from /opt/airflow/dags/sports_goat_pipeline.py
[2026-08-22T19:19:10.887+0000] {processor.py:840} INFO - DAG(s) '1_sports_goat_raw_to_clean', '2_sports_goat_run_batch' retrieved from /opt/airflow/dags/sports_goat_pipeline.py
[2026-08-22T19:19:10.923+0000] {logging_mixin.py:188} INFO - [2026-08-22T19:19:10.923+0000] {dag.py:3036} INFO - Sync 2 DAGs
[2026-08-22T19:19:10.954+0000] {logging_mixin.py:188} INFO - [2026-08-22T19:19:10.954+0000] {dag.py:3823} INFO - Setting next_dagrun for 1_sports_goat_raw_to_clean to 2026-08-22 17:45:00+00:00, run_after=2026-08-23 17:45:00+00:00
[2026-08-22T19:19:10.961+0000] {logging_mixin.py:188} INFO - [2026-08-22T19:19:10.960+0000] {dag.py:3823} INFO - Setting next_dagrun for 2_sports_goat_run_batch to 2026-08-22 18:00:00+00:00, run_after=2026-08-23 18:00:00+00:00
[2026-08-22T19:19:10.990+0000] {processor.py:183} INFO - Processing /opt/airflow/dags/sports_goat_pipeline.py took 0.124 seconds
[2026-08-22T19:19:41.173+0000] {processor.py:161} INFO - Started process (PID=616) to work on /opt/airflow/dags/sports_goat_pipeline.py
[2026-08-22T19:19:41.175+0000] {processor.py:830} INFO - Processing file /opt/airflow/dags/sports_goat_pipeline.py for tasks to queue
[2026-08-22T19:19:41.177+0000] {logging_mixin.py:188} INFO - [2026-08-22T19:19:41.176+0000] {dagbag.py:538} INFO - Filling up the DagBag from /opt/airflow/dags/sports_goat_pipeline.py
[2026-08-22T19:19:41.189+0000] {processor.py:840} INFO - DAG(s) '1_sports_goat_raw_to_clean', '2_sports_goat_run_batch' retrieved from /opt/airflow/dags/sports_goat_pipeline.py
[2026-08-22T19:19:41.224+0000] {logging_mixin.py:188} INFO - [2026-08-22T19:19:41.224+0000] {dag.py:3036} INFO - Sync 2 DAGs
[2026-08-22T19:19:41.256+0000] {logging_mixin.py:188} INFO - [2026-08-22T19:19:41.256+0000] {dag.py:3823} INFO - Setting next_dagrun for 1_sports_goat_raw_to_clean to 2026-08-22 17:45:00+00:00, run_after=2026-08-23 17:45:00+00:00
[2026-08-22T19:19:41.268+0000] {logging_mixin.py:188} INFO - [2026-08-22T19:19:41.267+0000] {dag.py:3823} INFO - Setting next_dagrun for 2_sports_goat_run_batch to 2026-08-22 18:00:00+00:00, run_after=2026-08-23 18:00:00+00:00
[2026-08-22T19:19:41.302+0000] {processor.py:183} INFO - Processing /opt/airflow/dags/sports_goat_pipeline.py took 0.133 seconds
[2026-08-22T19:20:11.475+0000] {processor.py:161} INFO - Started process (PID=617) to work on /opt/airflow/dags/sports_goat_pipeline.py
[2026-08-22T19:20:11.477+0000] {processor.py:830} INFO - Processing file /opt/airflow/dags/sports_goat_pipeline.py for tasks to queue
[2026-08-22T19:20:11.479+0000] {logging_mixin.py:188} INFO - [2026-08-22T19:20:11.478+0000] {dagbag.py:538} INFO - Filling up the DagBag from /opt/airflow/dags/sports_goat_pipeline.py
[2026-08-22T19:20:11.489+0000] {processor.py:840} INFO - DAG(s) '2_sports_goat_run_batch', '1_sports_goat_raw_to_clean' retrieved from /opt/airflow/dags/sports_goat_pipeline.py
[2026-08-22T19:20:11.518+0000] {logging_mixin.py:188} INFO - [2026-08-22T19:20:11.518+0000] {dag.py:3036} INFO - Sync 2 DAGs
[2026-08-22T19:20:11.541+0000] {logging_mixin.py:188} INFO - [2026-08-22T19:20:11.540+0000] {dag.py:3823} INFO - Setting next_dagrun for 1_sports_goat_raw_to_clean to 2026-08-22 17:45:00+00:00, run_after=2026-08-23 17:45:00+00:00
[2026-08-22T19:20:11.547+0000] {logging_mixin.py:188} INFO - [2026-08-22T19:20:11.547+0000] {dag.py:3823} INFO - Setting next_dagrun for 2_sports_goat_run_batch to 2026-08-22 18:00:00+00:00, run_after=2026-08-23 18:00:00+00:00
[2026-08-22T19:20:11.572+0000] {processor.py:183} INFO - Processing /opt/airflow/dags/sports_goat_pipeline.py took 0.102 seconds
[2026-08-22T19:20:41.795+0000] {processor.py:161} INFO - Started process (PID=618) to work on /opt/airflow/dags/sports_goat_pipeline.py
[2026-08-22T19:20:41.797+0000] {processor.py:830} INFO - Processing file /opt/airflow/dags/sports_goat_pipeline.py for tasks to queue
[2026-08-22T19:20:41.799+0000] {logging_mixin.py:188} INFO - [2026-08-22T19:20:41.798+0000] {dagbag.py:538} INFO - Filling up the DagBag from /opt/airflow/dags/sports_goat_pipeline.py
[2026-08-22T19:20:41.810+0000] {processor.py:840} INFO - DAG(s) '2_sports_goat_run_batch', '1_sports_goat_raw_to_clean' retrieved from /opt/airflow/dags/sports_goat_pipeline.py
[2026-08-22T19:20:41.840+0000] {logging_mixin.py:188} INFO - [2026-08-22T19:20:41.839+0000] {dag.py:3036} INFO - Sync 2 DAGs
[2026-08-22T19:20:41.862+0000] {logging_mixin.py:188} INFO - [2026-08-22T19:20:41.861+0000] {dag.py:3823} INFO - Setting next_dagrun for 1_sports_goat_raw_to_clean to 2026-08-22 17:45:00+00:00, run_after=2026-08-23 17:45:00+00:00
[2026-08-22T19:20:41.868+0000] {logging_mixin.py:188} INFO - [2026-08-22T19:20:41.867+0000] {dag.py:3823} INFO - Setting next_dagrun for 2_sports_goat_run_batch to 2026-08-22 18:00:00+00:00, run_after=2026-08-23 18:00:00+00:00
[2026-08-22T19:20:41.890+0000] {processor.py:183} INFO - Processing /opt/airflow/dags/sports_goat_pipeline.py took 0.100 seconds
[2026-08-22T19:21:12.100+0000] {processor.py:161} INFO - Started process (PID=619) to work on /opt/airflow/dags/sports_goat_pipeline.py
[2026-08-22T19:21:12.101+0000] {processor.py:830} INFO - Processing file /opt/airflow/dags/sports_goat_pipeline.py for tasks to queue
[2026-08-22T19:21:12.103+0000] {logging_mixin.py:188} INFO - [2026-08-22T19:21:12.103+0000] {dagbag.py:538} INFO - Filling up the DagBag from /opt/airflow/dags/sports_goat_pipeline.py
[2026-08-22T19:21:12.114+0000] {processor.py:840} INFO - DAG(s) '2_sports_goat_run_batch', '1_sports_goat_raw_to_clean' retrieved from /opt/airflow/dags/sports_goat_pipeline.py
[2026-08-22T19:21:12.144+0000] {logging_mixin.py:188} INFO - [2026-08-22T19:21:12.143+0000] {dag.py:3036} INFO - Sync 2 DAGs
[2026-08-22T19:21:12.166+0000] {logging_mixin.py:188} INFO - [2026-08-22T19:21:12.165+0000] {dag.py:3823} INFO - Setting next_dagrun for 1_sports_goat_raw_to_clean to 2026-08-22 17:45:00+00:00, run_after=2026-08-23 17:45:00+00:00
[2026-08-22T19:21:12.172+0000] {logging_mixin.py:188} INFO - [2026-08-22T19:21:12.172+0000] {dag.py:3823} INFO - Setting next_dagrun for 2_sports_goat_run_batch to 2026-08-22 18:00:00+00:00, run_after=2026-08-23 18:00:00+00:00
[2026-08-22T19:21:12.196+0000] {processor.py:183} INFO - Processing /opt/airflow/dags/sports_goat_pipeline.py took 0.101 seconds
[2026-08-22T19:21:42.425+0000] {processor.py:161} INFO - Started process (PID=620) to work on /opt/airflow/dags/sports_goat_pipeline.py
[2026-08-22T19:21:42.427+0000] {processor.py:830} INFO - Processing file /opt/airflow/dags/sports_goat_pipeline.py for tasks to queue
[2026-08-22T19:21:42.429+0000] {logging_mixin.py:188} INFO - [2026-08-22T19:21:42.428+0000] {dagbag.py:538} INFO - Filling up the DagBag from /opt/airflow/dags/sports_goat_pipeline.py
[2026-08-22T19:21:42.456+0000] {processor.py:840} INFO - DAG(s) '1_sports_goat_raw_to_clean', '2_sports_goat_run_batch' retrieved from /opt/airflow/dags/sports_goat_pipeline.py
[2026-08-22T19:21:42.580+0000] {logging_mixin.py:188} INFO - [2026-08-22T19:21:42.579+0000] {dag.py:3036} INFO - Sync 2 DAGs
[2026-08-22T19:21:42.622+0000] {logging_mixin.py:188} INFO - [2026-08-22T19:21:42.622+0000] {dag.py:3823} INFO - Setting next_dagrun for 1_sports_goat_raw_to_clean to 2026-08-22 17:45:00+00:00, run_after=2026-08-23 17:45:00+00:00
[2026-08-22T19:21:42.629+0000] {logging_mixin.py:188} INFO - [2026-08-22T19:21:42.629+0000] {dag.py:3823} INFO - Setting next_dagrun for 2_sports_goat_run_batch to 2026-08-22 18:00:00+00:00, run_after=2026-08-23 18:00:00+00:00
[2026-08-22T19:21:42.670+0000] {processor.py:183} INFO - Processing /opt/airflow/dags/sports_goat_pipeline.py took 0.251 seconds
[2026-08-22T19:22:12.951+0000] {processor.py:161} INFO - Started process (PID=621) to work on /opt/airflow/dags/sports_goat_pipeline.py
[2026-08-22T19:22:12.954+0000] {processor.py:830} INFO - Processing file /opt/airflow/dags/sports_goat_pipeline.py for tasks to queue
[2026-08-22T19:22:12.966+0000] {logging_mixin.py:188} INFO - [2026-08-22T19:22:12.955+0000] {dagbag.py:538} INFO - Filling up the DagBag from /opt/airflow/dags/sports_goat_pipeline.py
[2026-08-22T19:22:12.993+0000] {processor.py:840} INFO - DAG(s) '1_sports_goat_raw_to_clean', '2_sports_goat_run_batch' retrieved from /opt/airflow/dags/sports_goat_pipeline.py
[2026-08-22T19:22:13.073+0000] {logging_mixin.py:188} INFO - [2026-08-22T19:22:13.072+0000] {dag.py:3036} INFO - Sync 2 DAGs
[2026-08-22T19:22:13.127+0000] {logging_mixin.py:188} INFO - [2026-08-22T19:22:13.127+0000] {dag.py:3823} INFO - Setting next_dagrun for 1_sports_goat_raw_to_clean to 2026-08-22 17:45:00+00:00, run_after=2026-08-23 17:45:00+00:00
[2026-08-22T19:22:13.139+0000] {logging_mixin.py:188} INFO - [2026-08-22T19:22:13.139+0000] {dag.py:3823} INFO - Setting next_dagrun for 2_sports_goat_run_batch to 2026-08-22 18:00:00+00:00, run_after=2026-08-23 18:00:00+00:00
[2026-08-22T19:22:13.173+0000] {processor.py:183} INFO - Processing /opt/airflow/dags/sports_goat_pipeline.py took 0.239 seconds
[2026-08-22T19:22:43.333+0000] {processor.py:161} INFO - Started process (PID=622) to work on /opt/airflow/dags/sports_goat_pipeline.py
[2026-08-22T19:22:43.334+0000] {processor.py:830} INFO - Processing file /opt/airflow/dags/sports_goat_pipeline.py for tasks to queue
[2026-08-22T19:22:43.335+0000] {logging_mixin.py:188} INFO - [2026-08-22T19:22:43.335+0000] {dagbag.py:538} INFO - Filling up the DagBag from /opt/airflow/dags/sports_goat_pipeline.py
[2026-08-22T19:22:43.347+0000] {processor.py:840} INFO - DAG(s) '2_sports_goat_run_batch', '1_sports_goat_raw_to_clean' retrieved from /opt/airflow/dags/sports_goat_pipeline.py
[2026-08-22T19:22:43.376+0000] {logging_mixin.py:188} INFO - [2026-08-22T19:22:43.376+0000] {dag.py:3036} INFO - Sync 2 DAGs
[2026-08-22T19:22:43.399+0000] {logging_mixin.py:188} INFO - [2026-08-22T19:22:43.399+0000] {dag.py:3823} INFO - Setting next_dagrun for 1_sports_goat_raw_to_clean to 2026-08-22 17:45:00+00:00, run_after=2026-08-23 17:45:00+00:00
[2026-08-22T19:22:43.406+0000] {logging_mixin.py:188} INFO - [2026-08-22T19:22:43.405+0000] {dag.py:3823} INFO - Setting next_dagrun for 2_sports_goat_run_batch to 2026-08-22 18:00:00+00:00, run_after=2026-08-23 18:00:00+00:00
[2026-08-22T19:22:43.427+0000] {processor.py:183} INFO - Processing /opt/airflow/dags/sports_goat_pipeline.py took 0.099 seconds
[2026-08-22T19:23:13.652+0000] {processor.py:161} INFO - Started process (PID=623) to work on /opt/airflow/dags/sports_goat_pipeline.py
[2026-08-22T19:23:13.655+0000] {processor.py:830} INFO - Processing file /opt/airflow/dags/sports_goat_pipeline.py for tasks to queue
[2026-08-22T19:23:13.657+0000] {logging_mixin.py:188} INFO - [2026-08-22T19:23:13.656+0000] {dagbag.py:538} INFO - Filling up the DagBag from /opt/airflow/dags/sports_goat_pipeline.py
[2026-08-22T19:23:13.669+0000] {processor.py:840} INFO - DAG(s) '1_sports_goat_raw_to_clean', '2_sports_goat_run_batch' retrieved from /opt/airflow/dags/sports_goat_pipeline.py
[2026-08-22T19:23:13.705+0000] {logging_mixin.py:188} INFO - [2026-08-22T19:23:13.705+0000] {dag.py:3036} INFO - Sync 2 DAGs
[2026-08-22T19:23:13.728+0000] {logging_mixin.py:188} INFO - [2026-08-22T19:23:13.727+0000] {dag.py:3823} INFO - Setting next_dagrun for 1_sports_goat_raw_to_clean to 2026-08-22 17:45:00+00:00, run_after=2026-08-23 17:45:00+00:00
[2026-08-22T19:23:13.734+0000] {logging_mixin.py:188} INFO - [2026-08-22T19:23:13.733+0000] {dag.py:3823} INFO - Setting next_dagrun for 2_sports_goat_run_batch to 2026-08-22 18:00:00+00:00, run_after=2026-08-23 18:00:00+00:00
[2026-08-22T19:23:13.755+0000] {processor.py:183} INFO - Processing /opt/airflow/dags/sports_goat_pipeline.py took 0.118 seconds
[2026-08-22T19:39:03.558+0000] {processor.py:161} INFO - Started process (PID=629) to work on /opt/airflow/dags/sports_goat_pipeline.py
[2026-08-22T19:39:03.563+0000] {processor.py:830} INFO - Processing file /opt/airflow/dags/sports_goat_pipeline.py for tasks to queue
[2026-08-22T19:39:03.566+0000] {logging_mixin.py:188} INFO - [2026-08-22T19:39:03.565+0000] {dagbag.py:538} INFO - Filling up the DagBag from /opt/airflow/dags/sports_goat_pipeline.py
[2026-08-22T19:39:03.597+0000] {processor.py:840} INFO - DAG(s) '1_sports_goat_raw_to_clean', '2_sports_goat_run_batch' retrieved from /opt/airflow/dags/sports_goat_pipeline.py
[2026-08-22T19:39:03.680+0000] {logging_mixin.py:188} INFO - [2026-08-22T19:39:03.678+0000] {dag.py:3036} INFO - Sync 2 DAGs
[2026-08-22T19:39:03.753+0000] {logging_mixin.py:188} INFO - [2026-08-22T19:39:03.752+0000] {dag.py:3823} INFO - Setting next_dagrun for 1_sports_goat_raw_to_clean to 2026-08-22 17:45:00+00:00, run_after=2026-08-23 17:45:00+00:00
[2026-08-22T19:39:03.773+0000] {logging_mixin.py:188} INFO - [2026-08-22T19:39:03.772+0000] {dag.py:3823} INFO - Setting next_dagrun for 2_sports_goat_run_batch to 2026-08-22 18:00:00+00:00, run_after=2026-08-23 18:00:00+00:00
[2026-08-22T19:39:03.817+0000] {processor.py:183} INFO - Processing /opt/airflow/dags/sports_goat_pipeline.py took 0.272 seconds
[2026-08-22T19:39:37.651+0000] {processor.py:161} INFO - Started process (PID=630) to work on /opt/airflow/dags/sports_goat_pipeline.py
[2026-08-22T19:39:38.031+0000] {processor.py:830} INFO - Processing file /opt/airflow/dags/sports_goat_pipeline.py for tasks to queue
[2026-08-22T19:39:38.619+0000] {logging_mixin.py:188} INFO - [2026-08-22T19:39:38.548+0000] {dagbag.py:538} INFO - Filling up the DagBag from /opt/airflow/dags/sports_goat_pipeline.py
[2026-08-22T19:39:45.112+0000] {processor.py:840} INFO - DAG(s) '1_sports_goat_raw_to_clean', '2_sports_goat_run_batch' retrieved from /opt/airflow/dags/sports_goat_pipeline.py
[2026-08-22T19:39:57.009+0000] {logging_mixin.py:188} INFO - [2026-08-22T19:39:56.991+0000] {dag.py:3036} INFO - Sync 2 DAGs
[2026-08-22T19:40:06.973+0000] {logging_mixin.py:188} INFO - [2026-08-22T19:40:06.971+0000] {dag.py:3823} INFO - Setting next_dagrun for 1_sports_goat_raw_to_clean to 2026-08-22 17:45:00+00:00, run_after=2026-08-23 17:45:00+00:00
[2026-08-22T19:40:07.043+0000] {logging_mixin.py:188} INFO - [2026-08-22T19:40:07.041+0000] {dag.py:3823} INFO - Setting next_dagrun for 2_sports_goat_run_batch to 2026-08-22 18:00:00+00:00, run_after=2026-08-23 18:00:00+00:00
[2026-08-22T19:40:07.261+0000] {processor.py:183} INFO - Processing /opt/airflow/dags/sports_goat_pipeline.py took 31.547 seconds
[2026-08-22T19:55:36.200+0000] {processor.py:161} INFO - Started process (PID=632) to work on /opt/airflow/dags/sports_goat_pipeline.py
[2026-08-22T19:55:36.230+0000] {processor.py:830} INFO - Processing file /opt/airflow/dags/sports_goat_pipeline.py for tasks to queue
[2026-08-22T19:55:36.264+0000] {logging_mixin.py:188} INFO - [2026-08-22T19:55:36.263+0000] {dagbag.py:538} INFO - Filling up the DagBag from /opt/airflow/dags/sports_goat_pipeline.py
[2026-08-22T19:55:36.536+0000] {processor.py:840} INFO - DAG(s) '2_sports_goat_run_batch', '1_sports_goat_raw_to_clean' retrieved from /opt/airflow/dags/sports_goat_pipeline.py
[2026-08-22T19:55:36.692+0000] {logging_mixin.py:188} INFO - [2026-08-22T19:55:36.691+0000] {dag.py:3036} INFO - Sync 2 DAGs
[2026-08-22T19:55:36.767+0000] {logging_mixin.py:188} INFO - [2026-08-22T19:55:36.767+0000] {dag.py:3823} INFO - Setting next_dagrun for 1_sports_goat_raw_to_clean to 2026-08-22 17:45:00+00:00, run_after=2026-08-23 17:45:00+00:00
[2026-08-22T19:55:36.793+0000] {logging_mixin.py:188} INFO - [2026-08-22T19:55:36.793+0000] {dag.py:3823} INFO - Setting next_dagrun for 2_sports_goat_run_batch to 2026-08-22 18:00:00+00:00, run_after=2026-08-23 18:00:00+00:00
[2026-08-22T19:55:36.851+0000] {processor.py:183} INFO - Processing /opt/airflow/dags/sports_goat_pipeline.py took 0.771 seconds
[2026-08-22T19:56:14.868+0000] {processor.py:161} INFO - Started process (PID=635) to work on /opt/airflow/dags/sports_goat_pipeline.py
[2026-08-22T19:56:15.085+0000] {processor.py:830} INFO - Processing file /opt/airflow/dags/sports_goat_pipeline.py for tasks to queue
[2026-08-22T19:56:16.006+0000] {logging_mixin.py:188} INFO - [2026-08-22T19:56:15.585+0000] {dagbag.py:538} INFO - Filling up the DagBag from /opt/airflow/dags/sports_goat_pipeline.py
[2026-08-22T19:56:19.152+0000] {processor.py:840} INFO - DAG(s) '2_sports_goat_run_batch', '1_sports_goat_raw_to_clean' retrieved from /opt/airflow/dags/sports_goat_pipeline.py
[2026-08-22T19:56:25.420+0000] {logging_mixin.py:188} INFO - [2026-08-22T19:56:25.399+0000] {dag.py:3036} INFO - Sync 2 DAGs
[2026-08-22T19:57:16.479+0000] {logging_mixin.py:188} INFO - [2026-08-22T19:57:16.478+0000] {dag.py:3823} INFO - Setting next_dagrun for 1_sports_goat_raw_to_clean to 2026-08-22 17:45:00+00:00, run_after=2026-08-23 17:45:00+00:00
[2026-08-22T19:57:16.513+0000] {logging_mixin.py:188} INFO - [2026-08-22T19:57:16.513+0000] {dag.py:3823} INFO - Setting next_dagrun for 2_sports_goat_run_batch to 2026-08-22 18:00:00+00:00, run_after=2026-08-23 18:00:00+00:00
[2026-08-22T19:57:16.650+0000] {processor.py:183} INFO - Processing /opt/airflow/dags/sports_goat_pipeline.py took 62.338 seconds
[2026-08-22T19:57:48.523+0000] {processor.py:161} INFO - Started process (PID=638) to work on /opt/airflow/dags/sports_goat_pipeline.py
[2026-08-22T19:57:48.584+0000] {processor.py:830} INFO - Processing file /opt/airflow/dags/sports_goat_pipeline.py for tasks to queue
[2026-08-22T19:57:48.627+0000] {logging_mixin.py:188} INFO - [2026-08-22T19:57:48.616+0000] {dagbag.py:538} INFO - Filling up the DagBag from /opt/airflow/dags/sports_goat_pipeline.py
[2026-08-22T19:57:49.130+0000] {processor.py:840} INFO - DAG(s) '2_sports_goat_run_batch', '1_sports_goat_raw_to_clean' retrieved from /opt/airflow/dags/sports_goat_pipeline.py
[2026-08-22T19:57:50.852+0000] {logging_mixin.py:188} INFO - [2026-08-22T19:57:50.845+0000] {dag.py:3036} INFO - Sync 2 DAGs
[2026-08-22T19:57:52.107+0000] {logging_mixin.py:188} INFO - [2026-08-22T19:57:52.092+0000] {dag.py:3823} INFO - Setting next_dagrun for 1_sports_goat_raw_to_clean to 2026-08-22 17:45:00+00:00, run_after=2026-08-23 17:45:00+00:00
[2026-08-22T19:57:52.608+0000] {logging_mixin.py:188} INFO - [2026-08-22T19:57:52.594+0000] {dag.py:3823} INFO - Setting next_dagrun for 2_sports_goat_run_batch to 2026-08-22 18:00:00+00:00, run_after=2026-08-23 18:00:00+00:00
[2026-08-22T19:57:53.607+0000] {processor.py:183} INFO - Processing /opt/airflow/dags/sports_goat_pipeline.py took 5.301 seconds
[2026-08-22T20:09:37.994+0000] {processor.py:161} INFO - Started process (PID=641) to work on /opt/airflow/dags/sports_goat_pipeline.py
[2026-08-22T20:09:38.329+0000] {processor.py:830} INFO - Processing file /opt/airflow/dags/sports_goat_pipeline.py for tasks to queue
[2026-08-22T20:09:38.343+0000] {logging_mixin.py:188} INFO - [2026-08-22T20:09:38.337+0000] {dagbag.py:538} INFO - Filling up the DagBag from /opt/airflow/dags/sports_goat_pipeline.py
[2026-08-22T20:09:38.479+0000] {processor.py:840} INFO - DAG(s) '1_sports_goat_raw_to_clean', '2_sports_goat_run_batch' retrieved from /opt/airflow/dags/sports_goat_pipeline.py
[2026-08-22T20:09:38.976+0000] {logging_mixin.py:188} INFO - [2026-08-22T20:09:38.975+0000] {dag.py:3036} INFO - Sync 2 DAGs
[2026-08-22T20:09:39.227+0000] {logging_mixin.py:188} INFO - [2026-08-22T20:09:39.225+0000] {dag.py:3823} INFO - Setting next_dagrun for 1_sports_goat_raw_to_clean to 2026-08-22 17:45:00+00:00, run_after=2026-08-23 17:45:00+00:00
[2026-08-22T20:09:39.371+0000] {logging_mixin.py:188} INFO - [2026-08-22T20:09:39.370+0000] {dag.py:3823} INFO - Setting next_dagrun for 2_sports_goat_run_batch to 2026-08-22 18:00:00+00:00, run_after=2026-08-23 18:00:00+00:00
[2026-08-22T20:09:39.524+0000] {processor.py:183} INFO - Processing /opt/airflow/dags/sports_goat_pipeline.py took 1.559 seconds
[2026-08-22T20:10:09.934+0000] {processor.py:161} INFO - Started process (PID=645) to work on /opt/airflow/dags/sports_goat_pipeline.py
[2026-08-22T20:10:09.959+0000] {processor.py:830} INFO - Processing file /opt/airflow/dags/sports_goat_pipeline.py for tasks to queue
[2026-08-22T20:10:09.975+0000] {logging_mixin.py:188} INFO - [2026-08-22T20:10:09.968+0000] {dagbag.py:538} INFO - Filling up the DagBag from /opt/airflow/dags/sports_goat_pipeline.py
[2026-08-22T20:10:10.122+0000] {processor.py:840} INFO - DAG(s) '1_sports_goat_raw_to_clean', '2_sports_goat_run_batch' retrieved from /opt/airflow/dags/sports_goat_pipeline.py
[2026-08-22T20:10:10.359+0000] {logging_mixin.py:188} INFO - [2026-08-22T20:10:10.359+0000] {dag.py:3036} INFO - Sync 2 DAGs
[2026-08-22T20:10:10.450+0000] {logging_mixin.py:188} INFO - [2026-08-22T20:10:10.449+0000] {dag.py:3823} INFO - Setting next_dagrun for 1_sports_goat_raw_to_clean to 2026-08-22 17:45:00+00:00, run_after=2026-08-23 17:45:00+00:00
[2026-08-22T20:10:10.475+0000] {logging_mixin.py:188} INFO - [2026-08-22T20:10:10.475+0000] {dag.py:3823} INFO - Setting next_dagrun for 2_sports_goat_run_batch to 2026-08-22 18:00:00+00:00, run_after=2026-08-23 18:00:00+00:00
[2026-08-22T20:10:10.544+0000] {processor.py:183} INFO - Processing /opt/airflow/dags/sports_goat_pipeline.py took 0.663 seconds
[2026-08-22T20:10:40.872+0000] {processor.py:161} INFO - Started process (PID=646) to work on /opt/airflow/dags/sports_goat_pipeline.py
[2026-08-22T20:10:40.878+0000] {processor.py:830} INFO - Processing file /opt/airflow/dags/sports_goat_pipeline.py for tasks to queue
[2026-08-22T20:10:40.880+0000] {logging_mixin.py:188} INFO - [2026-08-22T20:10:40.880+0000] {dagbag.py:538} INFO - Filling up the DagBag from /opt/airflow/dags/sports_goat_pipeline.py
[2026-08-22T20:10:40.896+0000] {processor.py:840} INFO - DAG(s) '2_sports_goat_run_batch', '1_sports_goat_raw_to_clean' retrieved from /opt/airflow/dags/sports_goat_pipeline.py
[2026-08-22T20:10:40.931+0000] {logging_mixin.py:188} INFO - [2026-08-22T20:10:40.931+0000] {dag.py:3036} INFO - Sync 2 DAGs
[2026-08-22T20:10:40.958+0000] {logging_mixin.py:188} INFO - [2026-08-22T20:10:40.957+0000] {dag.py:3823} INFO - Setting next_dagrun for 1_sports_goat_raw_to_clean to 2026-08-22 17:45:00+00:00, run_after=2026-08-23 17:45:00+00:00
[2026-08-22T20:10:40.964+0000] {logging_mixin.py:188} INFO - [2026-08-22T20:10:40.964+0000] {dag.py:3823} INFO - Setting next_dagrun for 2_sports_goat_run_batch to 2026-08-22 18:00:00+00:00, run_after=2026-08-23 18:00:00+00:00
[2026-08-22T20:10:40.986+0000] {processor.py:183} INFO - Processing /opt/airflow/dags/sports_goat_pipeline.py took 0.128 seconds
