[2026-08-24T13:50:29.174+0000] {processor.py:161} INFO - Started process (PID=55) to work on /opt/airflow/dags/sports_goat_pipeline.py
[2026-08-24T13:50:29.176+0000] {processor.py:830} INFO - Processing file /opt/airflow/dags/sports_goat_pipeline.py for tasks to queue
[2026-08-24T13:50:29.179+0000] {logging_mixin.py:188} INFO - [2026-08-24T13:50:29.178+0000] {dagbag.py:538} INFO - Filling up the DagBag from /opt/airflow/dags/sports_goat_pipeline.py
[2026-08-24T13:50:29.259+0000] {processor.py:840} INFO - DAG(s) '2_sports_goat_run_batch', '1_sports_goat_raw_to_clean' retrieved from /opt/airflow/dags/sports_goat_pipeline.py
[2026-08-24T13:50:29.280+0000] {logging_mixin.py:188} INFO - [2026-08-24T13:50:29.280+0000] {dag.py:3036} INFO - Sync 2 DAGs
[2026-08-24T13:50:29.369+0000] {logging_mixin.py:188} INFO - [2026-08-24T13:50:29.368+0000] {dag.py:3823} INFO - Setting next_dagrun for 1_sports_goat_raw_to_clean to 2026-08-22 17:45:00+00:00, run_after=2026-08-23 17:45:00+00:00
[2026-08-24T13:50:29.384+0000] {logging_mixin.py:188} INFO - [2026-08-24T13:50:29.384+0000] {dag.py:3823} INFO - Setting next_dagrun for 2_sports_goat_run_batch to 2026-08-22 18:00:00+00:00, run_after=2026-08-23 18:00:00+00:00
[2026-08-24T13:50:29.459+0000] {processor.py:183} INFO - Processing /opt/airflow/dags/sports_goat_pipeline.py took 0.291 seconds
[2026-08-24T13:51:39.073+0000] {processor.py:161} INFO - Started process (PID=98) to work on /opt/airflow/dags/sports_goat_pipeline.py
[2026-08-24T13:51:39.075+0000] {processor.py:830} INFO - Processing file /opt/airflow/dags/sports_goat_pipeline.py for tasks to queue
[2026-08-24T13:51:39.078+0000] {logging_mixin.py:188} INFO - [2026-08-24T13:51:39.077+0000] {dagbag.py:538} INFO - Filling up the DagBag from /opt/airflow/dags/sports_goat_pipeline.py
[2026-08-24T13:51:39.103+0000] {processor.py:840} INFO - DAG(s) '1_sports_goat_raw_to_clean', '2_sports_goat_run_batch' retrieved from /opt/airflow/dags/sports_goat_pipeline.py
[2026-08-24T13:51:39.351+0000] {logging_mixin.py:188} INFO - [2026-08-24T13:51:39.350+0000] {dag.py:3036} INFO - Sync 2 DAGs
[2026-08-24T13:51:39.399+0000] {logging_mixin.py:188} INFO - [2026-08-24T13:51:39.398+0000] {dag.py:3823} INFO - Setting next_dagrun for 1_sports_goat_raw_to_clean to 2026-08-23 17:45:00+00:00, run_after=2026-08-24 17:45:00+00:00
[2026-08-24T13:51:39.407+0000] {logging_mixin.py:188} INFO - [2026-08-24T13:51:39.407+0000] {dag.py:3823} INFO - Setting next_dagrun for 2_sports_goat_run_batch to 2026-08-23 18:00:00+00:00, run_after=2026-08-24 18:00:00+00:00
[2026-08-24T13:51:39.445+0000] {processor.py:183} INFO - Processing /opt/airflow/dags/sports_goat_pipeline.py took 0.377 seconds
[2026-08-24T13:52:10.494+0000] {processor.py:161} INFO - Started process (PID=99) to work on /opt/airflow/dags/sports_goat_pipeline.py
[2026-08-24T13:52:10.496+0000] {processor.py:830} INFO - Processing file /opt/airflow/dags/sports_goat_pipeline.py for tasks to queue
[2026-08-24T13:52:10.498+0000] {logging_mixin.py:188} INFO - [2026-08-24T13:52:10.497+0000] {dagbag.py:538} INFO - Filling up the DagBag from /opt/airflow/dags/sports_goat_pipeline.py
[2026-08-24T13:52:10.514+0000] {processor.py:840} INFO - DAG(s) '1_sports_goat_raw_to_clean', '2_sports_goat_run_batch' retrieved from /opt/airflow/dags/sports_goat_pipeline.py
[2026-08-24T13:52:10.562+0000] {logging_mixin.py:188} INFO - [2026-08-24T13:52:10.561+0000] {dag.py:3036} INFO - Sync 2 DAGs
[2026-08-24T13:52:10.601+0000] {logging_mixin.py:188} INFO - [2026-08-24T13:52:10.600+0000] {dag.py:3823} INFO - Setting next_dagrun for 1_sports_goat_raw_to_clean to 2026-08-23 17:45:00+00:00, run_after=2026-08-24 17:45:00+00:00
[2026-08-24T13:52:10.613+0000] {logging_mixin.py:188} INFO - [2026-08-24T13:52:10.613+0000] {dag.py:3823} INFO - Setting next_dagrun for 2_sports_goat_run_batch to 2026-08-23 18:00:00+00:00, run_after=2026-08-24 18:00:00+00:00
[2026-08-24T13:52:10.699+0000] {processor.py:183} INFO - Processing /opt/airflow/dags/sports_goat_pipeline.py took 0.214 seconds
[2026-08-24T13:52:41.193+0000] {processor.py:161} INFO - Started process (PID=100) to work on /opt/airflow/dags/sports_goat_pipeline.py
[2026-08-24T13:52:41.198+0000] {processor.py:830} INFO - Processing file /opt/airflow/dags/sports_goat_pipeline.py for tasks to queue
[2026-08-24T13:52:41.202+0000] {logging_mixin.py:188} INFO - [2026-08-24T13:52:41.200+0000] {dagbag.py:538} INFO - Filling up the DagBag from /opt/airflow/dags/sports_goat_pipeline.py
[2026-08-24T13:52:41.366+0000] {processor.py:840} INFO - DAG(s) '2_sports_goat_run_batch', '1_sports_goat_raw_to_clean' retrieved from /opt/airflow/dags/sports_goat_pipeline.py
[2026-08-24T13:52:41.475+0000] {logging_mixin.py:188} INFO - [2026-08-24T13:52:41.475+0000] {dag.py:3036} INFO - Sync 2 DAGs
[2026-08-24T13:52:41.538+0000] {logging_mixin.py:188} INFO - [2026-08-24T13:52:41.538+0000] {dag.py:3823} INFO - Setting next_dagrun for 1_sports_goat_raw_to_clean to 2026-08-23 17:45:00+00:00, run_after=2026-08-24 17:45:00+00:00
[2026-08-24T13:52:41.560+0000] {logging_mixin.py:188} INFO - [2026-08-24T13:52:41.559+0000] {dag.py:3823} INFO - Setting next_dagrun for 2_sports_goat_run_batch to 2026-08-23 18:00:00+00:00, run_after=2026-08-24 18:00:00+00:00
[2026-08-24T13:52:41.633+0000] {processor.py:183} INFO - Processing /opt/airflow/dags/sports_goat_pipeline.py took 0.455 seconds
[2026-08-24T13:53:11.925+0000] {processor.py:161} INFO - Started process (PID=101) to work on /opt/airflow/dags/sports_goat_pipeline.py
[2026-08-24T13:53:11.927+0000] {processor.py:830} INFO - Processing file /opt/airflow/dags/sports_goat_pipeline.py for tasks to queue
[2026-08-24T13:53:11.928+0000] {logging_mixin.py:188} INFO - [2026-08-24T13:53:11.928+0000] {dagbag.py:538} INFO - Filling up the DagBag from /opt/airflow/dags/sports_goat_pipeline.py
[2026-08-24T13:53:11.945+0000] {processor.py:840} INFO - DAG(s) '2_sports_goat_run_batch', '1_sports_goat_raw_to_clean' retrieved from /opt/airflow/dags/sports_goat_pipeline.py
[2026-08-24T13:53:11.983+0000] {logging_mixin.py:188} INFO - [2026-08-24T13:53:11.982+0000] {dag.py:3036} INFO - Sync 2 DAGs
[2026-08-24T13:53:12.023+0000] {logging_mixin.py:188} INFO - [2026-08-24T13:53:12.023+0000] {dag.py:3823} INFO - Setting next_dagrun for 1_sports_goat_raw_to_clean to 2026-08-23 17:45:00+00:00, run_after=2026-08-24 17:45:00+00:00
[2026-08-24T13:53:12.036+0000] {logging_mixin.py:188} INFO - [2026-08-24T13:53:12.035+0000] {dag.py:3823} INFO - Setting next_dagrun for 2_sports_goat_run_batch to 2026-08-23 18:00:00+00:00, run_after=2026-08-24 18:00:00+00:00
[2026-08-24T13:53:12.069+0000] {processor.py:183} INFO - Processing /opt/airflow/dags/sports_goat_pipeline.py took 0.148 seconds
[2026-08-24T13:53:42.412+0000] {processor.py:161} INFO - Started process (PID=102) to work on /opt/airflow/dags/sports_goat_pipeline.py
[2026-08-24T13:53:42.414+0000] {processor.py:830} INFO - Processing file /opt/airflow/dags/sports_goat_pipeline.py for tasks to queue
[2026-08-24T13:53:42.417+0000] {logging_mixin.py:188} INFO - [2026-08-24T13:53:42.416+0000] {dagbag.py:538} INFO - Filling up the DagBag from /opt/airflow/dags/sports_goat_pipeline.py
[2026-08-24T13:53:42.434+0000] {processor.py:840} INFO - DAG(s) '2_sports_goat_run_batch', '1_sports_goat_raw_to_clean' retrieved from /opt/airflow/dags/sports_goat_pipeline.py
[2026-08-24T13:53:42.484+0000] {logging_mixin.py:188} INFO - [2026-08-24T13:53:42.484+0000] {dag.py:3036} INFO - Sync 2 DAGs
[2026-08-24T13:53:42.524+0000] {logging_mixin.py:188} INFO - [2026-08-24T13:53:42.524+0000] {dag.py:3823} INFO - Setting next_dagrun for 1_sports_goat_raw_to_clean to 2026-08-23 17:45:00+00:00, run_after=2026-08-24 17:45:00+00:00
[2026-08-24T13:53:42.536+0000] {logging_mixin.py:188} INFO - [2026-08-24T13:53:42.535+0000] {dag.py:3823} INFO - Setting next_dagrun for 2_sports_goat_run_batch to 2026-08-23 18:00:00+00:00, run_after=2026-08-24 18:00:00+00:00
[2026-08-24T13:53:42.571+0000] {processor.py:183} INFO - Processing /opt/airflow/dags/sports_goat_pipeline.py took 0.164 seconds
[2026-08-24T13:54:13.297+0000] {processor.py:161} INFO - Started process (PID=103) to work on /opt/airflow/dags/sports_goat_pipeline.py
[2026-08-24T13:54:13.301+0000] {processor.py:830} INFO - Processing file /opt/airflow/dags/sports_goat_pipeline.py for tasks to queue
[2026-08-24T13:54:13.307+0000] {logging_mixin.py:188} INFO - [2026-08-24T13:54:13.304+0000] {dagbag.py:538} INFO - Filling up the DagBag from /opt/airflow/dags/sports_goat_pipeline.py
[2026-08-24T13:54:13.345+0000] {processor.py:840} INFO - DAG(s) '2_sports_goat_run_batch', '1_sports_goat_raw_to_clean' retrieved from /opt/airflow/dags/sports_goat_pipeline.py
[2026-08-24T13:54:13.537+0000] {logging_mixin.py:188} INFO - [2026-08-24T13:54:13.537+0000] {dag.py:3036} INFO - Sync 2 DAGs
[2026-08-24T13:54:13.782+0000] {logging_mixin.py:188} INFO - [2026-08-24T13:54:13.782+0000] {dag.py:3823} INFO - Setting next_dagrun for 1_sports_goat_raw_to_clean to 2026-08-23 17:45:00+00:00, run_after=2026-08-24 17:45:00+00:00
[2026-08-24T13:54:13.800+0000] {logging_mixin.py:188} INFO - [2026-08-24T13:54:13.800+0000] {dag.py:3823} INFO - Setting next_dagrun for 2_sports_goat_run_batch to 2026-08-23 18:00:00+00:00, run_after=2026-08-24 18:00:00+00:00
[2026-08-24T13:54:13.853+0000] {processor.py:183} INFO - Processing /opt/airflow/dags/sports_goat_pipeline.py took 0.719 seconds
[2026-08-24T13:54:44.717+0000] {processor.py:161} INFO - Started process (PID=104) to work on /opt/airflow/dags/sports_goat_pipeline.py
[2026-08-24T13:54:44.721+0000] {processor.py:830} INFO - Processing file /opt/airflow/dags/sports_goat_pipeline.py for tasks to queue
[2026-08-24T13:54:44.722+0000] {logging_mixin.py:188} INFO - [2026-08-24T13:54:44.722+0000] {dagbag.py:538} INFO - Filling up the DagBag from /opt/airflow/dags/sports_goat_pipeline.py
[2026-08-24T13:54:44.741+0000] {processor.py:840} INFO - DAG(s) '2_sports_goat_run_batch', '1_sports_goat_raw_to_clean' retrieved from /opt/airflow/dags/sports_goat_pipeline.py
[2026-08-24T13:54:44.790+0000] {logging_mixin.py:188} INFO - [2026-08-24T13:54:44.790+0000] {dag.py:3036} INFO - Sync 2 DAGs
[2026-08-24T13:54:44.840+0000] {logging_mixin.py:188} INFO - [2026-08-24T13:54:44.840+0000] {dag.py:3823} INFO - Setting next_dagrun for 1_sports_goat_raw_to_clean to 2026-08-23 17:45:00+00:00, run_after=2026-08-24 17:45:00+00:00
[2026-08-24T13:54:44.852+0000] {logging_mixin.py:188} INFO - [2026-08-24T13:54:44.851+0000] {dag.py:3823} INFO - Setting next_dagrun for 2_sports_goat_run_batch to 2026-08-23 18:00:00+00:00, run_after=2026-08-24 18:00:00+00:00
[2026-08-24T13:54:44.884+0000] {processor.py:183} INFO - Processing /opt/airflow/dags/sports_goat_pipeline.py took 0.174 seconds
[2026-08-24T13:55:15.225+0000] {processor.py:161} INFO - Started process (PID=105) to work on /opt/airflow/dags/sports_goat_pipeline.py
[2026-08-24T13:55:15.226+0000] {processor.py:830} INFO - Processing file /opt/airflow/dags/sports_goat_pipeline.py for tasks to queue
[2026-08-24T13:55:15.228+0000] {logging_mixin.py:188} INFO - [2026-08-24T13:55:15.227+0000] {dagbag.py:538} INFO - Filling up the DagBag from /opt/airflow/dags/sports_goat_pipeline.py
[2026-08-24T13:55:15.242+0000] {processor.py:840} INFO - DAG(s) '2_sports_goat_run_batch', '1_sports_goat_raw_to_clean' retrieved from /opt/airflow/dags/sports_goat_pipeline.py
[2026-08-24T13:55:15.346+0000] {logging_mixin.py:188} INFO - [2026-08-24T13:55:15.345+0000] {dag.py:3036} INFO - Sync 2 DAGs
[2026-08-24T13:55:15.381+0000] {logging_mixin.py:188} INFO - [2026-08-24T13:55:15.381+0000] {dag.py:3823} INFO - Setting next_dagrun for 1_sports_goat_raw_to_clean to 2026-08-23 17:45:00+00:00, run_after=2026-08-24 17:45:00+00:00
[2026-08-24T13:55:15.391+0000] {logging_mixin.py:188} INFO - [2026-08-24T13:55:15.390+0000] {dag.py:3823} INFO - Setting next_dagrun for 2_sports_goat_run_batch to 2026-08-23 18:00:00+00:00, run_after=2026-08-24 18:00:00+00:00
[2026-08-24T13:55:15.426+0000] {processor.py:183} INFO - Processing /opt/airflow/dags/sports_goat_pipeline.py took 0.206 seconds
[2026-08-24T13:55:45.951+0000] {processor.py:161} INFO - Started process (PID=106) to work on /opt/airflow/dags/sports_goat_pipeline.py
[2026-08-24T13:55:45.958+0000] {processor.py:830} INFO - Processing file /opt/airflow/dags/sports_goat_pipeline.py for tasks to queue
[2026-08-24T13:55:45.962+0000] {logging_mixin.py:188} INFO - [2026-08-24T13:55:45.961+0000] {dagbag.py:538} INFO - Filling up the DagBag from /opt/airflow/dags/sports_goat_pipeline.py
[2026-08-24T13:55:45.978+0000] {processor.py:840} INFO - DAG(s) '2_sports_goat_run_batch', '1_sports_goat_raw_to_clean' retrieved from /opt/airflow/dags/sports_goat_pipeline.py
[2026-08-24T13:55:46.046+0000] {logging_mixin.py:188} INFO - [2026-08-24T13:55:46.045+0000] {dag.py:3036} INFO - Sync 2 DAGs
[2026-08-24T13:55:46.128+0000] {logging_mixin.py:188} INFO - [2026-08-24T13:55:46.128+0000] {dag.py:3823} INFO - Setting next_dagrun for 1_sports_goat_raw_to_clean to 2026-08-23 17:45:00+00:00, run_after=2026-08-24 17:45:00+00:00
[2026-08-24T13:55:46.139+0000] {logging_mixin.py:188} INFO - [2026-08-24T13:55:46.139+0000] {dag.py:3823} INFO - Setting next_dagrun for 2_sports_goat_run_batch to 2026-08-23 18:00:00+00:00, run_after=2026-08-24 18:00:00+00:00
[2026-08-24T13:55:46.305+0000] {processor.py:183} INFO - Processing /opt/airflow/dags/sports_goat_pipeline.py took 0.370 seconds
[2026-08-24T13:56:17.294+0000] {processor.py:161} INFO - Started process (PID=107) to work on /opt/airflow/dags/sports_goat_pipeline.py
[2026-08-24T13:56:17.298+0000] {processor.py:830} INFO - Processing file /opt/airflow/dags/sports_goat_pipeline.py for tasks to queue
[2026-08-24T13:56:17.301+0000] {logging_mixin.py:188} INFO - [2026-08-24T13:56:17.300+0000] {dagbag.py:538} INFO - Filling up the DagBag from /opt/airflow/dags/sports_goat_pipeline.py
[2026-08-24T13:56:17.315+0000] {processor.py:840} INFO - DAG(s) '1_sports_goat_raw_to_clean', '2_sports_goat_run_batch' retrieved from /opt/airflow/dags/sports_goat_pipeline.py
[2026-08-24T13:56:17.354+0000] {logging_mixin.py:188} INFO - [2026-08-24T13:56:17.354+0000] {dag.py:3036} INFO - Sync 2 DAGs
[2026-08-24T13:56:17.383+0000] {logging_mixin.py:188} INFO - [2026-08-24T13:56:17.383+0000] {dag.py:3823} INFO - Setting next_dagrun for 1_sports_goat_raw_to_clean to 2026-08-23 17:45:00+00:00, run_after=2026-08-24 17:45:00+00:00
[2026-08-24T13:56:17.394+0000] {logging_mixin.py:188} INFO - [2026-08-24T13:56:17.394+0000] {dag.py:3823} INFO - Setting next_dagrun for 2_sports_goat_run_batch to 2026-08-23 18:00:00+00:00, run_after=2026-08-24 18:00:00+00:00
[2026-08-24T13:56:17.424+0000] {processor.py:183} INFO - Processing /opt/airflow/dags/sports_goat_pipeline.py took 0.135 seconds
[2026-08-24T13:56:47.689+0000] {processor.py:161} INFO - Started process (PID=108) to work on /opt/airflow/dags/sports_goat_pipeline.py
[2026-08-24T13:56:47.691+0000] {processor.py:830} INFO - Processing file /opt/airflow/dags/sports_goat_pipeline.py for tasks to queue
[2026-08-24T13:56:47.694+0000] {logging_mixin.py:188} INFO - [2026-08-24T13:56:47.693+0000] {dagbag.py:538} INFO - Filling up the DagBag from /opt/airflow/dags/sports_goat_pipeline.py
[2026-08-24T13:56:47.708+0000] {processor.py:840} INFO - DAG(s) '1_sports_goat_raw_to_clean', '2_sports_goat_run_batch' retrieved from /opt/airflow/dags/sports_goat_pipeline.py
[2026-08-24T13:56:47.756+0000] {logging_mixin.py:188} INFO - [2026-08-24T13:56:47.755+0000] {dag.py:3036} INFO - Sync 2 DAGs
[2026-08-24T13:56:47.798+0000] {logging_mixin.py:188} INFO - [2026-08-24T13:56:47.798+0000] {dag.py:3823} INFO - Setting next_dagrun for 1_sports_goat_raw_to_clean to 2026-08-23 17:45:00+00:00, run_after=2026-08-24 17:45:00+00:00
[2026-08-24T13:56:47.811+0000] {logging_mixin.py:188} INFO - [2026-08-24T13:56:47.811+0000] {dag.py:3823} INFO - Setting next_dagrun for 2_sports_goat_run_batch to 2026-08-23 18:00:00+00:00, run_after=2026-08-24 18:00:00+00:00
[2026-08-24T13:56:47.844+0000] {processor.py:183} INFO - Processing /opt/airflow/dags/sports_goat_pipeline.py took 0.161 seconds
[2026-08-24T13:57:18.110+0000] {processor.py:161} INFO - Started process (PID=109) to work on /opt/airflow/dags/sports_goat_pipeline.py
[2026-08-24T13:57:18.113+0000] {processor.py:830} INFO - Processing file /opt/airflow/dags/sports_goat_pipeline.py for tasks to queue
[2026-08-24T13:57:18.115+0000] {logging_mixin.py:188} INFO - [2026-08-24T13:57:18.114+0000] {dagbag.py:538} INFO - Filling up the DagBag from /opt/airflow/dags/sports_goat_pipeline.py
[2026-08-24T13:57:18.130+0000] {processor.py:840} INFO - DAG(s) '1_sports_goat_raw_to_clean', '2_sports_goat_run_batch' retrieved from /opt/airflow/dags/sports_goat_pipeline.py
[2026-08-24T13:57:18.173+0000] {logging_mixin.py:188} INFO - [2026-08-24T13:57:18.172+0000] {dag.py:3036} INFO - Sync 2 DAGs
[2026-08-24T13:57:18.207+0000] {logging_mixin.py:188} INFO - [2026-08-24T13:57:18.206+0000] {dag.py:3823} INFO - Setting next_dagrun for 1_sports_goat_raw_to_clean to 2026-08-23 17:45:00+00:00, run_after=2026-08-24 17:45:00+00:00
[2026-08-24T13:57:18.218+0000] {logging_mixin.py:188} INFO - [2026-08-24T13:57:18.217+0000] {dag.py:3823} INFO - Setting next_dagrun for 2_sports_goat_run_batch to 2026-08-23 18:00:00+00:00, run_after=2026-08-24 18:00:00+00:00
[2026-08-24T13:57:18.264+0000] {processor.py:183} INFO - Processing /opt/airflow/dags/sports_goat_pipeline.py took 0.158 seconds
[2026-08-24T13:57:48.654+0000] {processor.py:161} INFO - Started process (PID=110) to work on /opt/airflow/dags/sports_goat_pipeline.py
[2026-08-24T13:57:48.656+0000] {processor.py:830} INFO - Processing file /opt/airflow/dags/sports_goat_pipeline.py for tasks to queue
[2026-08-24T13:57:48.659+0000] {logging_mixin.py:188} INFO - [2026-08-24T13:57:48.659+0000] {dagbag.py:538} INFO - Filling up the DagBag from /opt/airflow/dags/sports_goat_pipeline.py
[2026-08-24T13:57:48.677+0000] {processor.py:840} INFO - DAG(s) '2_sports_goat_run_batch', '1_sports_goat_raw_to_clean' retrieved from /opt/airflow/dags/sports_goat_pipeline.py
[2026-08-24T13:57:48.788+0000] {logging_mixin.py:188} INFO - [2026-08-24T13:57:48.787+0000] {dag.py:3036} INFO - Sync 2 DAGs
[2026-08-24T13:57:48.841+0000] {logging_mixin.py:188} INFO - [2026-08-24T13:57:48.841+0000] {dag.py:3823} INFO - Setting next_dagrun for 1_sports_goat_raw_to_clean to 2026-08-23 17:45:00+00:00, run_after=2026-08-24 17:45:00+00:00
[2026-08-24T13:57:48.855+0000] {logging_mixin.py:188} INFO - [2026-08-24T13:57:48.855+0000] {dag.py:3823} INFO - Setting next_dagrun for 2_sports_goat_run_batch to 2026-08-23 18:00:00+00:00, run_after=2026-08-24 18:00:00+00:00
[2026-08-24T13:57:48.928+0000] {processor.py:183} INFO - Processing /opt/airflow/dags/sports_goat_pipeline.py took 0.280 seconds
[2026-08-24T13:58:19.014+0000] {processor.py:161} INFO - Started process (PID=111) to work on /opt/airflow/dags/sports_goat_pipeline.py
[2026-08-24T13:58:19.016+0000] {processor.py:830} INFO - Processing file /opt/airflow/dags/sports_goat_pipeline.py for tasks to queue
[2026-08-24T13:58:19.018+0000] {logging_mixin.py:188} INFO - [2026-08-24T13:58:19.017+0000] {dagbag.py:538} INFO - Filling up the DagBag from /opt/airflow/dags/sports_goat_pipeline.py
[2026-08-24T13:58:19.035+0000] {processor.py:840} INFO - DAG(s) '2_sports_goat_run_batch', '1_sports_goat_raw_to_clean' retrieved from /opt/airflow/dags/sports_goat_pipeline.py
[2026-08-24T13:58:19.078+0000] {logging_mixin.py:188} INFO - [2026-08-24T13:58:19.078+0000] {dag.py:3036} INFO - Sync 2 DAGs
[2026-08-24T13:58:19.116+0000] {logging_mixin.py:188} INFO - [2026-08-24T13:58:19.115+0000] {dag.py:3823} INFO - Setting next_dagrun for 1_sports_goat_raw_to_clean to 2026-08-23 17:45:00+00:00, run_after=2026-08-24 17:45:00+00:00
[2026-08-24T13:58:19.131+0000] {logging_mixin.py:188} INFO - [2026-08-24T13:58:19.130+0000] {dag.py:3823} INFO - Setting next_dagrun for 2_sports_goat_run_batch to 2026-08-23 18:00:00+00:00, run_after=2026-08-24 18:00:00+00:00
[2026-08-24T13:58:19.167+0000] {processor.py:183} INFO - Processing /opt/airflow/dags/sports_goat_pipeline.py took 0.159 seconds
[2026-08-24T13:58:49.667+0000] {processor.py:161} INFO - Started process (PID=112) to work on /opt/airflow/dags/sports_goat_pipeline.py
[2026-08-24T13:58:49.669+0000] {processor.py:830} INFO - Processing file /opt/airflow/dags/sports_goat_pipeline.py for tasks to queue
[2026-08-24T13:58:49.671+0000] {logging_mixin.py:188} INFO - [2026-08-24T13:58:49.670+0000] {dagbag.py:538} INFO - Filling up the DagBag from /opt/airflow/dags/sports_goat_pipeline.py
[2026-08-24T13:58:49.686+0000] {processor.py:840} INFO - DAG(s) '2_sports_goat_run_batch', '1_sports_goat_raw_to_clean' retrieved from /opt/airflow/dags/sports_goat_pipeline.py
[2026-08-24T13:58:49.719+0000] {logging_mixin.py:188} INFO - [2026-08-24T13:58:49.719+0000] {dag.py:3036} INFO - Sync 2 DAGs
[2026-08-24T13:58:49.752+0000] {logging_mixin.py:188} INFO - [2026-08-24T13:58:49.752+0000] {dag.py:3823} INFO - Setting next_dagrun for 1_sports_goat_raw_to_clean to 2026-08-23 17:45:00+00:00, run_after=2026-08-24 17:45:00+00:00
[2026-08-24T13:58:49.759+0000] {logging_mixin.py:188} INFO - [2026-08-24T13:58:49.758+0000] {dag.py:3823} INFO - Setting next_dagrun for 2_sports_goat_run_batch to 2026-08-23 18:00:00+00:00, run_after=2026-08-24 18:00:00+00:00
[2026-08-24T13:58:49.788+0000] {processor.py:183} INFO - Processing /opt/airflow/dags/sports_goat_pipeline.py took 0.125 seconds
[2026-08-24T13:59:20.123+0000] {processor.py:161} INFO - Started process (PID=113) to work on /opt/airflow/dags/sports_goat_pipeline.py
[2026-08-24T13:59:20.126+0000] {processor.py:830} INFO - Processing file /opt/airflow/dags/sports_goat_pipeline.py for tasks to queue
[2026-08-24T13:59:20.129+0000] {logging_mixin.py:188} INFO - [2026-08-24T13:59:20.128+0000] {dagbag.py:538} INFO - Filling up the DagBag from /opt/airflow/dags/sports_goat_pipeline.py
[2026-08-24T13:59:20.142+0000] {processor.py:840} INFO - DAG(s) '2_sports_goat_run_batch', '1_sports_goat_raw_to_clean' retrieved from /opt/airflow/dags/sports_goat_pipeline.py
[2026-08-24T13:59:20.180+0000] {logging_mixin.py:188} INFO - [2026-08-24T13:59:20.180+0000] {dag.py:3036} INFO - Sync 2 DAGs
[2026-08-24T13:59:20.211+0000] {logging_mixin.py:188} INFO - [2026-08-24T13:59:20.211+0000] {dag.py:3823} INFO - Setting next_dagrun for 1_sports_goat_raw_to_clean to 2026-08-23 17:45:00+00:00, run_after=2026-08-24 17:45:00+00:00
[2026-08-24T13:59:20.219+0000] {logging_mixin.py:188} INFO - [2026-08-24T13:59:20.219+0000] {dag.py:3823} INFO - Setting next_dagrun for 2_sports_goat_run_batch to 2026-08-23 18:00:00+00:00, run_after=2026-08-24 18:00:00+00:00
[2026-08-24T13:59:20.252+0000] {processor.py:183} INFO - Processing /opt/airflow/dags/sports_goat_pipeline.py took 0.133 seconds
[2026-08-24T13:59:50.677+0000] {processor.py:161} INFO - Started process (PID=114) to work on /opt/airflow/dags/sports_goat_pipeline.py
[2026-08-24T13:59:50.695+0000] {processor.py:830} INFO - Processing file /opt/airflow/dags/sports_goat_pipeline.py for tasks to queue
[2026-08-24T13:59:50.713+0000] {logging_mixin.py:188} INFO - [2026-08-24T13:59:50.713+0000] {dagbag.py:538} INFO - Filling up the DagBag from /opt/airflow/dags/sports_goat_pipeline.py
[2026-08-24T13:59:50.725+0000] {processor.py:840} INFO - DAG(s) '1_sports_goat_raw_to_clean', '2_sports_goat_run_batch' retrieved from /opt/airflow/dags/sports_goat_pipeline.py
[2026-08-24T13:59:50.773+0000] {logging_mixin.py:188} INFO - [2026-08-24T13:59:50.773+0000] {dag.py:3036} INFO - Sync 2 DAGs
[2026-08-24T13:59:50.806+0000] {logging_mixin.py:188} INFO - [2026-08-24T13:59:50.806+0000] {dag.py:3823} INFO - Setting next_dagrun for 1_sports_goat_raw_to_clean to 2026-08-23 17:45:00+00:00, run_after=2026-08-24 17:45:00+00:00
[2026-08-24T13:59:50.815+0000] {logging_mixin.py:188} INFO - [2026-08-24T13:59:50.815+0000] {dag.py:3823} INFO - Setting next_dagrun for 2_sports_goat_run_batch to 2026-08-23 18:00:00+00:00, run_after=2026-08-24 18:00:00+00:00
[2026-08-24T13:59:50.848+0000] {processor.py:183} INFO - Processing /opt/airflow/dags/sports_goat_pipeline.py took 0.179 seconds
[2026-08-24T14:00:21.112+0000] {processor.py:161} INFO - Started process (PID=115) to work on /opt/airflow/dags/sports_goat_pipeline.py
[2026-08-24T14:00:21.114+0000] {processor.py:830} INFO - Processing file /opt/airflow/dags/sports_goat_pipeline.py for tasks to queue
[2026-08-24T14:00:21.116+0000] {logging_mixin.py:188} INFO - [2026-08-24T14:00:21.115+0000] {dagbag.py:538} INFO - Filling up the DagBag from /opt/airflow/dags/sports_goat_pipeline.py
[2026-08-24T14:00:21.130+0000] {processor.py:840} INFO - DAG(s) '1_sports_goat_raw_to_clean', '2_sports_goat_run_batch' retrieved from /opt/airflow/dags/sports_goat_pipeline.py
[2026-08-24T14:00:21.168+0000] {logging_mixin.py:188} INFO - [2026-08-24T14:00:21.168+0000] {dag.py:3036} INFO - Sync 2 DAGs
[2026-08-24T14:00:21.198+0000] {logging_mixin.py:188} INFO - [2026-08-24T14:00:21.198+0000] {dag.py:3823} INFO - Setting next_dagrun for 1_sports_goat_raw_to_clean to 2026-08-23 17:45:00+00:00, run_after=2026-08-24 17:45:00+00:00
[2026-08-24T14:00:21.207+0000] {logging_mixin.py:188} INFO - [2026-08-24T14:00:21.207+0000] {dag.py:3823} INFO - Setting next_dagrun for 2_sports_goat_run_batch to 2026-08-23 18:00:00+00:00, run_after=2026-08-24 18:00:00+00:00
[2026-08-24T14:00:21.236+0000] {processor.py:183} INFO - Processing /opt/airflow/dags/sports_goat_pipeline.py took 0.130 seconds
[2026-08-24T14:00:51.606+0000] {processor.py:161} INFO - Started process (PID=116) to work on /opt/airflow/dags/sports_goat_pipeline.py
[2026-08-24T14:00:51.608+0000] {processor.py:830} INFO - Processing file /opt/airflow/dags/sports_goat_pipeline.py for tasks to queue
[2026-08-24T14:00:51.610+0000] {logging_mixin.py:188} INFO - [2026-08-24T14:00:51.609+0000] {dagbag.py:538} INFO - Filling up the DagBag from /opt/airflow/dags/sports_goat_pipeline.py
[2026-08-24T14:00:51.623+0000] {processor.py:840} INFO - DAG(s) '2_sports_goat_run_batch', '1_sports_goat_raw_to_clean' retrieved from /opt/airflow/dags/sports_goat_pipeline.py
[2026-08-24T14:00:51.658+0000] {logging_mixin.py:188} INFO - [2026-08-24T14:00:51.658+0000] {dag.py:3036} INFO - Sync 2 DAGs
[2026-08-24T14:00:51.684+0000] {logging_mixin.py:188} INFO - [2026-08-24T14:00:51.684+0000] {dag.py:3823} INFO - Setting next_dagrun for 1_sports_goat_raw_to_clean to 2026-08-23 17:45:00+00:00, run_after=2026-08-24 17:45:00+00:00
[2026-08-24T14:00:51.693+0000] {logging_mixin.py:188} INFO - [2026-08-24T14:00:51.693+0000] {dag.py:3823} INFO - Setting next_dagrun for 2_sports_goat_run_batch to 2026-08-23 18:00:00+00:00, run_after=2026-08-24 18:00:00+00:00
[2026-08-24T14:00:51.726+0000] {processor.py:183} INFO - Processing /opt/airflow/dags/sports_goat_pipeline.py took 0.124 seconds
[2026-08-24T14:01:22.070+0000] {processor.py:161} INFO - Started process (PID=117) to work on /opt/airflow/dags/sports_goat_pipeline.py
[2026-08-24T14:01:22.073+0000] {processor.py:830} INFO - Processing file /opt/airflow/dags/sports_goat_pipeline.py for tasks to queue
[2026-08-24T14:01:22.075+0000] {logging_mixin.py:188} INFO - [2026-08-24T14:01:22.075+0000] {dagbag.py:538} INFO - Filling up the DagBag from /opt/airflow/dags/sports_goat_pipeline.py
[2026-08-24T14:01:22.089+0000] {processor.py:840} INFO - DAG(s) '1_sports_goat_raw_to_clean', '2_sports_goat_run_batch' retrieved from /opt/airflow/dags/sports_goat_pipeline.py
[2026-08-24T14:01:22.128+0000] {logging_mixin.py:188} INFO - [2026-08-24T14:01:22.127+0000] {dag.py:3036} INFO - Sync 2 DAGs
[2026-08-24T14:01:22.164+0000] {logging_mixin.py:188} INFO - [2026-08-24T14:01:22.163+0000] {dag.py:3823} INFO - Setting next_dagrun for 1_sports_goat_raw_to_clean to 2026-08-23 17:45:00+00:00, run_after=2026-08-24 17:45:00+00:00
[2026-08-24T14:01:22.176+0000] {logging_mixin.py:188} INFO - [2026-08-24T14:01:22.175+0000] {dag.py:3823} INFO - Setting next_dagrun for 2_sports_goat_run_batch to 2026-08-23 18:00:00+00:00, run_after=2026-08-24 18:00:00+00:00
[2026-08-24T14:01:22.211+0000] {processor.py:183} INFO - Processing /opt/airflow/dags/sports_goat_pipeline.py took 0.146 seconds
[2026-08-24T14:01:52.929+0000] {processor.py:161} INFO - Started process (PID=118) to work on /opt/airflow/dags/sports_goat_pipeline.py
[2026-08-24T14:01:52.932+0000] {processor.py:830} INFO - Processing file /opt/airflow/dags/sports_goat_pipeline.py for tasks to queue
[2026-08-24T14:01:52.934+0000] {logging_mixin.py:188} INFO - [2026-08-24T14:01:52.933+0000] {dagbag.py:538} INFO - Filling up the DagBag from /opt/airflow/dags/sports_goat_pipeline.py
[2026-08-24T14:01:52.961+0000] {processor.py:840} INFO - DAG(s) '2_sports_goat_run_batch', '1_sports_goat_raw_to_clean' retrieved from /opt/airflow/dags/sports_goat_pipeline.py
[2026-08-24T14:01:53.193+0000] {logging_mixin.py:188} INFO - [2026-08-24T14:01:53.192+0000] {dag.py:3036} INFO - Sync 2 DAGs
[2026-08-24T14:01:53.298+0000] {logging_mixin.py:188} INFO - [2026-08-24T14:01:53.296+0000] {dag.py:3823} INFO - Setting next_dagrun for 1_sports_goat_raw_to_clean to 2026-08-23 17:45:00+00:00, run_after=2026-08-24 17:45:00+00:00
[2026-08-24T14:01:53.310+0000] {logging_mixin.py:188} INFO - [2026-08-24T14:01:53.310+0000] {dag.py:3823} INFO - Setting next_dagrun for 2_sports_goat_run_batch to 2026-08-23 18:00:00+00:00, run_after=2026-08-24 18:00:00+00:00
[2026-08-24T14:01:53.363+0000] {processor.py:183} INFO - Processing /opt/airflow/dags/sports_goat_pipeline.py took 0.444 seconds
[2026-08-24T14:02:23.575+0000] {processor.py:161} INFO - Started process (PID=119) to work on /opt/airflow/dags/sports_goat_pipeline.py
[2026-08-24T14:02:23.576+0000] {processor.py:830} INFO - Processing file /opt/airflow/dags/sports_goat_pipeline.py for tasks to queue
[2026-08-24T14:02:23.579+0000] {logging_mixin.py:188} INFO - [2026-08-24T14:02:23.578+0000] {dagbag.py:538} INFO - Filling up the DagBag from /opt/airflow/dags/sports_goat_pipeline.py
[2026-08-24T14:02:23.599+0000] {processor.py:840} INFO - DAG(s) '1_sports_goat_raw_to_clean', '2_sports_goat_run_batch' retrieved from /opt/airflow/dags/sports_goat_pipeline.py
[2026-08-24T14:02:23.655+0000] {logging_mixin.py:188} INFO - [2026-08-24T14:02:23.654+0000] {dag.py:3036} INFO - Sync 2 DAGs
[2026-08-24T14:02:23.706+0000] {logging_mixin.py:188} INFO - [2026-08-24T14:02:23.705+0000] {dag.py:3823} INFO - Setting next_dagrun for 1_sports_goat_raw_to_clean to 2026-08-23 17:45:00+00:00, run_after=2026-08-24 17:45:00+00:00
[2026-08-24T14:02:23.720+0000] {logging_mixin.py:188} INFO - [2026-08-24T14:02:23.720+0000] {dag.py:3823} INFO - Setting next_dagrun for 2_sports_goat_run_batch to 2026-08-23 18:00:00+00:00, run_after=2026-08-24 18:00:00+00:00
[2026-08-24T14:02:23.762+0000] {processor.py:183} INFO - Processing /opt/airflow/dags/sports_goat_pipeline.py took 0.194 seconds
[2026-08-24T14:02:54.042+0000] {processor.py:161} INFO - Started process (PID=120) to work on /opt/airflow/dags/sports_goat_pipeline.py
[2026-08-24T14:02:54.045+0000] {processor.py:830} INFO - Processing file /opt/airflow/dags/sports_goat_pipeline.py for tasks to queue
[2026-08-24T14:02:54.049+0000] {logging_mixin.py:188} INFO - [2026-08-24T14:02:54.048+0000] {dagbag.py:538} INFO - Filling up the DagBag from /opt/airflow/dags/sports_goat_pipeline.py
[2026-08-24T14:02:54.063+0000] {processor.py:840} INFO - DAG(s) '1_sports_goat_raw_to_clean', '2_sports_goat_run_batch' retrieved from /opt/airflow/dags/sports_goat_pipeline.py
[2026-08-24T14:02:54.117+0000] {logging_mixin.py:188} INFO - [2026-08-24T14:02:54.117+0000] {dag.py:3036} INFO - Sync 2 DAGs
[2026-08-24T14:02:54.156+0000] {logging_mixin.py:188} INFO - [2026-08-24T14:02:54.156+0000] {dag.py:3823} INFO - Setting next_dagrun for 1_sports_goat_raw_to_clean to 2026-08-23 17:45:00+00:00, run_after=2026-08-24 17:45:00+00:00
[2026-08-24T14:02:54.172+0000] {logging_mixin.py:188} INFO - [2026-08-24T14:02:54.171+0000] {dag.py:3823} INFO - Setting next_dagrun for 2_sports_goat_run_batch to 2026-08-23 18:00:00+00:00, run_after=2026-08-24 18:00:00+00:00
[2026-08-24T14:02:54.224+0000] {processor.py:183} INFO - Processing /opt/airflow/dags/sports_goat_pipeline.py took 0.188 seconds
[2026-08-24T14:03:24.413+0000] {processor.py:161} INFO - Started process (PID=121) to work on /opt/airflow/dags/sports_goat_pipeline.py
[2026-08-24T14:03:24.415+0000] {processor.py:830} INFO - Processing file /opt/airflow/dags/sports_goat_pipeline.py for tasks to queue
[2026-08-24T14:03:24.416+0000] {logging_mixin.py:188} INFO - [2026-08-24T14:03:24.416+0000] {dagbag.py:538} INFO - Filling up the DagBag from /opt/airflow/dags/sports_goat_pipeline.py
[2026-08-24T14:03:24.436+0000] {processor.py:840} INFO - DAG(s) '1_sports_goat_raw_to_clean', '2_sports_goat_run_batch' retrieved from /opt/airflow/dags/sports_goat_pipeline.py
[2026-08-24T14:03:24.481+0000] {logging_mixin.py:188} INFO - [2026-08-24T14:03:24.480+0000] {dag.py:3036} INFO - Sync 2 DAGs
[2026-08-24T14:03:24.540+0000] {logging_mixin.py:188} INFO - [2026-08-24T14:03:24.539+0000] {dag.py:3823} INFO - Setting next_dagrun for 1_sports_goat_raw_to_clean to 2026-08-23 17:45:00+00:00, run_after=2026-08-24 17:45:00+00:00
[2026-08-24T14:03:24.557+0000] {logging_mixin.py:188} INFO - [2026-08-24T14:03:24.556+0000] {dag.py:3823} INFO - Setting next_dagrun for 2_sports_goat_run_batch to 2026-08-23 18:00:00+00:00, run_after=2026-08-24 18:00:00+00:00
[2026-08-24T14:03:24.627+0000] {processor.py:183} INFO - Processing /opt/airflow/dags/sports_goat_pipeline.py took 0.221 seconds
[2026-08-24T14:03:54.898+0000] {processor.py:161} INFO - Started process (PID=122) to work on /opt/airflow/dags/sports_goat_pipeline.py
[2026-08-24T14:03:54.903+0000] {processor.py:830} INFO - Processing file /opt/airflow/dags/sports_goat_pipeline.py for tasks to queue
[2026-08-24T14:03:54.913+0000] {logging_mixin.py:188} INFO - [2026-08-24T14:03:54.912+0000] {dagbag.py:538} INFO - Filling up the DagBag from /opt/airflow/dags/sports_goat_pipeline.py
[2026-08-24T14:03:54.942+0000] {processor.py:840} INFO - DAG(s) '2_sports_goat_run_batch', '1_sports_goat_raw_to_clean' retrieved from /opt/airflow/dags/sports_goat_pipeline.py
[2026-08-24T14:03:55.008+0000] {logging_mixin.py:188} INFO - [2026-08-24T14:03:55.007+0000] {dag.py:3036} INFO - Sync 2 DAGs
[2026-08-24T14:03:55.045+0000] {logging_mixin.py:188} INFO - [2026-08-24T14:03:55.044+0000] {dag.py:3823} INFO - Setting next_dagrun for 1_sports_goat_raw_to_clean to 2026-08-23 17:45:00+00:00, run_after=2026-08-24 17:45:00+00:00
[2026-08-24T14:03:55.058+0000] {logging_mixin.py:188} INFO - [2026-08-24T14:03:55.057+0000] {dag.py:3823} INFO - Setting next_dagrun for 2_sports_goat_run_batch to 2026-08-23 18:00:00+00:00, run_after=2026-08-24 18:00:00+00:00
[2026-08-24T14:03:55.089+0000] {processor.py:183} INFO - Processing /opt/airflow/dags/sports_goat_pipeline.py took 0.205 seconds
[2026-08-24T14:04:25.324+0000] {processor.py:161} INFO - Started process (PID=123) to work on /opt/airflow/dags/sports_goat_pipeline.py
[2026-08-24T14:04:25.328+0000] {processor.py:830} INFO - Processing file /opt/airflow/dags/sports_goat_pipeline.py for tasks to queue
[2026-08-24T14:04:25.330+0000] {logging_mixin.py:188} INFO - [2026-08-24T14:04:25.329+0000] {dagbag.py:538} INFO - Filling up the DagBag from /opt/airflow/dags/sports_goat_pipeline.py
[2026-08-24T14:04:25.345+0000] {processor.py:840} INFO - DAG(s) '2_sports_goat_run_batch', '1_sports_goat_raw_to_clean' retrieved from /opt/airflow/dags/sports_goat_pipeline.py
[2026-08-24T14:04:25.396+0000] {logging_mixin.py:188} INFO - [2026-08-24T14:04:25.395+0000] {dag.py:3036} INFO - Sync 2 DAGs
[2026-08-24T14:04:25.431+0000] {logging_mixin.py:188} INFO - [2026-08-24T14:04:25.430+0000] {dag.py:3823} INFO - Setting next_dagrun for 1_sports_goat_raw_to_clean to 2026-08-23 17:45:00+00:00, run_after=2026-08-24 17:45:00+00:00
[2026-08-24T14:04:25.439+0000] {logging_mixin.py:188} INFO - [2026-08-24T14:04:25.438+0000] {dag.py:3823} INFO - Setting next_dagrun for 2_sports_goat_run_batch to 2026-08-23 18:00:00+00:00, run_after=2026-08-24 18:00:00+00:00
[2026-08-24T14:04:25.478+0000] {processor.py:183} INFO - Processing /opt/airflow/dags/sports_goat_pipeline.py took 0.160 seconds
[2026-08-24T14:04:55.670+0000] {processor.py:161} INFO - Started process (PID=124) to work on /opt/airflow/dags/sports_goat_pipeline.py
[2026-08-24T14:04:55.672+0000] {processor.py:830} INFO - Processing file /opt/airflow/dags/sports_goat_pipeline.py for tasks to queue
[2026-08-24T14:04:55.674+0000] {logging_mixin.py:188} INFO - [2026-08-24T14:04:55.673+0000] {dagbag.py:538} INFO - Filling up the DagBag from /opt/airflow/dags/sports_goat_pipeline.py
[2026-08-24T14:04:55.691+0000] {processor.py:840} INFO - DAG(s) '2_sports_goat_run_batch', '1_sports_goat_raw_to_clean' retrieved from /opt/airflow/dags/sports_goat_pipeline.py
[2026-08-24T14:04:55.741+0000] {logging_mixin.py:188} INFO - [2026-08-24T14:04:55.740+0000] {dag.py:3036} INFO - Sync 2 DAGs
[2026-08-24T14:04:55.782+0000] {logging_mixin.py:188} INFO - [2026-08-24T14:04:55.782+0000] {dag.py:3823} INFO - Setting next_dagrun for 1_sports_goat_raw_to_clean to 2026-08-23 17:45:00+00:00, run_after=2026-08-24 17:45:00+00:00
[2026-08-24T14:04:55.793+0000] {logging_mixin.py:188} INFO - [2026-08-24T14:04:55.792+0000] {dag.py:3823} INFO - Setting next_dagrun for 2_sports_goat_run_batch to 2026-08-23 18:00:00+00:00, run_after=2026-08-24 18:00:00+00:00
[2026-08-24T14:04:55.823+0000] {processor.py:183} INFO - Processing /opt/airflow/dags/sports_goat_pipeline.py took 0.159 seconds
[2026-08-24T14:05:26.040+0000] {processor.py:161} INFO - Started process (PID=125) to work on /opt/airflow/dags/sports_goat_pipeline.py
[2026-08-24T14:05:26.041+0000] {processor.py:830} INFO - Processing file /opt/airflow/dags/sports_goat_pipeline.py for tasks to queue
[2026-08-24T14:05:26.043+0000] {logging_mixin.py:188} INFO - [2026-08-24T14:05:26.042+0000] {dagbag.py:538} INFO - Filling up the DagBag from /opt/airflow/dags/sports_goat_pipeline.py
[2026-08-24T14:05:26.056+0000] {processor.py:840} INFO - DAG(s) '1_sports_goat_raw_to_clean', '2_sports_goat_run_batch' retrieved from /opt/airflow/dags/sports_goat_pipeline.py
[2026-08-24T14:05:26.091+0000] {logging_mixin.py:188} INFO - [2026-08-24T14:05:26.091+0000] {dag.py:3036} INFO - Sync 2 DAGs
[2026-08-24T14:05:26.125+0000] {logging_mixin.py:188} INFO - [2026-08-24T14:05:26.124+0000] {dag.py:3823} INFO - Setting next_dagrun for 1_sports_goat_raw_to_clean to 2026-08-23 17:45:00+00:00, run_after=2026-08-24 17:45:00+00:00
[2026-08-24T14:05:26.133+0000] {logging_mixin.py:188} INFO - [2026-08-24T14:05:26.133+0000] {dag.py:3823} INFO - Setting next_dagrun for 2_sports_goat_run_batch to 2026-08-23 18:00:00+00:00, run_after=2026-08-24 18:00:00+00:00
[2026-08-24T14:05:26.209+0000] {processor.py:183} INFO - Processing /opt/airflow/dags/sports_goat_pipeline.py took 0.175 seconds
[2026-08-24T14:05:56.386+0000] {processor.py:161} INFO - Started process (PID=126) to work on /opt/airflow/dags/sports_goat_pipeline.py
[2026-08-24T14:05:56.387+0000] {processor.py:830} INFO - Processing file /opt/airflow/dags/sports_goat_pipeline.py for tasks to queue
[2026-08-24T14:05:56.389+0000] {logging_mixin.py:188} INFO - [2026-08-24T14:05:56.388+0000] {dagbag.py:538} INFO - Filling up the DagBag from /opt/airflow/dags/sports_goat_pipeline.py
[2026-08-24T14:05:56.405+0000] {processor.py:840} INFO - DAG(s) '1_sports_goat_raw_to_clean', '2_sports_goat_run_batch' retrieved from /opt/airflow/dags/sports_goat_pipeline.py
[2026-08-24T14:05:56.448+0000] {logging_mixin.py:188} INFO - [2026-08-24T14:05:56.448+0000] {dag.py:3036} INFO - Sync 2 DAGs
[2026-08-24T14:05:56.479+0000] {logging_mixin.py:188} INFO - [2026-08-24T14:05:56.479+0000] {dag.py:3823} INFO - Setting next_dagrun for 1_sports_goat_raw_to_clean to 2026-08-23 17:45:00+00:00, run_after=2026-08-24 17:45:00+00:00
[2026-08-24T14:05:56.488+0000] {logging_mixin.py:188} INFO - [2026-08-24T14:05:56.488+0000] {dag.py:3823} INFO - Setting next_dagrun for 2_sports_goat_run_batch to 2026-08-23 18:00:00+00:00, run_after=2026-08-24 18:00:00+00:00
[2026-08-24T14:05:56.519+0000] {processor.py:183} INFO - Processing /opt/airflow/dags/sports_goat_pipeline.py took 0.139 seconds
[2026-08-24T14:06:26.768+0000] {processor.py:161} INFO - Started process (PID=127) to work on /opt/airflow/dags/sports_goat_pipeline.py
[2026-08-24T14:06:26.770+0000] {processor.py:830} INFO - Processing file /opt/airflow/dags/sports_goat_pipeline.py for tasks to queue
[2026-08-24T14:06:26.772+0000] {logging_mixin.py:188} INFO - [2026-08-24T14:06:26.771+0000] {dagbag.py:538} INFO - Filling up the DagBag from /opt/airflow/dags/sports_goat_pipeline.py
[2026-08-24T14:06:26.791+0000] {processor.py:840} INFO - DAG(s) '1_sports_goat_raw_to_clean', '2_sports_goat_run_batch' retrieved from /opt/airflow/dags/sports_goat_pipeline.py
[2026-08-24T14:06:26.836+0000] {logging_mixin.py:188} INFO - [2026-08-24T14:06:26.836+0000] {dag.py:3036} INFO - Sync 2 DAGs
[2026-08-24T14:06:26.877+0000] {logging_mixin.py:188} INFO - [2026-08-24T14:06:26.877+0000] {dag.py:3823} INFO - Setting next_dagrun for 1_sports_goat_raw_to_clean to 2026-08-23 17:45:00+00:00, run_after=2026-08-24 17:45:00+00:00
[2026-08-24T14:06:26.886+0000] {logging_mixin.py:188} INFO - [2026-08-24T14:06:26.885+0000] {dag.py:3823} INFO - Setting next_dagrun for 2_sports_goat_run_batch to 2026-08-23 18:00:00+00:00, run_after=2026-08-24 18:00:00+00:00
[2026-08-24T14:06:26.937+0000] {processor.py:183} INFO - Processing /opt/airflow/dags/sports_goat_pipeline.py took 0.175 seconds
[2026-08-24T14:06:57.144+0000] {processor.py:161} INFO - Started process (PID=128) to work on /opt/airflow/dags/sports_goat_pipeline.py
[2026-08-24T14:06:57.145+0000] {processor.py:830} INFO - Processing file /opt/airflow/dags/sports_goat_pipeline.py for tasks to queue
[2026-08-24T14:06:57.147+0000] {logging_mixin.py:188} INFO - [2026-08-24T14:06:57.147+0000] {dagbag.py:538} INFO - Filling up the DagBag from /opt/airflow/dags/sports_goat_pipeline.py
[2026-08-24T14:06:57.160+0000] {processor.py:840} INFO - DAG(s) '1_sports_goat_raw_to_clean', '2_sports_goat_run_batch' retrieved from /opt/airflow/dags/sports_goat_pipeline.py
[2026-08-24T14:06:57.196+0000] {logging_mixin.py:188} INFO - [2026-08-24T14:06:57.195+0000] {dag.py:3036} INFO - Sync 2 DAGs
[2026-08-24T14:06:57.228+0000] {logging_mixin.py:188} INFO - [2026-08-24T14:06:57.227+0000] {dag.py:3823} INFO - Setting next_dagrun for 1_sports_goat_raw_to_clean to 2026-08-23 17:45:00+00:00, run_after=2026-08-24 17:45:00+00:00
[2026-08-24T14:06:57.234+0000] {logging_mixin.py:188} INFO - [2026-08-24T14:06:57.234+0000] {dag.py:3823} INFO - Setting next_dagrun for 2_sports_goat_run_batch to 2026-08-23 18:00:00+00:00, run_after=2026-08-24 18:00:00+00:00
[2026-08-24T14:06:57.264+0000] {processor.py:183} INFO - Processing /opt/airflow/dags/sports_goat_pipeline.py took 0.125 seconds
[2026-08-24T14:07:27.369+0000] {processor.py:161} INFO - Started process (PID=129) to work on /opt/airflow/dags/sports_goat_pipeline.py
[2026-08-24T14:07:27.371+0000] {processor.py:830} INFO - Processing file /opt/airflow/dags/sports_goat_pipeline.py for tasks to queue
[2026-08-24T14:07:27.373+0000] {logging_mixin.py:188} INFO - [2026-08-24T14:07:27.372+0000] {dagbag.py:538} INFO - Filling up the DagBag from /opt/airflow/dags/sports_goat_pipeline.py
[2026-08-24T14:07:27.386+0000] {processor.py:840} INFO - DAG(s) '2_sports_goat_run_batch', '1_sports_goat_raw_to_clean' retrieved from /opt/airflow/dags/sports_goat_pipeline.py
[2026-08-24T14:07:27.430+0000] {logging_mixin.py:188} INFO - [2026-08-24T14:07:27.429+0000] {dag.py:3036} INFO - Sync 2 DAGs
[2026-08-24T14:07:27.465+0000] {logging_mixin.py:188} INFO - [2026-08-24T14:07:27.464+0000] {dag.py:3823} INFO - Setting next_dagrun for 1_sports_goat_raw_to_clean to 2026-08-23 17:45:00+00:00, run_after=2026-08-24 17:45:00+00:00
[2026-08-24T14:07:27.472+0000] {logging_mixin.py:188} INFO - [2026-08-24T14:07:27.472+0000] {dag.py:3823} INFO - Setting next_dagrun for 2_sports_goat_run_batch to 2026-08-23 18:00:00+00:00, run_after=2026-08-24 18:00:00+00:00
[2026-08-24T14:07:27.500+0000] {processor.py:183} INFO - Processing /opt/airflow/dags/sports_goat_pipeline.py took 0.137 seconds
[2026-08-24T14:07:57.733+0000] {processor.py:161} INFO - Started process (PID=130) to work on /opt/airflow/dags/sports_goat_pipeline.py
[2026-08-24T14:07:57.734+0000] {processor.py:830} INFO - Processing file /opt/airflow/dags/sports_goat_pipeline.py for tasks to queue
[2026-08-24T14:07:57.738+0000] {logging_mixin.py:188} INFO - [2026-08-24T14:07:57.736+0000] {dagbag.py:538} INFO - Filling up the DagBag from /opt/airflow/dags/sports_goat_pipeline.py
[2026-08-24T14:07:57.751+0000] {processor.py:840} INFO - DAG(s) '2_sports_goat_run_batch', '1_sports_goat_raw_to_clean' retrieved from /opt/airflow/dags/sports_goat_pipeline.py
[2026-08-24T14:07:57.787+0000] {logging_mixin.py:188} INFO - [2026-08-24T14:07:57.786+0000] {dag.py:3036} INFO - Sync 2 DAGs
[2026-08-24T14:07:57.810+0000] {logging_mixin.py:188} INFO - [2026-08-24T14:07:57.810+0000] {dag.py:3823} INFO - Setting next_dagrun for 1_sports_goat_raw_to_clean to 2026-08-23 17:45:00+00:00, run_after=2026-08-24 17:45:00+00:00
[2026-08-24T14:07:57.819+0000] {logging_mixin.py:188} INFO - [2026-08-24T14:07:57.819+0000] {dag.py:3823} INFO - Setting next_dagrun for 2_sports_goat_run_batch to 2026-08-23 18:00:00+00:00, run_after=2026-08-24 18:00:00+00:00
[2026-08-24T14:07:57.843+0000] {processor.py:183} INFO - Processing /opt/airflow/dags/sports_goat_pipeline.py took 0.115 seconds
[2026-08-24T14:08:28.086+0000] {processor.py:161} INFO - Started process (PID=131) to work on /opt/airflow/dags/sports_goat_pipeline.py
[2026-08-24T14:08:28.089+0000] {processor.py:830} INFO - Processing file /opt/airflow/dags/sports_goat_pipeline.py for tasks to queue
[2026-08-24T14:08:28.092+0000] {logging_mixin.py:188} INFO - [2026-08-24T14:08:28.091+0000] {dagbag.py:538} INFO - Filling up the DagBag from /opt/airflow/dags/sports_goat_pipeline.py
[2026-08-24T14:08:28.106+0000] {processor.py:840} INFO - DAG(s) '1_sports_goat_raw_to_clean', '2_sports_goat_run_batch' retrieved from /opt/airflow/dags/sports_goat_pipeline.py
[2026-08-24T14:08:28.155+0000] {logging_mixin.py:188} INFO - [2026-08-24T14:08:28.155+0000] {dag.py:3036} INFO - Sync 2 DAGs
[2026-08-24T14:08:28.192+0000] {logging_mixin.py:188} INFO - [2026-08-24T14:08:28.192+0000] {dag.py:3823} INFO - Setting next_dagrun for 1_sports_goat_raw_to_clean to 2026-08-23 17:45:00+00:00, run_after=2026-08-24 17:45:00+00:00
[2026-08-24T14:08:28.199+0000] {logging_mixin.py:188} INFO - [2026-08-24T14:08:28.199+0000] {dag.py:3823} INFO - Setting next_dagrun for 2_sports_goat_run_batch to 2026-08-23 18:00:00+00:00, run_after=2026-08-24 18:00:00+00:00
[2026-08-24T14:08:28.233+0000] {processor.py:183} INFO - Processing /opt/airflow/dags/sports_goat_pipeline.py took 0.152 seconds
[2026-08-24T14:08:58.392+0000] {processor.py:161} INFO - Started process (PID=132) to work on /opt/airflow/dags/sports_goat_pipeline.py
[2026-08-24T14:08:58.394+0000] {processor.py:830} INFO - Processing file /opt/airflow/dags/sports_goat_pipeline.py for tasks to queue
[2026-08-24T14:08:58.395+0000] {logging_mixin.py:188} INFO - [2026-08-24T14:08:58.395+0000] {dagbag.py:538} INFO - Filling up the DagBag from /opt/airflow/dags/sports_goat_pipeline.py
[2026-08-24T14:08:58.409+0000] {processor.py:840} INFO - DAG(s) '2_sports_goat_run_batch', '1_sports_goat_raw_to_clean' retrieved from /opt/airflow/dags/sports_goat_pipeline.py
[2026-08-24T14:08:58.445+0000] {logging_mixin.py:188} INFO - [2026-08-24T14:08:58.445+0000] {dag.py:3036} INFO - Sync 2 DAGs
[2026-08-24T14:08:58.474+0000] {logging_mixin.py:188} INFO - [2026-08-24T14:08:58.474+0000] {dag.py:3823} INFO - Setting next_dagrun for 1_sports_goat_raw_to_clean to 2026-08-23 17:45:00+00:00, run_after=2026-08-24 17:45:00+00:00
[2026-08-24T14:08:58.481+0000] {logging_mixin.py:188} INFO - [2026-08-24T14:08:58.480+0000] {dag.py:3823} INFO - Setting next_dagrun for 2_sports_goat_run_batch to 2026-08-23 18:00:00+00:00, run_after=2026-08-24 18:00:00+00:00
[2026-08-24T14:08:58.557+0000] {processor.py:183} INFO - Processing /opt/airflow/dags/sports_goat_pipeline.py took 0.169 seconds
[2026-08-24T14:09:28.951+0000] {processor.py:161} INFO - Started process (PID=133) to work on /opt/airflow/dags/sports_goat_pipeline.py
[2026-08-24T14:09:28.963+0000] {processor.py:830} INFO - Processing file /opt/airflow/dags/sports_goat_pipeline.py for tasks to queue
[2026-08-24T14:09:28.967+0000] {logging_mixin.py:188} INFO - [2026-08-24T14:09:28.966+0000] {dagbag.py:538} INFO - Filling up the DagBag from /opt/airflow/dags/sports_goat_pipeline.py
[2026-08-24T14:09:28.998+0000] {processor.py:840} INFO - DAG(s) '1_sports_goat_raw_to_clean', '2_sports_goat_run_batch' retrieved from /opt/airflow/dags/sports_goat_pipeline.py
[2026-08-24T14:09:29.066+0000] {logging_mixin.py:188} INFO - [2026-08-24T14:09:29.065+0000] {dag.py:3036} INFO - Sync 2 DAGs
[2026-08-24T14:09:29.119+0000] {logging_mixin.py:188} INFO - [2026-08-24T14:09:29.118+0000] {dag.py:3823} INFO - Setting next_dagrun for 1_sports_goat_raw_to_clean to 2026-08-23 17:45:00+00:00, run_after=2026-08-24 17:45:00+00:00
[2026-08-24T14:09:29.132+0000] {logging_mixin.py:188} INFO - [2026-08-24T14:09:29.132+0000] {dag.py:3823} INFO - Setting next_dagrun for 2_sports_goat_run_batch to 2026-08-23 18:00:00+00:00, run_after=2026-08-24 18:00:00+00:00
[2026-08-24T14:09:29.183+0000] {processor.py:183} INFO - Processing /opt/airflow/dags/sports_goat_pipeline.py took 0.241 seconds
[2026-08-24T14:09:59.410+0000] {processor.py:161} INFO - Started process (PID=134) to work on /opt/airflow/dags/sports_goat_pipeline.py
[2026-08-24T14:09:59.412+0000] {processor.py:830} INFO - Processing file /opt/airflow/dags/sports_goat_pipeline.py for tasks to queue
[2026-08-24T14:09:59.414+0000] {logging_mixin.py:188} INFO - [2026-08-24T14:09:59.413+0000] {dagbag.py:538} INFO - Filling up the DagBag from /opt/airflow/dags/sports_goat_pipeline.py
[2026-08-24T14:09:59.431+0000] {processor.py:840} INFO - DAG(s) '2_sports_goat_run_batch', '1_sports_goat_raw_to_clean' retrieved from /opt/airflow/dags/sports_goat_pipeline.py
[2026-08-24T14:09:59.481+0000] {logging_mixin.py:188} INFO - [2026-08-24T14:09:59.481+0000] {dag.py:3036} INFO - Sync 2 DAGs
[2026-08-24T14:09:59.517+0000] {logging_mixin.py:188} INFO - [2026-08-24T14:09:59.516+0000] {dag.py:3823} INFO - Setting next_dagrun for 1_sports_goat_raw_to_clean to 2026-08-23 17:45:00+00:00, run_after=2026-08-24 17:45:00+00:00
[2026-08-24T14:09:59.530+0000] {logging_mixin.py:188} INFO - [2026-08-24T14:09:59.529+0000] {dag.py:3823} INFO - Setting next_dagrun for 2_sports_goat_run_batch to 2026-08-23 18:00:00+00:00, run_after=2026-08-24 18:00:00+00:00
[2026-08-24T14:09:59.566+0000] {processor.py:183} INFO - Processing /opt/airflow/dags/sports_goat_pipeline.py took 0.162 seconds
[2026-08-24T14:10:29.702+0000] {processor.py:161} INFO - Started process (PID=135) to work on /opt/airflow/dags/sports_goat_pipeline.py
[2026-08-24T14:10:29.703+0000] {processor.py:830} INFO - Processing file /opt/airflow/dags/sports_goat_pipeline.py for tasks to queue
[2026-08-24T14:10:29.704+0000] {logging_mixin.py:188} INFO - [2026-08-24T14:10:29.704+0000] {dagbag.py:538} INFO - Filling up the DagBag from /opt/airflow/dags/sports_goat_pipeline.py
[2026-08-24T14:10:29.723+0000] {processor.py:840} INFO - DAG(s) '1_sports_goat_raw_to_clean', '2_sports_goat_run_batch' retrieved from /opt/airflow/dags/sports_goat_pipeline.py
[2026-08-24T14:10:29.753+0000] {logging_mixin.py:188} INFO - [2026-08-24T14:10:29.753+0000] {dag.py:3036} INFO - Sync 2 DAGs
[2026-08-24T14:10:29.777+0000] {logging_mixin.py:188} INFO - [2026-08-24T14:10:29.777+0000] {dag.py:3823} INFO - Setting next_dagrun for 1_sports_goat_raw_to_clean to 2026-08-23 17:45:00+00:00, run_after=2026-08-24 17:45:00+00:00
[2026-08-24T14:10:29.784+0000] {logging_mixin.py:188} INFO - [2026-08-24T14:10:29.783+0000] {dag.py:3823} INFO - Setting next_dagrun for 2_sports_goat_run_batch to 2026-08-23 18:00:00+00:00, run_after=2026-08-24 18:00:00+00:00
[2026-08-24T14:10:29.810+0000] {processor.py:183} INFO - Processing /opt/airflow/dags/sports_goat_pipeline.py took 0.114 seconds
[2026-08-24T14:11:00.037+0000] {processor.py:161} INFO - Started process (PID=136) to work on /opt/airflow/dags/sports_goat_pipeline.py
[2026-08-24T14:11:00.040+0000] {processor.py:830} INFO - Processing file /opt/airflow/dags/sports_goat_pipeline.py for tasks to queue
[2026-08-24T14:11:00.043+0000] {logging_mixin.py:188} INFO - [2026-08-24T14:11:00.042+0000] {dagbag.py:538} INFO - Filling up the DagBag from /opt/airflow/dags/sports_goat_pipeline.py
[2026-08-24T14:11:00.061+0000] {processor.py:840} INFO - DAG(s) '2_sports_goat_run_batch', '1_sports_goat_raw_to_clean' retrieved from /opt/airflow/dags/sports_goat_pipeline.py
[2026-08-24T14:11:00.117+0000] {logging_mixin.py:188} INFO - [2026-08-24T14:11:00.116+0000] {dag.py:3036} INFO - Sync 2 DAGs
[2026-08-24T14:11:00.159+0000] {logging_mixin.py:188} INFO - [2026-08-24T14:11:00.158+0000] {dag.py:3823} INFO - Setting next_dagrun for 1_sports_goat_raw_to_clean to 2026-08-23 17:45:00+00:00, run_after=2026-08-24 17:45:00+00:00
[2026-08-24T14:11:00.169+0000] {logging_mixin.py:188} INFO - [2026-08-24T14:11:00.169+0000] {dag.py:3823} INFO - Setting next_dagrun for 2_sports_goat_run_batch to 2026-08-23 18:00:00+00:00, run_after=2026-08-24 18:00:00+00:00
[2026-08-24T14:11:00.212+0000] {processor.py:183} INFO - Processing /opt/airflow/dags/sports_goat_pipeline.py took 0.184 seconds
[2026-08-24T14:11:30.342+0000] {processor.py:161} INFO - Started process (PID=137) to work on /opt/airflow/dags/sports_goat_pipeline.py
[2026-08-24T14:11:30.345+0000] {processor.py:830} INFO - Processing file /opt/airflow/dags/sports_goat_pipeline.py for tasks to queue
[2026-08-24T14:11:30.349+0000] {logging_mixin.py:188} INFO - [2026-08-24T14:11:30.348+0000] {dagbag.py:538} INFO - Filling up the DagBag from /opt/airflow/dags/sports_goat_pipeline.py
[2026-08-24T14:11:30.367+0000] {processor.py:840} INFO - DAG(s) '1_sports_goat_raw_to_clean', '2_sports_goat_run_batch' retrieved from /opt/airflow/dags/sports_goat_pipeline.py
[2026-08-24T14:11:30.427+0000] {logging_mixin.py:188} INFO - [2026-08-24T14:11:30.426+0000] {dag.py:3036} INFO - Sync 2 DAGs
[2026-08-24T14:11:30.468+0000] {logging_mixin.py:188} INFO - [2026-08-24T14:11:30.468+0000] {dag.py:3823} INFO - Setting next_dagrun for 1_sports_goat_raw_to_clean to 2026-08-23 17:45:00+00:00, run_after=2026-08-24 17:45:00+00:00
[2026-08-24T14:11:30.476+0000] {logging_mixin.py:188} INFO - [2026-08-24T14:11:30.476+0000] {dag.py:3823} INFO - Setting next_dagrun for 2_sports_goat_run_batch to 2026-08-23 18:00:00+00:00, run_after=2026-08-24 18:00:00+00:00
[2026-08-24T14:11:30.511+0000] {processor.py:183} INFO - Processing /opt/airflow/dags/sports_goat_pipeline.py took 0.172 seconds
[2026-08-24T14:12:00.656+0000] {processor.py:161} INFO - Started process (PID=138) to work on /opt/airflow/dags/sports_goat_pipeline.py
[2026-08-24T14:12:00.659+0000] {processor.py:830} INFO - Processing file /opt/airflow/dags/sports_goat_pipeline.py for tasks to queue
[2026-08-24T14:12:00.661+0000] {logging_mixin.py:188} INFO - [2026-08-24T14:12:00.660+0000] {dagbag.py:538} INFO - Filling up the DagBag from /opt/airflow/dags/sports_goat_pipeline.py
[2026-08-24T14:12:00.675+0000] {processor.py:840} INFO - DAG(s) '2_sports_goat_run_batch', '1_sports_goat_raw_to_clean' retrieved from /opt/airflow/dags/sports_goat_pipeline.py
[2026-08-24T14:12:00.722+0000] {logging_mixin.py:188} INFO - [2026-08-24T14:12:00.720+0000] {dag.py:3036} INFO - Sync 2 DAGs
[2026-08-24T14:12:00.759+0000] {logging_mixin.py:188} INFO - [2026-08-24T14:12:00.758+0000] {dag.py:3823} INFO - Setting next_dagrun for 1_sports_goat_raw_to_clean to 2026-08-23 17:45:00+00:00, run_after=2026-08-24 17:45:00+00:00
[2026-08-24T14:12:00.766+0000] {logging_mixin.py:188} INFO - [2026-08-24T14:12:00.765+0000] {dag.py:3823} INFO - Setting next_dagrun for 2_sports_goat_run_batch to 2026-08-23 18:00:00+00:00, run_after=2026-08-24 18:00:00+00:00
[2026-08-24T14:12:00.799+0000] {processor.py:183} INFO - Processing /opt/airflow/dags/sports_goat_pipeline.py took 0.148 seconds
[2026-08-24T14:12:30.972+0000] {processor.py:161} INFO - Started process (PID=139) to work on /opt/airflow/dags/sports_goat_pipeline.py
[2026-08-24T14:12:30.973+0000] {processor.py:830} INFO - Processing file /opt/airflow/dags/sports_goat_pipeline.py for tasks to queue
[2026-08-24T14:12:30.975+0000] {logging_mixin.py:188} INFO - [2026-08-24T14:12:30.974+0000] {dagbag.py:538} INFO - Filling up the DagBag from /opt/airflow/dags/sports_goat_pipeline.py
[2026-08-24T14:12:30.988+0000] {processor.py:840} INFO - DAG(s) '1_sports_goat_raw_to_clean', '2_sports_goat_run_batch' retrieved from /opt/airflow/dags/sports_goat_pipeline.py
[2026-08-24T14:12:31.024+0000] {logging_mixin.py:188} INFO - [2026-08-24T14:12:31.024+0000] {dag.py:3036} INFO - Sync 2 DAGs
[2026-08-24T14:12:31.053+0000] {logging_mixin.py:188} INFO - [2026-08-24T14:12:31.053+0000] {dag.py:3823} INFO - Setting next_dagrun for 1_sports_goat_raw_to_clean to 2026-08-23 17:45:00+00:00, run_after=2026-08-24 17:45:00+00:00
[2026-08-24T14:12:31.061+0000] {logging_mixin.py:188} INFO - [2026-08-24T14:12:31.061+0000] {dag.py:3823} INFO - Setting next_dagrun for 2_sports_goat_run_batch to 2026-08-23 18:00:00+00:00, run_after=2026-08-24 18:00:00+00:00
[2026-08-24T14:12:31.088+0000] {processor.py:183} INFO - Processing /opt/airflow/dags/sports_goat_pipeline.py took 0.121 seconds
[2026-08-24T14:13:01.287+0000] {processor.py:161} INFO - Started process (PID=140) to work on /opt/airflow/dags/sports_goat_pipeline.py
[2026-08-24T14:13:01.289+0000] {processor.py:830} INFO - Processing file /opt/airflow/dags/sports_goat_pipeline.py for tasks to queue
[2026-08-24T14:13:01.291+0000] {logging_mixin.py:188} INFO - [2026-08-24T14:13:01.291+0000] {dagbag.py:538} INFO - Filling up the DagBag from /opt/airflow/dags/sports_goat_pipeline.py
[2026-08-24T14:13:01.310+0000] {processor.py:840} INFO - DAG(s) '2_sports_goat_run_batch', '1_sports_goat_raw_to_clean' retrieved from /opt/airflow/dags/sports_goat_pipeline.py
[2026-08-24T14:13:01.371+0000] {logging_mixin.py:188} INFO - [2026-08-24T14:13:01.370+0000] {dag.py:3036} INFO - Sync 2 DAGs
[2026-08-24T14:13:01.407+0000] {logging_mixin.py:188} INFO - [2026-08-24T14:13:01.407+0000] {dag.py:3823} INFO - Setting next_dagrun for 1_sports_goat_raw_to_clean to 2026-08-23 17:45:00+00:00, run_after=2026-08-24 17:45:00+00:00
[2026-08-24T14:13:01.416+0000] {logging_mixin.py:188} INFO - [2026-08-24T14:13:01.415+0000] {dag.py:3823} INFO - Setting next_dagrun for 2_sports_goat_run_batch to 2026-08-23 18:00:00+00:00, run_after=2026-08-24 18:00:00+00:00
[2026-08-24T14:13:01.524+0000] {processor.py:183} INFO - Processing /opt/airflow/dags/sports_goat_pipeline.py took 0.242 seconds
[2026-08-24T14:13:31.743+0000] {processor.py:161} INFO - Started process (PID=141) to work on /opt/airflow/dags/sports_goat_pipeline.py
[2026-08-24T14:13:31.747+0000] {processor.py:830} INFO - Processing file /opt/airflow/dags/sports_goat_pipeline.py for tasks to queue
[2026-08-24T14:13:31.749+0000] {logging_mixin.py:188} INFO - [2026-08-24T14:13:31.748+0000] {dagbag.py:538} INFO - Filling up the DagBag from /opt/airflow/dags/sports_goat_pipeline.py
[2026-08-24T14:13:31.768+0000] {processor.py:840} INFO - DAG(s) '2_sports_goat_run_batch', '1_sports_goat_raw_to_clean' retrieved from /opt/airflow/dags/sports_goat_pipeline.py
[2026-08-24T14:13:31.832+0000] {logging_mixin.py:188} INFO - [2026-08-24T14:13:31.832+0000] {dag.py:3036} INFO - Sync 2 DAGs
[2026-08-24T14:13:31.879+0000] {logging_mixin.py:188} INFO - [2026-08-24T14:13:31.879+0000] {dag.py:3823} INFO - Setting next_dagrun for 1_sports_goat_raw_to_clean to 2026-08-23 17:45:00+00:00, run_after=2026-08-24 17:45:00+00:00
[2026-08-24T14:13:31.892+0000] {logging_mixin.py:188} INFO - [2026-08-24T14:13:31.892+0000] {dag.py:3823} INFO - Setting next_dagrun for 2_sports_goat_run_batch to 2026-08-23 18:00:00+00:00, run_after=2026-08-24 18:00:00+00:00
[2026-08-24T14:13:31.938+0000] {processor.py:183} INFO - Processing /opt/airflow/dags/sports_goat_pipeline.py took 0.203 seconds
[2026-08-24T14:14:02.202+0000] {processor.py:161} INFO - Started process (PID=142) to work on /opt/airflow/dags/sports_goat_pipeline.py
[2026-08-24T14:14:02.204+0000] {processor.py:830} INFO - Processing file /opt/airflow/dags/sports_goat_pipeline.py for tasks to queue
[2026-08-24T14:14:02.208+0000] {logging_mixin.py:188} INFO - [2026-08-24T14:14:02.207+0000] {dagbag.py:538} INFO - Filling up the DagBag from /opt/airflow/dags/sports_goat_pipeline.py
[2026-08-24T14:14:02.222+0000] {processor.py:840} INFO - DAG(s) '1_sports_goat_raw_to_clean', '2_sports_goat_run_batch' retrieved from /opt/airflow/dags/sports_goat_pipeline.py
[2026-08-24T14:14:02.263+0000] {logging_mixin.py:188} INFO - [2026-08-24T14:14:02.263+0000] {dag.py:3036} INFO - Sync 2 DAGs
[2026-08-24T14:14:02.296+0000] {logging_mixin.py:188} INFO - [2026-08-24T14:14:02.295+0000] {dag.py:3823} INFO - Setting next_dagrun for 1_sports_goat_raw_to_clean to 2026-08-23 17:45:00+00:00, run_after=2026-08-24 17:45:00+00:00
[2026-08-24T14:14:02.303+0000] {logging_mixin.py:188} INFO - [2026-08-24T14:14:02.302+0000] {dag.py:3823} INFO - Setting next_dagrun for 2_sports_goat_run_batch to 2026-08-23 18:00:00+00:00, run_after=2026-08-24 18:00:00+00:00
[2026-08-24T14:14:02.333+0000] {processor.py:183} INFO - Processing /opt/airflow/dags/sports_goat_pipeline.py took 0.136 seconds
[2026-08-24T14:14:32.612+0000] {processor.py:161} INFO - Started process (PID=143) to work on /opt/airflow/dags/sports_goat_pipeline.py
[2026-08-24T14:14:32.621+0000] {processor.py:830} INFO - Processing file /opt/airflow/dags/sports_goat_pipeline.py for tasks to queue
[2026-08-24T14:14:32.623+0000] {logging_mixin.py:188} INFO - [2026-08-24T14:14:32.622+0000] {dagbag.py:538} INFO - Filling up the DagBag from /opt/airflow/dags/sports_goat_pipeline.py
[2026-08-24T14:14:32.714+0000] {processor.py:840} INFO - DAG(s) '1_sports_goat_raw_to_clean', '2_sports_goat_run_batch' retrieved from /opt/airflow/dags/sports_goat_pipeline.py
[2026-08-24T14:14:32.866+0000] {logging_mixin.py:188} INFO - [2026-08-24T14:14:32.866+0000] {dag.py:3036} INFO - Sync 2 DAGs
[2026-08-24T14:14:32.892+0000] {logging_mixin.py:188} INFO - [2026-08-24T14:14:32.891+0000] {dag.py:3823} INFO - Setting next_dagrun for 1_sports_goat_raw_to_clean to 2026-08-23 17:45:00+00:00, run_after=2026-08-24 17:45:00+00:00
[2026-08-24T14:14:32.899+0000] {logging_mixin.py:188} INFO - [2026-08-24T14:14:32.898+0000] {dag.py:3823} INFO - Setting next_dagrun for 2_sports_goat_run_batch to 2026-08-23 18:00:00+00:00, run_after=2026-08-24 18:00:00+00:00
[2026-08-24T14:14:32.960+0000] {processor.py:183} INFO - Processing /opt/airflow/dags/sports_goat_pipeline.py took 0.420 seconds
[2026-08-24T14:15:03.133+0000] {processor.py:161} INFO - Started process (PID=144) to work on /opt/airflow/dags/sports_goat_pipeline.py
[2026-08-24T14:15:03.135+0000] {processor.py:830} INFO - Processing file /opt/airflow/dags/sports_goat_pipeline.py for tasks to queue
[2026-08-24T14:15:03.138+0000] {logging_mixin.py:188} INFO - [2026-08-24T14:15:03.137+0000] {dagbag.py:538} INFO - Filling up the DagBag from /opt/airflow/dags/sports_goat_pipeline.py
[2026-08-24T14:15:03.155+0000] {processor.py:840} INFO - DAG(s) '1_sports_goat_raw_to_clean', '2_sports_goat_run_batch' retrieved from /opt/airflow/dags/sports_goat_pipeline.py
[2026-08-24T14:15:03.196+0000] {logging_mixin.py:188} INFO - [2026-08-24T14:15:03.196+0000] {dag.py:3036} INFO - Sync 2 DAGs
[2026-08-24T14:15:03.225+0000] {logging_mixin.py:188} INFO - [2026-08-24T14:15:03.224+0000] {dag.py:3823} INFO - Setting next_dagrun for 1_sports_goat_raw_to_clean to 2026-08-23 17:45:00+00:00, run_after=2026-08-24 17:45:00+00:00
[2026-08-24T14:15:03.231+0000] {logging_mixin.py:188} INFO - [2026-08-24T14:15:03.230+0000] {dag.py:3823} INFO - Setting next_dagrun for 2_sports_goat_run_batch to 2026-08-23 18:00:00+00:00, run_after=2026-08-24 18:00:00+00:00
[2026-08-24T14:15:03.262+0000] {processor.py:183} INFO - Processing /opt/airflow/dags/sports_goat_pipeline.py took 0.133 seconds
[2026-08-24T14:15:33.427+0000] {processor.py:161} INFO - Started process (PID=145) to work on /opt/airflow/dags/sports_goat_pipeline.py
[2026-08-24T14:15:33.429+0000] {processor.py:830} INFO - Processing file /opt/airflow/dags/sports_goat_pipeline.py for tasks to queue
[2026-08-24T14:15:33.431+0000] {logging_mixin.py:188} INFO - [2026-08-24T14:15:33.430+0000] {dagbag.py:538} INFO - Filling up the DagBag from /opt/airflow/dags/sports_goat_pipeline.py
[2026-08-24T14:15:33.445+0000] {processor.py:840} INFO - DAG(s) '1_sports_goat_raw_to_clean', '2_sports_goat_run_batch' retrieved from /opt/airflow/dags/sports_goat_pipeline.py
[2026-08-24T14:15:33.594+0000] {logging_mixin.py:188} INFO - [2026-08-24T14:15:33.593+0000] {dag.py:3036} INFO - Sync 2 DAGs
[2026-08-24T14:15:33.691+0000] {logging_mixin.py:188} INFO - [2026-08-24T14:15:33.691+0000] {dag.py:3823} INFO - Setting next_dagrun for 1_sports_goat_raw_to_clean to 2026-08-23 17:45:00+00:00, run_after=2026-08-24 17:45:00+00:00
[2026-08-24T14:15:33.706+0000] {logging_mixin.py:188} INFO - [2026-08-24T14:15:33.706+0000] {dag.py:3823} INFO - Setting next_dagrun for 2_sports_goat_run_batch to 2026-08-23 18:00:00+00:00, run_after=2026-08-24 18:00:00+00:00
[2026-08-24T14:15:33.769+0000] {processor.py:183} INFO - Processing /opt/airflow/dags/sports_goat_pipeline.py took 0.347 seconds
[2026-08-24T14:16:03.951+0000] {processor.py:161} INFO - Started process (PID=146) to work on /opt/airflow/dags/sports_goat_pipeline.py
[2026-08-24T14:16:03.953+0000] {processor.py:830} INFO - Processing file /opt/airflow/dags/sports_goat_pipeline.py for tasks to queue
[2026-08-24T14:16:03.955+0000] {logging_mixin.py:188} INFO - [2026-08-24T14:16:03.954+0000] {dagbag.py:538} INFO - Filling up the DagBag from /opt/airflow/dags/sports_goat_pipeline.py
[2026-08-24T14:16:03.969+0000] {processor.py:840} INFO - DAG(s) '1_sports_goat_raw_to_clean', '2_sports_goat_run_batch' retrieved from /opt/airflow/dags/sports_goat_pipeline.py
[2026-08-24T14:16:04.004+0000] {logging_mixin.py:188} INFO - [2026-08-24T14:16:04.004+0000] {dag.py:3036} INFO - Sync 2 DAGs
[2026-08-24T14:16:04.035+0000] {logging_mixin.py:188} INFO - [2026-08-24T14:16:04.035+0000] {dag.py:3823} INFO - Setting next_dagrun for 1_sports_goat_raw_to_clean to 2026-08-23 17:45:00+00:00, run_after=2026-08-24 17:45:00+00:00
[2026-08-24T14:16:04.045+0000] {logging_mixin.py:188} INFO - [2026-08-24T14:16:04.045+0000] {dag.py:3823} INFO - Setting next_dagrun for 2_sports_goat_run_batch to 2026-08-23 18:00:00+00:00, run_after=2026-08-24 18:00:00+00:00
[2026-08-24T14:16:04.074+0000] {processor.py:183} INFO - Processing /opt/airflow/dags/sports_goat_pipeline.py took 0.130 seconds
[2026-08-24T14:16:34.331+0000] {processor.py:161} INFO - Started process (PID=147) to work on /opt/airflow/dags/sports_goat_pipeline.py
[2026-08-24T14:16:34.336+0000] {processor.py:830} INFO - Processing file /opt/airflow/dags/sports_goat_pipeline.py for tasks to queue
[2026-08-24T14:16:34.337+0000] {logging_mixin.py:188} INFO - [2026-08-24T14:16:34.337+0000] {dagbag.py:538} INFO - Filling up the DagBag from /opt/airflow/dags/sports_goat_pipeline.py
[2026-08-24T14:16:34.379+0000] {processor.py:840} INFO - DAG(s) '2_sports_goat_run_batch', '1_sports_goat_raw_to_clean' retrieved from /opt/airflow/dags/sports_goat_pipeline.py
[2026-08-24T14:16:34.515+0000] {logging_mixin.py:188} INFO - [2026-08-24T14:16:34.514+0000] {dag.py:3036} INFO - Sync 2 DAGs
[2026-08-24T14:16:34.629+0000] {logging_mixin.py:188} INFO - [2026-08-24T14:16:34.628+0000] {dag.py:3823} INFO - Setting next_dagrun for 1_sports_goat_raw_to_clean to 2026-08-23 17:45:00+00:00, run_after=2026-08-24 17:45:00+00:00
[2026-08-24T14:16:34.642+0000] {logging_mixin.py:188} INFO - [2026-08-24T14:16:34.641+0000] {dag.py:3823} INFO - Setting next_dagrun for 2_sports_goat_run_batch to 2026-08-23 18:00:00+00:00, run_after=2026-08-24 18:00:00+00:00
[2026-08-24T14:16:34.716+0000] {processor.py:183} INFO - Processing /opt/airflow/dags/sports_goat_pipeline.py took 0.416 seconds
[2026-08-24T14:17:04.896+0000] {processor.py:161} INFO - Started process (PID=148) to work on /opt/airflow/dags/sports_goat_pipeline.py
[2026-08-24T14:17:04.898+0000] {processor.py:830} INFO - Processing file /opt/airflow/dags/sports_goat_pipeline.py for tasks to queue
[2026-08-24T14:17:04.900+0000] {logging_mixin.py:188} INFO - [2026-08-24T14:17:04.899+0000] {dagbag.py:538} INFO - Filling up the DagBag from /opt/airflow/dags/sports_goat_pipeline.py
[2026-08-24T14:17:04.917+0000] {processor.py:840} INFO - DAG(s) '1_sports_goat_raw_to_clean', '2_sports_goat_run_batch' retrieved from /opt/airflow/dags/sports_goat_pipeline.py
[2026-08-24T14:17:04.960+0000] {logging_mixin.py:188} INFO - [2026-08-24T14:17:04.960+0000] {dag.py:3036} INFO - Sync 2 DAGs
[2026-08-24T14:17:04.992+0000] {logging_mixin.py:188} INFO - [2026-08-24T14:17:04.992+0000] {dag.py:3823} INFO - Setting next_dagrun for 1_sports_goat_raw_to_clean to 2026-08-23 17:45:00+00:00, run_after=2026-08-24 17:45:00+00:00
[2026-08-24T14:17:04.999+0000] {logging_mixin.py:188} INFO - [2026-08-24T14:17:04.998+0000] {dag.py:3823} INFO - Setting next_dagrun for 2_sports_goat_run_batch to 2026-08-23 18:00:00+00:00, run_after=2026-08-24 18:00:00+00:00
[2026-08-24T14:17:05.027+0000] {processor.py:183} INFO - Processing /opt/airflow/dags/sports_goat_pipeline.py took 0.137 seconds
[2026-08-24T14:17:35.216+0000] {processor.py:161} INFO - Started process (PID=149) to work on /opt/airflow/dags/sports_goat_pipeline.py
[2026-08-24T14:17:35.218+0000] {processor.py:830} INFO - Processing file /opt/airflow/dags/sports_goat_pipeline.py for tasks to queue
[2026-08-24T14:17:35.220+0000] {logging_mixin.py:188} INFO - [2026-08-24T14:17:35.220+0000] {dagbag.py:538} INFO - Filling up the DagBag from /opt/airflow/dags/sports_goat_pipeline.py
[2026-08-24T14:17:35.237+0000] {processor.py:840} INFO - DAG(s) '2_sports_goat_run_batch', '1_sports_goat_raw_to_clean' retrieved from /opt/airflow/dags/sports_goat_pipeline.py
[2026-08-24T14:17:35.286+0000] {logging_mixin.py:188} INFO - [2026-08-24T14:17:35.285+0000] {dag.py:3036} INFO - Sync 2 DAGs
[2026-08-24T14:17:35.328+0000] {logging_mixin.py:188} INFO - [2026-08-24T14:17:35.327+0000] {dag.py:3823} INFO - Setting next_dagrun for 1_sports_goat_raw_to_clean to 2026-08-23 17:45:00+00:00, run_after=2026-08-24 17:45:00+00:00
[2026-08-24T14:17:35.343+0000] {logging_mixin.py:188} INFO - [2026-08-24T14:17:35.342+0000] {dag.py:3823} INFO - Setting next_dagrun for 2_sports_goat_run_batch to 2026-08-23 18:00:00+00:00, run_after=2026-08-24 18:00:00+00:00
[2026-08-24T14:17:35.410+0000] {processor.py:183} INFO - Processing /opt/airflow/dags/sports_goat_pipeline.py took 0.202 seconds
[2026-08-24T14:18:05.632+0000] {processor.py:161} INFO - Started process (PID=150) to work on /opt/airflow/dags/sports_goat_pipeline.py
[2026-08-24T14:18:05.634+0000] {processor.py:830} INFO - Processing file /opt/airflow/dags/sports_goat_pipeline.py for tasks to queue
[2026-08-24T14:18:05.636+0000] {logging_mixin.py:188} INFO - [2026-08-24T14:18:05.635+0000] {dagbag.py:538} INFO - Filling up the DagBag from /opt/airflow/dags/sports_goat_pipeline.py
[2026-08-24T14:18:05.650+0000] {processor.py:840} INFO - DAG(s) '1_sports_goat_raw_to_clean', '2_sports_goat_run_batch' retrieved from /opt/airflow/dags/sports_goat_pipeline.py
[2026-08-24T14:18:05.683+0000] {logging_mixin.py:188} INFO - [2026-08-24T14:18:05.682+0000] {dag.py:3036} INFO - Sync 2 DAGs
[2026-08-24T14:18:05.709+0000] {logging_mixin.py:188} INFO - [2026-08-24T14:18:05.709+0000] {dag.py:3823} INFO - Setting next_dagrun for 1_sports_goat_raw_to_clean to 2026-08-23 17:45:00+00:00, run_after=2026-08-24 17:45:00+00:00
[2026-08-24T14:18:05.716+0000] {logging_mixin.py:188} INFO - [2026-08-24T14:18:05.716+0000] {dag.py:3823} INFO - Setting next_dagrun for 2_sports_goat_run_batch to 2026-08-23 18:00:00+00:00, run_after=2026-08-24 18:00:00+00:00
[2026-08-24T14:18:05.744+0000] {processor.py:183} INFO - Processing /opt/airflow/dags/sports_goat_pipeline.py took 0.116 seconds
[2026-08-24T14:18:35.953+0000] {processor.py:161} INFO - Started process (PID=151) to work on /opt/airflow/dags/sports_goat_pipeline.py
[2026-08-24T14:18:35.954+0000] {processor.py:830} INFO - Processing file /opt/airflow/dags/sports_goat_pipeline.py for tasks to queue
[2026-08-24T14:18:35.956+0000] {logging_mixin.py:188} INFO - [2026-08-24T14:18:35.955+0000] {dagbag.py:538} INFO - Filling up the DagBag from /opt/airflow/dags/sports_goat_pipeline.py
[2026-08-24T14:18:35.971+0000] {processor.py:840} INFO - DAG(s) '1_sports_goat_raw_to_clean', '2_sports_goat_run_batch' retrieved from /opt/airflow/dags/sports_goat_pipeline.py
[2026-08-24T14:18:36.023+0000] {logging_mixin.py:188} INFO - [2026-08-24T14:18:36.022+0000] {dag.py:3036} INFO - Sync 2 DAGs
[2026-08-24T14:18:36.061+0000] {logging_mixin.py:188} INFO - [2026-08-24T14:18:36.061+0000] {dag.py:3823} INFO - Setting next_dagrun for 1_sports_goat_raw_to_clean to 2026-08-23 17:45:00+00:00, run_after=2026-08-24 17:45:00+00:00
[2026-08-24T14:18:36.072+0000] {logging_mixin.py:188} INFO - [2026-08-24T14:18:36.071+0000] {dag.py:3823} INFO - Setting next_dagrun for 2_sports_goat_run_batch to 2026-08-23 18:00:00+00:00, run_after=2026-08-24 18:00:00+00:00
[2026-08-24T14:18:36.143+0000] {processor.py:183} INFO - Processing /opt/airflow/dags/sports_goat_pipeline.py took 0.195 seconds
[2026-08-24T14:19:07.213+0000] {processor.py:161} INFO - Started process (PID=152) to work on /opt/airflow/dags/sports_goat_pipeline.py
[2026-08-24T14:19:07.215+0000] {processor.py:830} INFO - Processing file /opt/airflow/dags/sports_goat_pipeline.py for tasks to queue
[2026-08-24T14:19:07.219+0000] {logging_mixin.py:188} INFO - [2026-08-24T14:19:07.218+0000] {dagbag.py:538} INFO - Filling up the DagBag from /opt/airflow/dags/sports_goat_pipeline.py
[2026-08-24T14:19:07.230+0000] {processor.py:840} INFO - DAG(s) '1_sports_goat_raw_to_clean', '2_sports_goat_run_batch' retrieved from /opt/airflow/dags/sports_goat_pipeline.py
[2026-08-24T14:19:07.272+0000] {logging_mixin.py:188} INFO - [2026-08-24T14:19:07.271+0000] {dag.py:3036} INFO - Sync 2 DAGs
[2026-08-24T14:19:07.299+0000] {logging_mixin.py:188} INFO - [2026-08-24T14:19:07.299+0000] {dag.py:3823} INFO - Setting next_dagrun for 1_sports_goat_raw_to_clean to 2026-08-23 17:45:00+00:00, run_after=2026-08-24 17:45:00+00:00
[2026-08-24T14:19:07.306+0000] {logging_mixin.py:188} INFO - [2026-08-24T14:19:07.305+0000] {dag.py:3823} INFO - Setting next_dagrun for 2_sports_goat_run_batch to 2026-08-23 18:00:00+00:00, run_after=2026-08-24 18:00:00+00:00
[2026-08-24T14:19:07.341+0000] {processor.py:183} INFO - Processing /opt/airflow/dags/sports_goat_pipeline.py took 0.133 seconds
[2026-08-24T14:19:38.494+0000] {processor.py:161} INFO - Started process (PID=153) to work on /opt/airflow/dags/sports_goat_pipeline.py
[2026-08-24T14:19:38.495+0000] {processor.py:830} INFO - Processing file /opt/airflow/dags/sports_goat_pipeline.py for tasks to queue
[2026-08-24T14:19:38.496+0000] {logging_mixin.py:188} INFO - [2026-08-24T14:19:38.496+0000] {dagbag.py:538} INFO - Filling up the DagBag from /opt/airflow/dags/sports_goat_pipeline.py
[2026-08-24T14:19:38.538+0000] {processor.py:840} INFO - DAG(s) '2_sports_goat_run_batch', '1_sports_goat_raw_to_clean' retrieved from /opt/airflow/dags/sports_goat_pipeline.py
[2026-08-24T14:19:38.683+0000] {logging_mixin.py:188} INFO - [2026-08-24T14:19:38.682+0000] {dag.py:3036} INFO - Sync 2 DAGs
[2026-08-24T14:19:38.738+0000] {logging_mixin.py:188} INFO - [2026-08-24T14:19:38.737+0000] {dag.py:3823} INFO - Setting next_dagrun for 1_sports_goat_raw_to_clean to 2026-08-23 17:45:00+00:00, run_after=2026-08-24 17:45:00+00:00
[2026-08-24T14:19:38.747+0000] {logging_mixin.py:188} INFO - [2026-08-24T14:19:38.746+0000] {dag.py:3823} INFO - Setting next_dagrun for 2_sports_goat_run_batch to 2026-08-23 18:00:00+00:00, run_after=2026-08-24 18:00:00+00:00
[2026-08-24T14:19:38.779+0000] {processor.py:183} INFO - Processing /opt/airflow/dags/sports_goat_pipeline.py took 0.290 seconds
[2026-08-24T14:20:09.574+0000] {processor.py:161} INFO - Started process (PID=154) to work on /opt/airflow/dags/sports_goat_pipeline.py
[2026-08-24T14:20:09.576+0000] {processor.py:830} INFO - Processing file /opt/airflow/dags/sports_goat_pipeline.py for tasks to queue
[2026-08-24T14:20:09.578+0000] {logging_mixin.py:188} INFO - [2026-08-24T14:20:09.577+0000] {dagbag.py:538} INFO - Filling up the DagBag from /opt/airflow/dags/sports_goat_pipeline.py
[2026-08-24T14:20:09.589+0000] {processor.py:840} INFO - DAG(s) '1_sports_goat_raw_to_clean', '2_sports_goat_run_batch' retrieved from /opt/airflow/dags/sports_goat_pipeline.py
[2026-08-24T14:20:09.628+0000] {logging_mixin.py:188} INFO - [2026-08-24T14:20:09.628+0000] {dag.py:3036} INFO - Sync 2 DAGs
[2026-08-24T14:20:09.656+0000] {logging_mixin.py:188} INFO - [2026-08-24T14:20:09.656+0000] {dag.py:3823} INFO - Setting next_dagrun for 1_sports_goat_raw_to_clean to 2026-08-23 17:45:00+00:00, run_after=2026-08-24 17:45:00+00:00
[2026-08-24T14:20:09.668+0000] {logging_mixin.py:188} INFO - [2026-08-24T14:20:09.668+0000] {dag.py:3823} INFO - Setting next_dagrun for 2_sports_goat_run_batch to 2026-08-23 18:00:00+00:00, run_after=2026-08-24 18:00:00+00:00
[2026-08-24T14:20:09.706+0000] {processor.py:183} INFO - Processing /opt/airflow/dags/sports_goat_pipeline.py took 0.138 seconds
[2026-08-24T14:20:40.084+0000] {processor.py:161} INFO - Started process (PID=155) to work on /opt/airflow/dags/sports_goat_pipeline.py
[2026-08-24T14:20:40.086+0000] {processor.py:830} INFO - Processing file /opt/airflow/dags/sports_goat_pipeline.py for tasks to queue
[2026-08-24T14:20:40.087+0000] {logging_mixin.py:188} INFO - [2026-08-24T14:20:40.087+0000] {dagbag.py:538} INFO - Filling up the DagBag from /opt/airflow/dags/sports_goat_pipeline.py
[2026-08-24T14:20:40.098+0000] {processor.py:840} INFO - DAG(s) '2_sports_goat_run_batch', '1_sports_goat_raw_to_clean' retrieved from /opt/airflow/dags/sports_goat_pipeline.py
[2026-08-24T14:20:40.138+0000] {logging_mixin.py:188} INFO - [2026-08-24T14:20:40.138+0000] {dag.py:3036} INFO - Sync 2 DAGs
[2026-08-24T14:20:40.166+0000] {logging_mixin.py:188} INFO - [2026-08-24T14:20:40.166+0000] {dag.py:3823} INFO - Setting next_dagrun for 1_sports_goat_raw_to_clean to 2026-08-23 17:45:00+00:00, run_after=2026-08-24 17:45:00+00:00
[2026-08-24T14:20:40.174+0000] {logging_mixin.py:188} INFO - [2026-08-24T14:20:40.173+0000] {dag.py:3823} INFO - Setting next_dagrun for 2_sports_goat_run_batch to 2026-08-23 18:00:00+00:00, run_after=2026-08-24 18:00:00+00:00
[2026-08-24T14:20:40.204+0000] {processor.py:183} INFO - Processing /opt/airflow/dags/sports_goat_pipeline.py took 0.124 seconds
[2026-08-24T14:21:10.729+0000] {processor.py:161} INFO - Started process (PID=156) to work on /opt/airflow/dags/sports_goat_pipeline.py
[2026-08-24T14:21:10.730+0000] {processor.py:830} INFO - Processing file /opt/airflow/dags/sports_goat_pipeline.py for tasks to queue
[2026-08-24T14:21:10.732+0000] {logging_mixin.py:188} INFO - [2026-08-24T14:21:10.731+0000] {dagbag.py:538} INFO - Filling up the DagBag from /opt/airflow/dags/sports_goat_pipeline.py
[2026-08-24T14:21:10.743+0000] {processor.py:840} INFO - DAG(s) '1_sports_goat_raw_to_clean', '2_sports_goat_run_batch' retrieved from /opt/airflow/dags/sports_goat_pipeline.py
[2026-08-24T14:21:10.789+0000] {logging_mixin.py:188} INFO - [2026-08-24T14:21:10.788+0000] {dag.py:3036} INFO - Sync 2 DAGs
[2026-08-24T14:21:10.827+0000] {logging_mixin.py:188} INFO - [2026-08-24T14:21:10.826+0000] {dag.py:3823} INFO - Setting next_dagrun for 1_sports_goat_raw_to_clean to 2026-08-23 17:45:00+00:00, run_after=2026-08-24 17:45:00+00:00
[2026-08-24T14:21:10.837+0000] {logging_mixin.py:188} INFO - [2026-08-24T14:21:10.837+0000] {dag.py:3823} INFO - Setting next_dagrun for 2_sports_goat_run_batch to 2026-08-23 18:00:00+00:00, run_after=2026-08-24 18:00:00+00:00
[2026-08-24T14:21:10.872+0000] {processor.py:183} INFO - Processing /opt/airflow/dags/sports_goat_pipeline.py took 0.146 seconds
[2026-08-24T14:21:41.032+0000] {processor.py:161} INFO - Started process (PID=157) to work on /opt/airflow/dags/sports_goat_pipeline.py
[2026-08-24T14:21:41.034+0000] {processor.py:830} INFO - Processing file /opt/airflow/dags/sports_goat_pipeline.py for tasks to queue
[2026-08-24T14:21:41.036+0000] {logging_mixin.py:188} INFO - [2026-08-24T14:21:41.035+0000] {dagbag.py:538} INFO - Filling up the DagBag from /opt/airflow/dags/sports_goat_pipeline.py
[2026-08-24T14:21:41.051+0000] {processor.py:840} INFO - DAG(s) '1_sports_goat_raw_to_clean', '2_sports_goat_run_batch' retrieved from /opt/airflow/dags/sports_goat_pipeline.py
[2026-08-24T14:21:41.093+0000] {logging_mixin.py:188} INFO - [2026-08-24T14:21:41.093+0000] {dag.py:3036} INFO - Sync 2 DAGs
[2026-08-24T14:21:41.132+0000] {logging_mixin.py:188} INFO - [2026-08-24T14:21:41.132+0000] {dag.py:3823} INFO - Setting next_dagrun for 1_sports_goat_raw_to_clean to 2026-08-23 17:45:00+00:00, run_after=2026-08-24 17:45:00+00:00
[2026-08-24T14:21:41.140+0000] {logging_mixin.py:188} INFO - [2026-08-24T14:21:41.140+0000] {dag.py:3823} INFO - Setting next_dagrun for 2_sports_goat_run_batch to 2026-08-23 18:00:00+00:00, run_after=2026-08-24 18:00:00+00:00
[2026-08-24T14:21:41.187+0000] {processor.py:183} INFO - Processing /opt/airflow/dags/sports_goat_pipeline.py took 0.161 seconds
[2026-08-24T14:22:11.259+0000] {processor.py:161} INFO - Started process (PID=158) to work on /opt/airflow/dags/sports_goat_pipeline.py
[2026-08-24T14:22:11.261+0000] {processor.py:830} INFO - Processing file /opt/airflow/dags/sports_goat_pipeline.py for tasks to queue
[2026-08-24T14:22:11.263+0000] {logging_mixin.py:188} INFO - [2026-08-24T14:22:11.262+0000] {dagbag.py:538} INFO - Filling up the DagBag from /opt/airflow/dags/sports_goat_pipeline.py
[2026-08-24T14:22:11.275+0000] {processor.py:840} INFO - DAG(s) '2_sports_goat_run_batch', '1_sports_goat_raw_to_clean' retrieved from /opt/airflow/dags/sports_goat_pipeline.py
[2026-08-24T14:22:11.331+0000] {logging_mixin.py:188} INFO - [2026-08-24T14:22:11.330+0000] {dag.py:3036} INFO - Sync 2 DAGs
[2026-08-24T14:22:11.359+0000] {logging_mixin.py:188} INFO - [2026-08-24T14:22:11.358+0000] {dag.py:3823} INFO - Setting next_dagrun for 1_sports_goat_raw_to_clean to 2026-08-23 17:45:00+00:00, run_after=2026-08-24 17:45:00+00:00
[2026-08-24T14:22:11.365+0000] {logging_mixin.py:188} INFO - [2026-08-24T14:22:11.365+0000] {dag.py:3823} INFO - Setting next_dagrun for 2_sports_goat_run_batch to 2026-08-23 18:00:00+00:00, run_after=2026-08-24 18:00:00+00:00
[2026-08-24T14:22:11.393+0000] {processor.py:183} INFO - Processing /opt/airflow/dags/sports_goat_pipeline.py took 0.138 seconds
[2026-08-24T14:22:42.190+0000] {processor.py:161} INFO - Started process (PID=159) to work on /opt/airflow/dags/sports_goat_pipeline.py
[2026-08-24T14:22:42.192+0000] {processor.py:830} INFO - Processing file /opt/airflow/dags/sports_goat_pipeline.py for tasks to queue
[2026-08-24T14:22:42.195+0000] {logging_mixin.py:188} INFO - [2026-08-24T14:22:42.194+0000] {dagbag.py:538} INFO - Filling up the DagBag from /opt/airflow/dags/sports_goat_pipeline.py
[2026-08-24T14:22:42.210+0000] {processor.py:840} INFO - DAG(s) '1_sports_goat_raw_to_clean', '2_sports_goat_run_batch' retrieved from /opt/airflow/dags/sports_goat_pipeline.py
[2026-08-24T14:22:42.241+0000] {logging_mixin.py:188} INFO - [2026-08-24T14:22:42.241+0000] {dag.py:3036} INFO - Sync 2 DAGs
[2026-08-24T14:22:42.273+0000] {logging_mixin.py:188} INFO - [2026-08-24T14:22:42.273+0000] {dag.py:3823} INFO - Setting next_dagrun for 1_sports_goat_raw_to_clean to 2026-08-23 17:45:00+00:00, run_after=2026-08-24 17:45:00+00:00
[2026-08-24T14:22:42.280+0000] {logging_mixin.py:188} INFO - [2026-08-24T14:22:42.280+0000] {dag.py:3823} INFO - Setting next_dagrun for 2_sports_goat_run_batch to 2026-08-23 18:00:00+00:00, run_after=2026-08-24 18:00:00+00:00
[2026-08-24T14:22:42.386+0000] {processor.py:183} INFO - Processing /opt/airflow/dags/sports_goat_pipeline.py took 0.205 seconds
[2026-08-24T14:23:12.898+0000] {processor.py:161} INFO - Started process (PID=160) to work on /opt/airflow/dags/sports_goat_pipeline.py
[2026-08-24T14:23:12.900+0000] {processor.py:830} INFO - Processing file /opt/airflow/dags/sports_goat_pipeline.py for tasks to queue
[2026-08-24T14:23:12.902+0000] {logging_mixin.py:188} INFO - [2026-08-24T14:23:12.901+0000] {dagbag.py:538} INFO - Filling up the DagBag from /opt/airflow/dags/sports_goat_pipeline.py
[2026-08-24T14:23:12.920+0000] {processor.py:840} INFO - DAG(s) '2_sports_goat_run_batch', '1_sports_goat_raw_to_clean' retrieved from /opt/airflow/dags/sports_goat_pipeline.py
[2026-08-24T14:23:12.963+0000] {logging_mixin.py:188} INFO - [2026-08-24T14:23:12.962+0000] {dag.py:3036} INFO - Sync 2 DAGs
[2026-08-24T14:23:12.994+0000] {logging_mixin.py:188} INFO - [2026-08-24T14:23:12.994+0000] {dag.py:3823} INFO - Setting next_dagrun for 1_sports_goat_raw_to_clean to 2026-08-23 17:45:00+00:00, run_after=2026-08-24 17:45:00+00:00
[2026-08-24T14:23:13.005+0000] {logging_mixin.py:188} INFO - [2026-08-24T14:23:13.005+0000] {dag.py:3823} INFO - Setting next_dagrun for 2_sports_goat_run_batch to 2026-08-23 18:00:00+00:00, run_after=2026-08-24 18:00:00+00:00
[2026-08-24T14:23:13.031+0000] {processor.py:183} INFO - Processing /opt/airflow/dags/sports_goat_pipeline.py took 0.140 seconds
[2026-08-24T14:23:43.463+0000] {processor.py:161} INFO - Started process (PID=161) to work on /opt/airflow/dags/sports_goat_pipeline.py
[2026-08-24T14:23:43.466+0000] {processor.py:830} INFO - Processing file /opt/airflow/dags/sports_goat_pipeline.py for tasks to queue
[2026-08-24T14:23:43.467+0000] {logging_mixin.py:188} INFO - [2026-08-24T14:23:43.467+0000] {dagbag.py:538} INFO - Filling up the DagBag from /opt/airflow/dags/sports_goat_pipeline.py
[2026-08-24T14:23:43.481+0000] {processor.py:840} INFO - DAG(s) '2_sports_goat_run_batch', '1_sports_goat_raw_to_clean' retrieved from /opt/airflow/dags/sports_goat_pipeline.py
[2026-08-24T14:23:43.523+0000] {logging_mixin.py:188} INFO - [2026-08-24T14:23:43.522+0000] {dag.py:3036} INFO - Sync 2 DAGs
[2026-08-24T14:23:43.546+0000] {logging_mixin.py:188} INFO - [2026-08-24T14:23:43.546+0000] {dag.py:3823} INFO - Setting next_dagrun for 1_sports_goat_raw_to_clean to 2026-08-23 17:45:00+00:00, run_after=2026-08-24 17:45:00+00:00
[2026-08-24T14:23:43.554+0000] {logging_mixin.py:188} INFO - [2026-08-24T14:23:43.554+0000] {dag.py:3823} INFO - Setting next_dagrun for 2_sports_goat_run_batch to 2026-08-23 18:00:00+00:00, run_after=2026-08-24 18:00:00+00:00
[2026-08-24T14:23:43.582+0000] {processor.py:183} INFO - Processing /opt/airflow/dags/sports_goat_pipeline.py took 0.123 seconds
[2026-08-24T14:24:14.002+0000] {processor.py:161} INFO - Started process (PID=162) to work on /opt/airflow/dags/sports_goat_pipeline.py
[2026-08-24T14:24:14.004+0000] {processor.py:830} INFO - Processing file /opt/airflow/dags/sports_goat_pipeline.py for tasks to queue
[2026-08-24T14:24:14.006+0000] {logging_mixin.py:188} INFO - [2026-08-24T14:24:14.005+0000] {dagbag.py:538} INFO - Filling up the DagBag from /opt/airflow/dags/sports_goat_pipeline.py
[2026-08-24T14:24:14.018+0000] {processor.py:840} INFO - DAG(s) '1_sports_goat_raw_to_clean', '2_sports_goat_run_batch' retrieved from /opt/airflow/dags/sports_goat_pipeline.py
[2026-08-24T14:24:14.057+0000] {logging_mixin.py:188} INFO - [2026-08-24T14:24:14.056+0000] {dag.py:3036} INFO - Sync 2 DAGs
[2026-08-24T14:24:14.086+0000] {logging_mixin.py:188} INFO - [2026-08-24T14:24:14.085+0000] {dag.py:3823} INFO - Setting next_dagrun for 1_sports_goat_raw_to_clean to 2026-08-23 17:45:00+00:00, run_after=2026-08-24 17:45:00+00:00
[2026-08-24T14:24:14.093+0000] {logging_mixin.py:188} INFO - [2026-08-24T14:24:14.093+0000] {dag.py:3823} INFO - Setting next_dagrun for 2_sports_goat_run_batch to 2026-08-23 18:00:00+00:00, run_after=2026-08-24 18:00:00+00:00
[2026-08-24T14:24:14.122+0000] {processor.py:183} INFO - Processing /opt/airflow/dags/sports_goat_pipeline.py took 0.125 seconds
[2026-08-24T14:24:44.549+0000] {processor.py:161} INFO - Started process (PID=163) to work on /opt/airflow/dags/sports_goat_pipeline.py
[2026-08-24T14:24:44.551+0000] {processor.py:830} INFO - Processing file /opt/airflow/dags/sports_goat_pipeline.py for tasks to queue
[2026-08-24T14:24:44.554+0000] {logging_mixin.py:188} INFO - [2026-08-24T14:24:44.553+0000] {dagbag.py:538} INFO - Filling up the DagBag from /opt/airflow/dags/sports_goat_pipeline.py
[2026-08-24T14:24:44.570+0000] {processor.py:840} INFO - DAG(s) '1_sports_goat_raw_to_clean', '2_sports_goat_run_batch' retrieved from /opt/airflow/dags/sports_goat_pipeline.py
[2026-08-24T14:24:44.627+0000] {logging_mixin.py:188} INFO - [2026-08-24T14:24:44.627+0000] {dag.py:3036} INFO - Sync 2 DAGs
[2026-08-24T14:24:44.665+0000] {logging_mixin.py:188} INFO - [2026-08-24T14:24:44.664+0000] {dag.py:3823} INFO - Setting next_dagrun for 1_sports_goat_raw_to_clean to 2026-08-23 17:45:00+00:00, run_after=2026-08-24 17:45:00+00:00
[2026-08-24T14:24:44.676+0000] {logging_mixin.py:188} INFO - [2026-08-24T14:24:44.676+0000] {dag.py:3823} INFO - Setting next_dagrun for 2_sports_goat_run_batch to 2026-08-23 18:00:00+00:00, run_after=2026-08-24 18:00:00+00:00
[2026-08-24T14:24:44.712+0000] {processor.py:183} INFO - Processing /opt/airflow/dags/sports_goat_pipeline.py took 0.168 seconds
[2026-08-24T14:25:15.267+0000] {processor.py:161} INFO - Started process (PID=164) to work on /opt/airflow/dags/sports_goat_pipeline.py
[2026-08-24T14:25:15.269+0000] {processor.py:830} INFO - Processing file /opt/airflow/dags/sports_goat_pipeline.py for tasks to queue
[2026-08-24T14:25:15.273+0000] {logging_mixin.py:188} INFO - [2026-08-24T14:25:15.272+0000] {dagbag.py:538} INFO - Filling up the DagBag from /opt/airflow/dags/sports_goat_pipeline.py
[2026-08-24T14:25:15.288+0000] {processor.py:840} INFO - DAG(s) '2_sports_goat_run_batch', '1_sports_goat_raw_to_clean' retrieved from /opt/airflow/dags/sports_goat_pipeline.py
[2026-08-24T14:25:15.323+0000] {logging_mixin.py:188} INFO - [2026-08-24T14:25:15.322+0000] {dag.py:3036} INFO - Sync 2 DAGs
[2026-08-24T14:25:15.347+0000] {logging_mixin.py:188} INFO - [2026-08-24T14:25:15.347+0000] {dag.py:3823} INFO - Setting next_dagrun for 1_sports_goat_raw_to_clean to 2026-08-23 17:45:00+00:00, run_after=2026-08-24 17:45:00+00:00
[2026-08-24T14:25:15.356+0000] {logging_mixin.py:188} INFO - [2026-08-24T14:25:15.355+0000] {dag.py:3823} INFO - Setting next_dagrun for 2_sports_goat_run_batch to 2026-08-23 18:00:00+00:00, run_after=2026-08-24 18:00:00+00:00
[2026-08-24T14:25:15.385+0000] {processor.py:183} INFO - Processing /opt/airflow/dags/sports_goat_pipeline.py took 0.124 seconds
[2026-08-24T14:25:45.658+0000] {processor.py:161} INFO - Started process (PID=165) to work on /opt/airflow/dags/sports_goat_pipeline.py
[2026-08-24T14:25:45.660+0000] {processor.py:830} INFO - Processing file /opt/airflow/dags/sports_goat_pipeline.py for tasks to queue
[2026-08-24T14:25:45.661+0000] {logging_mixin.py:188} INFO - [2026-08-24T14:25:45.661+0000] {dagbag.py:538} INFO - Filling up the DagBag from /opt/airflow/dags/sports_goat_pipeline.py
[2026-08-24T14:25:45.672+0000] {processor.py:840} INFO - DAG(s) '2_sports_goat_run_batch', '1_sports_goat_raw_to_clean' retrieved from /opt/airflow/dags/sports_goat_pipeline.py
[2026-08-24T14:25:45.706+0000] {logging_mixin.py:188} INFO - [2026-08-24T14:25:45.705+0000] {dag.py:3036} INFO - Sync 2 DAGs
[2026-08-24T14:25:45.733+0000] {logging_mixin.py:188} INFO - [2026-08-24T14:25:45.732+0000] {dag.py:3823} INFO - Setting next_dagrun for 1_sports_goat_raw_to_clean to 2026-08-23 17:45:00+00:00, run_after=2026-08-24 17:45:00+00:00
[2026-08-24T14:25:45.739+0000] {logging_mixin.py:188} INFO - [2026-08-24T14:25:45.739+0000] {dag.py:3823} INFO - Setting next_dagrun for 2_sports_goat_run_batch to 2026-08-23 18:00:00+00:00, run_after=2026-08-24 18:00:00+00:00
[2026-08-24T14:25:45.768+0000] {processor.py:183} INFO - Processing /opt/airflow/dags/sports_goat_pipeline.py took 0.114 seconds
[2026-08-24T14:26:16.527+0000] {processor.py:161} INFO - Started process (PID=166) to work on /opt/airflow/dags/sports_goat_pipeline.py
[2026-08-24T14:26:16.528+0000] {processor.py:830} INFO - Processing file /opt/airflow/dags/sports_goat_pipeline.py for tasks to queue
[2026-08-24T14:26:16.530+0000] {logging_mixin.py:188} INFO - [2026-08-24T14:26:16.529+0000] {dagbag.py:538} INFO - Filling up the DagBag from /opt/airflow/dags/sports_goat_pipeline.py
[2026-08-24T14:26:16.543+0000] {processor.py:840} INFO - DAG(s) '1_sports_goat_raw_to_clean', '2_sports_goat_run_batch' retrieved from /opt/airflow/dags/sports_goat_pipeline.py
[2026-08-24T14:26:16.577+0000] {logging_mixin.py:188} INFO - [2026-08-24T14:26:16.577+0000] {dag.py:3036} INFO - Sync 2 DAGs
[2026-08-24T14:26:16.601+0000] {logging_mixin.py:188} INFO - [2026-08-24T14:26:16.600+0000] {dag.py:3823} INFO - Setting next_dagrun for 1_sports_goat_raw_to_clean to 2026-08-23 17:45:00+00:00, run_after=2026-08-24 17:45:00+00:00
[2026-08-24T14:26:16.607+0000] {logging_mixin.py:188} INFO - [2026-08-24T14:26:16.606+0000] {dag.py:3823} INFO - Setting next_dagrun for 2_sports_goat_run_batch to 2026-08-23 18:00:00+00:00, run_after=2026-08-24 18:00:00+00:00
[2026-08-24T14:26:16.632+0000] {processor.py:183} INFO - Processing /opt/airflow/dags/sports_goat_pipeline.py took 0.110 seconds
[2026-08-24T14:26:47.143+0000] {processor.py:161} INFO - Started process (PID=167) to work on /opt/airflow/dags/sports_goat_pipeline.py
[2026-08-24T14:26:47.145+0000] {processor.py:830} INFO - Processing file /opt/airflow/dags/sports_goat_pipeline.py for tasks to queue
[2026-08-24T14:26:47.147+0000] {logging_mixin.py:188} INFO - [2026-08-24T14:26:47.146+0000] {dagbag.py:538} INFO - Filling up the DagBag from /opt/airflow/dags/sports_goat_pipeline.py
[2026-08-24T14:26:47.161+0000] {processor.py:840} INFO - DAG(s) '2_sports_goat_run_batch', '1_sports_goat_raw_to_clean' retrieved from /opt/airflow/dags/sports_goat_pipeline.py
[2026-08-24T14:26:47.198+0000] {logging_mixin.py:188} INFO - [2026-08-24T14:26:47.197+0000] {dag.py:3036} INFO - Sync 2 DAGs
[2026-08-24T14:26:47.225+0000] {logging_mixin.py:188} INFO - [2026-08-24T14:26:47.225+0000] {dag.py:3823} INFO - Setting next_dagrun for 1_sports_goat_raw_to_clean to 2026-08-23 17:45:00+00:00, run_after=2026-08-24 17:45:00+00:00
[2026-08-24T14:26:47.232+0000] {logging_mixin.py:188} INFO - [2026-08-24T14:26:47.232+0000] {dag.py:3823} INFO - Setting next_dagrun for 2_sports_goat_run_batch to 2026-08-23 18:00:00+00:00, run_after=2026-08-24 18:00:00+00:00
[2026-08-24T14:26:47.328+0000] {processor.py:183} INFO - Processing /opt/airflow/dags/sports_goat_pipeline.py took 0.192 seconds
[2026-08-24T14:27:17.757+0000] {processor.py:161} INFO - Started process (PID=168) to work on /opt/airflow/dags/sports_goat_pipeline.py
[2026-08-24T14:27:17.758+0000] {processor.py:830} INFO - Processing file /opt/airflow/dags/sports_goat_pipeline.py for tasks to queue
[2026-08-24T14:27:17.761+0000] {logging_mixin.py:188} INFO - [2026-08-24T14:27:17.760+0000] {dagbag.py:538} INFO - Filling up the DagBag from /opt/airflow/dags/sports_goat_pipeline.py
[2026-08-24T14:27:17.782+0000] {processor.py:840} INFO - DAG(s) '1_sports_goat_raw_to_clean', '2_sports_goat_run_batch' retrieved from /opt/airflow/dags/sports_goat_pipeline.py
[2026-08-24T14:27:17.825+0000] {logging_mixin.py:188} INFO - [2026-08-24T14:27:17.825+0000] {dag.py:3036} INFO - Sync 2 DAGs
[2026-08-24T14:27:17.856+0000] {logging_mixin.py:188} INFO - [2026-08-24T14:27:17.856+0000] {dag.py:3823} INFO - Setting next_dagrun for 1_sports_goat_raw_to_clean to 2026-08-23 17:45:00+00:00, run_after=2026-08-24 17:45:00+00:00
[2026-08-24T14:27:17.862+0000] {logging_mixin.py:188} INFO - [2026-08-24T14:27:17.862+0000] {dag.py:3823} INFO - Setting next_dagrun for 2_sports_goat_run_batch to 2026-08-23 18:00:00+00:00, run_after=2026-08-24 18:00:00+00:00
[2026-08-24T14:27:17.888+0000] {processor.py:183} INFO - Processing /opt/airflow/dags/sports_goat_pipeline.py took 0.140 seconds
[2026-08-24T14:27:48.390+0000] {processor.py:161} INFO - Started process (PID=169) to work on /opt/airflow/dags/sports_goat_pipeline.py
[2026-08-24T14:27:48.392+0000] {processor.py:830} INFO - Processing file /opt/airflow/dags/sports_goat_pipeline.py for tasks to queue
[2026-08-24T14:27:48.394+0000] {logging_mixin.py:188} INFO - [2026-08-24T14:27:48.393+0000] {dagbag.py:538} INFO - Filling up the DagBag from /opt/airflow/dags/sports_goat_pipeline.py
[2026-08-24T14:27:48.406+0000] {processor.py:840} INFO - DAG(s) '2_sports_goat_run_batch', '1_sports_goat_raw_to_clean' retrieved from /opt/airflow/dags/sports_goat_pipeline.py
[2026-08-24T14:27:48.440+0000] {logging_mixin.py:188} INFO - [2026-08-24T14:27:48.439+0000] {dag.py:3036} INFO - Sync 2 DAGs
[2026-08-24T14:27:48.471+0000] {logging_mixin.py:188} INFO - [2026-08-24T14:27:48.471+0000] {dag.py:3823} INFO - Setting next_dagrun for 1_sports_goat_raw_to_clean to 2026-08-23 17:45:00+00:00, run_after=2026-08-24 17:45:00+00:00
[2026-08-24T14:27:48.480+0000] {logging_mixin.py:188} INFO - [2026-08-24T14:27:48.480+0000] {dag.py:3823} INFO - Setting next_dagrun for 2_sports_goat_run_batch to 2026-08-23 18:00:00+00:00, run_after=2026-08-24 18:00:00+00:00
[2026-08-24T14:27:48.510+0000] {processor.py:183} INFO - Processing /opt/airflow/dags/sports_goat_pipeline.py took 0.125 seconds
[2026-08-24T14:28:18.889+0000] {processor.py:161} INFO - Started process (PID=170) to work on /opt/airflow/dags/sports_goat_pipeline.py
[2026-08-24T14:28:18.891+0000] {processor.py:830} INFO - Processing file /opt/airflow/dags/sports_goat_pipeline.py for tasks to queue
[2026-08-24T14:28:18.893+0000] {logging_mixin.py:188} INFO - [2026-08-24T14:28:18.893+0000] {dagbag.py:538} INFO - Filling up the DagBag from /opt/airflow/dags/sports_goat_pipeline.py
[2026-08-24T14:28:18.906+0000] {processor.py:840} INFO - DAG(s) '1_sports_goat_raw_to_clean', '2_sports_goat_run_batch' retrieved from /opt/airflow/dags/sports_goat_pipeline.py
[2026-08-24T14:28:18.946+0000] {logging_mixin.py:188} INFO - [2026-08-24T14:28:18.946+0000] {dag.py:3036} INFO - Sync 2 DAGs
[2026-08-24T14:28:18.977+0000] {logging_mixin.py:188} INFO - [2026-08-24T14:28:18.977+0000] {dag.py:3823} INFO - Setting next_dagrun for 1_sports_goat_raw_to_clean to 2026-08-23 17:45:00+00:00, run_after=2026-08-24 17:45:00+00:00
[2026-08-24T14:28:18.985+0000] {logging_mixin.py:188} INFO - [2026-08-24T14:28:18.985+0000] {dag.py:3823} INFO - Setting next_dagrun for 2_sports_goat_run_batch to 2026-08-23 18:00:00+00:00, run_after=2026-08-24 18:00:00+00:00
[2026-08-24T14:28:19.069+0000] {processor.py:183} INFO - Processing /opt/airflow/dags/sports_goat_pipeline.py took 0.184 seconds
[2026-08-24T14:28:49.445+0000] {processor.py:161} INFO - Started process (PID=171) to work on /opt/airflow/dags/sports_goat_pipeline.py
[2026-08-24T14:28:49.447+0000] {processor.py:830} INFO - Processing file /opt/airflow/dags/sports_goat_pipeline.py for tasks to queue
[2026-08-24T14:28:49.450+0000] {logging_mixin.py:188} INFO - [2026-08-24T14:28:49.449+0000] {dagbag.py:538} INFO - Filling up the DagBag from /opt/airflow/dags/sports_goat_pipeline.py
[2026-08-24T14:28:49.510+0000] {processor.py:840} INFO - DAG(s) '2_sports_goat_run_batch', '1_sports_goat_raw_to_clean' retrieved from /opt/airflow/dags/sports_goat_pipeline.py
[2026-08-24T14:28:49.990+0000] {logging_mixin.py:188} INFO - [2026-08-24T14:28:49.990+0000] {dag.py:3036} INFO - Sync 2 DAGs
[2026-08-24T14:28:50.228+0000] {logging_mixin.py:188} INFO - [2026-08-24T14:28:50.227+0000] {dag.py:3823} INFO - Setting next_dagrun for 1_sports_goat_raw_to_clean to 2026-08-23 17:45:00+00:00, run_after=2026-08-24 17:45:00+00:00
[2026-08-24T14:28:50.247+0000] {logging_mixin.py:188} INFO - [2026-08-24T14:28:50.247+0000] {dag.py:3823} INFO - Setting next_dagrun for 2_sports_goat_run_batch to 2026-08-23 18:00:00+00:00, run_after=2026-08-24 18:00:00+00:00
[2026-08-24T14:28:50.282+0000] {processor.py:183} INFO - Processing /opt/airflow/dags/sports_goat_pipeline.py took 0.844 seconds
[2026-08-24T14:29:20.501+0000] {processor.py:161} INFO - Started process (PID=172) to work on /opt/airflow/dags/sports_goat_pipeline.py
[2026-08-24T14:29:20.503+0000] {processor.py:830} INFO - Processing file /opt/airflow/dags/sports_goat_pipeline.py for tasks to queue
[2026-08-24T14:29:20.505+0000] {logging_mixin.py:188} INFO - [2026-08-24T14:29:20.504+0000] {dagbag.py:538} INFO - Filling up the DagBag from /opt/airflow/dags/sports_goat_pipeline.py
[2026-08-24T14:29:20.522+0000] {processor.py:840} INFO - DAG(s) '2_sports_goat_run_batch', '1_sports_goat_raw_to_clean' retrieved from /opt/airflow/dags/sports_goat_pipeline.py
[2026-08-24T14:29:20.573+0000] {logging_mixin.py:188} INFO - [2026-08-24T14:29:20.572+0000] {dag.py:3036} INFO - Sync 2 DAGs
[2026-08-24T14:29:20.612+0000] {logging_mixin.py:188} INFO - [2026-08-24T14:29:20.612+0000] {dag.py:3823} INFO - Setting next_dagrun for 1_sports_goat_raw_to_clean to 2026-08-23 17:45:00+00:00, run_after=2026-08-24 17:45:00+00:00
[2026-08-24T14:29:20.620+0000] {logging_mixin.py:188} INFO - [2026-08-24T14:29:20.620+0000] {dag.py:3823} INFO - Setting next_dagrun for 2_sports_goat_run_batch to 2026-08-23 18:00:00+00:00, run_after=2026-08-24 18:00:00+00:00
[2026-08-24T14:29:20.648+0000] {processor.py:183} INFO - Processing /opt/airflow/dags/sports_goat_pipeline.py took 0.153 seconds
[2026-08-24T14:29:50.888+0000] {processor.py:161} INFO - Started process (PID=173) to work on /opt/airflow/dags/sports_goat_pipeline.py
[2026-08-24T14:29:50.890+0000] {processor.py:830} INFO - Processing file /opt/airflow/dags/sports_goat_pipeline.py for tasks to queue
[2026-08-24T14:29:50.892+0000] {logging_mixin.py:188} INFO - [2026-08-24T14:29:50.892+0000] {dagbag.py:538} INFO - Filling up the DagBag from /opt/airflow/dags/sports_goat_pipeline.py
[2026-08-24T14:29:50.907+0000] {processor.py:840} INFO - DAG(s) '2_sports_goat_run_batch', '1_sports_goat_raw_to_clean' retrieved from /opt/airflow/dags/sports_goat_pipeline.py
[2026-08-24T14:29:50.950+0000] {logging_mixin.py:188} INFO - [2026-08-24T14:29:50.950+0000] {dag.py:3036} INFO - Sync 2 DAGs
[2026-08-24T14:29:50.980+0000] {logging_mixin.py:188} INFO - [2026-08-24T14:29:50.979+0000] {dag.py:3823} INFO - Setting next_dagrun for 1_sports_goat_raw_to_clean to 2026-08-23 17:45:00+00:00, run_after=2026-08-24 17:45:00+00:00
[2026-08-24T14:29:50.991+0000] {logging_mixin.py:188} INFO - [2026-08-24T14:29:50.991+0000] {dag.py:3823} INFO - Setting next_dagrun for 2_sports_goat_run_batch to 2026-08-23 18:00:00+00:00, run_after=2026-08-24 18:00:00+00:00
[2026-08-24T14:29:51.025+0000] {processor.py:183} INFO - Processing /opt/airflow/dags/sports_goat_pipeline.py took 0.143 seconds
[2026-08-24T14:30:21.262+0000] {processor.py:161} INFO - Started process (PID=174) to work on /opt/airflow/dags/sports_goat_pipeline.py
[2026-08-24T14:30:21.264+0000] {processor.py:830} INFO - Processing file /opt/airflow/dags/sports_goat_pipeline.py for tasks to queue
[2026-08-24T14:30:21.266+0000] {logging_mixin.py:188} INFO - [2026-08-24T14:30:21.265+0000] {dagbag.py:538} INFO - Filling up the DagBag from /opt/airflow/dags/sports_goat_pipeline.py
[2026-08-24T14:30:21.278+0000] {processor.py:840} INFO - DAG(s) '1_sports_goat_raw_to_clean', '2_sports_goat_run_batch' retrieved from /opt/airflow/dags/sports_goat_pipeline.py
[2026-08-24T14:30:21.320+0000] {logging_mixin.py:188} INFO - [2026-08-24T14:30:21.320+0000] {dag.py:3036} INFO - Sync 2 DAGs
[2026-08-24T14:30:21.347+0000] {logging_mixin.py:188} INFO - [2026-08-24T14:30:21.346+0000] {dag.py:3823} INFO - Setting next_dagrun for 1_sports_goat_raw_to_clean to 2026-08-23 17:45:00+00:00, run_after=2026-08-24 17:45:00+00:00
[2026-08-24T14:30:21.354+0000] {logging_mixin.py:188} INFO - [2026-08-24T14:30:21.354+0000] {dag.py:3823} INFO - Setting next_dagrun for 2_sports_goat_run_batch to 2026-08-23 18:00:00+00:00, run_after=2026-08-24 18:00:00+00:00
[2026-08-24T14:30:21.377+0000] {processor.py:183} INFO - Processing /opt/airflow/dags/sports_goat_pipeline.py took 0.120 seconds
[2026-08-24T14:30:51.659+0000] {processor.py:161} INFO - Started process (PID=175) to work on /opt/airflow/dags/sports_goat_pipeline.py
[2026-08-24T14:30:51.661+0000] {processor.py:830} INFO - Processing file /opt/airflow/dags/sports_goat_pipeline.py for tasks to queue
[2026-08-24T14:30:51.662+0000] {logging_mixin.py:188} INFO - [2026-08-24T14:30:51.661+0000] {dagbag.py:538} INFO - Filling up the DagBag from /opt/airflow/dags/sports_goat_pipeline.py
[2026-08-24T14:30:51.672+0000] {processor.py:840} INFO - DAG(s) '2_sports_goat_run_batch', '1_sports_goat_raw_to_clean' retrieved from /opt/airflow/dags/sports_goat_pipeline.py
[2026-08-24T14:30:51.721+0000] {logging_mixin.py:188} INFO - [2026-08-24T14:30:51.721+0000] {dag.py:3036} INFO - Sync 2 DAGs
[2026-08-24T14:30:51.757+0000] {logging_mixin.py:188} INFO - [2026-08-24T14:30:51.757+0000] {dag.py:3823} INFO - Setting next_dagrun for 1_sports_goat_raw_to_clean to 2026-08-23 17:45:00+00:00, run_after=2026-08-24 17:45:00+00:00
[2026-08-24T14:30:51.767+0000] {logging_mixin.py:188} INFO - [2026-08-24T14:30:51.766+0000] {dag.py:3823} INFO - Setting next_dagrun for 2_sports_goat_run_batch to 2026-08-23 18:00:00+00:00, run_after=2026-08-24 18:00:00+00:00
[2026-08-24T14:30:51.801+0000] {processor.py:183} INFO - Processing /opt/airflow/dags/sports_goat_pipeline.py took 0.146 seconds
[2026-08-24T14:31:21.999+0000] {processor.py:161} INFO - Started process (PID=176) to work on /opt/airflow/dags/sports_goat_pipeline.py
[2026-08-24T14:31:22.001+0000] {processor.py:830} INFO - Processing file /opt/airflow/dags/sports_goat_pipeline.py for tasks to queue
[2026-08-24T14:31:22.003+0000] {logging_mixin.py:188} INFO - [2026-08-24T14:31:22.002+0000] {dagbag.py:538} INFO - Filling up the DagBag from /opt/airflow/dags/sports_goat_pipeline.py
[2026-08-24T14:31:22.014+0000] {processor.py:840} INFO - DAG(s) '2_sports_goat_run_batch', '1_sports_goat_raw_to_clean' retrieved from /opt/airflow/dags/sports_goat_pipeline.py
[2026-08-24T14:31:22.052+0000] {logging_mixin.py:188} INFO - [2026-08-24T14:31:22.052+0000] {dag.py:3036} INFO - Sync 2 DAGs
[2026-08-24T14:31:22.075+0000] {logging_mixin.py:188} INFO - [2026-08-24T14:31:22.075+0000] {dag.py:3823} INFO - Setting next_dagrun for 1_sports_goat_raw_to_clean to 2026-08-23 17:45:00+00:00, run_after=2026-08-24 17:45:00+00:00
[2026-08-24T14:31:22.084+0000] {logging_mixin.py:188} INFO - [2026-08-24T14:31:22.083+0000] {dag.py:3823} INFO - Setting next_dagrun for 2_sports_goat_run_batch to 2026-08-23 18:00:00+00:00, run_after=2026-08-24 18:00:00+00:00
[2026-08-24T14:31:22.111+0000] {processor.py:183} INFO - Processing /opt/airflow/dags/sports_goat_pipeline.py took 0.116 seconds
[2026-08-24T14:31:52.357+0000] {processor.py:161} INFO - Started process (PID=177) to work on /opt/airflow/dags/sports_goat_pipeline.py
[2026-08-24T14:31:52.360+0000] {processor.py:830} INFO - Processing file /opt/airflow/dags/sports_goat_pipeline.py for tasks to queue
[2026-08-24T14:31:52.363+0000] {logging_mixin.py:188} INFO - [2026-08-24T14:31:52.362+0000] {dagbag.py:538} INFO - Filling up the DagBag from /opt/airflow/dags/sports_goat_pipeline.py
[2026-08-24T14:31:52.379+0000] {processor.py:840} INFO - DAG(s) '1_sports_goat_raw_to_clean', '2_sports_goat_run_batch' retrieved from /opt/airflow/dags/sports_goat_pipeline.py
[2026-08-24T14:31:52.420+0000] {logging_mixin.py:188} INFO - [2026-08-24T14:31:52.420+0000] {dag.py:3036} INFO - Sync 2 DAGs
[2026-08-24T14:31:52.448+0000] {logging_mixin.py:188} INFO - [2026-08-24T14:31:52.448+0000] {dag.py:3823} INFO - Setting next_dagrun for 1_sports_goat_raw_to_clean to 2026-08-23 17:45:00+00:00, run_after=2026-08-24 17:45:00+00:00
[2026-08-24T14:31:52.457+0000] {logging_mixin.py:188} INFO - [2026-08-24T14:31:52.457+0000] {dag.py:3823} INFO - Setting next_dagrun for 2_sports_goat_run_batch to 2026-08-23 18:00:00+00:00, run_after=2026-08-24 18:00:00+00:00
[2026-08-24T14:31:52.612+0000] {processor.py:183} INFO - Processing /opt/airflow/dags/sports_goat_pipeline.py took 0.262 seconds
[2026-08-24T14:32:22.868+0000] {processor.py:161} INFO - Started process (PID=178) to work on /opt/airflow/dags/sports_goat_pipeline.py
[2026-08-24T14:32:22.869+0000] {processor.py:830} INFO - Processing file /opt/airflow/dags/sports_goat_pipeline.py for tasks to queue
[2026-08-24T14:32:22.872+0000] {logging_mixin.py:188} INFO - [2026-08-24T14:32:22.871+0000] {dagbag.py:538} INFO - Filling up the DagBag from /opt/airflow/dags/sports_goat_pipeline.py
[2026-08-24T14:32:22.890+0000] {processor.py:840} INFO - DAG(s) '1_sports_goat_raw_to_clean', '2_sports_goat_run_batch' retrieved from /opt/airflow/dags/sports_goat_pipeline.py
[2026-08-24T14:32:22.931+0000] {logging_mixin.py:188} INFO - [2026-08-24T14:32:22.931+0000] {dag.py:3036} INFO - Sync 2 DAGs
[2026-08-24T14:32:22.971+0000] {logging_mixin.py:188} INFO - [2026-08-24T14:32:22.970+0000] {dag.py:3823} INFO - Setting next_dagrun for 1_sports_goat_raw_to_clean to 2026-08-23 17:45:00+00:00, run_after=2026-08-24 17:45:00+00:00
[2026-08-24T14:32:22.979+0000] {logging_mixin.py:188} INFO - [2026-08-24T14:32:22.979+0000] {dag.py:3823} INFO - Setting next_dagrun for 2_sports_goat_run_batch to 2026-08-23 18:00:00+00:00, run_after=2026-08-24 18:00:00+00:00
[2026-08-24T14:32:23.018+0000] {processor.py:183} INFO - Processing /opt/airflow/dags/sports_goat_pipeline.py took 0.157 seconds
[2026-08-24T14:32:53.239+0000] {processor.py:161} INFO - Started process (PID=179) to work on /opt/airflow/dags/sports_goat_pipeline.py
[2026-08-24T14:32:53.241+0000] {processor.py:830} INFO - Processing file /opt/airflow/dags/sports_goat_pipeline.py for tasks to queue
[2026-08-24T14:32:53.244+0000] {logging_mixin.py:188} INFO - [2026-08-24T14:32:53.243+0000] {dagbag.py:538} INFO - Filling up the DagBag from /opt/airflow/dags/sports_goat_pipeline.py
[2026-08-24T14:32:53.263+0000] {processor.py:840} INFO - DAG(s) '2_sports_goat_run_batch', '1_sports_goat_raw_to_clean' retrieved from /opt/airflow/dags/sports_goat_pipeline.py
[2026-08-24T14:32:53.538+0000] {logging_mixin.py:188} INFO - [2026-08-24T14:32:53.537+0000] {dag.py:3036} INFO - Sync 2 DAGs
[2026-08-24T14:32:53.616+0000] {logging_mixin.py:188} INFO - [2026-08-24T14:32:53.616+0000] {dag.py:3823} INFO - Setting next_dagrun for 1_sports_goat_raw_to_clean to 2026-08-23 17:45:00+00:00, run_after=2026-08-24 17:45:00+00:00
[2026-08-24T14:32:53.627+0000] {logging_mixin.py:188} INFO - [2026-08-24T14:32:53.627+0000] {dag.py:3823} INFO - Setting next_dagrun for 2_sports_goat_run_batch to 2026-08-23 18:00:00+00:00, run_after=2026-08-24 18:00:00+00:00
[2026-08-24T14:32:53.675+0000] {processor.py:183} INFO - Processing /opt/airflow/dags/sports_goat_pipeline.py took 0.442 seconds
[2026-08-24T14:33:23.859+0000] {processor.py:161} INFO - Started process (PID=180) to work on /opt/airflow/dags/sports_goat_pipeline.py
[2026-08-24T14:33:23.861+0000] {processor.py:830} INFO - Processing file /opt/airflow/dags/sports_goat_pipeline.py for tasks to queue
[2026-08-24T14:33:23.864+0000] {logging_mixin.py:188} INFO - [2026-08-24T14:33:23.863+0000] {dagbag.py:538} INFO - Filling up the DagBag from /opt/airflow/dags/sports_goat_pipeline.py
[2026-08-24T14:33:23.887+0000] {processor.py:840} INFO - DAG(s) '1_sports_goat_raw_to_clean', '2_sports_goat_run_batch' retrieved from /opt/airflow/dags/sports_goat_pipeline.py
[2026-08-24T14:33:23.938+0000] {logging_mixin.py:188} INFO - [2026-08-24T14:33:23.937+0000] {dag.py:3036} INFO - Sync 2 DAGs
[2026-08-24T14:33:23.976+0000] {logging_mixin.py:188} INFO - [2026-08-24T14:33:23.976+0000] {dag.py:3823} INFO - Setting next_dagrun for 1_sports_goat_raw_to_clean to 2026-08-23 17:45:00+00:00, run_after=2026-08-24 17:45:00+00:00
[2026-08-24T14:33:23.989+0000] {logging_mixin.py:188} INFO - [2026-08-24T14:33:23.988+0000] {dag.py:3823} INFO - Setting next_dagrun for 2_sports_goat_run_batch to 2026-08-23 18:00:00+00:00, run_after=2026-08-24 18:00:00+00:00
[2026-08-24T14:33:24.026+0000] {processor.py:183} INFO - Processing /opt/airflow/dags/sports_goat_pipeline.py took 0.174 seconds
[2026-08-24T14:33:54.201+0000] {processor.py:161} INFO - Started process (PID=181) to work on /opt/airflow/dags/sports_goat_pipeline.py
[2026-08-24T14:33:54.203+0000] {processor.py:830} INFO - Processing file /opt/airflow/dags/sports_goat_pipeline.py for tasks to queue
[2026-08-24T14:33:54.204+0000] {logging_mixin.py:188} INFO - [2026-08-24T14:33:54.204+0000] {dagbag.py:538} INFO - Filling up the DagBag from /opt/airflow/dags/sports_goat_pipeline.py
[2026-08-24T14:33:54.217+0000] {processor.py:840} INFO - DAG(s) '1_sports_goat_raw_to_clean', '2_sports_goat_run_batch' retrieved from /opt/airflow/dags/sports_goat_pipeline.py
[2026-08-24T14:33:54.261+0000] {logging_mixin.py:188} INFO - [2026-08-24T14:33:54.260+0000] {dag.py:3036} INFO - Sync 2 DAGs
[2026-08-24T14:33:54.305+0000] {logging_mixin.py:188} INFO - [2026-08-24T14:33:54.304+0000] {dag.py:3823} INFO - Setting next_dagrun for 1_sports_goat_raw_to_clean to 2026-08-23 17:45:00+00:00, run_after=2026-08-24 17:45:00+00:00
[2026-08-24T14:33:54.312+0000] {logging_mixin.py:188} INFO - [2026-08-24T14:33:54.312+0000] {dag.py:3823} INFO - Setting next_dagrun for 2_sports_goat_run_batch to 2026-08-23 18:00:00+00:00, run_after=2026-08-24 18:00:00+00:00
[2026-08-24T14:33:54.344+0000] {processor.py:183} INFO - Processing /opt/airflow/dags/sports_goat_pipeline.py took 0.147 seconds
[2026-08-24T14:34:24.511+0000] {processor.py:161} INFO - Started process (PID=182) to work on /opt/airflow/dags/sports_goat_pipeline.py
[2026-08-24T14:34:24.512+0000] {processor.py:830} INFO - Processing file /opt/airflow/dags/sports_goat_pipeline.py for tasks to queue
[2026-08-24T14:34:24.514+0000] {logging_mixin.py:188} INFO - [2026-08-24T14:34:24.514+0000] {dagbag.py:538} INFO - Filling up the DagBag from /opt/airflow/dags/sports_goat_pipeline.py
[2026-08-24T14:34:24.528+0000] {processor.py:840} INFO - DAG(s) '1_sports_goat_raw_to_clean', '2_sports_goat_run_batch' retrieved from /opt/airflow/dags/sports_goat_pipeline.py
[2026-08-24T14:34:24.568+0000] {logging_mixin.py:188} INFO - [2026-08-24T14:34:24.568+0000] {dag.py:3036} INFO - Sync 2 DAGs
[2026-08-24T14:34:24.595+0000] {logging_mixin.py:188} INFO - [2026-08-24T14:34:24.594+0000] {dag.py:3823} INFO - Setting next_dagrun for 1_sports_goat_raw_to_clean to 2026-08-23 17:45:00+00:00, run_after=2026-08-24 17:45:00+00:00
[2026-08-24T14:34:24.600+0000] {logging_mixin.py:188} INFO - [2026-08-24T14:34:24.600+0000] {dag.py:3823} INFO - Setting next_dagrun for 2_sports_goat_run_batch to 2026-08-23 18:00:00+00:00, run_after=2026-08-24 18:00:00+00:00
[2026-08-24T14:34:24.631+0000] {processor.py:183} INFO - Processing /opt/airflow/dags/sports_goat_pipeline.py took 0.125 seconds
[2026-08-24T14:34:54.807+0000] {processor.py:161} INFO - Started process (PID=183) to work on /opt/airflow/dags/sports_goat_pipeline.py
[2026-08-24T14:34:54.809+0000] {processor.py:830} INFO - Processing file /opt/airflow/dags/sports_goat_pipeline.py for tasks to queue
[2026-08-24T14:34:54.811+0000] {logging_mixin.py:188} INFO - [2026-08-24T14:34:54.810+0000] {dagbag.py:538} INFO - Filling up the DagBag from /opt/airflow/dags/sports_goat_pipeline.py
[2026-08-24T14:34:54.825+0000] {processor.py:840} INFO - DAG(s) '2_sports_goat_run_batch', '1_sports_goat_raw_to_clean' retrieved from /opt/airflow/dags/sports_goat_pipeline.py
[2026-08-24T14:34:54.868+0000] {logging_mixin.py:188} INFO - [2026-08-24T14:34:54.868+0000] {dag.py:3036} INFO - Sync 2 DAGs
[2026-08-24T14:34:54.904+0000] {logging_mixin.py:188} INFO - [2026-08-24T14:34:54.904+0000] {dag.py:3823} INFO - Setting next_dagrun for 1_sports_goat_raw_to_clean to 2026-08-23 17:45:00+00:00, run_after=2026-08-24 17:45:00+00:00
[2026-08-24T14:34:54.912+0000] {logging_mixin.py:188} INFO - [2026-08-24T14:34:54.912+0000] {dag.py:3823} INFO - Setting next_dagrun for 2_sports_goat_run_batch to 2026-08-23 18:00:00+00:00, run_after=2026-08-24 18:00:00+00:00
[2026-08-24T14:34:54.950+0000] {processor.py:183} INFO - Processing /opt/airflow/dags/sports_goat_pipeline.py took 0.148 seconds
[2026-08-24T14:35:25.126+0000] {processor.py:161} INFO - Started process (PID=184) to work on /opt/airflow/dags/sports_goat_pipeline.py
[2026-08-24T14:35:25.127+0000] {processor.py:830} INFO - Processing file /opt/airflow/dags/sports_goat_pipeline.py for tasks to queue
[2026-08-24T14:35:25.128+0000] {logging_mixin.py:188} INFO - [2026-08-24T14:35:25.128+0000] {dagbag.py:538} INFO - Filling up the DagBag from /opt/airflow/dags/sports_goat_pipeline.py
[2026-08-24T14:35:25.141+0000] {processor.py:840} INFO - DAG(s) '2_sports_goat_run_batch', '1_sports_goat_raw_to_clean' retrieved from /opt/airflow/dags/sports_goat_pipeline.py
[2026-08-24T14:35:25.177+0000] {logging_mixin.py:188} INFO - [2026-08-24T14:35:25.177+0000] {dag.py:3036} INFO - Sync 2 DAGs
[2026-08-24T14:35:25.208+0000] {logging_mixin.py:188} INFO - [2026-08-24T14:35:25.208+0000] {dag.py:3823} INFO - Setting next_dagrun for 1_sports_goat_raw_to_clean to 2026-08-23 17:45:00+00:00, run_after=2026-08-24 17:45:00+00:00
[2026-08-24T14:35:25.214+0000] {logging_mixin.py:188} INFO - [2026-08-24T14:35:25.214+0000] {dag.py:3823} INFO - Setting next_dagrun for 2_sports_goat_run_batch to 2026-08-23 18:00:00+00:00, run_after=2026-08-24 18:00:00+00:00
[2026-08-24T14:35:25.246+0000] {processor.py:183} INFO - Processing /opt/airflow/dags/sports_goat_pipeline.py took 0.125 seconds
[2026-08-24T14:35:55.455+0000] {processor.py:161} INFO - Started process (PID=185) to work on /opt/airflow/dags/sports_goat_pipeline.py
[2026-08-24T14:35:55.457+0000] {processor.py:830} INFO - Processing file /opt/airflow/dags/sports_goat_pipeline.py for tasks to queue
[2026-08-24T14:35:55.459+0000] {logging_mixin.py:188} INFO - [2026-08-24T14:35:55.458+0000] {dagbag.py:538} INFO - Filling up the DagBag from /opt/airflow/dags/sports_goat_pipeline.py
[2026-08-24T14:35:55.474+0000] {processor.py:840} INFO - DAG(s) '1_sports_goat_raw_to_clean', '2_sports_goat_run_batch' retrieved from /opt/airflow/dags/sports_goat_pipeline.py
[2026-08-24T14:35:55.513+0000] {logging_mixin.py:188} INFO - [2026-08-24T14:35:55.512+0000] {dag.py:3036} INFO - Sync 2 DAGs
[2026-08-24T14:35:55.545+0000] {logging_mixin.py:188} INFO - [2026-08-24T14:35:55.545+0000] {dag.py:3823} INFO - Setting next_dagrun for 1_sports_goat_raw_to_clean to 2026-08-23 17:45:00+00:00, run_after=2026-08-24 17:45:00+00:00
[2026-08-24T14:35:55.553+0000] {logging_mixin.py:188} INFO - [2026-08-24T14:35:55.553+0000] {dag.py:3823} INFO - Setting next_dagrun for 2_sports_goat_run_batch to 2026-08-23 18:00:00+00:00, run_after=2026-08-24 18:00:00+00:00
[2026-08-24T14:35:55.652+0000] {processor.py:183} INFO - Processing /opt/airflow/dags/sports_goat_pipeline.py took 0.202 seconds
[2026-08-24T14:36:25.861+0000] {processor.py:161} INFO - Started process (PID=186) to work on /opt/airflow/dags/sports_goat_pipeline.py
[2026-08-24T14:36:25.863+0000] {processor.py:830} INFO - Processing file /opt/airflow/dags/sports_goat_pipeline.py for tasks to queue
[2026-08-24T14:36:25.865+0000] {logging_mixin.py:188} INFO - [2026-08-24T14:36:25.864+0000] {dagbag.py:538} INFO - Filling up the DagBag from /opt/airflow/dags/sports_goat_pipeline.py
[2026-08-24T14:36:25.877+0000] {processor.py:840} INFO - DAG(s) '1_sports_goat_raw_to_clean', '2_sports_goat_run_batch' retrieved from /opt/airflow/dags/sports_goat_pipeline.py
[2026-08-24T14:36:25.915+0000] {logging_mixin.py:188} INFO - [2026-08-24T14:36:25.915+0000] {dag.py:3036} INFO - Sync 2 DAGs
[2026-08-24T14:36:25.945+0000] {logging_mixin.py:188} INFO - [2026-08-24T14:36:25.945+0000] {dag.py:3823} INFO - Setting next_dagrun for 1_sports_goat_raw_to_clean to 2026-08-23 17:45:00+00:00, run_after=2026-08-24 17:45:00+00:00
[2026-08-24T14:36:25.953+0000] {logging_mixin.py:188} INFO - [2026-08-24T14:36:25.953+0000] {dag.py:3823} INFO - Setting next_dagrun for 2_sports_goat_run_batch to 2026-08-23 18:00:00+00:00, run_after=2026-08-24 18:00:00+00:00
[2026-08-24T14:36:25.977+0000] {processor.py:183} INFO - Processing /opt/airflow/dags/sports_goat_pipeline.py took 0.121 seconds
[2026-08-24T14:36:56.166+0000] {processor.py:161} INFO - Started process (PID=187) to work on /opt/airflow/dags/sports_goat_pipeline.py
[2026-08-24T14:36:56.167+0000] {processor.py:830} INFO - Processing file /opt/airflow/dags/sports_goat_pipeline.py for tasks to queue
[2026-08-24T14:36:56.169+0000] {logging_mixin.py:188} INFO - [2026-08-24T14:36:56.168+0000] {dagbag.py:538} INFO - Filling up the DagBag from /opt/airflow/dags/sports_goat_pipeline.py
[2026-08-24T14:36:56.183+0000] {processor.py:840} INFO - DAG(s) '2_sports_goat_run_batch', '1_sports_goat_raw_to_clean' retrieved from /opt/airflow/dags/sports_goat_pipeline.py
[2026-08-24T14:36:56.215+0000] {logging_mixin.py:188} INFO - [2026-08-24T14:36:56.215+0000] {dag.py:3036} INFO - Sync 2 DAGs
[2026-08-24T14:36:56.239+0000] {logging_mixin.py:188} INFO - [2026-08-24T14:36:56.239+0000] {dag.py:3823} INFO - Setting next_dagrun for 1_sports_goat_raw_to_clean to 2026-08-23 17:45:00+00:00, run_after=2026-08-24 17:45:00+00:00
[2026-08-24T14:36:56.246+0000] {logging_mixin.py:188} INFO - [2026-08-24T14:36:56.246+0000] {dag.py:3823} INFO - Setting next_dagrun for 2_sports_goat_run_batch to 2026-08-23 18:00:00+00:00, run_after=2026-08-24 18:00:00+00:00
[2026-08-24T14:36:56.335+0000] {processor.py:183} INFO - Processing /opt/airflow/dags/sports_goat_pipeline.py took 0.174 seconds
[2026-08-24T14:37:26.469+0000] {processor.py:161} INFO - Started process (PID=188) to work on /opt/airflow/dags/sports_goat_pipeline.py
[2026-08-24T14:37:26.471+0000] {processor.py:830} INFO - Processing file /opt/airflow/dags/sports_goat_pipeline.py for tasks to queue
[2026-08-24T14:37:26.473+0000] {logging_mixin.py:188} INFO - [2026-08-24T14:37:26.472+0000] {dagbag.py:538} INFO - Filling up the DagBag from /opt/airflow/dags/sports_goat_pipeline.py
[2026-08-24T14:37:26.488+0000] {processor.py:840} INFO - DAG(s) '1_sports_goat_raw_to_clean', '2_sports_goat_run_batch' retrieved from /opt/airflow/dags/sports_goat_pipeline.py
[2026-08-24T14:37:26.523+0000] {logging_mixin.py:188} INFO - [2026-08-24T14:37:26.523+0000] {dag.py:3036} INFO - Sync 2 DAGs
[2026-08-24T14:37:26.550+0000] {logging_mixin.py:188} INFO - [2026-08-24T14:37:26.550+0000] {dag.py:3823} INFO - Setting next_dagrun for 1_sports_goat_raw_to_clean to 2026-08-23 17:45:00+00:00, run_after=2026-08-24 17:45:00+00:00
[2026-08-24T14:37:26.558+0000] {logging_mixin.py:188} INFO - [2026-08-24T14:37:26.558+0000] {dag.py:3823} INFO - Setting next_dagrun for 2_sports_goat_run_batch to 2026-08-23 18:00:00+00:00, run_after=2026-08-24 18:00:00+00:00
[2026-08-24T14:37:26.582+0000] {processor.py:183} INFO - Processing /opt/airflow/dags/sports_goat_pipeline.py took 0.117 seconds
[2026-08-24T14:37:56.788+0000] {processor.py:161} INFO - Started process (PID=189) to work on /opt/airflow/dags/sports_goat_pipeline.py
[2026-08-24T14:37:56.791+0000] {processor.py:830} INFO - Processing file /opt/airflow/dags/sports_goat_pipeline.py for tasks to queue
[2026-08-24T14:37:56.794+0000] {logging_mixin.py:188} INFO - [2026-08-24T14:37:56.792+0000] {dagbag.py:538} INFO - Filling up the DagBag from /opt/airflow/dags/sports_goat_pipeline.py
[2026-08-24T14:37:56.808+0000] {processor.py:840} INFO - DAG(s) '2_sports_goat_run_batch', '1_sports_goat_raw_to_clean' retrieved from /opt/airflow/dags/sports_goat_pipeline.py
[2026-08-24T14:37:56.850+0000] {logging_mixin.py:188} INFO - [2026-08-24T14:37:56.849+0000] {dag.py:3036} INFO - Sync 2 DAGs
[2026-08-24T14:37:56.881+0000] {logging_mixin.py:188} INFO - [2026-08-24T14:37:56.881+0000] {dag.py:3823} INFO - Setting next_dagrun for 1_sports_goat_raw_to_clean to 2026-08-23 17:45:00+00:00, run_after=2026-08-24 17:45:00+00:00
[2026-08-24T14:37:56.892+0000] {logging_mixin.py:188} INFO - [2026-08-24T14:37:56.892+0000] {dag.py:3823} INFO - Setting next_dagrun for 2_sports_goat_run_batch to 2026-08-23 18:00:00+00:00, run_after=2026-08-24 18:00:00+00:00
[2026-08-24T14:37:57.035+0000] {processor.py:183} INFO - Processing /opt/airflow/dags/sports_goat_pipeline.py took 0.252 seconds
[2026-08-24T14:38:27.210+0000] {processor.py:161} INFO - Started process (PID=190) to work on /opt/airflow/dags/sports_goat_pipeline.py
[2026-08-24T14:38:27.212+0000] {processor.py:830} INFO - Processing file /opt/airflow/dags/sports_goat_pipeline.py for tasks to queue
[2026-08-24T14:38:27.213+0000] {logging_mixin.py:188} INFO - [2026-08-24T14:38:27.213+0000] {dagbag.py:538} INFO - Filling up the DagBag from /opt/airflow/dags/sports_goat_pipeline.py
[2026-08-24T14:38:27.227+0000] {processor.py:840} INFO - DAG(s) '2_sports_goat_run_batch', '1_sports_goat_raw_to_clean' retrieved from /opt/airflow/dags/sports_goat_pipeline.py
[2026-08-24T14:38:27.272+0000] {logging_mixin.py:188} INFO - [2026-08-24T14:38:27.271+0000] {dag.py:3036} INFO - Sync 2 DAGs
[2026-08-24T14:38:27.308+0000] {logging_mixin.py:188} INFO - [2026-08-24T14:38:27.307+0000] {dag.py:3823} INFO - Setting next_dagrun for 1_sports_goat_raw_to_clean to 2026-08-23 17:45:00+00:00, run_after=2026-08-24 17:45:00+00:00
[2026-08-24T14:38:27.315+0000] {logging_mixin.py:188} INFO - [2026-08-24T14:38:27.315+0000] {dag.py:3823} INFO - Setting next_dagrun for 2_sports_goat_run_batch to 2026-08-23 18:00:00+00:00, run_after=2026-08-24 18:00:00+00:00
[2026-08-24T14:38:27.351+0000] {processor.py:183} INFO - Processing /opt/airflow/dags/sports_goat_pipeline.py took 0.146 seconds
[2026-08-24T14:38:57.508+0000] {processor.py:161} INFO - Started process (PID=191) to work on /opt/airflow/dags/sports_goat_pipeline.py
[2026-08-24T14:38:57.509+0000] {processor.py:830} INFO - Processing file /opt/airflow/dags/sports_goat_pipeline.py for tasks to queue
[2026-08-24T14:38:57.511+0000] {logging_mixin.py:188} INFO - [2026-08-24T14:38:57.510+0000] {dagbag.py:538} INFO - Filling up the DagBag from /opt/airflow/dags/sports_goat_pipeline.py
[2026-08-24T14:38:57.524+0000] {processor.py:840} INFO - DAG(s) '1_sports_goat_raw_to_clean', '2_sports_goat_run_batch' retrieved from /opt/airflow/dags/sports_goat_pipeline.py
[2026-08-24T14:38:57.568+0000] {logging_mixin.py:188} INFO - [2026-08-24T14:38:57.568+0000] {dag.py:3036} INFO - Sync 2 DAGs
[2026-08-24T14:38:57.608+0000] {logging_mixin.py:188} INFO - [2026-08-24T14:38:57.608+0000] {dag.py:3823} INFO - Setting next_dagrun for 1_sports_goat_raw_to_clean to 2026-08-23 17:45:00+00:00, run_after=2026-08-24 17:45:00+00:00
[2026-08-24T14:38:57.620+0000] {logging_mixin.py:188} INFO - [2026-08-24T14:38:57.619+0000] {dag.py:3823} INFO - Setting next_dagrun for 2_sports_goat_run_batch to 2026-08-23 18:00:00+00:00, run_after=2026-08-24 18:00:00+00:00
[2026-08-24T14:38:57.655+0000] {processor.py:183} INFO - Processing /opt/airflow/dags/sports_goat_pipeline.py took 0.153 seconds
[2026-08-24T14:39:27.828+0000] {processor.py:161} INFO - Started process (PID=192) to work on /opt/airflow/dags/sports_goat_pipeline.py
[2026-08-24T14:39:27.831+0000] {processor.py:830} INFO - Processing file /opt/airflow/dags/sports_goat_pipeline.py for tasks to queue
[2026-08-24T14:39:27.833+0000] {logging_mixin.py:188} INFO - [2026-08-24T14:39:27.832+0000] {dagbag.py:538} INFO - Filling up the DagBag from /opt/airflow/dags/sports_goat_pipeline.py
[2026-08-24T14:39:27.850+0000] {processor.py:840} INFO - DAG(s) '2_sports_goat_run_batch', '1_sports_goat_raw_to_clean' retrieved from /opt/airflow/dags/sports_goat_pipeline.py
[2026-08-24T14:39:27.893+0000] {logging_mixin.py:188} INFO - [2026-08-24T14:39:27.893+0000] {dag.py:3036} INFO - Sync 2 DAGs
[2026-08-24T14:39:27.927+0000] {logging_mixin.py:188} INFO - [2026-08-24T14:39:27.927+0000] {dag.py:3823} INFO - Setting next_dagrun for 1_sports_goat_raw_to_clean to 2026-08-23 17:45:00+00:00, run_after=2026-08-24 17:45:00+00:00
[2026-08-24T14:39:27.943+0000] {logging_mixin.py:188} INFO - [2026-08-24T14:39:27.942+0000] {dag.py:3823} INFO - Setting next_dagrun for 2_sports_goat_run_batch to 2026-08-23 18:00:00+00:00, run_after=2026-08-24 18:00:00+00:00
[2026-08-24T14:39:27.987+0000] {processor.py:183} INFO - Processing /opt/airflow/dags/sports_goat_pipeline.py took 0.164 seconds
[2026-08-24T14:39:58.201+0000] {processor.py:161} INFO - Started process (PID=193) to work on /opt/airflow/dags/sports_goat_pipeline.py
[2026-08-24T14:39:58.203+0000] {processor.py:830} INFO - Processing file /opt/airflow/dags/sports_goat_pipeline.py for tasks to queue
[2026-08-24T14:39:58.205+0000] {logging_mixin.py:188} INFO - [2026-08-24T14:39:58.204+0000] {dagbag.py:538} INFO - Filling up the DagBag from /opt/airflow/dags/sports_goat_pipeline.py
[2026-08-24T14:39:58.221+0000] {processor.py:840} INFO - DAG(s) '1_sports_goat_raw_to_clean', '2_sports_goat_run_batch' retrieved from /opt/airflow/dags/sports_goat_pipeline.py
[2026-08-24T14:39:58.258+0000] {logging_mixin.py:188} INFO - [2026-08-24T14:39:58.258+0000] {dag.py:3036} INFO - Sync 2 DAGs
[2026-08-24T14:39:58.286+0000] {logging_mixin.py:188} INFO - [2026-08-24T14:39:58.286+0000] {dag.py:3823} INFO - Setting next_dagrun for 1_sports_goat_raw_to_clean to 2026-08-23 17:45:00+00:00, run_after=2026-08-24 17:45:00+00:00
[2026-08-24T14:39:58.297+0000] {logging_mixin.py:188} INFO - [2026-08-24T14:39:58.297+0000] {dag.py:3823} INFO - Setting next_dagrun for 2_sports_goat_run_batch to 2026-08-23 18:00:00+00:00, run_after=2026-08-24 18:00:00+00:00
[2026-08-24T14:39:58.326+0000] {processor.py:183} INFO - Processing /opt/airflow/dags/sports_goat_pipeline.py took 0.129 seconds
[2026-08-24T14:40:28.538+0000] {processor.py:161} INFO - Started process (PID=194) to work on /opt/airflow/dags/sports_goat_pipeline.py
[2026-08-24T14:40:28.540+0000] {processor.py:830} INFO - Processing file /opt/airflow/dags/sports_goat_pipeline.py for tasks to queue
[2026-08-24T14:40:28.542+0000] {logging_mixin.py:188} INFO - [2026-08-24T14:40:28.541+0000] {dagbag.py:538} INFO - Filling up the DagBag from /opt/airflow/dags/sports_goat_pipeline.py
[2026-08-24T14:40:28.553+0000] {processor.py:840} INFO - DAG(s) '2_sports_goat_run_batch', '1_sports_goat_raw_to_clean' retrieved from /opt/airflow/dags/sports_goat_pipeline.py
[2026-08-24T14:40:28.589+0000] {logging_mixin.py:188} INFO - [2026-08-24T14:40:28.589+0000] {dag.py:3036} INFO - Sync 2 DAGs
[2026-08-24T14:40:28.614+0000] {logging_mixin.py:188} INFO - [2026-08-24T14:40:28.613+0000] {dag.py:3823} INFO - Setting next_dagrun for 1_sports_goat_raw_to_clean to 2026-08-23 17:45:00+00:00, run_after=2026-08-24 17:45:00+00:00
[2026-08-24T14:40:28.620+0000] {logging_mixin.py:188} INFO - [2026-08-24T14:40:28.620+0000] {dag.py:3823} INFO - Setting next_dagrun for 2_sports_goat_run_batch to 2026-08-23 18:00:00+00:00, run_after=2026-08-24 18:00:00+00:00
[2026-08-24T14:40:28.641+0000] {processor.py:183} INFO - Processing /opt/airflow/dags/sports_goat_pipeline.py took 0.108 seconds
[2026-08-24T14:40:58.850+0000] {processor.py:161} INFO - Started process (PID=195) to work on /opt/airflow/dags/sports_goat_pipeline.py
[2026-08-24T14:40:58.852+0000] {processor.py:830} INFO - Processing file /opt/airflow/dags/sports_goat_pipeline.py for tasks to queue
[2026-08-24T14:40:58.854+0000] {logging_mixin.py:188} INFO - [2026-08-24T14:40:58.853+0000] {dagbag.py:538} INFO - Filling up the DagBag from /opt/airflow/dags/sports_goat_pipeline.py
[2026-08-24T14:40:58.867+0000] {processor.py:840} INFO - DAG(s) '1_sports_goat_raw_to_clean', '2_sports_goat_run_batch' retrieved from /opt/airflow/dags/sports_goat_pipeline.py
[2026-08-24T14:40:58.906+0000] {logging_mixin.py:188} INFO - [2026-08-24T14:40:58.906+0000] {dag.py:3036} INFO - Sync 2 DAGs
[2026-08-24T14:40:58.935+0000] {logging_mixin.py:188} INFO - [2026-08-24T14:40:58.935+0000] {dag.py:3823} INFO - Setting next_dagrun for 1_sports_goat_raw_to_clean to 2026-08-23 17:45:00+00:00, run_after=2026-08-24 17:45:00+00:00
[2026-08-24T14:40:58.942+0000] {logging_mixin.py:188} INFO - [2026-08-24T14:40:58.942+0000] {dag.py:3823} INFO - Setting next_dagrun for 2_sports_goat_run_batch to 2026-08-23 18:00:00+00:00, run_after=2026-08-24 18:00:00+00:00
[2026-08-24T14:40:58.968+0000] {processor.py:183} INFO - Processing /opt/airflow/dags/sports_goat_pipeline.py took 0.123 seconds
[2026-08-24T14:41:29.169+0000] {processor.py:161} INFO - Started process (PID=196) to work on /opt/airflow/dags/sports_goat_pipeline.py
[2026-08-24T14:41:29.171+0000] {processor.py:830} INFO - Processing file /opt/airflow/dags/sports_goat_pipeline.py for tasks to queue
[2026-08-24T14:41:29.173+0000] {logging_mixin.py:188} INFO - [2026-08-24T14:41:29.172+0000] {dagbag.py:538} INFO - Filling up the DagBag from /opt/airflow/dags/sports_goat_pipeline.py
[2026-08-24T14:41:29.186+0000] {processor.py:840} INFO - DAG(s) '2_sports_goat_run_batch', '1_sports_goat_raw_to_clean' retrieved from /opt/airflow/dags/sports_goat_pipeline.py
[2026-08-24T14:41:29.220+0000] {logging_mixin.py:188} INFO - [2026-08-24T14:41:29.220+0000] {dag.py:3036} INFO - Sync 2 DAGs
[2026-08-24T14:41:29.244+0000] {logging_mixin.py:188} INFO - [2026-08-24T14:41:29.244+0000] {dag.py:3823} INFO - Setting next_dagrun for 1_sports_goat_raw_to_clean to 2026-08-23 17:45:00+00:00, run_after=2026-08-24 17:45:00+00:00
[2026-08-24T14:41:29.250+0000] {logging_mixin.py:188} INFO - [2026-08-24T14:41:29.250+0000] {dag.py:3823} INFO - Setting next_dagrun for 2_sports_goat_run_batch to 2026-08-23 18:00:00+00:00, run_after=2026-08-24 18:00:00+00:00
[2026-08-24T14:41:29.274+0000] {processor.py:183} INFO - Processing /opt/airflow/dags/sports_goat_pipeline.py took 0.111 seconds
[2026-08-24T14:41:59.488+0000] {processor.py:161} INFO - Started process (PID=197) to work on /opt/airflow/dags/sports_goat_pipeline.py
[2026-08-24T14:41:59.490+0000] {processor.py:830} INFO - Processing file /opt/airflow/dags/sports_goat_pipeline.py for tasks to queue
[2026-08-24T14:41:59.491+0000] {logging_mixin.py:188} INFO - [2026-08-24T14:41:59.491+0000] {dagbag.py:538} INFO - Filling up the DagBag from /opt/airflow/dags/sports_goat_pipeline.py
[2026-08-24T14:41:59.503+0000] {processor.py:840} INFO - DAG(s) '2_sports_goat_run_batch', '1_sports_goat_raw_to_clean' retrieved from /opt/airflow/dags/sports_goat_pipeline.py
[2026-08-24T14:41:59.535+0000] {logging_mixin.py:188} INFO - [2026-08-24T14:41:59.534+0000] {dag.py:3036} INFO - Sync 2 DAGs
[2026-08-24T14:41:59.562+0000] {logging_mixin.py:188} INFO - [2026-08-24T14:41:59.561+0000] {dag.py:3823} INFO - Setting next_dagrun for 1_sports_goat_raw_to_clean to 2026-08-23 17:45:00+00:00, run_after=2026-08-24 17:45:00+00:00
[2026-08-24T14:41:59.568+0000] {logging_mixin.py:188} INFO - [2026-08-24T14:41:59.568+0000] {dag.py:3823} INFO - Setting next_dagrun for 2_sports_goat_run_batch to 2026-08-23 18:00:00+00:00, run_after=2026-08-24 18:00:00+00:00
[2026-08-24T14:41:59.594+0000] {processor.py:183} INFO - Processing /opt/airflow/dags/sports_goat_pipeline.py took 0.110 seconds
[2026-08-24T14:42:29.788+0000] {processor.py:161} INFO - Started process (PID=198) to work on /opt/airflow/dags/sports_goat_pipeline.py
[2026-08-24T14:42:29.789+0000] {processor.py:830} INFO - Processing file /opt/airflow/dags/sports_goat_pipeline.py for tasks to queue
[2026-08-24T14:42:29.791+0000] {logging_mixin.py:188} INFO - [2026-08-24T14:42:29.790+0000] {dagbag.py:538} INFO - Filling up the DagBag from /opt/airflow/dags/sports_goat_pipeline.py
[2026-08-24T14:42:29.802+0000] {processor.py:840} INFO - DAG(s) '1_sports_goat_raw_to_clean', '2_sports_goat_run_batch' retrieved from /opt/airflow/dags/sports_goat_pipeline.py
[2026-08-24T14:42:29.844+0000] {logging_mixin.py:188} INFO - [2026-08-24T14:42:29.843+0000] {dag.py:3036} INFO - Sync 2 DAGs
[2026-08-24T14:42:29.869+0000] {logging_mixin.py:188} INFO - [2026-08-24T14:42:29.869+0000] {dag.py:3823} INFO - Setting next_dagrun for 1_sports_goat_raw_to_clean to 2026-08-23 17:45:00+00:00, run_after=2026-08-24 17:45:00+00:00
[2026-08-24T14:42:29.875+0000] {logging_mixin.py:188} INFO - [2026-08-24T14:42:29.875+0000] {dag.py:3823} INFO - Setting next_dagrun for 2_sports_goat_run_batch to 2026-08-23 18:00:00+00:00, run_after=2026-08-24 18:00:00+00:00
[2026-08-24T14:42:29.899+0000] {processor.py:183} INFO - Processing /opt/airflow/dags/sports_goat_pipeline.py took 0.115 seconds
[2026-08-24T14:43:00.030+0000] {processor.py:161} INFO - Started process (PID=199) to work on /opt/airflow/dags/sports_goat_pipeline.py
[2026-08-24T14:43:00.032+0000] {processor.py:830} INFO - Processing file /opt/airflow/dags/sports_goat_pipeline.py for tasks to queue
[2026-08-24T14:43:00.034+0000] {logging_mixin.py:188} INFO - [2026-08-24T14:43:00.033+0000] {dagbag.py:538} INFO - Filling up the DagBag from /opt/airflow/dags/sports_goat_pipeline.py
[2026-08-24T14:43:00.046+0000] {processor.py:840} INFO - DAG(s) '2_sports_goat_run_batch', '1_sports_goat_raw_to_clean' retrieved from /opt/airflow/dags/sports_goat_pipeline.py
[2026-08-24T14:43:00.121+0000] {logging_mixin.py:188} INFO - [2026-08-24T14:43:00.121+0000] {dag.py:3036} INFO - Sync 2 DAGs
[2026-08-24T14:43:00.158+0000] {logging_mixin.py:188} INFO - [2026-08-24T14:43:00.158+0000] {dag.py:3823} INFO - Setting next_dagrun for 1_sports_goat_raw_to_clean to 2026-08-23 17:45:00+00:00, run_after=2026-08-24 17:45:00+00:00
[2026-08-24T14:43:00.167+0000] {logging_mixin.py:188} INFO - [2026-08-24T14:43:00.167+0000] {dag.py:3823} INFO - Setting next_dagrun for 2_sports_goat_run_batch to 2026-08-23 18:00:00+00:00, run_after=2026-08-24 18:00:00+00:00
[2026-08-24T14:43:00.211+0000] {processor.py:183} INFO - Processing /opt/airflow/dags/sports_goat_pipeline.py took 0.185 seconds
[2026-08-24T14:43:30.341+0000] {processor.py:161} INFO - Started process (PID=200) to work on /opt/airflow/dags/sports_goat_pipeline.py
[2026-08-24T14:43:30.343+0000] {processor.py:830} INFO - Processing file /opt/airflow/dags/sports_goat_pipeline.py for tasks to queue
[2026-08-24T14:43:30.345+0000] {logging_mixin.py:188} INFO - [2026-08-24T14:43:30.344+0000] {dagbag.py:538} INFO - Filling up the DagBag from /opt/airflow/dags/sports_goat_pipeline.py
[2026-08-24T14:43:30.355+0000] {processor.py:840} INFO - DAG(s) '2_sports_goat_run_batch', '1_sports_goat_raw_to_clean' retrieved from /opt/airflow/dags/sports_goat_pipeline.py
[2026-08-24T14:43:30.390+0000] {logging_mixin.py:188} INFO - [2026-08-24T14:43:30.390+0000] {dag.py:3036} INFO - Sync 2 DAGs
[2026-08-24T14:43:30.415+0000] {logging_mixin.py:188} INFO - [2026-08-24T14:43:30.415+0000] {dag.py:3823} INFO - Setting next_dagrun for 1_sports_goat_raw_to_clean to 2026-08-23 17:45:00+00:00, run_after=2026-08-24 17:45:00+00:00
[2026-08-24T14:43:30.424+0000] {logging_mixin.py:188} INFO - [2026-08-24T14:43:30.423+0000] {dag.py:3823} INFO - Setting next_dagrun for 2_sports_goat_run_batch to 2026-08-23 18:00:00+00:00, run_after=2026-08-24 18:00:00+00:00
[2026-08-24T14:43:30.449+0000] {processor.py:183} INFO - Processing /opt/airflow/dags/sports_goat_pipeline.py took 0.112 seconds
[2026-08-24T14:44:00.658+0000] {processor.py:161} INFO - Started process (PID=201) to work on /opt/airflow/dags/sports_goat_pipeline.py
[2026-08-24T14:44:00.660+0000] {processor.py:830} INFO - Processing file /opt/airflow/dags/sports_goat_pipeline.py for tasks to queue
[2026-08-24T14:44:00.663+0000] {logging_mixin.py:188} INFO - [2026-08-24T14:44:00.662+0000] {dagbag.py:538} INFO - Filling up the DagBag from /opt/airflow/dags/sports_goat_pipeline.py
[2026-08-24T14:44:00.682+0000] {processor.py:840} INFO - DAG(s) '1_sports_goat_raw_to_clean', '2_sports_goat_run_batch' retrieved from /opt/airflow/dags/sports_goat_pipeline.py
[2026-08-24T14:44:00.719+0000] {logging_mixin.py:188} INFO - [2026-08-24T14:44:00.718+0000] {dag.py:3036} INFO - Sync 2 DAGs
[2026-08-24T14:44:00.753+0000] {logging_mixin.py:188} INFO - [2026-08-24T14:44:00.753+0000] {dag.py:3823} INFO - Setting next_dagrun for 1_sports_goat_raw_to_clean to 2026-08-23 17:45:00+00:00, run_after=2026-08-24 17:45:00+00:00
[2026-08-24T14:44:00.766+0000] {logging_mixin.py:188} INFO - [2026-08-24T14:44:00.766+0000] {dag.py:3823} INFO - Setting next_dagrun for 2_sports_goat_run_batch to 2026-08-23 18:00:00+00:00, run_after=2026-08-24 18:00:00+00:00
[2026-08-24T14:44:00.796+0000] {processor.py:183} INFO - Processing /opt/airflow/dags/sports_goat_pipeline.py took 0.144 seconds
[2026-08-24T14:44:30.952+0000] {processor.py:161} INFO - Started process (PID=202) to work on /opt/airflow/dags/sports_goat_pipeline.py
[2026-08-24T14:44:30.954+0000] {processor.py:830} INFO - Processing file /opt/airflow/dags/sports_goat_pipeline.py for tasks to queue
[2026-08-24T14:44:30.956+0000] {logging_mixin.py:188} INFO - [2026-08-24T14:44:30.955+0000] {dagbag.py:538} INFO - Filling up the DagBag from /opt/airflow/dags/sports_goat_pipeline.py
[2026-08-24T14:44:30.970+0000] {processor.py:840} INFO - DAG(s) '1_sports_goat_raw_to_clean', '2_sports_goat_run_batch' retrieved from /opt/airflow/dags/sports_goat_pipeline.py
[2026-08-24T14:44:31.012+0000] {logging_mixin.py:188} INFO - [2026-08-24T14:44:31.011+0000] {dag.py:3036} INFO - Sync 2 DAGs
[2026-08-24T14:44:31.043+0000] {logging_mixin.py:188} INFO - [2026-08-24T14:44:31.042+0000] {dag.py:3823} INFO - Setting next_dagrun for 1_sports_goat_raw_to_clean to 2026-08-23 17:45:00+00:00, run_after=2026-08-24 17:45:00+00:00
[2026-08-24T14:44:31.050+0000] {logging_mixin.py:188} INFO - [2026-08-24T14:44:31.050+0000] {dag.py:3823} INFO - Setting next_dagrun for 2_sports_goat_run_batch to 2026-08-23 18:00:00+00:00, run_after=2026-08-24 18:00:00+00:00
[2026-08-24T14:44:31.094+0000] {processor.py:183} INFO - Processing /opt/airflow/dags/sports_goat_pipeline.py took 0.148 seconds
[2026-08-24T14:45:01.250+0000] {processor.py:161} INFO - Started process (PID=203) to work on /opt/airflow/dags/sports_goat_pipeline.py
[2026-08-24T14:45:01.251+0000] {processor.py:830} INFO - Processing file /opt/airflow/dags/sports_goat_pipeline.py for tasks to queue
[2026-08-24T14:45:01.253+0000] {logging_mixin.py:188} INFO - [2026-08-24T14:45:01.252+0000] {dagbag.py:538} INFO - Filling up the DagBag from /opt/airflow/dags/sports_goat_pipeline.py
[2026-08-24T14:45:01.263+0000] {processor.py:840} INFO - DAG(s) '1_sports_goat_raw_to_clean', '2_sports_goat_run_batch' retrieved from /opt/airflow/dags/sports_goat_pipeline.py
[2026-08-24T14:45:01.296+0000] {logging_mixin.py:188} INFO - [2026-08-24T14:45:01.296+0000] {dag.py:3036} INFO - Sync 2 DAGs
[2026-08-24T14:45:01.323+0000] {logging_mixin.py:188} INFO - [2026-08-24T14:45:01.322+0000] {dag.py:3823} INFO - Setting next_dagrun for 1_sports_goat_raw_to_clean to 2026-08-23 17:45:00+00:00, run_after=2026-08-24 17:45:00+00:00
[2026-08-24T14:45:01.333+0000] {logging_mixin.py:188} INFO - [2026-08-24T14:45:01.333+0000] {dag.py:3823} INFO - Setting next_dagrun for 2_sports_goat_run_batch to 2026-08-23 18:00:00+00:00, run_after=2026-08-24 18:00:00+00:00
[2026-08-24T14:45:01.448+0000] {processor.py:183} INFO - Processing /opt/airflow/dags/sports_goat_pipeline.py took 0.203 seconds
[2026-08-24T14:45:31.688+0000] {processor.py:161} INFO - Started process (PID=204) to work on /opt/airflow/dags/sports_goat_pipeline.py
[2026-08-24T14:45:31.690+0000] {processor.py:830} INFO - Processing file /opt/airflow/dags/sports_goat_pipeline.py for tasks to queue
[2026-08-24T14:45:31.694+0000] {logging_mixin.py:188} INFO - [2026-08-24T14:45:31.692+0000] {dagbag.py:538} INFO - Filling up the DagBag from /opt/airflow/dags/sports_goat_pipeline.py
[2026-08-24T14:45:31.713+0000] {processor.py:840} INFO - DAG(s) '2_sports_goat_run_batch', '1_sports_goat_raw_to_clean' retrieved from /opt/airflow/dags/sports_goat_pipeline.py
[2026-08-24T14:45:31.757+0000] {logging_mixin.py:188} INFO - [2026-08-24T14:45:31.757+0000] {dag.py:3036} INFO - Sync 2 DAGs
[2026-08-24T14:45:31.796+0000] {logging_mixin.py:188} INFO - [2026-08-24T14:45:31.796+0000] {dag.py:3823} INFO - Setting next_dagrun for 1_sports_goat_raw_to_clean to 2026-08-23 17:45:00+00:00, run_after=2026-08-24 17:45:00+00:00
[2026-08-24T14:45:31.811+0000] {logging_mixin.py:188} INFO - [2026-08-24T14:45:31.811+0000] {dag.py:3823} INFO - Setting next_dagrun for 2_sports_goat_run_batch to 2026-08-23 18:00:00+00:00, run_after=2026-08-24 18:00:00+00:00
[2026-08-24T14:45:31.855+0000] {processor.py:183} INFO - Processing /opt/airflow/dags/sports_goat_pipeline.py took 0.176 seconds
[2026-08-24T14:46:01.985+0000] {processor.py:161} INFO - Started process (PID=205) to work on /opt/airflow/dags/sports_goat_pipeline.py
[2026-08-24T14:46:01.987+0000] {processor.py:830} INFO - Processing file /opt/airflow/dags/sports_goat_pipeline.py for tasks to queue
[2026-08-24T14:46:01.989+0000] {logging_mixin.py:188} INFO - [2026-08-24T14:46:01.989+0000] {dagbag.py:538} INFO - Filling up the DagBag from /opt/airflow/dags/sports_goat_pipeline.py
[2026-08-24T14:46:02.002+0000] {processor.py:840} INFO - DAG(s) '1_sports_goat_raw_to_clean', '2_sports_goat_run_batch' retrieved from /opt/airflow/dags/sports_goat_pipeline.py
[2026-08-24T14:46:02.047+0000] {logging_mixin.py:188} INFO - [2026-08-24T14:46:02.046+0000] {dag.py:3036} INFO - Sync 2 DAGs
[2026-08-24T14:46:02.079+0000] {logging_mixin.py:188} INFO - [2026-08-24T14:46:02.079+0000] {dag.py:3823} INFO - Setting next_dagrun for 1_sports_goat_raw_to_clean to 2026-08-23 17:45:00+00:00, run_after=2026-08-24 17:45:00+00:00
[2026-08-24T14:46:02.088+0000] {logging_mixin.py:188} INFO - [2026-08-24T14:46:02.088+0000] {dag.py:3823} INFO - Setting next_dagrun for 2_sports_goat_run_batch to 2026-08-23 18:00:00+00:00, run_after=2026-08-24 18:00:00+00:00
[2026-08-24T14:46:02.116+0000] {processor.py:183} INFO - Processing /opt/airflow/dags/sports_goat_pipeline.py took 0.136 seconds
[2026-08-24T14:46:32.301+0000] {processor.py:161} INFO - Started process (PID=206) to work on /opt/airflow/dags/sports_goat_pipeline.py
[2026-08-24T14:46:32.304+0000] {processor.py:830} INFO - Processing file /opt/airflow/dags/sports_goat_pipeline.py for tasks to queue
[2026-08-24T14:46:32.307+0000] {logging_mixin.py:188} INFO - [2026-08-24T14:46:32.306+0000] {dagbag.py:538} INFO - Filling up the DagBag from /opt/airflow/dags/sports_goat_pipeline.py
[2026-08-24T14:46:32.326+0000] {processor.py:840} INFO - DAG(s) '1_sports_goat_raw_to_clean', '2_sports_goat_run_batch' retrieved from /opt/airflow/dags/sports_goat_pipeline.py
[2026-08-24T14:46:32.369+0000] {logging_mixin.py:188} INFO - [2026-08-24T14:46:32.369+0000] {dag.py:3036} INFO - Sync 2 DAGs
[2026-08-24T14:46:32.399+0000] {logging_mixin.py:188} INFO - [2026-08-24T14:46:32.399+0000] {dag.py:3823} INFO - Setting next_dagrun for 1_sports_goat_raw_to_clean to 2026-08-23 17:45:00+00:00, run_after=2026-08-24 17:45:00+00:00
[2026-08-24T14:46:32.409+0000] {logging_mixin.py:188} INFO - [2026-08-24T14:46:32.408+0000] {dag.py:3823} INFO - Setting next_dagrun for 2_sports_goat_run_batch to 2026-08-23 18:00:00+00:00, run_after=2026-08-24 18:00:00+00:00
[2026-08-24T14:46:32.498+0000] {processor.py:183} INFO - Processing /opt/airflow/dags/sports_goat_pipeline.py took 0.203 seconds
[2026-08-24T14:47:02.707+0000] {processor.py:161} INFO - Started process (PID=207) to work on /opt/airflow/dags/sports_goat_pipeline.py
[2026-08-24T14:47:02.708+0000] {processor.py:830} INFO - Processing file /opt/airflow/dags/sports_goat_pipeline.py for tasks to queue
[2026-08-24T14:47:02.710+0000] {logging_mixin.py:188} INFO - [2026-08-24T14:47:02.710+0000] {dagbag.py:538} INFO - Filling up the DagBag from /opt/airflow/dags/sports_goat_pipeline.py
[2026-08-24T14:47:02.723+0000] {processor.py:840} INFO - DAG(s) '2_sports_goat_run_batch', '1_sports_goat_raw_to_clean' retrieved from /opt/airflow/dags/sports_goat_pipeline.py
[2026-08-24T14:47:02.757+0000] {logging_mixin.py:188} INFO - [2026-08-24T14:47:02.756+0000] {dag.py:3036} INFO - Sync 2 DAGs
[2026-08-24T14:47:02.780+0000] {logging_mixin.py:188} INFO - [2026-08-24T14:47:02.779+0000] {dag.py:3823} INFO - Setting next_dagrun for 1_sports_goat_raw_to_clean to 2026-08-23 17:45:00+00:00, run_after=2026-08-24 17:45:00+00:00
[2026-08-24T14:47:02.787+0000] {logging_mixin.py:188} INFO - [2026-08-24T14:47:02.786+0000] {dag.py:3823} INFO - Setting next_dagrun for 2_sports_goat_run_batch to 2026-08-23 18:00:00+00:00, run_after=2026-08-24 18:00:00+00:00
[2026-08-24T14:47:02.814+0000] {processor.py:183} INFO - Processing /opt/airflow/dags/sports_goat_pipeline.py took 0.112 seconds
[2026-08-24T14:47:33.011+0000] {processor.py:161} INFO - Started process (PID=208) to work on /opt/airflow/dags/sports_goat_pipeline.py
[2026-08-24T14:47:33.012+0000] {processor.py:830} INFO - Processing file /opt/airflow/dags/sports_goat_pipeline.py for tasks to queue
[2026-08-24T14:47:33.014+0000] {logging_mixin.py:188} INFO - [2026-08-24T14:47:33.013+0000] {dagbag.py:538} INFO - Filling up the DagBag from /opt/airflow/dags/sports_goat_pipeline.py
[2026-08-24T14:47:33.025+0000] {processor.py:840} INFO - DAG(s) '2_sports_goat_run_batch', '1_sports_goat_raw_to_clean' retrieved from /opt/airflow/dags/sports_goat_pipeline.py
[2026-08-24T14:47:33.052+0000] {logging_mixin.py:188} INFO - [2026-08-24T14:47:33.051+0000] {dag.py:3036} INFO - Sync 2 DAGs
[2026-08-24T14:47:33.072+0000] {logging_mixin.py:188} INFO - [2026-08-24T14:47:33.072+0000] {dag.py:3823} INFO - Setting next_dagrun for 1_sports_goat_raw_to_clean to 2026-08-23 17:45:00+00:00, run_after=2026-08-24 17:45:00+00:00
[2026-08-24T14:47:33.077+0000] {logging_mixin.py:188} INFO - [2026-08-24T14:47:33.077+0000] {dag.py:3823} INFO - Setting next_dagrun for 2_sports_goat_run_batch to 2026-08-23 18:00:00+00:00, run_after=2026-08-24 18:00:00+00:00
[2026-08-24T14:47:33.099+0000] {processor.py:183} INFO - Processing /opt/airflow/dags/sports_goat_pipeline.py took 0.093 seconds
[2026-08-24T14:48:03.220+0000] {processor.py:161} INFO - Started process (PID=209) to work on /opt/airflow/dags/sports_goat_pipeline.py
[2026-08-24T14:48:03.222+0000] {processor.py:830} INFO - Processing file /opt/airflow/dags/sports_goat_pipeline.py for tasks to queue
[2026-08-24T14:48:03.224+0000] {logging_mixin.py:188} INFO - [2026-08-24T14:48:03.223+0000] {dagbag.py:538} INFO - Filling up the DagBag from /opt/airflow/dags/sports_goat_pipeline.py
[2026-08-24T14:48:03.237+0000] {processor.py:840} INFO - DAG(s) '2_sports_goat_run_batch', '1_sports_goat_raw_to_clean' retrieved from /opt/airflow/dags/sports_goat_pipeline.py
[2026-08-24T14:48:03.268+0000] {logging_mixin.py:188} INFO - [2026-08-24T14:48:03.268+0000] {dag.py:3036} INFO - Sync 2 DAGs
[2026-08-24T14:48:03.296+0000] {logging_mixin.py:188} INFO - [2026-08-24T14:48:03.296+0000] {dag.py:3823} INFO - Setting next_dagrun for 1_sports_goat_raw_to_clean to 2026-08-23 17:45:00+00:00, run_after=2026-08-24 17:45:00+00:00
[2026-08-24T14:48:03.302+0000] {logging_mixin.py:188} INFO - [2026-08-24T14:48:03.302+0000] {dag.py:3823} INFO - Setting next_dagrun for 2_sports_goat_run_batch to 2026-08-23 18:00:00+00:00, run_after=2026-08-24 18:00:00+00:00
[2026-08-24T14:48:03.328+0000] {processor.py:183} INFO - Processing /opt/airflow/dags/sports_goat_pipeline.py took 0.112 seconds
[2026-08-24T14:48:33.513+0000] {processor.py:161} INFO - Started process (PID=210) to work on /opt/airflow/dags/sports_goat_pipeline.py
[2026-08-24T14:48:33.515+0000] {processor.py:830} INFO - Processing file /opt/airflow/dags/sports_goat_pipeline.py for tasks to queue
[2026-08-24T14:48:33.516+0000] {logging_mixin.py:188} INFO - [2026-08-24T14:48:33.516+0000] {dagbag.py:538} INFO - Filling up the DagBag from /opt/airflow/dags/sports_goat_pipeline.py
[2026-08-24T14:48:33.529+0000] {processor.py:840} INFO - DAG(s) '1_sports_goat_raw_to_clean', '2_sports_goat_run_batch' retrieved from /opt/airflow/dags/sports_goat_pipeline.py
[2026-08-24T14:48:33.558+0000] {logging_mixin.py:188} INFO - [2026-08-24T14:48:33.558+0000] {dag.py:3036} INFO - Sync 2 DAGs
[2026-08-24T14:48:33.582+0000] {logging_mixin.py:188} INFO - [2026-08-24T14:48:33.581+0000] {dag.py:3823} INFO - Setting next_dagrun for 1_sports_goat_raw_to_clean to 2026-08-23 17:45:00+00:00, run_after=2026-08-24 17:45:00+00:00
[2026-08-24T14:48:33.591+0000] {logging_mixin.py:188} INFO - [2026-08-24T14:48:33.591+0000] {dag.py:3823} INFO - Setting next_dagrun for 2_sports_goat_run_batch to 2026-08-23 18:00:00+00:00, run_after=2026-08-24 18:00:00+00:00
[2026-08-24T14:48:33.615+0000] {processor.py:183} INFO - Processing /opt/airflow/dags/sports_goat_pipeline.py took 0.107 seconds
[2026-08-24T14:49:03.812+0000] {processor.py:161} INFO - Started process (PID=211) to work on /opt/airflow/dags/sports_goat_pipeline.py
[2026-08-24T14:49:03.813+0000] {processor.py:830} INFO - Processing file /opt/airflow/dags/sports_goat_pipeline.py for tasks to queue
[2026-08-24T14:49:03.815+0000] {logging_mixin.py:188} INFO - [2026-08-24T14:49:03.815+0000] {dagbag.py:538} INFO - Filling up the DagBag from /opt/airflow/dags/sports_goat_pipeline.py
[2026-08-24T14:49:03.827+0000] {processor.py:840} INFO - DAG(s) '2_sports_goat_run_batch', '1_sports_goat_raw_to_clean' retrieved from /opt/airflow/dags/sports_goat_pipeline.py
[2026-08-24T14:49:03.860+0000] {logging_mixin.py:188} INFO - [2026-08-24T14:49:03.860+0000] {dag.py:3036} INFO - Sync 2 DAGs
[2026-08-24T14:49:03.887+0000] {logging_mixin.py:188} INFO - [2026-08-24T14:49:03.887+0000] {dag.py:3823} INFO - Setting next_dagrun for 1_sports_goat_raw_to_clean to 2026-08-23 17:45:00+00:00, run_after=2026-08-24 17:45:00+00:00
[2026-08-24T14:49:03.895+0000] {logging_mixin.py:188} INFO - [2026-08-24T14:49:03.895+0000] {dag.py:3823} INFO - Setting next_dagrun for 2_sports_goat_run_batch to 2026-08-23 18:00:00+00:00, run_after=2026-08-24 18:00:00+00:00
[2026-08-24T14:49:03.921+0000] {processor.py:183} INFO - Processing /opt/airflow/dags/sports_goat_pipeline.py took 0.114 seconds
[2026-08-24T14:49:34.123+0000] {processor.py:161} INFO - Started process (PID=212) to work on /opt/airflow/dags/sports_goat_pipeline.py
[2026-08-24T14:49:34.126+0000] {processor.py:830} INFO - Processing file /opt/airflow/dags/sports_goat_pipeline.py for tasks to queue
[2026-08-24T14:49:34.128+0000] {logging_mixin.py:188} INFO - [2026-08-24T14:49:34.127+0000] {dagbag.py:538} INFO - Filling up the DagBag from /opt/airflow/dags/sports_goat_pipeline.py
[2026-08-24T14:49:34.145+0000] {processor.py:840} INFO - DAG(s) '2_sports_goat_run_batch', '1_sports_goat_raw_to_clean' retrieved from /opt/airflow/dags/sports_goat_pipeline.py
[2026-08-24T14:49:34.193+0000] {logging_mixin.py:188} INFO - [2026-08-24T14:49:34.192+0000] {dag.py:3036} INFO - Sync 2 DAGs
[2026-08-24T14:49:34.224+0000] {logging_mixin.py:188} INFO - [2026-08-24T14:49:34.224+0000] {dag.py:3823} INFO - Setting next_dagrun for 1_sports_goat_raw_to_clean to 2026-08-23 17:45:00+00:00, run_after=2026-08-24 17:45:00+00:00
[2026-08-24T14:49:34.238+0000] {logging_mixin.py:188} INFO - [2026-08-24T14:49:34.238+0000] {dag.py:3823} INFO - Setting next_dagrun for 2_sports_goat_run_batch to 2026-08-23 18:00:00+00:00, run_after=2026-08-24 18:00:00+00:00
[2026-08-24T14:49:34.274+0000] {processor.py:183} INFO - Processing /opt/airflow/dags/sports_goat_pipeline.py took 0.156 seconds
[2026-08-24T14:50:04.489+0000] {processor.py:161} INFO - Started process (PID=213) to work on /opt/airflow/dags/sports_goat_pipeline.py
[2026-08-24T14:50:04.495+0000] {processor.py:830} INFO - Processing file /opt/airflow/dags/sports_goat_pipeline.py for tasks to queue
[2026-08-24T14:50:04.499+0000] {logging_mixin.py:188} INFO - [2026-08-24T14:50:04.498+0000] {dagbag.py:538} INFO - Filling up the DagBag from /opt/airflow/dags/sports_goat_pipeline.py
[2026-08-24T14:50:04.518+0000] {processor.py:840} INFO - DAG(s) '2_sports_goat_run_batch', '1_sports_goat_raw_to_clean' retrieved from /opt/airflow/dags/sports_goat_pipeline.py
[2026-08-24T14:50:04.574+0000] {logging_mixin.py:188} INFO - [2026-08-24T14:50:04.574+0000] {dag.py:3036} INFO - Sync 2 DAGs
[2026-08-24T14:50:04.605+0000] {logging_mixin.py:188} INFO - [2026-08-24T14:50:04.605+0000] {dag.py:3823} INFO - Setting next_dagrun for 1_sports_goat_raw_to_clean to 2026-08-23 17:45:00+00:00, run_after=2026-08-24 17:45:00+00:00
[2026-08-24T14:50:04.618+0000] {logging_mixin.py:188} INFO - [2026-08-24T14:50:04.617+0000] {dag.py:3823} INFO - Setting next_dagrun for 2_sports_goat_run_batch to 2026-08-23 18:00:00+00:00, run_after=2026-08-24 18:00:00+00:00
[2026-08-24T14:50:04.647+0000] {processor.py:183} INFO - Processing /opt/airflow/dags/sports_goat_pipeline.py took 0.164 seconds
[2026-08-24T14:50:34.830+0000] {processor.py:161} INFO - Started process (PID=214) to work on /opt/airflow/dags/sports_goat_pipeline.py
[2026-08-24T14:50:34.831+0000] {processor.py:830} INFO - Processing file /opt/airflow/dags/sports_goat_pipeline.py for tasks to queue
[2026-08-24T14:50:34.833+0000] {logging_mixin.py:188} INFO - [2026-08-24T14:50:34.832+0000] {dagbag.py:538} INFO - Filling up the DagBag from /opt/airflow/dags/sports_goat_pipeline.py
[2026-08-24T14:50:34.848+0000] {processor.py:840} INFO - DAG(s) '2_sports_goat_run_batch', '1_sports_goat_raw_to_clean' retrieved from /opt/airflow/dags/sports_goat_pipeline.py
[2026-08-24T14:50:34.888+0000] {logging_mixin.py:188} INFO - [2026-08-24T14:50:34.887+0000] {dag.py:3036} INFO - Sync 2 DAGs
[2026-08-24T14:50:34.920+0000] {logging_mixin.py:188} INFO - [2026-08-24T14:50:34.920+0000] {dag.py:3823} INFO - Setting next_dagrun for 1_sports_goat_raw_to_clean to 2026-08-23 17:45:00+00:00, run_after=2026-08-24 17:45:00+00:00
[2026-08-24T14:50:34.929+0000] {logging_mixin.py:188} INFO - [2026-08-24T14:50:34.929+0000] {dag.py:3823} INFO - Setting next_dagrun for 2_sports_goat_run_batch to 2026-08-23 18:00:00+00:00, run_after=2026-08-24 18:00:00+00:00
[2026-08-24T14:50:34.960+0000] {processor.py:183} INFO - Processing /opt/airflow/dags/sports_goat_pipeline.py took 0.135 seconds
