[2026-08-04T17:30:33.730+0000] {manager.py:469} INFO - Processing files using up to 1 processes at a time 
[2026-08-04T17:30:33.732+0000] {manager.py:470} INFO - Process each file at most once every 30 seconds
[2026-08-04T17:30:33.735+0000] {manager.py:471} INFO - Checking for new files in /opt/airflow/dags every 300 seconds
[2026-08-04T17:30:33.736+0000] {manager.py:738} INFO - Searching for files in /opt/airflow/dags
[2026-08-04T17:30:33.740+0000] {manager.py:741} INFO - There are 0 files in /opt/airflow/dags
[2026-08-04T17:35:33.744+0000] {manager.py:738} INFO - Searching for files in /opt/airflow/dags
[2026-08-04T17:35:33.749+0000] {manager.py:741} INFO - There are 0 files in /opt/airflow/dags
[2026-08-04T17:40:33.813+0000] {manager.py:738} INFO - Searching for files in /opt/airflow/dags
[2026-08-04T17:40:33.818+0000] {manager.py:741} INFO - There are 0 files in /opt/airflow/dags
[2026-08-04T17:45:33.878+0000] {manager.py:738} INFO - Searching for files in /opt/airflow/dags
[2026-08-04T17:45:33.897+0000] {manager.py:741} INFO - There are 1 files in /opt/airflow/dags
[2026-08-04T17:45:38.266+0000] {manager.py:879} INFO - 
================================================================================
DAG File Processing Stats

File Path                                  PID    Runtime      # DAGs    # Errors  Last Runtime    Last Run
-----------------------------------------  -----  ---------  --------  ----------  --------------  -------------------
/opt/airflow/dags/sports_goat_pipeline.py                           2           0  1.07s           2026-08-04T17:45:35
================================================================================
[2026-08-04T17:46:17.236+0000] {manager.py:879} INFO - 
================================================================================
DAG File Processing Stats

File Path                                  PID    Runtime      # DAGs    # Errors  Last Runtime    Last Run
-----------------------------------------  -----  ---------  --------  ----------  --------------  -------------------
/opt/airflow/dags/sports_goat_pipeline.py                           2           0  0.21s           2026-08-04T17:46:07
================================================================================
[2026-08-04T17:46:47.319+0000] {manager.py:879} INFO - 
================================================================================
DAG File Processing Stats

File Path                                  PID    Runtime      # DAGs    # Errors  Last Runtime    Last Run
-----------------------------------------  -----  ---------  --------  ----------  --------------  -------------------
/opt/airflow/dags/sports_goat_pipeline.py                           2           0  0.22s           2026-08-04T17:46:37
================================================================================
[2026-08-04T17:47:17.424+0000] {manager.py:879} INFO - 
================================================================================
DAG File Processing Stats

File Path                                  PID    Runtime      # DAGs    # Errors  Last Runtime    Last Run
-----------------------------------------  -----  ---------  --------  ----------  --------------  -------------------
/opt/airflow/dags/sports_goat_pipeline.py                           2           0  0.21s           2026-08-04T17:47:08
================================================================================
[2026-08-04T17:47:47.508+0000] {manager.py:879} INFO - 
================================================================================
DAG File Processing Stats

File Path                                  PID    Runtime      # DAGs    # Errors  Last Runtime    Last Run
-----------------------------------------  -----  ---------  --------  ----------  --------------  -------------------
/opt/airflow/dags/sports_goat_pipeline.py                           2           0  0.21s           2026-08-04T17:47:38
================================================================================
[2026-08-04T17:48:17.655+0000] {manager.py:879} INFO - 
================================================================================
DAG File Processing Stats

File Path                                  PID    Runtime      # DAGs    # Errors  Last Runtime    Last Run
-----------------------------------------  -----  ---------  --------  ----------  --------------  -------------------
/opt/airflow/dags/sports_goat_pipeline.py                           2           0  0.65s           2026-08-04T17:48:09
================================================================================
[2026-08-04T17:48:47.817+0000] {manager.py:879} INFO - 
================================================================================
DAG File Processing Stats

File Path                                  PID    Runtime      # DAGs    # Errors  Last Runtime    Last Run
-----------------------------------------  -----  ---------  --------  ----------  --------------  -------------------
/opt/airflow/dags/sports_goat_pipeline.py                           2           0  0.21s           2026-08-04T17:48:40
================================================================================
[2026-08-04T17:49:17.969+0000] {manager.py:879} INFO - 
================================================================================
DAG File Processing Stats

File Path                                  PID    Runtime      # DAGs    # Errors  Last Runtime    Last Run
-----------------------------------------  -----  ---------  --------  ----------  --------------  -------------------
/opt/airflow/dags/sports_goat_pipeline.py                           2           0  0.32s           2026-08-04T17:49:11
================================================================================
[2026-08-04T17:49:48.104+0000] {manager.py:879} INFO - 
================================================================================
DAG File Processing Stats

File Path                                  PID    Runtime      # DAGs    # Errors  Last Runtime    Last Run
-----------------------------------------  -----  ---------  --------  ----------  --------------  -------------------
/opt/airflow/dags/sports_goat_pipeline.py                           2           0  0.31s           2026-08-04T17:49:41
================================================================================
[2026-08-04T17:50:18.265+0000] {manager.py:879} INFO - 
================================================================================
DAG File Processing Stats

File Path                                  PID    Runtime      # DAGs    # Errors  Last Runtime    Last Run
-----------------------------------------  -----  ---------  --------  ----------  --------------  -------------------
/opt/airflow/dags/sports_goat_pipeline.py                           2           0  0.31s           2026-08-04T17:50:12
================================================================================
[2026-08-04T17:50:34.216+0000] {manager.py:738} INFO - Searching for files in /opt/airflow/dags
[2026-08-04T17:50:34.227+0000] {manager.py:741} INFO - There are 1 files in /opt/airflow/dags
[2026-08-04T17:50:48.345+0000] {manager.py:879} INFO - 
================================================================================
DAG File Processing Stats

File Path                                  PID    Runtime      # DAGs    # Errors  Last Runtime    Last Run
-----------------------------------------  -----  ---------  --------  ----------  --------------  -------------------
/opt/airflow/dags/sports_goat_pipeline.py                           2           0  0.32s           2026-08-04T17:50:43
================================================================================
[2026-08-04T17:51:18.746+0000] {manager.py:879} INFO - 
================================================================================
DAG File Processing Stats

File Path                                  PID    Runtime      # DAGs    # Errors  Last Runtime    Last Run
-----------------------------------------  -----  ---------  --------  ----------  --------------  -------------------
/opt/airflow/dags/sports_goat_pipeline.py                           2           0  0.31s           2026-08-04T17:51:13
================================================================================
[2026-08-04T17:51:49.151+0000] {manager.py:879} INFO - 
================================================================================
DAG File Processing Stats

File Path                                  PID    Runtime      # DAGs    # Errors  Last Runtime    Last Run
-----------------------------------------  -----  ---------  --------  ----------  --------------  -------------------
/opt/airflow/dags/sports_goat_pipeline.py                           2           0  0.31s           2026-08-04T17:51:44
================================================================================
[2026-08-04T17:52:19.190+0000] {manager.py:879} INFO - 
================================================================================
DAG File Processing Stats

File Path                                  PID    Runtime      # DAGs    # Errors  Last Runtime    Last Run
-----------------------------------------  -----  ---------  --------  ----------  --------------  -------------------
/opt/airflow/dags/sports_goat_pipeline.py                           2           0  0.21s           2026-08-04T17:52:14
================================================================================
[2026-08-04T17:52:49.313+0000] {manager.py:879} INFO - 
================================================================================
DAG File Processing Stats

File Path                                  PID    Runtime      # DAGs    # Errors  Last Runtime    Last Run
-----------------------------------------  -----  ---------  --------  ----------  --------------  -------------------
/opt/airflow/dags/sports_goat_pipeline.py                           2           0  0.21s           2026-08-04T17:52:45
================================================================================
[2026-08-04T17:53:19.486+0000] {manager.py:879} INFO - 
================================================================================
DAG File Processing Stats

File Path                                  PID    Runtime      # DAGs    # Errors  Last Runtime    Last Run
-----------------------------------------  -----  ---------  --------  ----------  --------------  -------------------
/opt/airflow/dags/sports_goat_pipeline.py                           2           0  0.32s           2026-08-04T17:53:16
================================================================================
[2026-08-04T17:53:49.683+0000] {manager.py:879} INFO - 
================================================================================
DAG File Processing Stats

File Path                                  PID    Runtime      # DAGs    # Errors  Last Runtime    Last Run
-----------------------------------------  -----  ---------  --------  ----------  --------------  -------------------
/opt/airflow/dags/sports_goat_pipeline.py                           2           0  0.24s           2026-08-04T17:53:46
================================================================================
[2026-08-04T17:54:19.744+0000] {manager.py:879} INFO - 
================================================================================
DAG File Processing Stats

File Path                                  PID    Runtime      # DAGs    # Errors  Last Runtime    Last Run
-----------------------------------------  -----  ---------  --------  ----------  --------------  -------------------
/opt/airflow/dags/sports_goat_pipeline.py                           2           0  0.21s           2026-08-04T17:54:17
================================================================================
[2026-08-04T17:54:49.855+0000] {manager.py:879} INFO - 
================================================================================
DAG File Processing Stats

File Path                                  PID    Runtime      # DAGs    # Errors  Last Runtime    Last Run
-----------------------------------------  -----  ---------  --------  ----------  --------------  -------------------
/opt/airflow/dags/sports_goat_pipeline.py                           2           0  0.21s           2026-08-04T17:54:48
================================================================================
[2026-08-04T17:55:20.042+0000] {manager.py:879} INFO - 
================================================================================
DAG File Processing Stats

File Path                                  PID    Runtime      # DAGs    # Errors  Last Runtime    Last Run
-----------------------------------------  -----  ---------  --------  ----------  --------------  -------------------
/opt/airflow/dags/sports_goat_pipeline.py                           2           0  0.31s           2026-08-04T17:55:19
================================================================================
[2026-08-04T17:55:35.009+0000] {manager.py:738} INFO - Searching for files in /opt/airflow/dags
[2026-08-04T17:55:35.023+0000] {manager.py:741} INFO - There are 1 files in /opt/airflow/dags
[2026-08-04T17:55:50.464+0000] {manager.py:879} INFO - 
================================================================================
DAG File Processing Stats

File Path                                  PID    Runtime      # DAGs    # Errors  Last Runtime    Last Run
-----------------------------------------  -----  ---------  --------  ----------  --------------  -------------------
/opt/airflow/dags/sports_goat_pipeline.py                           2           0  0.21s           2026-08-04T17:55:50
================================================================================
[2026-08-04T17:56:21.029+0000] {manager.py:879} INFO - 
================================================================================
DAG File Processing Stats

File Path                                  PID    Runtime      # DAGs    # Errors  Last Runtime    Last Run
-----------------------------------------  -----  ---------  --------  ----------  --------------  -------------------
/opt/airflow/dags/sports_goat_pipeline.py                           2           0  0.42s           2026-08-04T17:56:21
================================================================================
[2026-08-04T17:56:51.328+0000] {manager.py:879} INFO - 
================================================================================
DAG File Processing Stats

File Path                                  PID    Runtime      # DAGs    # Errors  Last Runtime    Last Run
-----------------------------------------  -----  ---------  --------  ----------  --------------  -------------------
/opt/airflow/dags/sports_goat_pipeline.py                           2           0  0.21s           2026-08-04T17:56:51
================================================================================
[2026-08-04T17:57:21.641+0000] {manager.py:879} INFO - 
================================================================================
DAG File Processing Stats

File Path                                  PID    Runtime      # DAGs    # Errors  Last Runtime    Last Run
-----------------------------------------  -----  ---------  --------  ----------  --------------  -------------------
/opt/airflow/dags/sports_goat_pipeline.py                           2           0  0.21s           2026-08-04T17:57:21
================================================================================
[2026-08-04T17:57:52.617+0000] {manager.py:879} INFO - 
================================================================================
DAG File Processing Stats

File Path                                  PID    Runtime      # DAGs    # Errors  Last Runtime    Last Run
-----------------------------------------  -----  ---------  --------  ----------  --------------  -------------------
/opt/airflow/dags/sports_goat_pipeline.py                           2           0  0.72s           2026-08-04T17:57:52
================================================================================
[2026-08-04T17:58:23.367+0000] {manager.py:879} INFO - 
================================================================================
DAG File Processing Stats

File Path                                  PID    Runtime      # DAGs    # Errors  Last Runtime    Last Run
-----------------------------------------  -----  ---------  --------  ----------  --------------  -------------------
/opt/airflow/dags/sports_goat_pipeline.py                           2           0  0.50s           2026-08-04T17:58:23
================================================================================
[2026-08-04T17:58:53.773+0000] {manager.py:879} INFO - 
================================================================================
DAG File Processing Stats

File Path                                  PID    Runtime      # DAGs    # Errors  Last Runtime    Last Run
-----------------------------------------  -----  ---------  --------  ----------  --------------  -------------------
/opt/airflow/dags/sports_goat_pipeline.py                           2           0  0.21s           2026-08-04T17:58:53
================================================================================
[2026-08-04T17:59:24.091+0000] {manager.py:879} INFO - 
================================================================================
DAG File Processing Stats

File Path                                  PID    Runtime      # DAGs    # Errors  Last Runtime    Last Run
-----------------------------------------  -----  ---------  --------  ----------  --------------  -------------------
/opt/airflow/dags/sports_goat_pipeline.py                           2           0  0.21s           2026-08-04T17:59:24
================================================================================
[2026-08-04T17:59:54.547+0000] {manager.py:879} INFO - 
================================================================================
DAG File Processing Stats

File Path                                  PID    Runtime      # DAGs    # Errors  Last Runtime    Last Run
-----------------------------------------  -----  ---------  --------  ----------  --------------  -------------------
/opt/airflow/dags/sports_goat_pipeline.py                           2           0  0.32s           2026-08-04T17:59:54
================================================================================
[2026-08-04T18:00:25.015+0000] {manager.py:879} INFO - 
================================================================================
DAG File Processing Stats

File Path                                  PID    Runtime      # DAGs    # Errors  Last Runtime    Last Run
-----------------------------------------  -----  ---------  --------  ----------  --------------  -------------------
/opt/airflow/dags/sports_goat_pipeline.py                           2           0  0.21s           2026-08-04T18:00:25
================================================================================
[2026-08-04T18:00:35.258+0000] {manager.py:738} INFO - Searching for files in /opt/airflow/dags
[2026-08-04T18:00:35.271+0000] {manager.py:741} INFO - There are 1 files in /opt/airflow/dags
[2026-08-04T18:00:55.418+0000] {manager.py:879} INFO - 
================================================================================
DAG File Processing Stats

File Path                                  PID    Runtime      # DAGs    # Errors  Last Runtime    Last Run
-----------------------------------------  -----  ---------  --------  ----------  --------------  -------------------
/opt/airflow/dags/sports_goat_pipeline.py                           2           0  0.21s           2026-08-04T18:00:55
================================================================================
[2026-08-04T18:01:25.732+0000] {manager.py:879} INFO - 
================================================================================
DAG File Processing Stats

File Path                                  PID    Runtime      # DAGs    # Errors  Last Runtime    Last Run
-----------------------------------------  -----  ---------  --------  ----------  --------------  -------------------
/opt/airflow/dags/sports_goat_pipeline.py                           2           0  0.21s           2026-08-04T18:01:25
================================================================================
[2026-08-04T18:01:56.037+0000] {manager.py:879} INFO - 
================================================================================
DAG File Processing Stats

File Path                                  PID    Runtime      # DAGs    # Errors  Last Runtime    Last Run
-----------------------------------------  -----  ---------  --------  ----------  --------------  -------------------
/opt/airflow/dags/sports_goat_pipeline.py                           2           0  0.21s           2026-08-04T18:01:56
================================================================================
[2026-08-04T18:02:26.512+0000] {manager.py:879} INFO - 
================================================================================
DAG File Processing Stats

File Path                                  PID    Runtime      # DAGs    # Errors  Last Runtime    Last Run
-----------------------------------------  -----  ---------  --------  ----------  --------------  -------------------
/opt/airflow/dags/sports_goat_pipeline.py                           2           0  0.31s           2026-08-04T18:02:26
================================================================================
[2026-08-04T18:02:56.840+0000] {manager.py:879} INFO - 
================================================================================
DAG File Processing Stats

File Path                                  PID    Runtime      # DAGs    # Errors  Last Runtime    Last Run
-----------------------------------------  -----  ---------  --------  ----------  --------------  -------------------
/opt/airflow/dags/sports_goat_pipeline.py                           2           0  0.21s           2026-08-04T18:02:56
================================================================================
[2026-08-04T18:03:27.135+0000] {manager.py:879} INFO - 
================================================================================
DAG File Processing Stats

File Path                                  PID    Runtime      # DAGs    # Errors  Last Runtime    Last Run
-----------------------------------------  -----  ---------  --------  ----------  --------------  -------------------
/opt/airflow/dags/sports_goat_pipeline.py                           2           0  0.21s           2026-08-04T18:03:27
================================================================================
[2026-08-04T18:03:57.432+0000] {manager.py:879} INFO - 
================================================================================
DAG File Processing Stats

File Path                                  PID    Runtime      # DAGs    # Errors  Last Runtime    Last Run
-----------------------------------------  -----  ---------  --------  ----------  --------------  -------------------
/opt/airflow/dags/sports_goat_pipeline.py                           2           0  0.21s           2026-08-04T18:03:57
================================================================================
[2026-08-04T18:04:27.755+0000] {manager.py:879} INFO - 
================================================================================
DAG File Processing Stats

File Path                                  PID    Runtime      # DAGs    # Errors  Last Runtime    Last Run
-----------------------------------------  -----  ---------  --------  ----------  --------------  -------------------
/opt/airflow/dags/sports_goat_pipeline.py                           2           0  0.22s           2026-08-04T18:04:27
================================================================================
[2026-08-04T18:04:57.879+0000] {manager.py:879} INFO - 
================================================================================
DAG File Processing Stats

File Path                                  PID    Runtime      # DAGs    # Errors  Last Runtime    Last Run
-----------------------------------------  -----  ---------  --------  ----------  --------------  -------------------
/opt/airflow/dags/sports_goat_pipeline.py                           2           0  0.52s           2026-08-04T18:04:52
================================================================================
[2026-08-04T18:05:27.981+0000] {manager.py:879} INFO - 
================================================================================
DAG File Processing Stats

File Path                                  PID    Runtime      # DAGs    # Errors  Last Runtime    Last Run
-----------------------------------------  -----  ---------  --------  ----------  --------------  -------------------
/opt/airflow/dags/sports_goat_pipeline.py                           2           0  0.31s           2026-08-04T18:05:23
================================================================================
[2026-08-04T18:05:35.290+0000] {manager.py:738} INFO - Searching for files in /opt/airflow/dags
[2026-08-04T18:05:35.302+0000] {manager.py:741} INFO - There are 1 files in /opt/airflow/dags
[2026-08-04T18:05:58.591+0000] {manager.py:879} INFO - 
================================================================================
DAG File Processing Stats

File Path                                  PID    Runtime      # DAGs    # Errors  Last Runtime    Last Run
-----------------------------------------  -----  ---------  --------  ----------  --------------  -------------------
/opt/airflow/dags/sports_goat_pipeline.py                           2           0  0.21s           2026-08-04T18:05:53
================================================================================
[2026-08-04T18:06:28.901+0000] {manager.py:879} INFO - 
================================================================================
DAG File Processing Stats

File Path                                  PID    Runtime      # DAGs    # Errors  Last Runtime    Last Run
-----------------------------------------  -----  ---------  --------  ----------  --------------  -------------------
/opt/airflow/dags/sports_goat_pipeline.py                           2           0  0.21s           2026-08-04T18:06:24
================================================================================
[2026-08-04T18:06:59.369+0000] {manager.py:879} INFO - 
================================================================================
DAG File Processing Stats

File Path                                  PID    Runtime      # DAGs    # Errors  Last Runtime    Last Run
-----------------------------------------  -----  ---------  --------  ----------  --------------  -------------------
/opt/airflow/dags/sports_goat_pipeline.py                           2           0  0.21s           2026-08-04T18:06:54
================================================================================
[2026-08-04T18:07:30.066+0000] {manager.py:879} INFO - 
================================================================================
DAG File Processing Stats

File Path                                  PID    Runtime      # DAGs    # Errors  Last Runtime    Last Run
-----------------------------------------  -----  ---------  --------  ----------  --------------  -------------------
/opt/airflow/dags/sports_goat_pipeline.py                           2           0  0.21s           2026-08-04T18:07:25
================================================================================
[2026-08-04T18:08:00.796+0000] {manager.py:879} INFO - 
================================================================================
DAG File Processing Stats

File Path                                  PID    Runtime      # DAGs    # Errors  Last Runtime    Last Run
-----------------------------------------  -----  ---------  --------  ----------  --------------  -------------------
/opt/airflow/dags/sports_goat_pipeline.py                           2           0  0.23s           2026-08-04T18:07:55
================================================================================
[2026-08-04T18:08:31.514+0000] {manager.py:879} INFO - 
================================================================================
DAG File Processing Stats

File Path                                  PID    Runtime      # DAGs    # Errors  Last Runtime    Last Run
-----------------------------------------  -----  ---------  --------  ----------  --------------  -------------------
/opt/airflow/dags/sports_goat_pipeline.py                           2           0  0.63s           2026-08-04T18:08:26
================================================================================
[2026-08-04T18:09:01.908+0000] {manager.py:879} INFO - 
================================================================================
DAG File Processing Stats

File Path                                  PID    Runtime      # DAGs    # Errors  Last Runtime    Last Run
-----------------------------------------  -----  ---------  --------  ----------  --------------  -------------------
/opt/airflow/dags/sports_goat_pipeline.py                           2           0  0.64s           2026-08-04T18:08:57
================================================================================
[2026-08-04T18:09:32.484+0000] {manager.py:879} INFO - 
================================================================================
DAG File Processing Stats

File Path                                  PID    Runtime      # DAGs    # Errors  Last Runtime    Last Run
-----------------------------------------  -----  ---------  --------  ----------  --------------  -------------------
/opt/airflow/dags/sports_goat_pipeline.py                           2           0  0.21s           2026-08-04T18:09:28
================================================================================
[2026-08-04T18:10:02.962+0000] {manager.py:879} INFO - 
================================================================================
DAG File Processing Stats

File Path                                  PID    Runtime      # DAGs    # Errors  Last Runtime    Last Run
-----------------------------------------  -----  ---------  --------  ----------  --------------  -------------------
/opt/airflow/dags/sports_goat_pipeline.py                           2           0  0.21s           2026-08-04T18:09:58
================================================================================
[2026-08-04T18:10:33.535+0000] {manager.py:879} INFO - 
================================================================================
DAG File Processing Stats

File Path                                  PID    Runtime      # DAGs    # Errors  Last Runtime    Last Run
-----------------------------------------  -----  ---------  --------  ----------  --------------  -------------------
/opt/airflow/dags/sports_goat_pipeline.py                           2           0  0.21s           2026-08-04T18:10:29
================================================================================
[2026-08-04T18:10:35.417+0000] {manager.py:738} INFO - Searching for files in /opt/airflow/dags
[2026-08-04T18:10:35.430+0000] {manager.py:741} INFO - There are 1 files in /opt/airflow/dags
[2026-08-04T18:11:04.019+0000] {manager.py:879} INFO - 
================================================================================
DAG File Processing Stats

File Path                                  PID    Runtime      # DAGs    # Errors  Last Runtime    Last Run
-----------------------------------------  -----  ---------  --------  ----------  --------------  -------------------
/opt/airflow/dags/sports_goat_pipeline.py                           2           0  0.21s           2026-08-04T18:10:59
================================================================================
[2026-08-04T18:11:34.517+0000] {manager.py:879} INFO - 
================================================================================
DAG File Processing Stats

File Path                                  PID    Runtime      # DAGs    # Errors  Last Runtime    Last Run
-----------------------------------------  -----  ---------  --------  ----------  --------------  -------------------
/opt/airflow/dags/sports_goat_pipeline.py                           2           0  0.21s           2026-08-04T18:11:30
================================================================================
[2026-08-04T18:12:05.048+0000] {manager.py:879} INFO - 
================================================================================
DAG File Processing Stats

File Path                                  PID    Runtime      # DAGs    # Errors  Last Runtime    Last Run
-----------------------------------------  -----  ---------  --------  ----------  --------------  -------------------
/opt/airflow/dags/sports_goat_pipeline.py                           2           0  0.21s           2026-08-04T18:12:00
================================================================================
[2026-08-04T18:12:35.969+0000] {manager.py:879} INFO - 
================================================================================
DAG File Processing Stats

File Path                                  PID    Runtime      # DAGs    # Errors  Last Runtime    Last Run
-----------------------------------------  -----  ---------  --------  ----------  --------------  -------------------
/opt/airflow/dags/sports_goat_pipeline.py                           2           0  0.21s           2026-08-04T18:12:31
================================================================================
[2026-08-04T18:13:06.206+0000] {manager.py:879} INFO - 
================================================================================
DAG File Processing Stats

File Path                                  PID    Runtime      # DAGs    # Errors  Last Runtime    Last Run
-----------------------------------------  -----  ---------  --------  ----------  --------------  -------------------
/opt/airflow/dags/sports_goat_pipeline.py                           2           0  0.21s           2026-08-04T18:13:01
================================================================================
[2026-08-04T18:13:36.423+0000] {manager.py:879} INFO - 
================================================================================
DAG File Processing Stats

File Path                                  PID    Runtime      # DAGs    # Errors  Last Runtime    Last Run
-----------------------------------------  -----  ---------  --------  ----------  --------------  -------------------
/opt/airflow/dags/sports_goat_pipeline.py                           2           0  0.50s           2026-08-04T18:13:32
================================================================================
[2026-08-04T18:14:06.564+0000] {manager.py:879} INFO - 
================================================================================
DAG File Processing Stats

File Path                                  PID    Runtime      # DAGs    # Errors  Last Runtime    Last Run
-----------------------------------------  -----  ---------  --------  ----------  --------------  -------------------
/opt/airflow/dags/sports_goat_pipeline.py                           2           0  0.21s           2026-08-04T18:14:03
================================================================================
[2026-08-04T18:14:36.661+0000] {manager.py:879} INFO - 
================================================================================
DAG File Processing Stats

File Path                                  PID    Runtime      # DAGs    # Errors  Last Runtime    Last Run
-----------------------------------------  -----  ---------  --------  ----------  --------------  -------------------
/opt/airflow/dags/sports_goat_pipeline.py                           2           0  0.21s           2026-08-04T18:14:34
================================================================================
[2026-08-04T18:15:06.786+0000] {manager.py:879} INFO - 
================================================================================
DAG File Processing Stats

File Path                                  PID    Runtime      # DAGs    # Errors  Last Runtime    Last Run
-----------------------------------------  -----  ---------  --------  ----------  --------------  -------------------
/opt/airflow/dags/sports_goat_pipeline.py                           2           0  0.21s           2026-08-04T18:15:04
================================================================================
[2026-08-04T18:15:35.432+0000] {manager.py:738} INFO - Searching for files in /opt/airflow/dags
[2026-08-04T18:15:35.443+0000] {manager.py:741} INFO - There are 1 files in /opt/airflow/dags
[2026-08-04T18:15:37.017+0000] {manager.py:879} INFO - 
================================================================================
DAG File Processing Stats

File Path                                  PID    Runtime      # DAGs    # Errors  Last Runtime    Last Run
-----------------------------------------  -----  ---------  --------  ----------  --------------  -------------------
/opt/airflow/dags/sports_goat_pipeline.py                           2           0  0.21s           2026-08-04T18:15:35
================================================================================
[2026-08-04T18:16:07.257+0000] {manager.py:879} INFO - 
================================================================================
DAG File Processing Stats

File Path                                  PID    Runtime      # DAGs    # Errors  Last Runtime    Last Run
-----------------------------------------  -----  ---------  --------  ----------  --------------  -------------------
/opt/airflow/dags/sports_goat_pipeline.py                           2           0  0.21s           2026-08-04T18:16:05
================================================================================
[2026-08-04T18:16:37.300+0000] {manager.py:879} INFO - 
================================================================================
DAG File Processing Stats

File Path                                  PID    Runtime      # DAGs    # Errors  Last Runtime    Last Run
-----------------------------------------  -----  ---------  --------  ----------  --------------  -------------------
/opt/airflow/dags/sports_goat_pipeline.py                           2           0  0.21s           2026-08-04T18:16:36
================================================================================
[2026-08-04T18:17:07.655+0000] {manager.py:879} INFO - 
================================================================================
DAG File Processing Stats

File Path                                  PID    Runtime      # DAGs    # Errors  Last Runtime    Last Run
-----------------------------------------  -----  ---------  --------  ----------  --------------  -------------------
/opt/airflow/dags/sports_goat_pipeline.py                           2           0  0.21s           2026-08-04T18:17:06
================================================================================
[2026-08-04T18:17:37.819+0000] {manager.py:879} INFO - 
================================================================================
DAG File Processing Stats

File Path                                  PID    Runtime      # DAGs    # Errors  Last Runtime    Last Run
-----------------------------------------  -----  ---------  --------  ----------  --------------  -------------------
/opt/airflow/dags/sports_goat_pipeline.py                           2           0  0.21s           2026-08-04T18:17:37
================================================================================
[2026-08-04T18:18:07.924+0000] {manager.py:879} INFO - 
================================================================================
DAG File Processing Stats

File Path                                  PID    Runtime      # DAGs    # Errors  Last Runtime    Last Run
-----------------------------------------  -----  ---------  --------  ----------  --------------  -------------------
/opt/airflow/dags/sports_goat_pipeline.py                           2           0  0.21s           2026-08-04T18:18:07
================================================================================
[2026-08-04T18:18:38.294+0000] {manager.py:879} INFO - 
================================================================================
DAG File Processing Stats

File Path                                  PID    Runtime      # DAGs    # Errors  Last Runtime    Last Run
-----------------------------------------  -----  ---------  --------  ----------  --------------  -------------------
/opt/airflow/dags/sports_goat_pipeline.py                           2           0  0.21s           2026-08-04T18:18:38
================================================================================
[2026-08-04T18:19:08.682+0000] {manager.py:879} INFO - 
================================================================================
DAG File Processing Stats

File Path                                  PID    Runtime      # DAGs    # Errors  Last Runtime    Last Run
-----------------------------------------  -----  ---------  --------  ----------  --------------  -------------------
/opt/airflow/dags/sports_goat_pipeline.py                           2           0  0.21s           2026-08-04T18:19:08
================================================================================
[2026-08-04T18:19:39.144+0000] {manager.py:879} INFO - 
================================================================================
DAG File Processing Stats

File Path                                  PID    Runtime      # DAGs    # Errors  Last Runtime    Last Run
-----------------------------------------  -----  ---------  --------  ----------  --------------  -------------------
/opt/airflow/dags/sports_goat_pipeline.py                           2           0  0.31s           2026-08-04T18:19:39
================================================================================
[2026-08-04T18:20:09.490+0000] {manager.py:879} INFO - 
================================================================================
DAG File Processing Stats

File Path                                  PID    Runtime      # DAGs    # Errors  Last Runtime    Last Run
-----------------------------------------  -----  ---------  --------  ----------  --------------  -------------------
/opt/airflow/dags/sports_goat_pipeline.py                           2           0  0.21s           2026-08-04T18:20:09
================================================================================
[2026-08-04T18:20:35.538+0000] {manager.py:738} INFO - Searching for files in /opt/airflow/dags
[2026-08-04T18:20:35.548+0000] {manager.py:741} INFO - There are 1 files in /opt/airflow/dags
[2026-08-04T18:20:39.846+0000] {manager.py:879} INFO - 
================================================================================
DAG File Processing Stats

File Path                                  PID    Runtime      # DAGs    # Errors  Last Runtime    Last Run
-----------------------------------------  -----  ---------  --------  ----------  --------------  -------------------
/opt/airflow/dags/sports_goat_pipeline.py                           2           0  0.21s           2026-08-04T18:20:39
================================================================================
[2026-08-04T18:21:10.207+0000] {manager.py:879} INFO - 
================================================================================
DAG File Processing Stats

File Path                                  PID    Runtime      # DAGs    # Errors  Last Runtime    Last Run
-----------------------------------------  -----  ---------  --------  ----------  --------------  -------------------
/opt/airflow/dags/sports_goat_pipeline.py                           2           0  0.21s           2026-08-04T18:21:10
================================================================================
[2026-08-04T18:21:40.618+0000] {manager.py:879} INFO - 
================================================================================
DAG File Processing Stats

File Path                                  PID    Runtime      # DAGs    # Errors  Last Runtime    Last Run
-----------------------------------------  -----  ---------  --------  ----------  --------------  -------------------
/opt/airflow/dags/sports_goat_pipeline.py                           2           0  0.21s           2026-08-04T18:21:40
================================================================================
[2026-08-04T18:22:10.992+0000] {manager.py:879} INFO - 
================================================================================
DAG File Processing Stats

File Path                                  PID    Runtime      # DAGs    # Errors  Last Runtime    Last Run
-----------------------------------------  -----  ---------  --------  ----------  --------------  -------------------
/opt/airflow/dags/sports_goat_pipeline.py                           2           0  0.21s           2026-08-04T18:22:10
================================================================================
[2026-08-04T18:22:41.450+0000] {manager.py:879} INFO - 
================================================================================
DAG File Processing Stats

File Path                                  PID    Runtime      # DAGs    # Errors  Last Runtime    Last Run
-----------------------------------------  -----  ---------  --------  ----------  --------------  -------------------
/opt/airflow/dags/sports_goat_pipeline.py                           2           0  0.31s           2026-08-04T18:22:41
================================================================================
[2026-08-04T18:23:11.832+0000] {manager.py:879} INFO - 
================================================================================
DAG File Processing Stats

File Path                                  PID    Runtime      # DAGs    # Errors  Last Runtime    Last Run
-----------------------------------------  -----  ---------  --------  ----------  --------------  -------------------
/opt/airflow/dags/sports_goat_pipeline.py                           2           0  0.21s           2026-08-04T18:23:11
================================================================================
[2026-08-04T18:23:42.272+0000] {manager.py:879} INFO - 
================================================================================
DAG File Processing Stats

File Path                                  PID    Runtime      # DAGs    # Errors  Last Runtime    Last Run
-----------------------------------------  -----  ---------  --------  ----------  --------------  -------------------
/opt/airflow/dags/sports_goat_pipeline.py                           2           0  0.21s           2026-08-04T18:23:42
================================================================================
[2026-08-04T18:24:12.638+0000] {manager.py:879} INFO - 
================================================================================
DAG File Processing Stats

File Path                                  PID    Runtime      # DAGs    # Errors  Last Runtime    Last Run
-----------------------------------------  -----  ---------  --------  ----------  --------------  -------------------
/opt/airflow/dags/sports_goat_pipeline.py                           2           0  0.21s           2026-08-04T18:24:12
================================================================================
[2026-08-04T18:24:43.016+0000] {manager.py:879} INFO - 
================================================================================
DAG File Processing Stats

File Path                                  PID    Runtime      # DAGs    # Errors  Last Runtime    Last Run
-----------------------------------------  -----  ---------  --------  ----------  --------------  -------------------
/opt/airflow/dags/sports_goat_pipeline.py                           2           0  0.21s           2026-08-04T18:24:43
================================================================================
[2026-08-04T18:25:13.351+0000] {manager.py:879} INFO - 
================================================================================
DAG File Processing Stats

File Path                                  PID    Runtime      # DAGs    # Errors  Last Runtime    Last Run
-----------------------------------------  -----  ---------  --------  ----------  --------------  -------------------
/opt/airflow/dags/sports_goat_pipeline.py                           2           0  0.21s           2026-08-04T18:25:13
================================================================================
[2026-08-04T18:25:35.627+0000] {manager.py:738} INFO - Searching for files in /opt/airflow/dags
[2026-08-04T18:25:35.644+0000] {manager.py:741} INFO - There are 1 files in /opt/airflow/dags
[2026-08-04T18:26:56.724+0000] {manager.py:469} INFO - Processing files using up to 1 processes at a time 
[2026-08-04T18:26:56.727+0000] {manager.py:470} INFO - Process each file at most once every 30 seconds
[2026-08-04T18:26:56.733+0000] {manager.py:471} INFO - Checking for new files in /opt/airflow/dags every 300 seconds
[2026-08-04T18:26:56.739+0000] {manager.py:738} INFO - Searching for files in /opt/airflow/dags
[2026-08-04T18:26:56.763+0000] {manager.py:741} INFO - There are 1 files in /opt/airflow/dags
[2026-08-04T18:26:57.306+0000] {manager.py:879} INFO - 
================================================================================
DAG File Processing Stats

File Path                                  PID    Runtime      # DAGs    # Errors  Last Runtime    Last Run
-----------------------------------------  -----  ---------  --------  ----------  --------------  -------------------
/opt/airflow/dags/sports_goat_pipeline.py                           2           0  0.31s           2026-08-04T18:26:57
================================================================================
[2026-08-04T18:27:28.095+0000] {manager.py:879} INFO - 
================================================================================
DAG File Processing Stats

File Path                                  PID    Runtime      # DAGs    # Errors  Last Runtime    Last Run
-----------------------------------------  -----  ---------  --------  ----------  --------------  -------------------
/opt/airflow/dags/sports_goat_pipeline.py                           2           0  0.74s           2026-08-04T18:27:28
================================================================================
[2026-08-04T18:27:58.587+0000] {manager.py:879} INFO - 
================================================================================
DAG File Processing Stats

File Path                                  PID    Runtime      # DAGs    # Errors  Last Runtime    Last Run
-----------------------------------------  -----  ---------  --------  ----------  --------------  -------------------
/opt/airflow/dags/sports_goat_pipeline.py                           2           0  0.21s           2026-08-04T18:27:58
================================================================================
[2026-08-04T18:28:29.121+0000] {manager.py:879} INFO - 
================================================================================
DAG File Processing Stats

File Path                                  PID    Runtime      # DAGs    # Errors  Last Runtime    Last Run
-----------------------------------------  -----  ---------  --------  ----------  --------------  -------------------
/opt/airflow/dags/sports_goat_pipeline.py                           2           0  0.21s           2026-08-04T18:28:29
================================================================================
[2026-08-04T18:28:59.808+0000] {manager.py:879} INFO - 
================================================================================
DAG File Processing Stats

File Path                                  PID    Runtime      # DAGs    # Errors  Last Runtime    Last Run
-----------------------------------------  -----  ---------  --------  ----------  --------------  -------------------
/opt/airflow/dags/sports_goat_pipeline.py                           2           0  0.32s           2026-08-04T18:28:59
================================================================================
[2026-08-04T18:29:30.048+0000] {manager.py:879} INFO - 
================================================================================
DAG File Processing Stats

File Path                                  PID    Runtime      # DAGs    # Errors  Last Runtime    Last Run
-----------------------------------------  -----  ---------  --------  ----------  --------------  -------------------
/opt/airflow/dags/sports_goat_pipeline.py                           2           0  0.21s           2026-08-04T18:29:30
================================================================================
[2026-08-04T18:30:00.390+0000] {manager.py:879} INFO - 
================================================================================
DAG File Processing Stats

File Path                                  PID    Runtime      # DAGs    # Errors  Last Runtime    Last Run
-----------------------------------------  -----  ---------  --------  ----------  --------------  -------------------
/opt/airflow/dags/sports_goat_pipeline.py                           2           0  0.31s           2026-08-04T18:30:00
================================================================================
[2026-08-04T18:30:31.211+0000] {manager.py:879} INFO - 
================================================================================
DAG File Processing Stats

File Path                                  PID    Runtime      # DAGs    # Errors  Last Runtime    Last Run
-----------------------------------------  -----  ---------  --------  ----------  --------------  -------------------
/opt/airflow/dags/sports_goat_pipeline.py                           2           0  0.31s           2026-08-04T18:30:31
================================================================================
[2026-08-04T18:31:01.714+0000] {manager.py:879} INFO - 
================================================================================
DAG File Processing Stats

File Path                                  PID    Runtime      # DAGs    # Errors  Last Runtime    Last Run
-----------------------------------------  -----  ---------  --------  ----------  --------------  -------------------
/opt/airflow/dags/sports_goat_pipeline.py                           2           0  0.21s           2026-08-04T18:31:01
================================================================================
[2026-08-04T18:31:32.210+0000] {manager.py:879} INFO - 
================================================================================
DAG File Processing Stats

File Path                                  PID    Runtime      # DAGs    # Errors  Last Runtime    Last Run
-----------------------------------------  -----  ---------  --------  ----------  --------------  -------------------
/opt/airflow/dags/sports_goat_pipeline.py                           2           0  0.43s           2026-08-04T18:31:32
================================================================================
[2026-08-04T18:31:56.904+0000] {manager.py:738} INFO - Searching for files in /opt/airflow/dags
[2026-08-04T18:31:56.918+0000] {manager.py:741} INFO - There are 1 files in /opt/airflow/dags
[2026-08-04T18:32:02.702+0000] {manager.py:879} INFO - 
================================================================================
DAG File Processing Stats

File Path                                  PID    Runtime      # DAGs    # Errors  Last Runtime    Last Run
-----------------------------------------  -----  ---------  --------  ----------  --------------  -------------------
/opt/airflow/dags/sports_goat_pipeline.py                           2           0  0.21s           2026-08-04T18:32:02
================================================================================
[2026-08-04T18:32:33.622+0000] {manager.py:879} INFO - 
================================================================================
DAG File Processing Stats

File Path                                  PID    Runtime      # DAGs    # Errors  Last Runtime    Last Run
-----------------------------------------  -----  ---------  --------  ----------  --------------  -------------------
/opt/airflow/dags/sports_goat_pipeline.py                           2           0  0.62s           2026-08-04T18:32:33
================================================================================
[2026-08-04T18:32:51.676+0000] {manager.py:469} INFO - Processing files using up to 1 processes at a time 
[2026-08-04T18:32:51.678+0000] {manager.py:470} INFO - Process each file at most once every 30 seconds
[2026-08-04T18:32:51.818+0000] {manager.py:471} INFO - Checking for new files in /opt/airflow/dags every 300 seconds
[2026-08-04T18:32:51.820+0000] {manager.py:738} INFO - Searching for files in /opt/airflow/dags
[2026-08-04T18:32:51.828+0000] {manager.py:741} INFO - There are 1 files in /opt/airflow/dags
[2026-08-04T18:32:52.350+0000] {manager.py:879} INFO - 
================================================================================
DAG File Processing Stats

File Path                                  PID    Runtime      # DAGs    # Errors  Last Runtime    Last Run
-----------------------------------------  -----  ---------  --------  ----------  --------------  -------------------
/opt/airflow/dags/sports_goat_pipeline.py                           2           0  0.31s           2026-08-04T18:32:52
================================================================================
[2026-08-04T18:33:23.548+0000] {manager.py:879} INFO - 
================================================================================
DAG File Processing Stats

File Path                                  PID    Runtime      # DAGs    # Errors  Last Runtime    Last Run
-----------------------------------------  -----  ---------  --------  ----------  --------------  -------------------
/opt/airflow/dags/sports_goat_pipeline.py                           2           0  0.42s           2026-08-04T18:33:23
================================================================================
[2026-08-04T18:33:54.758+0000] {manager.py:879} INFO - 
================================================================================
DAG File Processing Stats

File Path                                  PID    Runtime      # DAGs    # Errors  Last Runtime    Last Run
-----------------------------------------  -----  ---------  --------  ----------  --------------  -------------------
/opt/airflow/dags/sports_goat_pipeline.py                           2           0  0.22s           2026-08-04T18:33:54
================================================================================
[2026-08-04T18:34:25.075+0000] {manager.py:879} INFO - 
================================================================================
DAG File Processing Stats

File Path                                  PID    Runtime      # DAGs    # Errors  Last Runtime    Last Run
-----------------------------------------  -----  ---------  --------  ----------  --------------  -------------------
/opt/airflow/dags/sports_goat_pipeline.py                           2           0  0.22s           2026-08-04T18:34:25
================================================================================
[2026-08-04T18:34:55.388+0000] {manager.py:879} INFO - 
================================================================================
DAG File Processing Stats

File Path                                  PID    Runtime      # DAGs    # Errors  Last Runtime    Last Run
-----------------------------------------  -----  ---------  --------  ----------  --------------  -------------------
/opt/airflow/dags/sports_goat_pipeline.py                           2           0  0.21s           2026-08-04T18:34:55
================================================================================
[2026-08-04T18:35:25.735+0000] {manager.py:879} INFO - 
================================================================================
DAG File Processing Stats

File Path                                  PID    Runtime      # DAGs    # Errors  Last Runtime    Last Run
-----------------------------------------  -----  ---------  --------  ----------  --------------  -------------------
/opt/airflow/dags/sports_goat_pipeline.py                           2           0  0.21s           2026-08-04T18:35:25
================================================================================
[2026-08-04T18:35:56.077+0000] {manager.py:879} INFO - 
================================================================================
DAG File Processing Stats

File Path                                  PID    Runtime      # DAGs    # Errors  Last Runtime    Last Run
-----------------------------------------  -----  ---------  --------  ----------  --------------  -------------------
/opt/airflow/dags/sports_goat_pipeline.py                           2           0  0.21s           2026-08-04T18:35:56
================================================================================
[2026-08-04T18:36:26.450+0000] {manager.py:879} INFO - 
================================================================================
DAG File Processing Stats

File Path                                  PID    Runtime      # DAGs    # Errors  Last Runtime    Last Run
-----------------------------------------  -----  ---------  --------  ----------  --------------  -------------------
/opt/airflow/dags/sports_goat_pipeline.py                           2           0  0.21s           2026-08-04T18:36:26
================================================================================
[2026-08-04T18:36:56.971+0000] {manager.py:879} INFO - 
================================================================================
DAG File Processing Stats

File Path                                  PID    Runtime      # DAGs    # Errors  Last Runtime    Last Run
-----------------------------------------  -----  ---------  --------  ----------  --------------  -------------------
/opt/airflow/dags/sports_goat_pipeline.py                           2           0  0.32s           2026-08-04T18:36:56
================================================================================
[2026-08-04T18:37:28.215+0000] {manager.py:879} INFO - 
================================================================================
DAG File Processing Stats

File Path                                  PID    Runtime      # DAGs    # Errors  Last Runtime    Last Run
-----------------------------------------  -----  ---------  --------  ----------  --------------  -------------------
/opt/airflow/dags/sports_goat_pipeline.py                           2           0  0.21s           2026-08-04T18:37:28
================================================================================
[2026-08-04T18:37:51.859+0000] {manager.py:738} INFO - Searching for files in /opt/airflow/dags
[2026-08-04T18:37:51.867+0000] {manager.py:741} INFO - There are 1 files in /opt/airflow/dags
[2026-08-04T18:37:58.728+0000] {manager.py:879} INFO - 
================================================================================
DAG File Processing Stats

File Path                                  PID    Runtime      # DAGs    # Errors  Last Runtime    Last Run
-----------------------------------------  -----  ---------  --------  ----------  --------------  -------------------
/opt/airflow/dags/sports_goat_pipeline.py                           2           0  0.31s           2026-08-04T18:37:58
================================================================================
[2026-08-04T18:38:29.179+0000] {manager.py:879} INFO - 
================================================================================
DAG File Processing Stats

File Path                                  PID    Runtime      # DAGs    # Errors  Last Runtime    Last Run
-----------------------------------------  -----  ---------  --------  ----------  --------------  -------------------
/opt/airflow/dags/sports_goat_pipeline.py                           2           0  0.42s           2026-08-04T18:38:29
================================================================================
[2026-08-04T18:39:00.339+0000] {manager.py:879} INFO - 
================================================================================
DAG File Processing Stats

File Path                                  PID    Runtime      # DAGs    # Errors  Last Runtime    Last Run
-----------------------------------------  -----  ---------  --------  ----------  --------------  -------------------
/opt/airflow/dags/sports_goat_pipeline.py                           2           0  0.21s           2026-08-04T18:39:00
================================================================================
[2026-08-04T18:39:30.875+0000] {manager.py:879} INFO - 
================================================================================
DAG File Processing Stats

File Path                                  PID    Runtime      # DAGs    # Errors  Last Runtime    Last Run
-----------------------------------------  -----  ---------  --------  ----------  --------------  -------------------
/opt/airflow/dags/sports_goat_pipeline.py                           2           0  0.42s           2026-08-04T18:39:30
================================================================================
[2026-08-04T18:40:01.914+0000] {manager.py:879} INFO - 
================================================================================
DAG File Processing Stats

File Path                                  PID    Runtime      # DAGs    # Errors  Last Runtime    Last Run
-----------------------------------------  -----  ---------  --------  ----------  --------------  -------------------
/opt/airflow/dags/sports_goat_pipeline.py                           2           0  0.21s           2026-08-04T18:40:01
================================================================================
[2026-08-04T18:40:32.518+0000] {manager.py:879} INFO - 
================================================================================
DAG File Processing Stats

File Path                                  PID    Runtime      # DAGs    # Errors  Last Runtime    Last Run
-----------------------------------------  -----  ---------  --------  ----------  --------------  -------------------
/opt/airflow/dags/sports_goat_pipeline.py                           2           0  0.21s           2026-08-04T18:40:32
================================================================================
[2026-08-04T18:41:03.115+0000] {manager.py:879} INFO - 
================================================================================
DAG File Processing Stats

File Path                                  PID    Runtime      # DAGs    # Errors  Last Runtime    Last Run
-----------------------------------------  -----  ---------  --------  ----------  --------------  -------------------
/opt/airflow/dags/sports_goat_pipeline.py                           2           0  0.21s           2026-08-04T18:41:03
================================================================================
[2026-08-04T18:41:33.793+0000] {manager.py:879} INFO - 
================================================================================
DAG File Processing Stats

File Path                                  PID    Runtime      # DAGs    # Errors  Last Runtime    Last Run
-----------------------------------------  -----  ---------  --------  ----------  --------------  -------------------
/opt/airflow/dags/sports_goat_pipeline.py                           2           0  0.31s           2026-08-04T18:41:33
================================================================================
[2026-08-04T18:42:04.479+0000] {manager.py:879} INFO - 
================================================================================
DAG File Processing Stats

File Path                                  PID    Runtime      # DAGs    # Errors  Last Runtime    Last Run
-----------------------------------------  -----  ---------  --------  ----------  --------------  -------------------
/opt/airflow/dags/sports_goat_pipeline.py                           2           0  0.31s           2026-08-04T18:42:04
================================================================================
[2026-08-04T18:42:35.026+0000] {manager.py:879} INFO - 
================================================================================
DAG File Processing Stats

File Path                                  PID    Runtime      # DAGs    # Errors  Last Runtime    Last Run
-----------------------------------------  -----  ---------  --------  ----------  --------------  -------------------
/opt/airflow/dags/sports_goat_pipeline.py                           2           0  0.21s           2026-08-04T18:42:35
================================================================================
[2026-08-04T18:42:51.952+0000] {manager.py:738} INFO - Searching for files in /opt/airflow/dags
[2026-08-04T18:42:51.960+0000] {manager.py:741} INFO - There are 1 files in /opt/airflow/dags
[2026-08-04T18:43:05.587+0000] {manager.py:879} INFO - 
================================================================================
DAG File Processing Stats

File Path                                  PID    Runtime      # DAGs    # Errors  Last Runtime    Last Run
-----------------------------------------  -----  ---------  --------  ----------  --------------  -------------------
/opt/airflow/dags/sports_goat_pipeline.py                           2           0  0.21s           2026-08-04T18:43:05
================================================================================
[2026-08-04T18:43:35.974+0000] {manager.py:879} INFO - 
================================================================================
DAG File Processing Stats

File Path                                  PID    Runtime      # DAGs    # Errors  Last Runtime    Last Run
-----------------------------------------  -----  ---------  --------  ----------  --------------  -------------------
/opt/airflow/dags/sports_goat_pipeline.py                           2           0  0.21s           2026-08-04T18:43:35
================================================================================
[2026-08-04T18:44:06.450+0000] {manager.py:879} INFO - 
================================================================================
DAG File Processing Stats

File Path                                  PID    Runtime      # DAGs    # Errors  Last Runtime    Last Run
-----------------------------------------  -----  ---------  --------  ----------  --------------  -------------------
/opt/airflow/dags/sports_goat_pipeline.py                           2           0  0.21s           2026-08-04T18:44:06
================================================================================
[2026-08-04T18:44:37.298+0000] {manager.py:879} INFO - 
================================================================================
DAG File Processing Stats

File Path                                  PID    Runtime      # DAGs    # Errors  Last Runtime    Last Run
-----------------------------------------  -----  ---------  --------  ----------  --------------  -------------------
/opt/airflow/dags/sports_goat_pipeline.py                           2           0  0.52s           2026-08-04T18:44:37
================================================================================
[2026-08-04T18:45:07.590+0000] {manager.py:879} INFO - 
================================================================================
DAG File Processing Stats

File Path                                  PID    Runtime      # DAGs    # Errors  Last Runtime    Last Run
-----------------------------------------  -----  ---------  --------  ----------  --------------  -------------------
/opt/airflow/dags/sports_goat_pipeline.py                           2           0  0.21s           2026-08-04T18:45:07
================================================================================
[2026-08-04T18:45:38.106+0000] {manager.py:879} INFO - 
================================================================================
DAG File Processing Stats

File Path                                  PID    Runtime      # DAGs    # Errors  Last Runtime    Last Run
-----------------------------------------  -----  ---------  --------  ----------  --------------  -------------------
/opt/airflow/dags/sports_goat_pipeline.py                           2           0  0.33s           2026-08-04T18:45:38
================================================================================
[2026-08-04T18:46:08.575+0000] {manager.py:879} INFO - 
================================================================================
DAG File Processing Stats

File Path                                  PID    Runtime      # DAGs    # Errors  Last Runtime    Last Run
-----------------------------------------  -----  ---------  --------  ----------  --------------  -------------------
/opt/airflow/dags/sports_goat_pipeline.py                           2           0  0.32s           2026-08-04T18:46:08
================================================================================
[2026-08-04T18:46:38.931+0000] {manager.py:879} INFO - 
================================================================================
DAG File Processing Stats

File Path                                  PID    Runtime      # DAGs    # Errors  Last Runtime    Last Run
-----------------------------------------  -----  ---------  --------  ----------  --------------  -------------------
/opt/airflow/dags/sports_goat_pipeline.py                           2           0  0.21s           2026-08-04T18:46:38
================================================================================
[2026-08-04T18:47:09.374+0000] {manager.py:879} INFO - 
================================================================================
DAG File Processing Stats

File Path                                  PID    Runtime      # DAGs    # Errors  Last Runtime    Last Run
-----------------------------------------  -----  ---------  --------  ----------  --------------  -------------------
/opt/airflow/dags/sports_goat_pipeline.py                           2           0  0.31s           2026-08-04T18:47:09
================================================================================
[2026-08-04T18:47:39.766+0000] {manager.py:879} INFO - 
================================================================================
DAG File Processing Stats

File Path                                  PID    Runtime      # DAGs    # Errors  Last Runtime    Last Run
-----------------------------------------  -----  ---------  --------  ----------  --------------  -------------------
/opt/airflow/dags/sports_goat_pipeline.py                           2           0  0.21s           2026-08-04T18:47:39
================================================================================
[2026-08-04T18:47:52.361+0000] {manager.py:738} INFO - Searching for files in /opt/airflow/dags
[2026-08-04T18:47:52.371+0000] {manager.py:741} INFO - There are 1 files in /opt/airflow/dags
[2026-08-04T18:48:10.244+0000] {manager.py:879} INFO - 
================================================================================
DAG File Processing Stats

File Path                                  PID    Runtime      # DAGs    # Errors  Last Runtime    Last Run
-----------------------------------------  -----  ---------  --------  ----------  --------------  -------------------
/opt/airflow/dags/sports_goat_pipeline.py                           2           0  0.32s           2026-08-04T18:48:10
================================================================================
[2026-08-04T18:48:40.561+0000] {manager.py:879} INFO - 
================================================================================
DAG File Processing Stats

File Path                                  PID    Runtime      # DAGs    # Errors  Last Runtime    Last Run
-----------------------------------------  -----  ---------  --------  ----------  --------------  -------------------
/opt/airflow/dags/sports_goat_pipeline.py                           2           0  0.21s           2026-08-04T18:48:40
================================================================================
[2026-08-04T18:49:11.670+0000] {manager.py:879} INFO - 
================================================================================
DAG File Processing Stats

File Path                                  PID    Runtime      # DAGs    # Errors  Last Runtime    Last Run
-----------------------------------------  -----  ---------  --------  ----------  --------------  -------------------
/opt/airflow/dags/sports_goat_pipeline.py                           2           0  1.03s           2026-08-04T18:49:11
================================================================================
[2026-08-04T18:49:42.360+0000] {manager.py:879} INFO - 
================================================================================
DAG File Processing Stats

File Path                                  PID    Runtime      # DAGs    # Errors  Last Runtime    Last Run
-----------------------------------------  -----  ---------  --------  ----------  --------------  -------------------
/opt/airflow/dags/sports_goat_pipeline.py                           2           0  0.51s           2026-08-04T18:49:42
================================================================================
[2026-08-04T18:50:12.699+0000] {manager.py:879} INFO - 
================================================================================
DAG File Processing Stats

File Path                                  PID    Runtime      # DAGs    # Errors  Last Runtime    Last Run
-----------------------------------------  -----  ---------  --------  ----------  --------------  -------------------
/opt/airflow/dags/sports_goat_pipeline.py                           2           0  0.22s           2026-08-04T18:50:12
================================================================================
[2026-08-04T18:50:43.041+0000] {manager.py:879} INFO - 
================================================================================
DAG File Processing Stats

File Path                                  PID    Runtime      # DAGs    # Errors  Last Runtime    Last Run
-----------------------------------------  -----  ---------  --------  ----------  --------------  -------------------
/opt/airflow/dags/sports_goat_pipeline.py                           2           0  0.21s           2026-08-04T18:50:43
================================================================================
[2026-08-04T18:51:13.351+0000] {manager.py:879} INFO - 
================================================================================
DAG File Processing Stats

File Path                                  PID    Runtime      # DAGs    # Errors  Last Runtime    Last Run
-----------------------------------------  -----  ---------  --------  ----------  --------------  -------------------
/opt/airflow/dags/sports_goat_pipeline.py                           2           0  0.21s           2026-08-04T18:51:13
================================================================================
[2026-08-04T18:51:43.840+0000] {manager.py:879} INFO - 
================================================================================
DAG File Processing Stats

File Path                                  PID    Runtime      # DAGs    # Errors  Last Runtime    Last Run
-----------------------------------------  -----  ---------  --------  ----------  --------------  -------------------
/opt/airflow/dags/sports_goat_pipeline.py                           2           0  0.33s           2026-08-04T18:51:43
================================================================================
[2026-08-04T18:52:14.191+0000] {manager.py:879} INFO - 
================================================================================
DAG File Processing Stats

File Path                                  PID    Runtime      # DAGs    # Errors  Last Runtime    Last Run
-----------------------------------------  -----  ---------  --------  ----------  --------------  -------------------
/opt/airflow/dags/sports_goat_pipeline.py                           2           0  0.21s           2026-08-04T18:52:14
================================================================================
[2026-08-04T18:52:44.499+0000] {manager.py:879} INFO - 
================================================================================
DAG File Processing Stats

File Path                                  PID    Runtime      # DAGs    # Errors  Last Runtime    Last Run
-----------------------------------------  -----  ---------  --------  ----------  --------------  -------------------
/opt/airflow/dags/sports_goat_pipeline.py                           2           0  0.21s           2026-08-04T18:52:44
================================================================================
[2026-08-04T18:52:52.637+0000] {manager.py:738} INFO - Searching for files in /opt/airflow/dags
[2026-08-04T18:52:52.649+0000] {manager.py:741} INFO - There are 1 files in /opt/airflow/dags
[2026-08-04T18:53:14.841+0000] {manager.py:879} INFO - 
================================================================================
DAG File Processing Stats

File Path                                  PID    Runtime      # DAGs    # Errors  Last Runtime    Last Run
-----------------------------------------  -----  ---------  --------  ----------  --------------  -------------------
/opt/airflow/dags/sports_goat_pipeline.py                           2           0  0.21s           2026-08-04T18:53:14
================================================================================
[2026-08-04T18:53:45.152+0000] {manager.py:879} INFO - 
================================================================================
DAG File Processing Stats

File Path                                  PID    Runtime      # DAGs    # Errors  Last Runtime    Last Run
-----------------------------------------  -----  ---------  --------  ----------  --------------  -------------------
/opt/airflow/dags/sports_goat_pipeline.py                           2           0  0.21s           2026-08-04T18:53:45
================================================================================
[2026-08-04T18:54:15.521+0000] {manager.py:879} INFO - 
================================================================================
DAG File Processing Stats

File Path                                  PID    Runtime      # DAGs    # Errors  Last Runtime    Last Run
-----------------------------------------  -----  ---------  --------  ----------  --------------  -------------------
/opt/airflow/dags/sports_goat_pipeline.py                           2           0  0.26s           2026-08-04T18:54:15
================================================================================
[2026-08-04T18:54:45.954+0000] {manager.py:879} INFO - 
================================================================================
DAG File Processing Stats

File Path                                  PID    Runtime      # DAGs    # Errors  Last Runtime    Last Run
-----------------------------------------  -----  ---------  --------  ----------  --------------  -------------------
/opt/airflow/dags/sports_goat_pipeline.py                           2           0  0.32s           2026-08-04T18:54:45
================================================================================
[2026-08-04T18:55:16.297+0000] {manager.py:879} INFO - 
================================================================================
DAG File Processing Stats

File Path                                  PID    Runtime      # DAGs    # Errors  Last Runtime    Last Run
-----------------------------------------  -----  ---------  --------  ----------  --------------  -------------------
/opt/airflow/dags/sports_goat_pipeline.py                           2           0  0.22s           2026-08-04T18:55:16
================================================================================
[2026-08-04T18:55:46.781+0000] {manager.py:879} INFO - 
================================================================================
DAG File Processing Stats

File Path                                  PID    Runtime      # DAGs    # Errors  Last Runtime    Last Run
-----------------------------------------  -----  ---------  --------  ----------  --------------  -------------------
/opt/airflow/dags/sports_goat_pipeline.py                           2           0  0.32s           2026-08-04T18:55:46
================================================================================
[2026-08-04T18:56:17.100+0000] {manager.py:879} INFO - 
================================================================================
DAG File Processing Stats

File Path                                  PID    Runtime      # DAGs    # Errors  Last Runtime    Last Run
-----------------------------------------  -----  ---------  --------  ----------  --------------  -------------------
/opt/airflow/dags/sports_goat_pipeline.py                           2           0  0.21s           2026-08-04T18:56:17
================================================================================
[2026-08-04T18:56:47.420+0000] {manager.py:879} INFO - 
================================================================================
DAG File Processing Stats

File Path                                  PID    Runtime      # DAGs    # Errors  Last Runtime    Last Run
-----------------------------------------  -----  ---------  --------  ----------  --------------  -------------------
/opt/airflow/dags/sports_goat_pipeline.py                           2           0  0.21s           2026-08-04T18:56:47
================================================================================
[2026-08-04T18:57:17.872+0000] {manager.py:879} INFO - 
================================================================================
DAG File Processing Stats

File Path                                  PID    Runtime      # DAGs    # Errors  Last Runtime    Last Run
-----------------------------------------  -----  ---------  --------  ----------  --------------  -------------------
/opt/airflow/dags/sports_goat_pipeline.py                           2           0  0.31s           2026-08-04T18:57:17
================================================================================
[2026-08-04T18:57:48.413+0000] {manager.py:879} INFO - 
================================================================================
DAG File Processing Stats

File Path                                  PID    Runtime      # DAGs    # Errors  Last Runtime    Last Run
-----------------------------------------  -----  ---------  --------  ----------  --------------  -------------------
/opt/airflow/dags/sports_goat_pipeline.py                           2           0  0.42s           2026-08-04T18:57:48
================================================================================
[2026-08-04T18:57:52.909+0000] {manager.py:738} INFO - Searching for files in /opt/airflow/dags
[2026-08-04T18:57:52.917+0000] {manager.py:741} INFO - There are 1 files in /opt/airflow/dags
[2026-08-04T18:58:18.745+0000] {manager.py:879} INFO - 
================================================================================
DAG File Processing Stats

File Path                                  PID    Runtime      # DAGs    # Errors  Last Runtime    Last Run
-----------------------------------------  -----  ---------  --------  ----------  --------------  -------------------
/opt/airflow/dags/sports_goat_pipeline.py                           2           0  0.21s           2026-08-04T18:58:18
================================================================================
[2026-08-04T18:58:49.161+0000] {manager.py:879} INFO - 
================================================================================
DAG File Processing Stats

File Path                                  PID    Runtime      # DAGs    # Errors  Last Runtime    Last Run
-----------------------------------------  -----  ---------  --------  ----------  --------------  -------------------
/opt/airflow/dags/sports_goat_pipeline.py                           2           0  0.21s           2026-08-04T18:58:49
================================================================================
[2026-08-04T18:59:19.529+0000] {manager.py:879} INFO - 
================================================================================
DAG File Processing Stats

File Path                                  PID    Runtime      # DAGs    # Errors  Last Runtime    Last Run
-----------------------------------------  -----  ---------  --------  ----------  --------------  -------------------
/opt/airflow/dags/sports_goat_pipeline.py                           2           0  0.21s           2026-08-04T18:59:19
================================================================================
[2026-08-04T18:59:50.399+0000] {manager.py:879} INFO - 
================================================================================
DAG File Processing Stats

File Path                                  PID    Runtime      # DAGs    # Errors  Last Runtime    Last Run
-----------------------------------------  -----  ---------  --------  ----------  --------------  -------------------
/opt/airflow/dags/sports_goat_pipeline.py                           2           0  0.75s           2026-08-04T18:59:50
================================================================================
[2026-08-04T19:00:20.737+0000] {manager.py:879} INFO - 
================================================================================
DAG File Processing Stats

File Path                                  PID    Runtime      # DAGs    # Errors  Last Runtime    Last Run
-----------------------------------------  -----  ---------  --------  ----------  --------------  -------------------
/opt/airflow/dags/sports_goat_pipeline.py                           2           0  0.21s           2026-08-04T19:00:20
================================================================================
[2026-08-04T19:00:51.397+0000] {manager.py:879} INFO - 
================================================================================
DAG File Processing Stats

File Path                                  PID    Runtime      # DAGs    # Errors  Last Runtime    Last Run
-----------------------------------------  -----  ---------  --------  ----------  --------------  -------------------
/opt/airflow/dags/sports_goat_pipeline.py                           2           0  0.53s           2026-08-04T19:00:51
================================================================================
[2026-08-04T19:01:21.839+0000] {manager.py:879} INFO - 
================================================================================
DAG File Processing Stats

File Path                                  PID    Runtime      # DAGs    # Errors  Last Runtime    Last Run
-----------------------------------------  -----  ---------  --------  ----------  --------------  -------------------
/opt/airflow/dags/sports_goat_pipeline.py                           2           0  0.34s           2026-08-04T19:01:21
================================================================================
[2026-08-04T19:01:52.710+0000] {manager.py:879} INFO - 
================================================================================
DAG File Processing Stats

File Path                                  PID    Runtime      # DAGs    # Errors  Last Runtime    Last Run
-----------------------------------------  -----  ---------  --------  ----------  --------------  -------------------
/opt/airflow/dags/sports_goat_pipeline.py                           2           0  0.73s           2026-08-04T19:01:52
================================================================================
[2026-08-04T19:02:23.011+0000] {manager.py:879} INFO - 
================================================================================
DAG File Processing Stats

File Path                                  PID    Runtime      # DAGs    # Errors  Last Runtime    Last Run
-----------------------------------------  -----  ---------  --------  ----------  --------------  -------------------
/opt/airflow/dags/sports_goat_pipeline.py                           2           0  0.21s           2026-08-04T19:02:23
================================================================================
[2026-08-04T19:02:53.089+0000] {manager.py:738} INFO - Searching for files in /opt/airflow/dags
[2026-08-04T19:02:53.104+0000] {manager.py:741} INFO - There are 1 files in /opt/airflow/dags
[2026-08-04T19:02:53.448+0000] {manager.py:879} INFO - 
================================================================================
DAG File Processing Stats

File Path                                  PID    Runtime      # DAGs    # Errors  Last Runtime    Last Run
-----------------------------------------  -----  ---------  --------  ----------  --------------  -------------------
/opt/airflow/dags/sports_goat_pipeline.py                           2           0  0.31s           2026-08-04T19:02:53
================================================================================
[2026-08-04T19:03:25.042+0000] {manager.py:879} INFO - 
================================================================================
DAG File Processing Stats

File Path                                  PID    Runtime      # DAGs    # Errors  Last Runtime    Last Run
-----------------------------------------  -----  ---------  --------  ----------  --------------  -------------------
/opt/airflow/dags/sports_goat_pipeline.py                           2           0  0.21s           2026-08-04T19:03:25
================================================================================
[2026-08-04T19:03:56.359+0000] {manager.py:879} INFO - 
================================================================================
DAG File Processing Stats

File Path                                  PID    Runtime      # DAGs    # Errors  Last Runtime    Last Run
-----------------------------------------  -----  ---------  --------  ----------  --------------  -------------------
/opt/airflow/dags/sports_goat_pipeline.py                           2           0  0.42s           2026-08-04T19:03:56
================================================================================
[2026-08-04T19:04:27.568+0000] {manager.py:879} INFO - 
================================================================================
DAG File Processing Stats

File Path                                  PID    Runtime      # DAGs    # Errors  Last Runtime    Last Run
-----------------------------------------  -----  ---------  --------  ----------  --------------  -------------------
/opt/airflow/dags/sports_goat_pipeline.py                           2           0  0.37s           2026-08-04T19:04:27
================================================================================
[2026-08-04T19:04:58.330+0000] {manager.py:879} INFO - 
================================================================================
DAG File Processing Stats

File Path                                  PID    Runtime      # DAGs    # Errors  Last Runtime    Last Run
-----------------------------------------  -----  ---------  --------  ----------  --------------  -------------------
/opt/airflow/dags/sports_goat_pipeline.py                           2           0  0.21s           2026-08-04T19:04:58
================================================================================
[2026-08-04T19:05:29.002+0000] {manager.py:879} INFO - 
================================================================================
DAG File Processing Stats

File Path                                  PID    Runtime      # DAGs    # Errors  Last Runtime    Last Run
-----------------------------------------  -----  ---------  --------  ----------  --------------  -------------------
/opt/airflow/dags/sports_goat_pipeline.py                           2           0  0.21s           2026-08-04T19:05:29
================================================================================
[2026-08-04T19:05:59.733+0000] {manager.py:879} INFO - 
================================================================================
DAG File Processing Stats

File Path                                  PID    Runtime      # DAGs    # Errors  Last Runtime    Last Run
-----------------------------------------  -----  ---------  --------  ----------  --------------  -------------------
/opt/airflow/dags/sports_goat_pipeline.py                           2           0  0.21s           2026-08-04T19:05:59
================================================================================
[2026-08-04T19:06:30.336+0000] {manager.py:879} INFO - 
================================================================================
DAG File Processing Stats

File Path                                  PID    Runtime      # DAGs    # Errors  Last Runtime    Last Run
-----------------------------------------  -----  ---------  --------  ----------  --------------  -------------------
/opt/airflow/dags/sports_goat_pipeline.py                           2           0  0.21s           2026-08-04T19:06:30
================================================================================
[2026-08-04T19:07:00.919+0000] {manager.py:879} INFO - 
================================================================================
DAG File Processing Stats

File Path                                  PID    Runtime      # DAGs    # Errors  Last Runtime    Last Run
-----------------------------------------  -----  ---------  --------  ----------  --------------  -------------------
/opt/airflow/dags/sports_goat_pipeline.py                           2           0  0.21s           2026-08-04T19:07:00
================================================================================
[2026-08-04T19:07:31.670+0000] {manager.py:879} INFO - 
================================================================================
DAG File Processing Stats

File Path                                  PID    Runtime      # DAGs    # Errors  Last Runtime    Last Run
-----------------------------------------  -----  ---------  --------  ----------  --------------  -------------------
/opt/airflow/dags/sports_goat_pipeline.py                           2           0  0.32s           2026-08-04T19:07:31
================================================================================
[2026-08-04T19:07:53.293+0000] {manager.py:738} INFO - Searching for files in /opt/airflow/dags
[2026-08-04T19:07:53.302+0000] {manager.py:741} INFO - There are 1 files in /opt/airflow/dags
[2026-08-04T19:08:02.614+0000] {manager.py:879} INFO - 
================================================================================
DAG File Processing Stats

File Path                                  PID    Runtime      # DAGs    # Errors  Last Runtime    Last Run
-----------------------------------------  -----  ---------  --------  ----------  --------------  -------------------
/opt/airflow/dags/sports_goat_pipeline.py                           2           0  0.41s           2026-08-04T19:08:02
================================================================================
[2026-08-04T19:08:33.244+0000] {manager.py:879} INFO - 
================================================================================
DAG File Processing Stats

File Path                                  PID    Runtime      # DAGs    # Errors  Last Runtime    Last Run
-----------------------------------------  -----  ---------  --------  ----------  --------------  -------------------
/opt/airflow/dags/sports_goat_pipeline.py                           2           0  0.21s           2026-08-04T19:08:33
================================================================================
[2026-08-04T19:09:03.954+0000] {manager.py:879} INFO - 
================================================================================
DAG File Processing Stats

File Path                                  PID    Runtime      # DAGs    # Errors  Last Runtime    Last Run
-----------------------------------------  -----  ---------  --------  ----------  --------------  -------------------
/opt/airflow/dags/sports_goat_pipeline.py                           2           0  0.21s           2026-08-04T19:09:03
================================================================================
[2026-08-04T19:09:34.536+0000] {manager.py:879} INFO - 
================================================================================
DAG File Processing Stats

File Path                                  PID    Runtime      # DAGs    # Errors  Last Runtime    Last Run
-----------------------------------------  -----  ---------  --------  ----------  --------------  -------------------
/opt/airflow/dags/sports_goat_pipeline.py                           2           0  0.21s           2026-08-04T19:09:34
================================================================================
[2026-08-04T19:10:05.378+0000] {manager.py:879} INFO - 
================================================================================
DAG File Processing Stats

File Path                                  PID    Runtime      # DAGs    # Errors  Last Runtime    Last Run
-----------------------------------------  -----  ---------  --------  ----------  --------------  -------------------
/opt/airflow/dags/sports_goat_pipeline.py                           2           0  0.21s           2026-08-04T19:10:05
================================================================================
[2026-08-04T19:10:36.043+0000] {manager.py:879} INFO - 
================================================================================
DAG File Processing Stats

File Path                                  PID    Runtime      # DAGs    # Errors  Last Runtime    Last Run
-----------------------------------------  -----  ---------  --------  ----------  --------------  -------------------
/opt/airflow/dags/sports_goat_pipeline.py                           2           0  0.21s           2026-08-04T19:10:36
================================================================================
[2026-08-04T19:11:06.410+0000] {manager.py:879} INFO - 
================================================================================
DAG File Processing Stats

File Path                                  PID    Runtime      # DAGs    # Errors  Last Runtime    Last Run
-----------------------------------------  -----  ---------  --------  ----------  --------------  -------------------
/opt/airflow/dags/sports_goat_pipeline.py                           2           0  0.21s           2026-08-04T19:11:06
================================================================================
[2026-08-04T19:11:36.857+0000] {manager.py:879} INFO - 
================================================================================
DAG File Processing Stats

File Path                                  PID    Runtime      # DAGs    # Errors  Last Runtime    Last Run
-----------------------------------------  -----  ---------  --------  ----------  --------------  -------------------
/opt/airflow/dags/sports_goat_pipeline.py                           2           0  0.31s           2026-08-04T19:11:36
================================================================================
[2026-08-04T19:12:07.222+0000] {manager.py:879} INFO - 
================================================================================
DAG File Processing Stats

File Path                                  PID    Runtime      # DAGs    # Errors  Last Runtime    Last Run
-----------------------------------------  -----  ---------  --------  ----------  --------------  -------------------
/opt/airflow/dags/sports_goat_pipeline.py                           2           0  0.21s           2026-08-04T19:12:07
================================================================================
[2026-08-04T19:12:38.122+0000] {manager.py:879} INFO - 
================================================================================
DAG File Processing Stats

File Path                                  PID    Runtime      # DAGs    # Errors  Last Runtime    Last Run
-----------------------------------------  -----  ---------  --------  ----------  --------------  -------------------
/opt/airflow/dags/sports_goat_pipeline.py                           2           0  0.74s           2026-08-04T19:12:38
================================================================================
[2026-08-04T19:12:53.331+0000] {manager.py:738} INFO - Searching for files in /opt/airflow/dags
[2026-08-04T19:12:53.342+0000] {manager.py:741} INFO - There are 1 files in /opt/airflow/dags
[2026-08-04T19:13:08.645+0000] {manager.py:879} INFO - 
================================================================================
DAG File Processing Stats

File Path                                  PID    Runtime      # DAGs    # Errors  Last Runtime    Last Run
-----------------------------------------  -----  ---------  --------  ----------  --------------  -------------------
/opt/airflow/dags/sports_goat_pipeline.py                           2           0  0.31s           2026-08-04T19:13:08
================================================================================
[2026-08-04T19:13:39.034+0000] {manager.py:879} INFO - 
================================================================================
DAG File Processing Stats

File Path                                  PID    Runtime      # DAGs    # Errors  Last Runtime    Last Run
-----------------------------------------  -----  ---------  --------  ----------  --------------  -------------------
/opt/airflow/dags/sports_goat_pipeline.py                           2           0  0.21s           2026-08-04T19:13:39
================================================================================
[2026-08-04T19:14:09.519+0000] {manager.py:879} INFO - 
================================================================================
DAG File Processing Stats

File Path                                  PID    Runtime      # DAGs    # Errors  Last Runtime    Last Run
-----------------------------------------  -----  ---------  --------  ----------  --------------  -------------------
/opt/airflow/dags/sports_goat_pipeline.py                           2           0  0.31s           2026-08-04T19:14:09
================================================================================
[2026-08-04T19:14:39.855+0000] {manager.py:879} INFO - 
================================================================================
DAG File Processing Stats

File Path                                  PID    Runtime      # DAGs    # Errors  Last Runtime    Last Run
-----------------------------------------  -----  ---------  --------  ----------  --------------  -------------------
/opt/airflow/dags/sports_goat_pipeline.py                           2           0  0.20s           2026-08-04T19:14:39
================================================================================
[2026-08-04T19:15:10.213+0000] {manager.py:879} INFO - 
================================================================================
DAG File Processing Stats

File Path                                  PID    Runtime      # DAGs    # Errors  Last Runtime    Last Run
-----------------------------------------  -----  ---------  --------  ----------  --------------  -------------------
/opt/airflow/dags/sports_goat_pipeline.py                           2           0  0.21s           2026-08-04T19:15:10
================================================================================
[2026-08-04T19:15:40.786+0000] {manager.py:879} INFO - 
================================================================================
DAG File Processing Stats

File Path                                  PID    Runtime      # DAGs    # Errors  Last Runtime    Last Run
-----------------------------------------  -----  ---------  --------  ----------  --------------  -------------------
/opt/airflow/dags/sports_goat_pipeline.py                           2           0  0.42s           2026-08-04T19:15:40
================================================================================
[2026-08-04T19:16:11.250+0000] {manager.py:879} INFO - 
================================================================================
DAG File Processing Stats

File Path                                  PID    Runtime      # DAGs    # Errors  Last Runtime    Last Run
-----------------------------------------  -----  ---------  --------  ----------  --------------  -------------------
/opt/airflow/dags/sports_goat_pipeline.py                           2           0  0.21s           2026-08-04T19:16:11
================================================================================
[2026-08-04T19:16:41.724+0000] {manager.py:879} INFO - 
================================================================================
DAG File Processing Stats

File Path                                  PID    Runtime      # DAGs    # Errors  Last Runtime    Last Run
-----------------------------------------  -----  ---------  --------  ----------  --------------  -------------------
/opt/airflow/dags/sports_goat_pipeline.py                           2           0  0.31s           2026-08-04T19:16:41
================================================================================
[2026-08-04T19:17:12.256+0000] {manager.py:879} INFO - 
================================================================================
DAG File Processing Stats

File Path                                  PID    Runtime      # DAGs    # Errors  Last Runtime    Last Run
-----------------------------------------  -----  ---------  --------  ----------  --------------  -------------------
/opt/airflow/dags/sports_goat_pipeline.py                           2           0  0.31s           2026-08-04T19:17:12
================================================================================
[2026-08-04T19:17:42.589+0000] {manager.py:879} INFO - 
================================================================================
DAG File Processing Stats

File Path                                  PID    Runtime      # DAGs    # Errors  Last Runtime    Last Run
-----------------------------------------  -----  ---------  --------  ----------  --------------  -------------------
/opt/airflow/dags/sports_goat_pipeline.py                           2           0  0.21s           2026-08-04T19:17:42
================================================================================
[2026-08-04T19:17:53.842+0000] {manager.py:738} INFO - Searching for files in /opt/airflow/dags
[2026-08-04T19:17:53.862+0000] {manager.py:741} INFO - There are 1 files in /opt/airflow/dags
[2026-08-04T19:18:12.894+0000] {manager.py:879} INFO - 
================================================================================
DAG File Processing Stats

File Path                                  PID    Runtime      # DAGs    # Errors  Last Runtime    Last Run
-----------------------------------------  -----  ---------  --------  ----------  --------------  -------------------
/opt/airflow/dags/sports_goat_pipeline.py                           2           0  0.21s           2026-08-04T19:18:12
================================================================================
[2026-08-04T19:18:43.288+0000] {manager.py:879} INFO - 
================================================================================
DAG File Processing Stats

File Path                                  PID    Runtime      # DAGs    # Errors  Last Runtime    Last Run
-----------------------------------------  -----  ---------  --------  ----------  --------------  -------------------
/opt/airflow/dags/sports_goat_pipeline.py                           2           0  0.23s           2026-08-04T19:18:43
================================================================================
[2026-08-04T19:19:13.607+0000] {manager.py:879} INFO - 
================================================================================
DAG File Processing Stats

File Path                                  PID    Runtime      # DAGs    # Errors  Last Runtime    Last Run
-----------------------------------------  -----  ---------  --------  ----------  --------------  -------------------
/opt/airflow/dags/sports_goat_pipeline.py                           2           0  0.21s           2026-08-04T19:19:13
================================================================================
[2026-08-04T19:19:43.909+0000] {manager.py:879} INFO - 
================================================================================
DAG File Processing Stats

File Path                                  PID    Runtime      # DAGs    # Errors  Last Runtime    Last Run
-----------------------------------------  -----  ---------  --------  ----------  --------------  -------------------
/opt/airflow/dags/sports_goat_pipeline.py                           2           0  0.22s           2026-08-04T19:19:43
================================================================================
[2026-08-04T19:20:14.236+0000] {manager.py:879} INFO - 
================================================================================
DAG File Processing Stats

File Path                                  PID    Runtime      # DAGs    # Errors  Last Runtime    Last Run
-----------------------------------------  -----  ---------  --------  ----------  --------------  -------------------
/opt/airflow/dags/sports_goat_pipeline.py                           2           0  0.23s           2026-08-04T19:20:14
================================================================================
[2026-08-04T19:20:44.558+0000] {manager.py:879} INFO - 
================================================================================
DAG File Processing Stats

File Path                                  PID    Runtime      # DAGs    # Errors  Last Runtime    Last Run
-----------------------------------------  -----  ---------  --------  ----------  --------------  -------------------
/opt/airflow/dags/sports_goat_pipeline.py                           2           0  0.22s           2026-08-04T19:20:44
================================================================================
[2026-08-04T19:22:07.405+0000] {manager.py:469} INFO - Processing files using up to 1 processes at a time 
[2026-08-04T19:22:07.422+0000] {manager.py:470} INFO - Process each file at most once every 30 seconds
[2026-08-04T19:22:07.424+0000] {manager.py:471} INFO - Checking for new files in /opt/airflow/dags every 300 seconds
[2026-08-04T19:22:07.429+0000] {manager.py:738} INFO - Searching for files in /opt/airflow/dags
[2026-08-04T19:22:07.476+0000] {manager.py:741} INFO - There are 1 files in /opt/airflow/dags
[2026-08-04T19:22:08.187+0000] {manager.py:879} INFO - 
================================================================================
DAG File Processing Stats

File Path                                  PID    Runtime      # DAGs    # Errors  Last Runtime    Last Run
-----------------------------------------  -----  ---------  --------  ----------  --------------  -------------------
/opt/airflow/dags/sports_goat_pipeline.py                           2           0  0.52s           2026-08-04T19:22:08
================================================================================
[2026-08-04T19:22:39.072+0000] {manager.py:879} INFO - 
================================================================================
DAG File Processing Stats

File Path                                  PID    Runtime      # DAGs    # Errors  Last Runtime    Last Run
-----------------------------------------  -----  ---------  --------  ----------  --------------  -------------------
/opt/airflow/dags/sports_goat_pipeline.py                           2           0  0.62s           2026-08-04T19:22:39
================================================================================
[2026-08-04T19:23:09.854+0000] {manager.py:879} INFO - 
================================================================================
DAG File Processing Stats

File Path                                  PID    Runtime      # DAGs    # Errors  Last Runtime    Last Run
-----------------------------------------  -----  ---------  --------  ----------  --------------  -------------------
/opt/airflow/dags/sports_goat_pipeline.py                           2           0  0.53s           2026-08-04T19:23:09
================================================================================
[2026-08-04T19:23:40.805+0000] {manager.py:879} INFO - 
================================================================================
DAG File Processing Stats

File Path                                  PID    Runtime      # DAGs    # Errors  Last Runtime    Last Run
-----------------------------------------  -----  ---------  --------  ----------  --------------  -------------------
/opt/airflow/dags/sports_goat_pipeline.py                           2           0  0.21s           2026-08-04T19:23:40
================================================================================
[2026-08-04T19:24:11.580+0000] {manager.py:879} INFO - 
================================================================================
DAG File Processing Stats

File Path                                  PID    Runtime      # DAGs    # Errors  Last Runtime    Last Run
-----------------------------------------  -----  ---------  --------  ----------  --------------  -------------------
/opt/airflow/dags/sports_goat_pipeline.py                           2           0  0.21s           2026-08-04T19:24:11
================================================================================
[2026-08-04T19:24:42.147+0000] {manager.py:879} INFO - 
================================================================================
DAG File Processing Stats

File Path                                  PID    Runtime      # DAGs    # Errors  Last Runtime    Last Run
-----------------------------------------  -----  ---------  --------  ----------  --------------  -------------------
/opt/airflow/dags/sports_goat_pipeline.py                           2           0  0.21s           2026-08-04T19:24:42
================================================================================
[2026-08-04T19:25:12.694+0000] {manager.py:879} INFO - 
================================================================================
DAG File Processing Stats

File Path                                  PID    Runtime      # DAGs    # Errors  Last Runtime    Last Run
-----------------------------------------  -----  ---------  --------  ----------  --------------  -------------------
/opt/airflow/dags/sports_goat_pipeline.py                           2           0  0.21s           2026-08-04T19:25:12
================================================================================
[2026-08-04T19:25:43.488+0000] {manager.py:879} INFO - 
================================================================================
DAG File Processing Stats

File Path                                  PID    Runtime      # DAGs    # Errors  Last Runtime    Last Run
-----------------------------------------  -----  ---------  --------  ----------  --------------  -------------------
/opt/airflow/dags/sports_goat_pipeline.py                           2           0  0.43s           2026-08-04T19:25:43
================================================================================
[2026-08-04T19:26:14.171+0000] {manager.py:879} INFO - 
================================================================================
DAG File Processing Stats

File Path                                  PID    Runtime      # DAGs    # Errors  Last Runtime    Last Run
-----------------------------------------  -----  ---------  --------  ----------  --------------  -------------------
/opt/airflow/dags/sports_goat_pipeline.py                           2           0  0.59s           2026-08-04T19:26:14
================================================================================
[2026-08-04T19:26:44.820+0000] {manager.py:879} INFO - 
================================================================================
DAG File Processing Stats

File Path                                  PID    Runtime      # DAGs    # Errors  Last Runtime    Last Run
-----------------------------------------  -----  ---------  --------  ----------  --------------  -------------------
/opt/airflow/dags/sports_goat_pipeline.py                           2           0  0.23s           2026-08-04T19:26:44
================================================================================
[2026-08-04T19:27:07.517+0000] {manager.py:738} INFO - Searching for files in /opt/airflow/dags
[2026-08-04T19:27:07.574+0000] {manager.py:741} INFO - There are 1 files in /opt/airflow/dags
[2026-08-04T19:27:15.487+0000] {manager.py:879} INFO - 
================================================================================
DAG File Processing Stats

File Path                                  PID    Runtime      # DAGs    # Errors  Last Runtime    Last Run
-----------------------------------------  -----  ---------  --------  ----------  --------------  -------------------
/opt/airflow/dags/sports_goat_pipeline.py                           2           0  0.31s           2026-08-04T19:27:15
================================================================================
[2026-08-04T19:27:46.182+0000] {manager.py:879} INFO - 
================================================================================
DAG File Processing Stats

File Path                                  PID    Runtime      # DAGs    # Errors  Last Runtime    Last Run
-----------------------------------------  -----  ---------  --------  ----------  --------------  -------------------
/opt/airflow/dags/sports_goat_pipeline.py                           2           0  0.31s           2026-08-04T19:27:46
================================================================================
[2026-08-04T19:28:16.782+0000] {manager.py:879} INFO - 
================================================================================
DAG File Processing Stats

File Path                                  PID    Runtime      # DAGs    # Errors  Last Runtime    Last Run
-----------------------------------------  -----  ---------  --------  ----------  --------------  -------------------
/opt/airflow/dags/sports_goat_pipeline.py                           2           0  0.21s           2026-08-04T19:28:16
================================================================================
[2026-08-04T19:28:47.443+0000] {manager.py:879} INFO - 
================================================================================
DAG File Processing Stats

File Path                                  PID    Runtime      # DAGs    # Errors  Last Runtime    Last Run
-----------------------------------------  -----  ---------  --------  ----------  --------------  -------------------
/opt/airflow/dags/sports_goat_pipeline.py                           2           0  0.31s           2026-08-04T19:28:47
================================================================================
[2026-08-04T19:29:18.179+0000] {manager.py:879} INFO - 
================================================================================
DAG File Processing Stats

File Path                                  PID    Runtime      # DAGs    # Errors  Last Runtime    Last Run
-----------------------------------------  -----  ---------  --------  ----------  --------------  -------------------
/opt/airflow/dags/sports_goat_pipeline.py                           2           0  0.31s           2026-08-04T19:29:18
================================================================================
[2026-08-04T19:29:48.824+0000] {manager.py:879} INFO - 
================================================================================
DAG File Processing Stats

File Path                                  PID    Runtime      # DAGs    # Errors  Last Runtime    Last Run
-----------------------------------------  -----  ---------  --------  ----------  --------------  -------------------
/opt/airflow/dags/sports_goat_pipeline.py                           2           0  0.31s           2026-08-04T19:29:48
================================================================================
[2026-08-04T19:30:19.461+0000] {manager.py:879} INFO - 
================================================================================
DAG File Processing Stats

File Path                                  PID    Runtime      # DAGs    # Errors  Last Runtime    Last Run
-----------------------------------------  -----  ---------  --------  ----------  --------------  -------------------
/opt/airflow/dags/sports_goat_pipeline.py                           2           0  0.31s           2026-08-04T19:30:19
================================================================================
[2026-08-04T19:30:49.983+0000] {manager.py:879} INFO - 
================================================================================
DAG File Processing Stats

File Path                                  PID    Runtime      # DAGs    # Errors  Last Runtime    Last Run
-----------------------------------------  -----  ---------  --------  ----------  --------------  -------------------
/opt/airflow/dags/sports_goat_pipeline.py                           2           0  0.21s           2026-08-04T19:30:49
================================================================================
[2026-08-04T19:31:20.648+0000] {manager.py:879} INFO - 
================================================================================
DAG File Processing Stats

File Path                                  PID    Runtime      # DAGs    # Errors  Last Runtime    Last Run
-----------------------------------------  -----  ---------  --------  ----------  --------------  -------------------
/opt/airflow/dags/sports_goat_pipeline.py                           2           0  0.31s           2026-08-04T19:31:20
================================================================================
[2026-08-04T19:31:51.242+0000] {manager.py:879} INFO - 
================================================================================
DAG File Processing Stats

File Path                                  PID    Runtime      # DAGs    # Errors  Last Runtime    Last Run
-----------------------------------------  -----  ---------  --------  ----------  --------------  -------------------
/opt/airflow/dags/sports_goat_pipeline.py                           2           0  0.21s           2026-08-04T19:31:51
================================================================================
[2026-08-04T19:32:07.690+0000] {manager.py:738} INFO - Searching for files in /opt/airflow/dags
[2026-08-04T19:32:07.756+0000] {manager.py:741} INFO - There are 1 files in /opt/airflow/dags
[2026-08-04T19:32:21.726+0000] {manager.py:879} INFO - 
================================================================================
DAG File Processing Stats

File Path                                  PID    Runtime      # DAGs    # Errors  Last Runtime    Last Run
-----------------------------------------  -----  ---------  --------  ----------  --------------  -------------------
/opt/airflow/dags/sports_goat_pipeline.py                           2           0  0.32s           2026-08-04T19:32:21
================================================================================
[2026-08-04T19:32:52.121+0000] {manager.py:879} INFO - 
================================================================================
DAG File Processing Stats

File Path                                  PID    Runtime      # DAGs    # Errors  Last Runtime    Last Run
-----------------------------------------  -----  ---------  --------  ----------  --------------  -------------------
/opt/airflow/dags/sports_goat_pipeline.py                           2           0  0.21s           2026-08-04T19:32:52
================================================================================
[2026-08-04T19:33:22.580+0000] {manager.py:879} INFO - 
================================================================================
DAG File Processing Stats

File Path                                  PID    Runtime      # DAGs    # Errors  Last Runtime    Last Run
-----------------------------------------  -----  ---------  --------  ----------  --------------  -------------------
/opt/airflow/dags/sports_goat_pipeline.py                           2           0  0.31s           2026-08-04T19:33:22
================================================================================
[2026-08-04T19:33:52.983+0000] {manager.py:879} INFO - 
================================================================================
DAG File Processing Stats

File Path                                  PID    Runtime      # DAGs    # Errors  Last Runtime    Last Run
-----------------------------------------  -----  ---------  --------  ----------  --------------  -------------------
/opt/airflow/dags/sports_goat_pipeline.py                           2           0  0.21s           2026-08-04T19:33:52
================================================================================
[2026-08-04T19:34:23.585+0000] {manager.py:879} INFO - 
================================================================================
DAG File Processing Stats

File Path                                  PID    Runtime      # DAGs    # Errors  Last Runtime    Last Run
-----------------------------------------  -----  ---------  --------  ----------  --------------  -------------------
/opt/airflow/dags/sports_goat_pipeline.py                           2           0  0.42s           2026-08-04T19:34:23
================================================================================
[2026-08-04T19:34:53.994+0000] {manager.py:879} INFO - 
================================================================================
DAG File Processing Stats

File Path                                  PID    Runtime      # DAGs    # Errors  Last Runtime    Last Run
-----------------------------------------  -----  ---------  --------  ----------  --------------  -------------------
/opt/airflow/dags/sports_goat_pipeline.py                           2           0  0.21s           2026-08-04T19:34:53
================================================================================
[2026-08-04T19:35:24.381+0000] {manager.py:879} INFO - 
================================================================================
DAG File Processing Stats

File Path                                  PID    Runtime      # DAGs    # Errors  Last Runtime    Last Run
-----------------------------------------  -----  ---------  --------  ----------  --------------  -------------------
/opt/airflow/dags/sports_goat_pipeline.py                           2           0  0.21s           2026-08-04T19:35:24
================================================================================
[2026-08-04T19:35:54.760+0000] {manager.py:879} INFO - 
================================================================================
DAG File Processing Stats

File Path                                  PID    Runtime      # DAGs    # Errors  Last Runtime    Last Run
-----------------------------------------  -----  ---------  --------  ----------  --------------  -------------------
/opt/airflow/dags/sports_goat_pipeline.py                           2           0  0.21s           2026-08-04T19:35:54
================================================================================
[2026-08-04T19:36:25.107+0000] {manager.py:879} INFO - 
================================================================================
DAG File Processing Stats

File Path                                  PID    Runtime      # DAGs    # Errors  Last Runtime    Last Run
-----------------------------------------  -----  ---------  --------  ----------  --------------  -------------------
/opt/airflow/dags/sports_goat_pipeline.py                           2           0  0.21s           2026-08-04T19:36:25
================================================================================
[2026-08-04T19:36:55.477+0000] {manager.py:879} INFO - 
================================================================================
DAG File Processing Stats

File Path                                  PID    Runtime      # DAGs    # Errors  Last Runtime    Last Run
-----------------------------------------  -----  ---------  --------  ----------  --------------  -------------------
/opt/airflow/dags/sports_goat_pipeline.py                           2           0  0.21s           2026-08-04T19:36:55
================================================================================
[2026-08-04T19:37:07.709+0000] {manager.py:738} INFO - Searching for files in /opt/airflow/dags
[2026-08-04T19:37:07.719+0000] {manager.py:741} INFO - There are 1 files in /opt/airflow/dags
[2026-08-04T19:37:25.860+0000] {manager.py:879} INFO - 
================================================================================
DAG File Processing Stats

File Path                                  PID    Runtime      # DAGs    # Errors  Last Runtime    Last Run
-----------------------------------------  -----  ---------  --------  ----------  --------------  -------------------
/opt/airflow/dags/sports_goat_pipeline.py                           2           0  0.22s           2026-08-04T19:37:25
================================================================================
[2026-08-04T19:37:56.220+0000] {manager.py:879} INFO - 
================================================================================
DAG File Processing Stats

File Path                                  PID    Runtime      # DAGs    # Errors  Last Runtime    Last Run
-----------------------------------------  -----  ---------  --------  ----------  --------------  -------------------
/opt/airflow/dags/sports_goat_pipeline.py                           2           0  0.21s           2026-08-04T19:37:56
================================================================================
[2026-08-04T19:38:26.548+0000] {manager.py:879} INFO - 
================================================================================
DAG File Processing Stats

File Path                                  PID    Runtime      # DAGs    # Errors  Last Runtime    Last Run
-----------------------------------------  -----  ---------  --------  ----------  --------------  -------------------
/opt/airflow/dags/sports_goat_pipeline.py                           2           0  0.21s           2026-08-04T19:38:26
================================================================================
[2026-08-04T19:38:57.032+0000] {manager.py:879} INFO - 
================================================================================
DAG File Processing Stats

File Path                                  PID    Runtime      # DAGs    # Errors  Last Runtime    Last Run
-----------------------------------------  -----  ---------  --------  ----------  --------------  -------------------
/opt/airflow/dags/sports_goat_pipeline.py                           2           0  0.35s           2026-08-04T19:38:57
================================================================================
[2026-08-22T15:57:05.664+0000] {manager.py:469} INFO - Processing files using up to 1 processes at a time 
[2026-08-22T15:57:05.671+0000] {manager.py:470} INFO - Process each file at most once every 30 seconds
[2026-08-22T15:57:05.674+0000] {manager.py:471} INFO - Checking for new files in /opt/airflow/dags every 300 seconds
[2026-08-22T15:57:05.676+0000] {manager.py:738} INFO - Searching for files in /opt/airflow/dags
[2026-08-22T15:57:05.699+0000] {manager.py:741} INFO - There are 1 files in /opt/airflow/dags
[2026-08-22T15:57:07.294+0000] {manager.py:879} INFO - 
================================================================================
DAG File Processing Stats

File Path                                  PID    Runtime      # DAGs    # Errors  Last Runtime    Last Run
-----------------------------------------  -----  ---------  --------  ----------  --------------  -------------------
/opt/airflow/dags/sports_goat_pipeline.py                           2           0  1.18s           2026-08-22T15:57:07
================================================================================
[2026-08-22T15:57:39.084+0000] {manager.py:879} INFO - 
================================================================================
DAG File Processing Stats

File Path                                  PID    Runtime      # DAGs    # Errors  Last Runtime    Last Run
-----------------------------------------  -----  ---------  --------  ----------  --------------  -------------------
/opt/airflow/dags/sports_goat_pipeline.py                           2           0  0.76s           2026-08-22T15:57:39
================================================================================
[2026-08-22T15:58:10.894+0000] {manager.py:879} INFO - 
================================================================================
DAG File Processing Stats

File Path                                  PID    Runtime      # DAGs    # Errors  Last Runtime    Last Run
-----------------------------------------  -----  ---------  --------  ----------  --------------  -------------------
/opt/airflow/dags/sports_goat_pipeline.py                           2           0  1.01s           2026-08-22T15:58:10
================================================================================
[2026-08-22T15:58:41.980+0000] {manager.py:879} INFO - 
================================================================================
DAG File Processing Stats

File Path                                  PID    Runtime      # DAGs    # Errors  Last Runtime    Last Run
-----------------------------------------  -----  ---------  --------  ----------  --------------  -------------------
/opt/airflow/dags/sports_goat_pipeline.py                           2           0  0.63s           2026-08-22T15:58:41
================================================================================
[2026-08-22T15:59:13.333+0000] {manager.py:879} INFO - 
================================================================================
DAG File Processing Stats

File Path                                  PID    Runtime      # DAGs    # Errors  Last Runtime    Last Run
-----------------------------------------  -----  ---------  --------  ----------  --------------  -------------------
/opt/airflow/dags/sports_goat_pipeline.py                           2           0  0.42s           2026-08-22T15:59:13
================================================================================
[2026-08-22T15:59:44.627+0000] {manager.py:879} INFO - 
================================================================================
DAG File Processing Stats

File Path                                  PID    Runtime      # DAGs    # Errors  Last Runtime    Last Run
-----------------------------------------  -----  ---------  --------  ----------  --------------  -------------------
/opt/airflow/dags/sports_goat_pipeline.py                           2           0  0.31s           2026-08-22T15:59:44
================================================================================
[2026-08-22T16:00:15.035+0000] {manager.py:879} INFO - 
================================================================================
DAG File Processing Stats

File Path                                  PID    Runtime      # DAGs    # Errors  Last Runtime    Last Run
-----------------------------------------  -----  ---------  --------  ----------  --------------  -------------------
/opt/airflow/dags/sports_goat_pipeline.py                           2           0  0.31s           2026-08-22T16:00:15
================================================================================
[2026-08-22T16:00:46.032+0000] {manager.py:879} INFO - 
================================================================================
DAG File Processing Stats

File Path                                  PID    Runtime      # DAGs    # Errors  Last Runtime    Last Run
-----------------------------------------  -----  ---------  --------  ----------  --------------  -------------------
/opt/airflow/dags/sports_goat_pipeline.py                           2           0  0.22s           2026-08-22T16:00:46
================================================================================
[2026-08-22T16:01:17.166+0000] {manager.py:879} INFO - 
================================================================================
DAG File Processing Stats

File Path                                  PID    Runtime      # DAGs    # Errors  Last Runtime    Last Run
-----------------------------------------  -----  ---------  --------  ----------  --------------  -------------------
/opt/airflow/dags/sports_goat_pipeline.py                           2           0  0.31s           2026-08-22T16:01:17
================================================================================
[2026-08-22T16:01:47.603+0000] {manager.py:879} INFO - 
================================================================================
DAG File Processing Stats

File Path                                  PID    Runtime      # DAGs    # Errors  Last Runtime    Last Run
-----------------------------------------  -----  ---------  --------  ----------  --------------  -------------------
/opt/airflow/dags/sports_goat_pipeline.py                           2           0  0.32s           2026-08-22T16:01:47
================================================================================
[2026-08-22T16:02:05.989+0000] {manager.py:738} INFO - Searching for files in /opt/airflow/dags
[2026-08-22T16:02:06.004+0000] {manager.py:741} INFO - There are 1 files in /opt/airflow/dags
[2026-08-22T16:02:18.142+0000] {manager.py:879} INFO - 
================================================================================
DAG File Processing Stats

File Path                                  PID    Runtime      # DAGs    # Errors  Last Runtime    Last Run
-----------------------------------------  -----  ---------  --------  ----------  --------------  -------------------
/opt/airflow/dags/sports_goat_pipeline.py                           2           0  0.31s           2026-08-22T16:02:18
================================================================================
[2026-08-22T16:02:49.356+0000] {manager.py:879} INFO - 
================================================================================
DAG File Processing Stats

File Path                                  PID    Runtime      # DAGs    # Errors  Last Runtime    Last Run
-----------------------------------------  -----  ---------  --------  ----------  --------------  -------------------
/opt/airflow/dags/sports_goat_pipeline.py                           2           0  0.31s           2026-08-22T16:02:49
================================================================================
[2026-08-22T16:03:43.781+0000] {manager.py:469} INFO - Processing files using up to 1 processes at a time 
[2026-08-22T16:03:43.783+0000] {manager.py:470} INFO - Process each file at most once every 30 seconds
[2026-08-22T16:03:43.784+0000] {manager.py:471} INFO - Checking for new files in /opt/airflow/dags every 300 seconds
[2026-08-22T16:03:43.785+0000] {manager.py:738} INFO - Searching for files in /opt/airflow/dags
[2026-08-22T16:03:43.800+0000] {manager.py:741} INFO - There are 1 files in /opt/airflow/dags
[2026-08-22T16:03:44.515+0000] {manager.py:879} INFO - 
================================================================================
DAG File Processing Stats

File Path                                  PID    Runtime      # DAGs    # Errors  Last Runtime    Last Run
-----------------------------------------  -----  ---------  --------  ----------  --------------  -------------------
/opt/airflow/dags/sports_goat_pipeline.py                           2           0  0.53s           2026-08-22T16:03:44
================================================================================
[2026-08-22T16:04:16.318+0000] {manager.py:879} INFO - 
================================================================================
DAG File Processing Stats

File Path                                  PID    Runtime      # DAGs    # Errors  Last Runtime    Last Run
-----------------------------------------  -----  ---------  --------  ----------  --------------  -------------------
/opt/airflow/dags/sports_goat_pipeline.py                           2           0  1.17s           2026-08-22T16:04:16
================================================================================
[2026-08-22T16:04:46.989+0000] {manager.py:879} INFO - 
================================================================================
DAG File Processing Stats

File Path                                  PID    Runtime      # DAGs    # Errors  Last Runtime    Last Run
-----------------------------------------  -----  ---------  --------  ----------  --------------  -------------------
/opt/airflow/dags/sports_goat_pipeline.py                           2           0  0.31s           2026-08-22T16:04:46
================================================================================
[2026-08-22T16:05:17.300+0000] {manager.py:879} INFO - 
================================================================================
DAG File Processing Stats

File Path                                  PID    Runtime      # DAGs    # Errors  Last Runtime    Last Run
-----------------------------------------  -----  ---------  --------  ----------  --------------  -------------------
/opt/airflow/dags/sports_goat_pipeline.py                           2           0  0.21s           2026-08-22T16:05:17
================================================================================
[2026-08-22T16:05:35.269+0000] {manager.py:469} INFO - Processing files using up to 1 processes at a time 
[2026-08-22T16:05:35.271+0000] {manager.py:470} INFO - Process each file at most once every 30 seconds
[2026-08-22T16:05:35.272+0000] {manager.py:471} INFO - Checking for new files in /opt/airflow/dags every 300 seconds
[2026-08-22T16:05:35.274+0000] {manager.py:738} INFO - Searching for files in /opt/airflow/dags
[2026-08-22T16:05:35.280+0000] {manager.py:741} INFO - There are 1 files in /opt/airflow/dags
[2026-08-22T16:05:35.567+0000] {manager.py:879} INFO - 
================================================================================
DAG File Processing Stats

File Path                                  PID    Runtime      # DAGs    # Errors  Last Runtime    Last Run
-----------------------------------------  -----  ---------  --------  ----------  --------------  -------------------
/opt/airflow/dags/sports_goat_pipeline.py                           2           0  0.21s           2026-08-22T16:05:35
================================================================================
[2026-08-22T16:06:07.149+0000] {manager.py:879} INFO - 
================================================================================
DAG File Processing Stats

File Path                                  PID    Runtime      # DAGs    # Errors  Last Runtime    Last Run
-----------------------------------------  -----  ---------  --------  ----------  --------------  -------------------
/opt/airflow/dags/sports_goat_pipeline.py                           2           0  0.62s           2026-08-22T16:06:07
================================================================================
[2026-08-22T16:06:38.125+0000] {manager.py:879} INFO - 
================================================================================
DAG File Processing Stats

File Path                                  PID    Runtime      # DAGs    # Errors  Last Runtime    Last Run
-----------------------------------------  -----  ---------  --------  ----------  --------------  -------------------
/opt/airflow/dags/sports_goat_pipeline.py                           2           0  0.21s           2026-08-22T16:06:38
================================================================================
[2026-08-22T16:07:08.429+0000] {manager.py:879} INFO - 
================================================================================
DAG File Processing Stats

File Path                                  PID    Runtime      # DAGs    # Errors  Last Runtime    Last Run
-----------------------------------------  -----  ---------  --------  ----------  --------------  -------------------
/opt/airflow/dags/sports_goat_pipeline.py                           2           0  0.22s           2026-08-22T16:07:08
================================================================================
[2026-08-22T16:07:38.875+0000] {manager.py:879} INFO - 
================================================================================
DAG File Processing Stats

File Path                                  PID    Runtime      # DAGs    # Errors  Last Runtime    Last Run
-----------------------------------------  -----  ---------  --------  ----------  --------------  -------------------
/opt/airflow/dags/sports_goat_pipeline.py                           2           0  0.31s           2026-08-22T16:07:38
================================================================================
[2026-08-22T16:08:09.218+0000] {manager.py:879} INFO - 
================================================================================
DAG File Processing Stats

File Path                                  PID    Runtime      # DAGs    # Errors  Last Runtime    Last Run
-----------------------------------------  -----  ---------  --------  ----------  --------------  -------------------
/opt/airflow/dags/sports_goat_pipeline.py                           2           0  0.31s           2026-08-22T16:08:09
================================================================================
[2026-08-22T16:08:39.575+0000] {manager.py:879} INFO - 
================================================================================
DAG File Processing Stats

File Path                                  PID    Runtime      # DAGs    # Errors  Last Runtime    Last Run
-----------------------------------------  -----  ---------  --------  ----------  --------------  -------------------
/opt/airflow/dags/sports_goat_pipeline.py                           2           0  0.32s           2026-08-22T16:08:39
================================================================================
[2026-08-22T16:09:09.891+0000] {manager.py:879} INFO - 
================================================================================
DAG File Processing Stats

File Path                                  PID    Runtime      # DAGs    # Errors  Last Runtime    Last Run
-----------------------------------------  -----  ---------  --------  ----------  --------------  -------------------
/opt/airflow/dags/sports_goat_pipeline.py                           2           0  0.21s           2026-08-22T16:09:09
================================================================================
[2026-08-22T16:09:39.034+0000] {manager.py:879} INFO - 
================================================================================
DAG File Processing Stats

File Path                                  PID    Runtime      # DAGs    # Errors  Last Runtime    Last Run
-----------------------------------------  -----  ---------  --------  ----------  --------------  -------------------
/opt/airflow/dags/sports_goat_pipeline.py                           2           0  0.21s           2026-08-22T16:09:09
================================================================================
[2026-08-22T16:10:09.324+0000] {manager.py:879} INFO - 
================================================================================
DAG File Processing Stats

File Path                                  PID    Runtime      # DAGs    # Errors  Last Runtime    Last Run
-----------------------------------------  -----  ---------  --------  ----------  --------------  -------------------
/opt/airflow/dags/sports_goat_pipeline.py                           2           0  0.32s           2026-08-22T16:09:40
================================================================================
[2026-08-22T16:10:35.683+0000] {manager.py:738} INFO - Searching for files in /opt/airflow/dags
[2026-08-22T16:10:35.693+0000] {manager.py:741} INFO - There are 1 files in /opt/airflow/dags
[2026-08-22T16:10:39.623+0000] {manager.py:879} INFO - 
================================================================================
DAG File Processing Stats

File Path                                  PID    Runtime      # DAGs    # Errors  Last Runtime    Last Run
-----------------------------------------  -----  ---------  --------  ----------  --------------  -------------------
/opt/airflow/dags/sports_goat_pipeline.py                           2           0  0.31s           2026-08-22T16:10:11
================================================================================
[2026-08-22T16:11:10.402+0000] {manager.py:879} INFO - 
================================================================================
DAG File Processing Stats

File Path                                  PID    Runtime      # DAGs    # Errors  Last Runtime    Last Run
-----------------------------------------  -----  ---------  --------  ----------  --------------  -------------------
/opt/airflow/dags/sports_goat_pipeline.py                           2           0  0.31s           2026-08-22T16:10:42
================================================================================
[2026-08-22T16:11:40.920+0000] {manager.py:879} INFO - 
================================================================================
DAG File Processing Stats

File Path                                  PID    Runtime      # DAGs    # Errors  Last Runtime    Last Run
-----------------------------------------  -----  ---------  --------  ----------  --------------  -------------------
/opt/airflow/dags/sports_goat_pipeline.py                           2           0  0.21s           2026-08-22T16:11:13
================================================================================
[2026-08-22T16:12:11.619+0000] {manager.py:879} INFO - 
================================================================================
DAG File Processing Stats

File Path                                  PID    Runtime      # DAGs    # Errors  Last Runtime    Last Run
-----------------------------------------  -----  ---------  --------  ----------  --------------  -------------------
/opt/airflow/dags/sports_goat_pipeline.py                           2           0  0.41s           2026-08-22T16:11:44
================================================================================
[2026-08-22T16:12:42.474+0000] {manager.py:879} INFO - 
================================================================================
DAG File Processing Stats

File Path                                  PID    Runtime      # DAGs    # Errors  Last Runtime    Last Run
-----------------------------------------  -----  ---------  --------  ----------  --------------  -------------------
/opt/airflow/dags/sports_goat_pipeline.py                           2           0  0.41s           2026-08-22T16:12:14
================================================================================
[2026-08-22T16:13:13.161+0000] {manager.py:879} INFO - 
================================================================================
DAG File Processing Stats

File Path                                  PID    Runtime      # DAGs    # Errors  Last Runtime    Last Run
-----------------------------------------  -----  ---------  --------  ----------  --------------  -------------------
/opt/airflow/dags/sports_goat_pipeline.py                           2           0  0.31s           2026-08-22T16:12:45
================================================================================
[2026-08-22T16:13:43.708+0000] {manager.py:879} INFO - 
================================================================================
DAG File Processing Stats

File Path                                  PID    Runtime      # DAGs    # Errors  Last Runtime    Last Run
-----------------------------------------  -----  ---------  --------  ----------  --------------  -------------------
/opt/airflow/dags/sports_goat_pipeline.py                           2           0  0.23s           2026-08-22T16:13:16
================================================================================
[2026-08-22T16:14:14.422+0000] {manager.py:879} INFO - 
================================================================================
DAG File Processing Stats

File Path                                  PID    Runtime      # DAGs    # Errors  Last Runtime    Last Run
-----------------------------------------  -----  ---------  --------  ----------  --------------  -------------------
/opt/airflow/dags/sports_goat_pipeline.py                           2           0  0.35s           2026-08-22T16:13:47
================================================================================
[2026-08-22T16:14:44.802+0000] {manager.py:879} INFO - 
================================================================================
DAG File Processing Stats

File Path                                  PID    Runtime      # DAGs    # Errors  Last Runtime    Last Run
-----------------------------------------  -----  ---------  --------  ----------  --------------  -------------------
/opt/airflow/dags/sports_goat_pipeline.py                           2           0  0.22s           2026-08-22T16:14:17
================================================================================
[2026-08-22T16:15:15.258+0000] {manager.py:879} INFO - 
================================================================================
DAG File Processing Stats

File Path                                  PID    Runtime      # DAGs    # Errors  Last Runtime    Last Run
-----------------------------------------  -----  ---------  --------  ----------  --------------  -------------------
/opt/airflow/dags/sports_goat_pipeline.py                           2           0  0.21s           2026-08-22T16:14:47
================================================================================
[2026-08-22T16:15:35.712+0000] {manager.py:738} INFO - Searching for files in /opt/airflow/dags
[2026-08-22T16:15:35.727+0000] {manager.py:741} INFO - There are 1 files in /opt/airflow/dags
[2026-08-22T16:15:45.553+0000] {manager.py:879} INFO - 
================================================================================
DAG File Processing Stats

File Path                                  PID    Runtime      # DAGs    # Errors  Last Runtime    Last Run
-----------------------------------------  -----  ---------  --------  ----------  --------------  -------------------
/opt/airflow/dags/sports_goat_pipeline.py                           2           0  0.21s           2026-08-22T16:15:18
================================================================================
[2026-08-22T16:16:16.121+0000] {manager.py:879} INFO - 
================================================================================
DAG File Processing Stats

File Path                                  PID    Runtime      # DAGs    # Errors  Last Runtime    Last Run
-----------------------------------------  -----  ---------  --------  ----------  --------------  -------------------
/opt/airflow/dags/sports_goat_pipeline.py                           2           0  0.21s           2026-08-22T16:15:48
================================================================================
[2026-08-22T16:16:46.493+0000] {manager.py:879} INFO - 
================================================================================
DAG File Processing Stats

File Path                                  PID    Runtime      # DAGs    # Errors  Last Runtime    Last Run
-----------------------------------------  -----  ---------  --------  ----------  --------------  -------------------
/opt/airflow/dags/sports_goat_pipeline.py                           2           0  0.21s           2026-08-22T16:16:19
================================================================================
[2026-08-22T16:17:16.879+0000] {manager.py:879} INFO - 
================================================================================
DAG File Processing Stats

File Path                                  PID    Runtime      # DAGs    # Errors  Last Runtime    Last Run
-----------------------------------------  -----  ---------  --------  ----------  --------------  -------------------
/opt/airflow/dags/sports_goat_pipeline.py                           2           0  0.21s           2026-08-22T16:16:49
================================================================================
[2026-08-22T16:17:47.248+0000] {manager.py:879} INFO - 
================================================================================
DAG File Processing Stats

File Path                                  PID    Runtime      # DAGs    # Errors  Last Runtime    Last Run
-----------------------------------------  -----  ---------  --------  ----------  --------------  -------------------
/opt/airflow/dags/sports_goat_pipeline.py                           2           0  0.23s           2026-08-22T16:17:19
================================================================================
[2026-08-22T16:18:17.555+0000] {manager.py:879} INFO - 
================================================================================
DAG File Processing Stats

File Path                                  PID    Runtime      # DAGs    # Errors  Last Runtime    Last Run
-----------------------------------------  -----  ---------  --------  ----------  --------------  -------------------
/opt/airflow/dags/sports_goat_pipeline.py                           2           0  0.21s           2026-08-22T16:17:50
================================================================================
[2026-08-22T16:18:47.951+0000] {manager.py:879} INFO - 
================================================================================
DAG File Processing Stats

File Path                                  PID    Runtime      # DAGs    # Errors  Last Runtime    Last Run
-----------------------------------------  -----  ---------  --------  ----------  --------------  -------------------
/opt/airflow/dags/sports_goat_pipeline.py                           2           0  0.21s           2026-08-22T16:18:20
================================================================================
[2026-08-22T16:19:18.292+0000] {manager.py:879} INFO - 
================================================================================
DAG File Processing Stats

File Path                                  PID    Runtime      # DAGs    # Errors  Last Runtime    Last Run
-----------------------------------------  -----  ---------  --------  ----------  --------------  -------------------
/opt/airflow/dags/sports_goat_pipeline.py                           2           0  0.21s           2026-08-22T16:18:50
================================================================================
[2026-08-22T16:19:48.657+0000] {manager.py:879} INFO - 
================================================================================
DAG File Processing Stats

File Path                                  PID    Runtime      # DAGs    # Errors  Last Runtime    Last Run
-----------------------------------------  -----  ---------  --------  ----------  --------------  -------------------
/opt/airflow/dags/sports_goat_pipeline.py                           2           0  0.21s           2026-08-22T16:19:21
================================================================================
[2026-08-22T16:20:19.036+0000] {manager.py:879} INFO - 
================================================================================
DAG File Processing Stats

File Path                                  PID    Runtime      # DAGs    # Errors  Last Runtime    Last Run
-----------------------------------------  -----  ---------  --------  ----------  --------------  -------------------
/opt/airflow/dags/sports_goat_pipeline.py                           2           0  0.21s           2026-08-22T16:19:51
================================================================================
[2026-08-22T16:20:35.940+0000] {manager.py:738} INFO - Searching for files in /opt/airflow/dags
[2026-08-22T16:20:35.953+0000] {manager.py:741} INFO - There are 1 files in /opt/airflow/dags
[2026-08-22T16:20:49.340+0000] {manager.py:879} INFO - 
================================================================================
DAG File Processing Stats

File Path                                  PID    Runtime      # DAGs    # Errors  Last Runtime    Last Run
-----------------------------------------  -----  ---------  --------  ----------  --------------  -------------------
/opt/airflow/dags/sports_goat_pipeline.py                           2           0  0.21s           2026-08-22T16:20:21
================================================================================
[2026-08-22T16:21:19.829+0000] {manager.py:879} INFO - 
================================================================================
DAG File Processing Stats

File Path                                  PID    Runtime      # DAGs    # Errors  Last Runtime    Last Run
-----------------------------------------  -----  ---------  --------  ----------  --------------  -------------------
/opt/airflow/dags/sports_goat_pipeline.py                           2           0  0.21s           2026-08-22T16:20:52
================================================================================
[2026-08-22T16:21:50.320+0000] {manager.py:879} INFO - 
================================================================================
DAG File Processing Stats

File Path                                  PID    Runtime      # DAGs    # Errors  Last Runtime    Last Run
-----------------------------------------  -----  ---------  --------  ----------  --------------  -------------------
/opt/airflow/dags/sports_goat_pipeline.py                           2           0  0.21s           2026-08-22T16:21:22
================================================================================
[2026-08-22T16:22:20.612+0000] {manager.py:879} INFO - 
================================================================================
DAG File Processing Stats

File Path                                  PID    Runtime      # DAGs    # Errors  Last Runtime    Last Run
-----------------------------------------  -----  ---------  --------  ----------  --------------  -------------------
/opt/airflow/dags/sports_goat_pipeline.py                           2           0  0.21s           2026-08-22T16:21:52
================================================================================
[2026-08-22T16:22:50.962+0000] {manager.py:879} INFO - 
================================================================================
DAG File Processing Stats

File Path                                  PID    Runtime      # DAGs    # Errors  Last Runtime    Last Run
-----------------------------------------  -----  ---------  --------  ----------  --------------  -------------------
/opt/airflow/dags/sports_goat_pipeline.py                           2           0  0.21s           2026-08-22T16:22:23
================================================================================
[2026-08-22T16:23:21.304+0000] {manager.py:879} INFO - 
================================================================================
DAG File Processing Stats

File Path                                  PID    Runtime      # DAGs    # Errors  Last Runtime    Last Run
-----------------------------------------  -----  ---------  --------  ----------  --------------  -------------------
/opt/airflow/dags/sports_goat_pipeline.py                           2           0  0.21s           2026-08-22T16:22:53
================================================================================
[2026-08-22T16:23:51.729+0000] {manager.py:879} INFO - 
================================================================================
DAG File Processing Stats

File Path                                  PID    Runtime      # DAGs    # Errors  Last Runtime    Last Run
-----------------------------------------  -----  ---------  --------  ----------  --------------  -------------------
/opt/airflow/dags/sports_goat_pipeline.py                           2           0  0.21s           2026-08-22T16:23:23
================================================================================
[2026-08-22T16:24:22.085+0000] {manager.py:879} INFO - 
================================================================================
DAG File Processing Stats

File Path                                  PID    Runtime      # DAGs    # Errors  Last Runtime    Last Run
-----------------------------------------  -----  ---------  --------  ----------  --------------  -------------------
/opt/airflow/dags/sports_goat_pipeline.py                           2           0  0.21s           2026-08-22T16:23:54
================================================================================
[2026-08-22T16:24:52.389+0000] {manager.py:879} INFO - 
================================================================================
DAG File Processing Stats

File Path                                  PID    Runtime      # DAGs    # Errors  Last Runtime    Last Run
-----------------------------------------  -----  ---------  --------  ----------  --------------  -------------------
/opt/airflow/dags/sports_goat_pipeline.py                           2           0  0.21s           2026-08-22T16:24:24
================================================================================
[2026-08-22T16:25:22.684+0000] {manager.py:879} INFO - 
================================================================================
DAG File Processing Stats

File Path                                  PID    Runtime      # DAGs    # Errors  Last Runtime    Last Run
-----------------------------------------  -----  ---------  --------  ----------  --------------  -------------------
/opt/airflow/dags/sports_goat_pipeline.py                           2           0  0.21s           2026-08-22T16:24:54
================================================================================
[2026-08-22T16:25:36.845+0000] {manager.py:738} INFO - Searching for files in /opt/airflow/dags
[2026-08-22T16:25:36.858+0000] {manager.py:741} INFO - There are 1 files in /opt/airflow/dags
[2026-08-22T16:25:53.051+0000] {manager.py:879} INFO - 
================================================================================
DAG File Processing Stats

File Path                                  PID    Runtime      # DAGs    # Errors  Last Runtime    Last Run
-----------------------------------------  -----  ---------  --------  ----------  --------------  -------------------
/opt/airflow/dags/sports_goat_pipeline.py                           2           0  0.21s           2026-08-22T16:25:24
================================================================================
[2026-08-22T16:26:23.551+0000] {manager.py:879} INFO - 
================================================================================
DAG File Processing Stats

File Path                                  PID    Runtime      # DAGs    # Errors  Last Runtime    Last Run
-----------------------------------------  -----  ---------  --------  ----------  --------------  -------------------
/opt/airflow/dags/sports_goat_pipeline.py                           2           0  0.21s           2026-08-22T16:25:55
================================================================================
[2026-08-22T16:26:53.877+0000] {manager.py:879} INFO - 
================================================================================
DAG File Processing Stats

File Path                                  PID    Runtime      # DAGs    # Errors  Last Runtime    Last Run
-----------------------------------------  -----  ---------  --------  ----------  --------------  -------------------
/opt/airflow/dags/sports_goat_pipeline.py                           2           0  0.21s           2026-08-22T16:26:25
================================================================================
[2026-08-22T16:27:24.171+0000] {manager.py:879} INFO - 
================================================================================
DAG File Processing Stats

File Path                                  PID    Runtime      # DAGs    # Errors  Last Runtime    Last Run
-----------------------------------------  -----  ---------  --------  ----------  --------------  -------------------
/opt/airflow/dags/sports_goat_pipeline.py                           2           0  0.21s           2026-08-22T16:26:55
================================================================================
[2026-08-22T16:27:54.536+0000] {manager.py:879} INFO - 
================================================================================
DAG File Processing Stats

File Path                                  PID    Runtime      # DAGs    # Errors  Last Runtime    Last Run
-----------------------------------------  -----  ---------  --------  ----------  --------------  -------------------
/opt/airflow/dags/sports_goat_pipeline.py                           2           0  0.31s           2026-08-22T16:27:26
================================================================================
[2026-08-22T16:28:24.901+0000] {manager.py:879} INFO - 
================================================================================
DAG File Processing Stats

File Path                                  PID    Runtime      # DAGs    # Errors  Last Runtime    Last Run
-----------------------------------------  -----  ---------  --------  ----------  --------------  -------------------
/opt/airflow/dags/sports_goat_pipeline.py                           2           0  0.21s           2026-08-22T16:27:56
================================================================================
[2026-08-22T16:28:55.251+0000] {manager.py:879} INFO - 
================================================================================
DAG File Processing Stats

File Path                                  PID    Runtime      # DAGs    # Errors  Last Runtime    Last Run
-----------------------------------------  -----  ---------  --------  ----------  --------------  -------------------
/opt/airflow/dags/sports_goat_pipeline.py                           2           0  0.41s           2026-08-22T16:28:27
================================================================================
[2026-08-22T16:29:25.609+0000] {manager.py:879} INFO - 
================================================================================
DAG File Processing Stats

File Path                                  PID    Runtime      # DAGs    # Errors  Last Runtime    Last Run
-----------------------------------------  -----  ---------  --------  ----------  --------------  -------------------
/opt/airflow/dags/sports_goat_pipeline.py                           2           0  0.31s           2026-08-22T16:28:57
================================================================================
[2026-08-22T16:29:55.921+0000] {manager.py:879} INFO - 
================================================================================
DAG File Processing Stats

File Path                                  PID    Runtime      # DAGs    # Errors  Last Runtime    Last Run
-----------------------------------------  -----  ---------  --------  ----------  --------------  -------------------
/opt/airflow/dags/sports_goat_pipeline.py                           2           0  0.41s           2026-08-22T16:29:27
================================================================================
[2026-08-22T16:30:26.265+0000] {manager.py:879} INFO - 
================================================================================
DAG File Processing Stats

File Path                                  PID    Runtime      # DAGs    # Errors  Last Runtime    Last Run
-----------------------------------------  -----  ---------  --------  ----------  --------------  -------------------
/opt/airflow/dags/sports_goat_pipeline.py                           2           0  0.21s           2026-08-22T16:29:58
================================================================================
[2026-08-22T16:30:37.446+0000] {manager.py:738} INFO - Searching for files in /opt/airflow/dags
[2026-08-22T16:30:37.457+0000] {manager.py:741} INFO - There are 1 files in /opt/airflow/dags
[2026-08-22T16:30:56.570+0000] {manager.py:879} INFO - 
================================================================================
DAG File Processing Stats

File Path                                  PID    Runtime      # DAGs    # Errors  Last Runtime    Last Run
-----------------------------------------  -----  ---------  --------  ----------  --------------  -------------------
/opt/airflow/dags/sports_goat_pipeline.py                           2           0  0.41s           2026-08-22T16:30:28
================================================================================
[2026-08-22T16:31:26.913+0000] {manager.py:879} INFO - 
================================================================================
DAG File Processing Stats

File Path                                  PID    Runtime      # DAGs    # Errors  Last Runtime    Last Run
-----------------------------------------  -----  ---------  --------  ----------  --------------  -------------------
/opt/airflow/dags/sports_goat_pipeline.py                           2           0  0.52s           2026-08-22T16:30:59
================================================================================
[2026-08-22T16:31:57.277+0000] {manager.py:879} INFO - 
================================================================================
DAG File Processing Stats

File Path                                  PID    Runtime      # DAGs    # Errors  Last Runtime    Last Run
-----------------------------------------  -----  ---------  --------  ----------  --------------  -------------------
/opt/airflow/dags/sports_goat_pipeline.py                           2           0  0.41s           2026-08-22T16:31:29
================================================================================
[2026-08-22T16:32:27.676+0000] {manager.py:879} INFO - 
================================================================================
DAG File Processing Stats

File Path                                  PID    Runtime      # DAGs    # Errors  Last Runtime    Last Run
-----------------------------------------  -----  ---------  --------  ----------  --------------  -------------------
/opt/airflow/dags/sports_goat_pipeline.py                           2           0  0.31s           2026-08-22T16:32:00
================================================================================
[2026-08-22T16:32:58.071+0000] {manager.py:879} INFO - 
================================================================================
DAG File Processing Stats

File Path                                  PID    Runtime      # DAGs    # Errors  Last Runtime    Last Run
-----------------------------------------  -----  ---------  --------  ----------  --------------  -------------------
/opt/airflow/dags/sports_goat_pipeline.py                           2           0  0.31s           2026-08-22T16:32:30
================================================================================
[2026-08-22T16:33:28.407+0000] {manager.py:879} INFO - 
================================================================================
DAG File Processing Stats

File Path                                  PID    Runtime      # DAGs    # Errors  Last Runtime    Last Run
-----------------------------------------  -----  ---------  --------  ----------  --------------  -------------------
/opt/airflow/dags/sports_goat_pipeline.py                           2           0  0.21s           2026-08-22T16:33:01
================================================================================
[2026-08-22T16:33:58.836+0000] {manager.py:879} INFO - 
================================================================================
DAG File Processing Stats

File Path                                  PID    Runtime      # DAGs    # Errors  Last Runtime    Last Run
-----------------------------------------  -----  ---------  --------  ----------  --------------  -------------------
/opt/airflow/dags/sports_goat_pipeline.py                           2           0  0.21s           2026-08-22T16:33:31
================================================================================
[2026-08-22T16:34:29.176+0000] {manager.py:879} INFO - 
================================================================================
DAG File Processing Stats

File Path                                  PID    Runtime      # DAGs    # Errors  Last Runtime    Last Run
-----------------------------------------  -----  ---------  --------  ----------  --------------  -------------------
/opt/airflow/dags/sports_goat_pipeline.py                           2           0  0.21s           2026-08-22T16:34:01
================================================================================
[2026-08-22T16:34:59.383+0000] {manager.py:879} INFO - 
================================================================================
DAG File Processing Stats

File Path                                  PID    Runtime      # DAGs    # Errors  Last Runtime    Last Run
-----------------------------------------  -----  ---------  --------  ----------  --------------  -------------------
/opt/airflow/dags/sports_goat_pipeline.py                           2           0  0.21s           2026-08-22T16:34:39
================================================================================
[2026-08-22T16:35:29.543+0000] {manager.py:879} INFO - 
================================================================================
DAG File Processing Stats

File Path                                  PID    Runtime      # DAGs    # Errors  Last Runtime    Last Run
-----------------------------------------  -----  ---------  --------  ----------  --------------  -------------------
/opt/airflow/dags/sports_goat_pipeline.py                           2           0  0.56s           2026-08-22T16:35:11
================================================================================
[2026-08-22T16:35:37.852+0000] {manager.py:738} INFO - Searching for files in /opt/airflow/dags
[2026-08-22T16:35:37.860+0000] {manager.py:741} INFO - There are 1 files in /opt/airflow/dags
[2026-08-22T16:35:59.676+0000] {manager.py:879} INFO - 
================================================================================
DAG File Processing Stats

File Path                                  PID    Runtime      # DAGs    # Errors  Last Runtime    Last Run
-----------------------------------------  -----  ---------  --------  ----------  --------------  -------------------
/opt/airflow/dags/sports_goat_pipeline.py                           2           0  0.31s           2026-08-22T16:35:42
================================================================================
[2026-08-22T16:36:29.712+0000] {manager.py:879} INFO - 
================================================================================
DAG File Processing Stats

File Path                                  PID    Runtime      # DAGs    # Errors  Last Runtime    Last Run
-----------------------------------------  -----  ---------  --------  ----------  --------------  -------------------
/opt/airflow/dags/sports_goat_pipeline.py                           2           0  0.51s           2026-08-22T16:36:12
================================================================================
[2026-08-22T16:36:59.986+0000] {manager.py:879} INFO - 
================================================================================
DAG File Processing Stats

File Path                                  PID    Runtime      # DAGs    # Errors  Last Runtime    Last Run
-----------------------------------------  -----  ---------  --------  ----------  --------------  -------------------
/opt/airflow/dags/sports_goat_pipeline.py                           2           0  0.31s           2026-08-22T16:36:44
================================================================================
[2026-08-22T16:37:30.139+0000] {manager.py:879} INFO - 
================================================================================
DAG File Processing Stats

File Path                                  PID    Runtime      # DAGs    # Errors  Last Runtime    Last Run
-----------------------------------------  -----  ---------  --------  ----------  --------------  -------------------
/opt/airflow/dags/sports_goat_pipeline.py                           2           0  0.63s           2026-08-22T16:37:15
================================================================================
[2026-08-22T16:38:00.262+0000] {manager.py:879} INFO - 
================================================================================
DAG File Processing Stats

File Path                                  PID    Runtime      # DAGs    # Errors  Last Runtime    Last Run
-----------------------------------------  -----  ---------  --------  ----------  --------------  -------------------
/opt/airflow/dags/sports_goat_pipeline.py                           2           0  0.41s           2026-08-22T16:37:46
================================================================================
[2026-08-22T16:38:30.423+0000] {manager.py:879} INFO - 
================================================================================
DAG File Processing Stats

File Path                                  PID    Runtime      # DAGs    # Errors  Last Runtime    Last Run
-----------------------------------------  -----  ---------  --------  ----------  --------------  -------------------
/opt/airflow/dags/sports_goat_pipeline.py                           2           0  0.21s           2026-08-22T16:38:17
================================================================================
[2026-08-22T16:39:00.563+0000] {manager.py:879} INFO - 
================================================================================
DAG File Processing Stats

File Path                                  PID    Runtime      # DAGs    # Errors  Last Runtime    Last Run
-----------------------------------------  -----  ---------  --------  ----------  --------------  -------------------
/opt/airflow/dags/sports_goat_pipeline.py                           2           0  0.22s           2026-08-22T16:38:48
================================================================================
[2026-08-22T16:39:30.817+0000] {manager.py:879} INFO - 
================================================================================
DAG File Processing Stats

File Path                                  PID    Runtime      # DAGs    # Errors  Last Runtime    Last Run
-----------------------------------------  -----  ---------  --------  ----------  --------------  -------------------
/opt/airflow/dags/sports_goat_pipeline.py                           2           0  0.21s           2026-08-22T16:39:18
================================================================================
[2026-08-22T16:40:00.962+0000] {manager.py:879} INFO - 
================================================================================
DAG File Processing Stats

File Path                                  PID    Runtime      # DAGs    # Errors  Last Runtime    Last Run
-----------------------------------------  -----  ---------  --------  ----------  --------------  -------------------
/opt/airflow/dags/sports_goat_pipeline.py                           2           0  0.21s           2026-08-22T16:39:49
================================================================================
[2026-08-22T16:40:31.114+0000] {manager.py:879} INFO - 
================================================================================
DAG File Processing Stats

File Path                                  PID    Runtime      # DAGs    # Errors  Last Runtime    Last Run
-----------------------------------------  -----  ---------  --------  ----------  --------------  -------------------
/opt/airflow/dags/sports_goat_pipeline.py                           2           0  1.03s           2026-08-22T16:40:20
================================================================================
[2026-08-22T16:40:37.882+0000] {manager.py:738} INFO - Searching for files in /opt/airflow/dags
[2026-08-22T16:40:37.892+0000] {manager.py:741} INFO - There are 1 files in /opt/airflow/dags
[2026-08-22T16:41:01.440+0000] {manager.py:879} INFO - 
================================================================================
DAG File Processing Stats

File Path                                  PID    Runtime      # DAGs    # Errors  Last Runtime    Last Run
-----------------------------------------  -----  ---------  --------  ----------  --------------  -------------------
/opt/airflow/dags/sports_goat_pipeline.py                           2           0  0.41s           2026-08-22T16:40:51
================================================================================
[2026-08-22T16:41:31.819+0000] {manager.py:879} INFO - 
================================================================================
DAG File Processing Stats

File Path                                  PID    Runtime      # DAGs    # Errors  Last Runtime    Last Run
-----------------------------------------  -----  ---------  --------  ----------  --------------  -------------------
/opt/airflow/dags/sports_goat_pipeline.py                           2           0  0.23s           2026-08-22T16:41:21
================================================================================
[2026-08-22T16:42:02.014+0000] {manager.py:879} INFO - 
================================================================================
DAG File Processing Stats

File Path                                  PID    Runtime      # DAGs    # Errors  Last Runtime    Last Run
-----------------------------------------  -----  ---------  --------  ----------  --------------  -------------------
/opt/airflow/dags/sports_goat_pipeline.py                           2           0  0.86s           2026-08-22T16:41:52
================================================================================
[2026-08-22T16:42:32.076+0000] {manager.py:879} INFO - 
================================================================================
DAG File Processing Stats

File Path                                  PID    Runtime      # DAGs    # Errors  Last Runtime    Last Run
-----------------------------------------  -----  ---------  --------  ----------  --------------  -------------------
/opt/airflow/dags/sports_goat_pipeline.py                           2           0  0.92s           2026-08-22T16:42:23
================================================================================
[2026-08-22T16:43:02.539+0000] {manager.py:879} INFO - 
================================================================================
DAG File Processing Stats

File Path                                  PID    Runtime      # DAGs    # Errors  Last Runtime    Last Run
-----------------------------------------  -----  ---------  --------  ----------  --------------  -------------------
/opt/airflow/dags/sports_goat_pipeline.py                           2           0  0.31s           2026-08-22T16:42:54
================================================================================
[2026-08-22T16:43:33.076+0000] {manager.py:879} INFO - 
================================================================================
DAG File Processing Stats

File Path                                  PID    Runtime      # DAGs    # Errors  Last Runtime    Last Run
-----------------------------------------  -----  ---------  --------  ----------  --------------  -------------------
/opt/airflow/dags/sports_goat_pipeline.py                           2           0  0.31s           2026-08-22T16:43:24
================================================================================
[2026-08-22T16:44:03.520+0000] {manager.py:879} INFO - 
================================================================================
DAG File Processing Stats

File Path                                  PID    Runtime      # DAGs    # Errors  Last Runtime    Last Run
-----------------------------------------  -----  ---------  --------  ----------  --------------  -------------------
/opt/airflow/dags/sports_goat_pipeline.py                           2           0  0.21s           2026-08-22T16:43:55
================================================================================
[2026-08-22T16:44:33.997+0000] {manager.py:879} INFO - 
================================================================================
DAG File Processing Stats

File Path                                  PID    Runtime      # DAGs    # Errors  Last Runtime    Last Run
-----------------------------------------  -----  ---------  --------  ----------  --------------  -------------------
/opt/airflow/dags/sports_goat_pipeline.py                           2           0  0.41s           2026-08-22T16:44:25
================================================================================
[2026-08-22T16:45:04.469+0000] {manager.py:879} INFO - 
================================================================================
DAG File Processing Stats

File Path                                  PID    Runtime      # DAGs    # Errors  Last Runtime    Last Run
-----------------------------------------  -----  ---------  --------  ----------  --------------  -------------------
/opt/airflow/dags/sports_goat_pipeline.py                           2           0  0.31s           2026-08-22T16:44:56
================================================================================
[2026-08-22T16:45:34.921+0000] {manager.py:879} INFO - 
================================================================================
DAG File Processing Stats

File Path                                  PID    Runtime      # DAGs    # Errors  Last Runtime    Last Run
-----------------------------------------  -----  ---------  --------  ----------  --------------  -------------------
/opt/airflow/dags/sports_goat_pipeline.py                           2           0  0.33s           2026-08-22T16:45:26
================================================================================
[2026-08-22T16:45:38.888+0000] {manager.py:738} INFO - Searching for files in /opt/airflow/dags
[2026-08-22T16:45:38.901+0000] {manager.py:741} INFO - There are 1 files in /opt/airflow/dags
[2026-08-22T16:46:05.221+0000] {manager.py:879} INFO - 
================================================================================
DAG File Processing Stats

File Path                                  PID    Runtime      # DAGs    # Errors  Last Runtime    Last Run
-----------------------------------------  -----  ---------  --------  ----------  --------------  -------------------
/opt/airflow/dags/sports_goat_pipeline.py                           2           0  0.21s           2026-08-22T16:45:57
================================================================================
[2026-08-22T16:46:35.647+0000] {manager.py:879} INFO - 
================================================================================
DAG File Processing Stats

File Path                                  PID    Runtime      # DAGs    # Errors  Last Runtime    Last Run
-----------------------------------------  -----  ---------  --------  ----------  --------------  -------------------
/opt/airflow/dags/sports_goat_pipeline.py                           2           0  0.21s           2026-08-22T16:46:27
================================================================================
[2026-08-22T16:47:05.980+0000] {manager.py:879} INFO - 
================================================================================
DAG File Processing Stats

File Path                                  PID    Runtime      # DAGs    # Errors  Last Runtime    Last Run
-----------------------------------------  -----  ---------  --------  ----------  --------------  -------------------
/opt/airflow/dags/sports_goat_pipeline.py                           2           0  0.21s           2026-08-22T16:46:57
================================================================================
[2026-08-22T16:47:36.022+0000] {manager.py:879} INFO - 
================================================================================
DAG File Processing Stats

File Path                                  PID    Runtime      # DAGs    # Errors  Last Runtime    Last Run
-----------------------------------------  -----  ---------  --------  ----------  --------------  -------------------
/opt/airflow/dags/sports_goat_pipeline.py                           2           0  0.22s           2026-08-22T16:47:27
================================================================================
[2026-08-22T16:48:06.648+0000] {manager.py:879} INFO - 
================================================================================
DAG File Processing Stats

File Path                                  PID    Runtime      # DAGs    # Errors  Last Runtime    Last Run
-----------------------------------------  -----  ---------  --------  ----------  --------------  -------------------
/opt/airflow/dags/sports_goat_pipeline.py                           2           0  0.21s           2026-08-22T16:47:58
================================================================================
[2026-08-22T16:48:36.967+0000] {manager.py:879} INFO - 
================================================================================
DAG File Processing Stats

File Path                                  PID    Runtime      # DAGs    # Errors  Last Runtime    Last Run
-----------------------------------------  -----  ---------  --------  ----------  --------------  -------------------
/opt/airflow/dags/sports_goat_pipeline.py                           2           0  0.21s           2026-08-22T16:48:28
================================================================================
[2026-08-22T16:49:07.288+0000] {manager.py:879} INFO - 
================================================================================
DAG File Processing Stats

File Path                                  PID    Runtime      # DAGs    # Errors  Last Runtime    Last Run
-----------------------------------------  -----  ---------  --------  ----------  --------------  -------------------
/opt/airflow/dags/sports_goat_pipeline.py                           2           0  0.21s           2026-08-22T16:48:58
================================================================================
[2026-08-22T16:49:38.122+0000] {manager.py:879} INFO - 
================================================================================
DAG File Processing Stats

File Path                                  PID    Runtime      # DAGs    # Errors  Last Runtime    Last Run
-----------------------------------------  -----  ---------  --------  ----------  --------------  -------------------
/opt/airflow/dags/sports_goat_pipeline.py                           2           0  0.21s           2026-08-22T16:49:29
================================================================================
[2026-08-22T16:50:08.957+0000] {manager.py:879} INFO - 
================================================================================
DAG File Processing Stats

File Path                                  PID    Runtime      # DAGs    # Errors  Last Runtime    Last Run
-----------------------------------------  -----  ---------  --------  ----------  --------------  -------------------
/opt/airflow/dags/sports_goat_pipeline.py                           2           0  0.21s           2026-08-22T16:49:59
================================================================================
[2026-08-22T16:50:39.303+0000] {manager.py:738} INFO - Searching for files in /opt/airflow/dags
[2026-08-22T16:50:39.314+0000] {manager.py:741} INFO - There are 1 files in /opt/airflow/dags
[2026-08-22T16:50:39.328+0000] {manager.py:879} INFO - 
================================================================================
DAG File Processing Stats

File Path                                  PID    Runtime      # DAGs    # Errors  Last Runtime    Last Run
-----------------------------------------  -----  ---------  --------  ----------  --------------  -------------------
/opt/airflow/dags/sports_goat_pipeline.py                           2           0  0.21s           2026-08-22T16:50:29
================================================================================
[2026-08-22T16:51:09.657+0000] {manager.py:879} INFO - 
================================================================================
DAG File Processing Stats

File Path                                  PID    Runtime      # DAGs    # Errors  Last Runtime    Last Run
-----------------------------------------  -----  ---------  --------  ----------  --------------  -------------------
/opt/airflow/dags/sports_goat_pipeline.py                           2           0  0.21s           2026-08-22T16:50:59
================================================================================
[2026-08-22T16:51:39.960+0000] {manager.py:879} INFO - 
================================================================================
DAG File Processing Stats

File Path                                  PID    Runtime      # DAGs    # Errors  Last Runtime    Last Run
-----------------------------------------  -----  ---------  --------  ----------  --------------  -------------------
/opt/airflow/dags/sports_goat_pipeline.py                           2           0  0.21s           2026-08-22T16:51:30
================================================================================
[2026-08-22T16:52:10.317+0000] {manager.py:879} INFO - 
================================================================================
DAG File Processing Stats

File Path                                  PID    Runtime      # DAGs    # Errors  Last Runtime    Last Run
-----------------------------------------  -----  ---------  --------  ----------  --------------  -------------------
/opt/airflow/dags/sports_goat_pipeline.py                           2           0  0.21s           2026-08-22T16:52:00
================================================================================
[2026-08-22T16:52:41.003+0000] {manager.py:879} INFO - 
================================================================================
DAG File Processing Stats

File Path                                  PID    Runtime      # DAGs    # Errors  Last Runtime    Last Run
-----------------------------------------  -----  ---------  --------  ----------  --------------  -------------------
/opt/airflow/dags/sports_goat_pipeline.py                           2           0  0.21s           2026-08-22T16:52:30
================================================================================
[2026-08-22T16:53:11.142+0000] {manager.py:879} INFO - 
================================================================================
DAG File Processing Stats

File Path                                  PID    Runtime      # DAGs    # Errors  Last Runtime    Last Run
-----------------------------------------  -----  ---------  --------  ----------  --------------  -------------------
/opt/airflow/dags/sports_goat_pipeline.py                           2           0  0.21s           2026-08-22T16:53:01
================================================================================
[2026-08-22T16:53:41.430+0000] {manager.py:879} INFO - 
================================================================================
DAG File Processing Stats

File Path                                  PID    Runtime      # DAGs    # Errors  Last Runtime    Last Run
-----------------------------------------  -----  ---------  --------  ----------  --------------  -------------------
/opt/airflow/dags/sports_goat_pipeline.py                           2           0  0.21s           2026-08-22T16:53:31
================================================================================
[2026-08-22T16:54:11.633+0000] {manager.py:879} INFO - 
================================================================================
DAG File Processing Stats

File Path                                  PID    Runtime      # DAGs    # Errors  Last Runtime    Last Run
-----------------------------------------  -----  ---------  --------  ----------  --------------  -------------------
/opt/airflow/dags/sports_goat_pipeline.py                           2           0  0.21s           2026-08-22T16:54:01
================================================================================
[2026-08-22T16:54:42.049+0000] {manager.py:879} INFO - 
================================================================================
DAG File Processing Stats

File Path                                  PID    Runtime      # DAGs    # Errors  Last Runtime    Last Run
-----------------------------------------  -----  ---------  --------  ----------  --------------  -------------------
/opt/airflow/dags/sports_goat_pipeline.py                           2           0  0.21s           2026-08-22T16:54:31
================================================================================
[2026-08-22T17:10:10.693+0000] {manager.py:738} INFO - Searching for files in /opt/airflow/dags
[2026-08-22T17:10:10.952+0000] {manager.py:741} INFO - There are 1 files in /opt/airflow/dags
[2026-08-22T17:10:12.118+0000] {manager.py:879} INFO - 
================================================================================
DAG File Processing Stats

File Path                                  PID    Runtime      # DAGs    # Errors  Last Runtime    Last Run
-----------------------------------------  -----  ---------  --------  ----------  --------------  -------------------
/opt/airflow/dags/sports_goat_pipeline.py                           2           0  0.98s           2026-08-22T17:10:12
================================================================================
[2026-08-22T17:11:00.410+0000] {manager.py:879} INFO - 
================================================================================
DAG File Processing Stats

File Path                                  PID    Runtime      # DAGs    # Errors  Last Runtime    Last Run
-----------------------------------------  -----  ---------  --------  ----------  --------------  -------------------
/opt/airflow/dags/sports_goat_pipeline.py                           2           0  17.09s          2026-08-22T17:11:00
================================================================================
[2026-08-22T17:15:44.339+0000] {manager.py:738} INFO - Searching for files in /opt/airflow/dags
[2026-08-22T17:15:45.203+0000] {manager.py:741} INFO - There are 1 files in /opt/airflow/dags
[2026-08-22T17:15:51.678+0000] {manager.py:879} INFO - 
================================================================================
DAG File Processing Stats

File Path                                  PID    Runtime      # DAGs    # Errors  Last Runtime    Last Run
-----------------------------------------  -----  ---------  --------  ----------  --------------  -------------------
/opt/airflow/dags/sports_goat_pipeline.py                           2           0  6.04s           2026-08-22T17:15:51
================================================================================
[2026-08-22T17:16:22.468+0000] {manager.py:879} INFO - 
================================================================================
DAG File Processing Stats

File Path                                  PID    Runtime      # DAGs    # Errors  Last Runtime    Last Run
-----------------------------------------  -----  ---------  --------  ----------  --------------  -------------------
/opt/airflow/dags/sports_goat_pipeline.py                           2           0  0.51s           2026-08-22T17:16:22
================================================================================
[2026-08-22T17:16:53.095+0000] {manager.py:879} INFO - 
================================================================================
DAG File Processing Stats

File Path                                  PID    Runtime      # DAGs    # Errors  Last Runtime    Last Run
-----------------------------------------  -----  ---------  --------  ----------  --------------  -------------------
/opt/airflow/dags/sports_goat_pipeline.py                           2           0  0.52s           2026-08-22T17:16:53
================================================================================
[2026-08-22T17:17:23.401+0000] {manager.py:879} INFO - 
================================================================================
DAG File Processing Stats

File Path                                  PID    Runtime      # DAGs    # Errors  Last Runtime    Last Run
-----------------------------------------  -----  ---------  --------  ----------  --------------  -------------------
/opt/airflow/dags/sports_goat_pipeline.py                           2           0  0.21s           2026-08-22T17:17:23
================================================================================
[2026-08-22T17:17:53.728+0000] {manager.py:879} INFO - 
================================================================================
DAG File Processing Stats

File Path                                  PID    Runtime      # DAGs    # Errors  Last Runtime    Last Run
-----------------------------------------  -----  ---------  --------  ----------  --------------  -------------------
/opt/airflow/dags/sports_goat_pipeline.py                           2           0  0.21s           2026-08-22T17:17:53
================================================================================
[2026-08-22T17:18:24.037+0000] {manager.py:879} INFO - 
================================================================================
DAG File Processing Stats

File Path                                  PID    Runtime      # DAGs    # Errors  Last Runtime    Last Run
-----------------------------------------  -----  ---------  --------  ----------  --------------  -------------------
/opt/airflow/dags/sports_goat_pipeline.py                           2           0  0.21s           2026-08-22T17:18:24
================================================================================
[2026-08-22T17:18:54.351+0000] {manager.py:879} INFO - 
================================================================================
DAG File Processing Stats

File Path                                  PID    Runtime      # DAGs    # Errors  Last Runtime    Last Run
-----------------------------------------  -----  ---------  --------  ----------  --------------  -------------------
/opt/airflow/dags/sports_goat_pipeline.py                           2           0  0.22s           2026-08-22T17:18:54
================================================================================
[2026-08-22T17:19:24.656+0000] {manager.py:879} INFO - 
================================================================================
DAG File Processing Stats

File Path                                  PID    Runtime      # DAGs    # Errors  Last Runtime    Last Run
-----------------------------------------  -----  ---------  --------  ----------  --------------  -------------------
/opt/airflow/dags/sports_goat_pipeline.py                           2           0  0.21s           2026-08-22T17:19:24
================================================================================
[2026-08-22T17:19:54.956+0000] {manager.py:879} INFO - 
================================================================================
DAG File Processing Stats

File Path                                  PID    Runtime      # DAGs    # Errors  Last Runtime    Last Run
-----------------------------------------  -----  ---------  --------  ----------  --------------  -------------------
/opt/airflow/dags/sports_goat_pipeline.py                           2           0  0.21s           2026-08-22T17:19:54
================================================================================
[2026-08-22T17:20:25.278+0000] {manager.py:879} INFO - 
================================================================================
DAG File Processing Stats

File Path                                  PID    Runtime      # DAGs    # Errors  Last Runtime    Last Run
-----------------------------------------  -----  ---------  --------  ----------  --------------  -------------------
/opt/airflow/dags/sports_goat_pipeline.py                           2           0  0.21s           2026-08-22T17:20:25
================================================================================
[2026-08-22T17:20:45.217+0000] {manager.py:738} INFO - Searching for files in /opt/airflow/dags
[2026-08-22T17:20:45.229+0000] {manager.py:741} INFO - There are 1 files in /opt/airflow/dags
[2026-08-22T17:20:56.520+0000] {manager.py:879} INFO - 
================================================================================
DAG File Processing Stats

File Path                                  PID    Runtime      # DAGs    # Errors  Last Runtime    Last Run
-----------------------------------------  -----  ---------  --------  ----------  --------------  -------------------
/opt/airflow/dags/sports_goat_pipeline.py                           2           0  0.21s           2026-08-22T17:20:56
================================================================================
[2026-08-22T17:21:26.970+0000] {manager.py:879} INFO - 
================================================================================
DAG File Processing Stats

File Path                                  PID    Runtime      # DAGs    # Errors  Last Runtime    Last Run
-----------------------------------------  -----  ---------  --------  ----------  --------------  -------------------
/opt/airflow/dags/sports_goat_pipeline.py                           2           0  0.21s           2026-08-22T17:21:26
================================================================================
[2026-08-22T17:21:57.318+0000] {manager.py:879} INFO - 
================================================================================
DAG File Processing Stats

File Path                                  PID    Runtime      # DAGs    # Errors  Last Runtime    Last Run
-----------------------------------------  -----  ---------  --------  ----------  --------------  -------------------
/opt/airflow/dags/sports_goat_pipeline.py                           2           0  0.21s           2026-08-22T17:21:57
================================================================================
[2026-08-22T17:22:27.622+0000] {manager.py:879} INFO - 
================================================================================
DAG File Processing Stats

File Path                                  PID    Runtime      # DAGs    # Errors  Last Runtime    Last Run
-----------------------------------------  -----  ---------  --------  ----------  --------------  -------------------
/opt/airflow/dags/sports_goat_pipeline.py                           2           0  0.21s           2026-08-22T17:22:27
================================================================================
[2026-08-22T17:22:57.956+0000] {manager.py:879} INFO - 
================================================================================
DAG File Processing Stats

File Path                                  PID    Runtime      # DAGs    # Errors  Last Runtime    Last Run
-----------------------------------------  -----  ---------  --------  ----------  --------------  -------------------
/opt/airflow/dags/sports_goat_pipeline.py                           2           0  0.21s           2026-08-22T17:22:57
================================================================================
[2026-08-22T17:23:28.273+0000] {manager.py:879} INFO - 
================================================================================
DAG File Processing Stats

File Path                                  PID    Runtime      # DAGs    # Errors  Last Runtime    Last Run
-----------------------------------------  -----  ---------  --------  ----------  --------------  -------------------
/opt/airflow/dags/sports_goat_pipeline.py                           2           0  0.21s           2026-08-22T17:23:28
================================================================================
[2026-08-22T17:23:58.588+0000] {manager.py:879} INFO - 
================================================================================
DAG File Processing Stats

File Path                                  PID    Runtime      # DAGs    # Errors  Last Runtime    Last Run
-----------------------------------------  -----  ---------  --------  ----------  --------------  -------------------
/opt/airflow/dags/sports_goat_pipeline.py                           2           0  0.21s           2026-08-22T17:23:58
================================================================================
[2026-08-22T17:24:29.021+0000] {manager.py:879} INFO - 
================================================================================
DAG File Processing Stats

File Path                                  PID    Runtime      # DAGs    # Errors  Last Runtime    Last Run
-----------------------------------------  -----  ---------  --------  ----------  --------------  -------------------
/opt/airflow/dags/sports_goat_pipeline.py                           2           0  0.33s           2026-08-22T17:24:29
================================================================================
[2026-08-22T17:24:59.375+0000] {manager.py:879} INFO - 
================================================================================
DAG File Processing Stats

File Path                                  PID    Runtime      # DAGs    # Errors  Last Runtime    Last Run
-----------------------------------------  -----  ---------  --------  ----------  --------------  -------------------
/opt/airflow/dags/sports_goat_pipeline.py                           2           0  0.21s           2026-08-22T17:24:59
================================================================================
[2026-08-22T17:25:29.794+0000] {manager.py:879} INFO - 
================================================================================
DAG File Processing Stats

File Path                                  PID    Runtime      # DAGs    # Errors  Last Runtime    Last Run
-----------------------------------------  -----  ---------  --------  ----------  --------------  -------------------
/opt/airflow/dags/sports_goat_pipeline.py                           2           0  0.32s           2026-08-22T17:25:29
================================================================================
[2026-08-22T17:25:45.584+0000] {manager.py:738} INFO - Searching for files in /opt/airflow/dags
[2026-08-22T17:25:45.594+0000] {manager.py:741} INFO - There are 1 files in /opt/airflow/dags
[2026-08-22T17:26:00.114+0000] {manager.py:879} INFO - 
================================================================================
DAG File Processing Stats

File Path                                  PID    Runtime      # DAGs    # Errors  Last Runtime    Last Run
-----------------------------------------  -----  ---------  --------  ----------  --------------  -------------------
/opt/airflow/dags/sports_goat_pipeline.py                           2           0  0.21s           2026-08-22T17:26:00
================================================================================
[2026-08-22T17:26:30.420+0000] {manager.py:879} INFO - 
================================================================================
DAG File Processing Stats

File Path                                  PID    Runtime      # DAGs    # Errors  Last Runtime    Last Run
-----------------------------------------  -----  ---------  --------  ----------  --------------  -------------------
/opt/airflow/dags/sports_goat_pipeline.py                           2           0  0.21s           2026-08-22T17:26:30
================================================================================
[2026-08-22T17:27:00.736+0000] {manager.py:879} INFO - 
================================================================================
DAG File Processing Stats

File Path                                  PID    Runtime      # DAGs    # Errors  Last Runtime    Last Run
-----------------------------------------  -----  ---------  --------  ----------  --------------  -------------------
/opt/airflow/dags/sports_goat_pipeline.py                           2           0  0.21s           2026-08-22T17:27:00
================================================================================
[2026-08-22T17:27:31.034+0000] {manager.py:879} INFO - 
================================================================================
DAG File Processing Stats

File Path                                  PID    Runtime      # DAGs    # Errors  Last Runtime    Last Run
-----------------------------------------  -----  ---------  --------  ----------  --------------  -------------------
/opt/airflow/dags/sports_goat_pipeline.py                           2           0  0.21s           2026-08-22T17:27:31
================================================================================
[2026-08-22T17:28:01.328+0000] {manager.py:879} INFO - 
================================================================================
DAG File Processing Stats

File Path                                  PID    Runtime      # DAGs    # Errors  Last Runtime    Last Run
-----------------------------------------  -----  ---------  --------  ----------  --------------  -------------------
/opt/airflow/dags/sports_goat_pipeline.py                           2           0  0.21s           2026-08-22T17:28:01
================================================================================
[2026-08-22T17:28:31.637+0000] {manager.py:879} INFO - 
================================================================================
DAG File Processing Stats

File Path                                  PID    Runtime      # DAGs    # Errors  Last Runtime    Last Run
-----------------------------------------  -----  ---------  --------  ----------  --------------  -------------------
/opt/airflow/dags/sports_goat_pipeline.py                           2           0  0.21s           2026-08-22T17:28:31
================================================================================
[2026-08-22T17:29:01.952+0000] {manager.py:879} INFO - 
================================================================================
DAG File Processing Stats

File Path                                  PID    Runtime      # DAGs    # Errors  Last Runtime    Last Run
-----------------------------------------  -----  ---------  --------  ----------  --------------  -------------------
/opt/airflow/dags/sports_goat_pipeline.py                           2           0  0.21s           2026-08-22T17:29:01
================================================================================
[2026-08-22T17:29:32.271+0000] {manager.py:879} INFO - 
================================================================================
DAG File Processing Stats

File Path                                  PID    Runtime      # DAGs    # Errors  Last Runtime    Last Run
-----------------------------------------  -----  ---------  --------  ----------  --------------  -------------------
/opt/airflow/dags/sports_goat_pipeline.py                           2           0  0.22s           2026-08-22T17:29:32
================================================================================
[2026-08-22T17:30:02.581+0000] {manager.py:879} INFO - 
================================================================================
DAG File Processing Stats

File Path                                  PID    Runtime      # DAGs    # Errors  Last Runtime    Last Run
-----------------------------------------  -----  ---------  --------  ----------  --------------  -------------------
/opt/airflow/dags/sports_goat_pipeline.py                           2           0  0.21s           2026-08-22T17:30:02
================================================================================
[2026-08-22T17:30:32.867+0000] {manager.py:879} INFO - 
================================================================================
DAG File Processing Stats

File Path                                  PID    Runtime      # DAGs    # Errors  Last Runtime    Last Run
-----------------------------------------  -----  ---------  --------  ----------  --------------  -------------------
/opt/airflow/dags/sports_goat_pipeline.py                           2           0  0.21s           2026-08-22T17:30:32
================================================================================
[2026-08-22T17:30:45.927+0000] {manager.py:738} INFO - Searching for files in /opt/airflow/dags
[2026-08-22T17:30:45.938+0000] {manager.py:741} INFO - There are 1 files in /opt/airflow/dags
[2026-08-22T17:31:03.174+0000] {manager.py:879} INFO - 
================================================================================
DAG File Processing Stats

File Path                                  PID    Runtime      # DAGs    # Errors  Last Runtime    Last Run
-----------------------------------------  -----  ---------  --------  ----------  --------------  -------------------
/opt/airflow/dags/sports_goat_pipeline.py                           2           0  0.21s           2026-08-22T17:31:03
================================================================================
[2026-08-22T17:31:33.489+0000] {manager.py:879} INFO - 
================================================================================
DAG File Processing Stats

File Path                                  PID    Runtime      # DAGs    # Errors  Last Runtime    Last Run
-----------------------------------------  -----  ---------  --------  ----------  --------------  -------------------
/opt/airflow/dags/sports_goat_pipeline.py                           2           0  0.21s           2026-08-22T17:31:33
================================================================================
[2026-08-22T17:32:03.802+0000] {manager.py:879} INFO - 
================================================================================
DAG File Processing Stats

File Path                                  PID    Runtime      # DAGs    # Errors  Last Runtime    Last Run
-----------------------------------------  -----  ---------  --------  ----------  --------------  -------------------
/opt/airflow/dags/sports_goat_pipeline.py                           2           0  0.21s           2026-08-22T17:32:03
================================================================================
[2026-08-22T17:32:34.113+0000] {manager.py:879} INFO - 
================================================================================
DAG File Processing Stats

File Path                                  PID    Runtime      # DAGs    # Errors  Last Runtime    Last Run
-----------------------------------------  -----  ---------  --------  ----------  --------------  -------------------
/opt/airflow/dags/sports_goat_pipeline.py                           2           0  0.21s           2026-08-22T17:32:34
================================================================================
[2026-08-22T17:33:04.414+0000] {manager.py:879} INFO - 
================================================================================
DAG File Processing Stats

File Path                                  PID    Runtime      # DAGs    # Errors  Last Runtime    Last Run
-----------------------------------------  -----  ---------  --------  ----------  --------------  -------------------
/opt/airflow/dags/sports_goat_pipeline.py                           2           0  0.21s           2026-08-22T17:33:04
================================================================================
[2026-08-22T17:33:34.727+0000] {manager.py:879} INFO - 
================================================================================
DAG File Processing Stats

File Path                                  PID    Runtime      # DAGs    # Errors  Last Runtime    Last Run
-----------------------------------------  -----  ---------  --------  ----------  --------------  -------------------
/opt/airflow/dags/sports_goat_pipeline.py                           2           0  0.21s           2026-08-22T17:33:34
================================================================================
[2026-08-22T17:34:14.776+0000] {manager.py:879} INFO - 
================================================================================
DAG File Processing Stats

File Path                                  PID    Runtime      # DAGs    # Errors  Last Runtime    Last Run
-----------------------------------------  -----  ---------  --------  ----------  --------------  -------------------
/opt/airflow/dags/sports_goat_pipeline.py                           2           0  0.21s           2026-08-22T17:34:14
================================================================================
[2026-08-22T17:34:45.000+0000] {manager.py:879} INFO - 
================================================================================
DAG File Processing Stats

File Path                                  PID    Runtime      # DAGs    # Errors  Last Runtime    Last Run
-----------------------------------------  -----  ---------  --------  ----------  --------------  -------------------
/opt/airflow/dags/sports_goat_pipeline.py                           2           0  0.21s           2026-08-22T17:34:44
================================================================================
[2026-08-22T17:35:15.554+0000] {manager.py:879} INFO - 
================================================================================
DAG File Processing Stats

File Path                                  PID    Runtime      # DAGs    # Errors  Last Runtime    Last Run
-----------------------------------------  -----  ---------  --------  ----------  --------------  -------------------
/opt/airflow/dags/sports_goat_pipeline.py                           2           0  0.21s           2026-08-22T17:35:15
================================================================================
[2026-08-22T17:35:46.074+0000] {manager.py:879} INFO - 
================================================================================
DAG File Processing Stats

File Path                                  PID    Runtime      # DAGs    # Errors  Last Runtime    Last Run
-----------------------------------------  -----  ---------  --------  ----------  --------------  -------------------
/opt/airflow/dags/sports_goat_pipeline.py                           2           0  0.21s           2026-08-22T17:35:46
================================================================================
[2026-08-22T17:35:47.123+0000] {manager.py:738} INFO - Searching for files in /opt/airflow/dags
[2026-08-22T17:35:47.130+0000] {manager.py:741} INFO - There are 1 files in /opt/airflow/dags
[2026-08-22T17:36:16.645+0000] {manager.py:879} INFO - 
================================================================================
DAG File Processing Stats

File Path                                  PID    Runtime      # DAGs    # Errors  Last Runtime    Last Run
-----------------------------------------  -----  ---------  --------  ----------  --------------  -------------------
/opt/airflow/dags/sports_goat_pipeline.py                           2           0  0.21s           2026-08-22T17:36:16
================================================================================
[2026-08-22T17:36:52.004+0000] {manager.py:879} INFO - 
================================================================================
DAG File Processing Stats

File Path                                  PID    Runtime      # DAGs    # Errors  Last Runtime    Last Run
-----------------------------------------  -----  ---------  --------  ----------  --------------  -------------------
/opt/airflow/dags/sports_goat_pipeline.py                           2           0  0.21s           2026-08-22T17:36:52
================================================================================
[2026-08-22T17:37:22.296+0000] {manager.py:879} INFO - 
================================================================================
DAG File Processing Stats

File Path                                  PID    Runtime      # DAGs    # Errors  Last Runtime    Last Run
-----------------------------------------  -----  ---------  --------  ----------  --------------  -------------------
/opt/airflow/dags/sports_goat_pipeline.py                           2           0  0.21s           2026-08-22T17:37:22
================================================================================
[2026-08-22T17:37:52.579+0000] {manager.py:879} INFO - 
================================================================================
DAG File Processing Stats

File Path                                  PID    Runtime      # DAGs    # Errors  Last Runtime    Last Run
-----------------------------------------  -----  ---------  --------  ----------  --------------  -------------------
/opt/airflow/dags/sports_goat_pipeline.py                           2           0  0.21s           2026-08-22T17:37:52
================================================================================
[2026-08-22T17:38:23.308+0000] {manager.py:879} INFO - 
================================================================================
DAG File Processing Stats

File Path                                  PID    Runtime      # DAGs    # Errors  Last Runtime    Last Run
-----------------------------------------  -----  ---------  --------  ----------  --------------  -------------------
/opt/airflow/dags/sports_goat_pipeline.py                           2           0  0.21s           2026-08-22T17:38:23
================================================================================
[2026-08-22T17:38:53.856+0000] {manager.py:879} INFO - 
================================================================================
DAG File Processing Stats

File Path                                  PID    Runtime      # DAGs    # Errors  Last Runtime    Last Run
-----------------------------------------  -----  ---------  --------  ----------  --------------  -------------------
/opt/airflow/dags/sports_goat_pipeline.py                           2           0  0.21s           2026-08-22T17:38:53
================================================================================
[2026-08-22T17:39:24.403+0000] {manager.py:879} INFO - 
================================================================================
DAG File Processing Stats

File Path                                  PID    Runtime      # DAGs    # Errors  Last Runtime    Last Run
-----------------------------------------  -----  ---------  --------  ----------  --------------  -------------------
/opt/airflow/dags/sports_goat_pipeline.py                           2           0  0.21s           2026-08-22T17:39:24
================================================================================
[2026-08-22T17:39:54.956+0000] {manager.py:879} INFO - 
================================================================================
DAG File Processing Stats

File Path                                  PID    Runtime      # DAGs    # Errors  Last Runtime    Last Run
-----------------------------------------  -----  ---------  --------  ----------  --------------  -------------------
/opt/airflow/dags/sports_goat_pipeline.py                           2           0  0.21s           2026-08-22T17:39:54
================================================================================
[2026-08-22T17:40:25.177+0000] {manager.py:879} INFO - 
================================================================================
DAG File Processing Stats

File Path                                  PID    Runtime      # DAGs    # Errors  Last Runtime    Last Run
-----------------------------------------  -----  ---------  --------  ----------  --------------  -------------------
/opt/airflow/dags/sports_goat_pipeline.py                           2           0  0.21s           2026-08-22T17:40:25
================================================================================
[2026-08-22T17:40:47.589+0000] {manager.py:738} INFO - Searching for files in /opt/airflow/dags
[2026-08-22T17:40:47.602+0000] {manager.py:741} INFO - There are 1 files in /opt/airflow/dags
[2026-08-22T17:40:55.813+0000] {manager.py:879} INFO - 
================================================================================
DAG File Processing Stats

File Path                                  PID    Runtime      # DAGs    # Errors  Last Runtime    Last Run
-----------------------------------------  -----  ---------  --------  ----------  --------------  -------------------
/opt/airflow/dags/sports_goat_pipeline.py                           2           0  0.21s           2026-08-22T17:40:55
================================================================================
[2026-08-22T17:41:26.365+0000] {manager.py:879} INFO - 
================================================================================
DAG File Processing Stats

File Path                                  PID    Runtime      # DAGs    # Errors  Last Runtime    Last Run
-----------------------------------------  -----  ---------  --------  ----------  --------------  -------------------
/opt/airflow/dags/sports_goat_pipeline.py                           2           0  0.21s           2026-08-22T17:41:26
================================================================================
[2026-08-22T17:41:56.623+0000] {manager.py:879} INFO - 
================================================================================
DAG File Processing Stats

File Path                                  PID    Runtime      # DAGs    # Errors  Last Runtime    Last Run
-----------------------------------------  -----  ---------  --------  ----------  --------------  -------------------
/opt/airflow/dags/sports_goat_pipeline.py                           2           0  0.21s           2026-08-22T17:41:56
================================================================================
[2026-08-22T17:42:27.225+0000] {manager.py:879} INFO - 
================================================================================
DAG File Processing Stats

File Path                                  PID    Runtime      # DAGs    # Errors  Last Runtime    Last Run
-----------------------------------------  -----  ---------  --------  ----------  --------------  -------------------
/opt/airflow/dags/sports_goat_pipeline.py                           2           0  0.21s           2026-08-22T17:42:27
================================================================================
[2026-08-22T17:42:57.774+0000] {manager.py:879} INFO - 
================================================================================
DAG File Processing Stats

File Path                                  PID    Runtime      # DAGs    # Errors  Last Runtime    Last Run
-----------------------------------------  -----  ---------  --------  ----------  --------------  -------------------
/opt/airflow/dags/sports_goat_pipeline.py                           2           0  0.21s           2026-08-22T17:42:57
================================================================================
[2026-08-22T17:43:28.083+0000] {manager.py:879} INFO - 
================================================================================
DAG File Processing Stats

File Path                                  PID    Runtime      # DAGs    # Errors  Last Runtime    Last Run
-----------------------------------------  -----  ---------  --------  ----------  --------------  -------------------
/opt/airflow/dags/sports_goat_pipeline.py                           2           0  0.21s           2026-08-22T17:43:28
================================================================================
[2026-08-22T17:43:58.634+0000] {manager.py:879} INFO - 
================================================================================
DAG File Processing Stats

File Path                                  PID    Runtime      # DAGs    # Errors  Last Runtime    Last Run
-----------------------------------------  -----  ---------  --------  ----------  --------------  -------------------
/opt/airflow/dags/sports_goat_pipeline.py                           2           0  0.21s           2026-08-22T17:43:58
================================================================================
[2026-08-22T17:44:29.224+0000] {manager.py:879} INFO - 
================================================================================
DAG File Processing Stats

File Path                                  PID    Runtime      # DAGs    # Errors  Last Runtime    Last Run
-----------------------------------------  -----  ---------  --------  ----------  --------------  -------------------
/opt/airflow/dags/sports_goat_pipeline.py                           2           0  0.21s           2026-08-22T17:44:29
================================================================================
[2026-08-22T17:44:59.776+0000] {manager.py:879} INFO - 
================================================================================
DAG File Processing Stats

File Path                                  PID    Runtime      # DAGs    # Errors  Last Runtime    Last Run
-----------------------------------------  -----  ---------  --------  ----------  --------------  -------------------
/opt/airflow/dags/sports_goat_pipeline.py                           2           0  0.21s           2026-08-22T17:44:59
================================================================================
[2026-08-22T17:45:30.736+0000] {manager.py:879} INFO - 
================================================================================
DAG File Processing Stats

File Path                                  PID    Runtime      # DAGs    # Errors  Last Runtime    Last Run
-----------------------------------------  -----  ---------  --------  ----------  --------------  -------------------
/opt/airflow/dags/sports_goat_pipeline.py                           2           0  0.21s           2026-08-22T17:45:30
================================================================================
[2026-08-22T17:45:48.001+0000] {manager.py:738} INFO - Searching for files in /opt/airflow/dags
[2026-08-22T17:45:48.011+0000] {manager.py:741} INFO - There are 1 files in /opt/airflow/dags
[2026-08-22T17:46:01.270+0000] {manager.py:879} INFO - 
================================================================================
DAG File Processing Stats

File Path                                  PID    Runtime      # DAGs    # Errors  Last Runtime    Last Run
-----------------------------------------  -----  ---------  --------  ----------  --------------  -------------------
/opt/airflow/dags/sports_goat_pipeline.py                           2           0  0.21s           2026-08-22T17:46:01
================================================================================
[2026-08-22T17:46:31.801+0000] {manager.py:879} INFO - 
================================================================================
DAG File Processing Stats

File Path                                  PID    Runtime      # DAGs    # Errors  Last Runtime    Last Run
-----------------------------------------  -----  ---------  --------  ----------  --------------  -------------------
/opt/airflow/dags/sports_goat_pipeline.py                           2           0  0.21s           2026-08-22T17:46:31
================================================================================
[2026-08-22T17:47:02.690+0000] {manager.py:879} INFO - 
================================================================================
DAG File Processing Stats

File Path                                  PID    Runtime      # DAGs    # Errors  Last Runtime    Last Run
-----------------------------------------  -----  ---------  --------  ----------  --------------  -------------------
/opt/airflow/dags/sports_goat_pipeline.py                           2           0  0.24s           2026-08-22T17:47:02
================================================================================
[2026-08-22T17:47:33.189+0000] {manager.py:879} INFO - 
================================================================================
DAG File Processing Stats

File Path                                  PID    Runtime      # DAGs    # Errors  Last Runtime    Last Run
-----------------------------------------  -----  ---------  --------  ----------  --------------  -------------------
/opt/airflow/dags/sports_goat_pipeline.py                           2           0  0.21s           2026-08-22T17:47:33
================================================================================
[2026-08-22T17:48:03.744+0000] {manager.py:879} INFO - 
================================================================================
DAG File Processing Stats

File Path                                  PID    Runtime      # DAGs    # Errors  Last Runtime    Last Run
-----------------------------------------  -----  ---------  --------  ----------  --------------  -------------------
/opt/airflow/dags/sports_goat_pipeline.py                           2           0  0.21s           2026-08-22T17:48:03
================================================================================
[2026-08-22T17:48:34.286+0000] {manager.py:879} INFO - 
================================================================================
DAG File Processing Stats

File Path                                  PID    Runtime      # DAGs    # Errors  Last Runtime    Last Run
-----------------------------------------  -----  ---------  --------  ----------  --------------  -------------------
/opt/airflow/dags/sports_goat_pipeline.py                           2           0  0.21s           2026-08-22T17:48:34
================================================================================
[2026-08-22T17:53:51.580+0000] {manager.py:738} INFO - Searching for files in /opt/airflow/dags
[2026-08-22T17:53:51.632+0000] {manager.py:741} INFO - There are 1 files in /opt/airflow/dags
[2026-08-22T17:53:53.098+0000] {manager.py:879} INFO - 
================================================================================
DAG File Processing Stats

File Path                                  PID    Runtime      # DAGs    # Errors  Last Runtime    Last Run
-----------------------------------------  -----  ---------  --------  ----------  --------------  -------------------
/opt/airflow/dags/sports_goat_pipeline.py                           2           0  1.34s           2026-08-22T17:53:53
================================================================================
[2026-08-22T17:54:23.850+0000] {manager.py:879} INFO - 
================================================================================
DAG File Processing Stats

File Path                                  PID    Runtime      # DAGs    # Errors  Last Runtime    Last Run
-----------------------------------------  -----  ---------  --------  ----------  --------------  -------------------
/opt/airflow/dags/sports_goat_pipeline.py                           2           0  0.41s           2026-08-22T17:54:23
================================================================================
[2026-08-22T17:54:54.077+0000] {manager.py:879} INFO - 
================================================================================
DAG File Processing Stats

File Path                                  PID    Runtime      # DAGs    # Errors  Last Runtime    Last Run
-----------------------------------------  -----  ---------  --------  ----------  --------------  -------------------
/opt/airflow/dags/sports_goat_pipeline.py                           2           0  0.22s           2026-08-22T17:54:54
================================================================================
[2026-08-22T17:55:24.350+0000] {manager.py:879} INFO - 
================================================================================
DAG File Processing Stats

File Path                                  PID    Runtime      # DAGs    # Errors  Last Runtime    Last Run
-----------------------------------------  -----  ---------  --------  ----------  --------------  -------------------
/opt/airflow/dags/sports_goat_pipeline.py                           2           0  0.21s           2026-08-22T17:55:24
================================================================================
[2026-08-22T17:55:54.657+0000] {manager.py:879} INFO - 
================================================================================
DAG File Processing Stats

File Path                                  PID    Runtime      # DAGs    # Errors  Last Runtime    Last Run
-----------------------------------------  -----  ---------  --------  ----------  --------------  -------------------
/opt/airflow/dags/sports_goat_pipeline.py                           2           0  0.21s           2026-08-22T17:55:54
================================================================================
[2026-08-22T17:56:24.965+0000] {manager.py:879} INFO - 
================================================================================
DAG File Processing Stats

File Path                                  PID    Runtime      # DAGs    # Errors  Last Runtime    Last Run
-----------------------------------------  -----  ---------  --------  ----------  --------------  -------------------
/opt/airflow/dags/sports_goat_pipeline.py                           2           0  0.21s           2026-08-22T17:56:24
================================================================================
[2026-08-22T17:56:55.240+0000] {manager.py:879} INFO - 
================================================================================
DAG File Processing Stats

File Path                                  PID    Runtime      # DAGs    # Errors  Last Runtime    Last Run
-----------------------------------------  -----  ---------  --------  ----------  --------------  -------------------
/opt/airflow/dags/sports_goat_pipeline.py                           2           0  0.21s           2026-08-22T17:56:55
================================================================================
[2026-08-22T17:57:25.549+0000] {manager.py:879} INFO - 
================================================================================
DAG File Processing Stats

File Path                                  PID    Runtime      # DAGs    # Errors  Last Runtime    Last Run
-----------------------------------------  -----  ---------  --------  ----------  --------------  -------------------
/opt/airflow/dags/sports_goat_pipeline.py                           2           0  0.21s           2026-08-22T17:57:25
================================================================================
[2026-08-22T17:57:55.857+0000] {manager.py:879} INFO - 
================================================================================
DAG File Processing Stats

File Path                                  PID    Runtime      # DAGs    # Errors  Last Runtime    Last Run
-----------------------------------------  -----  ---------  --------  ----------  --------------  -------------------
/opt/airflow/dags/sports_goat_pipeline.py                           2           0  0.21s           2026-08-22T17:57:55
================================================================================
[2026-08-22T17:58:26.187+0000] {manager.py:879} INFO - 
================================================================================
DAG File Processing Stats

File Path                                  PID    Runtime      # DAGs    # Errors  Last Runtime    Last Run
-----------------------------------------  -----  ---------  --------  ----------  --------------  -------------------
/opt/airflow/dags/sports_goat_pipeline.py                           2           0  0.21s           2026-08-22T17:58:26
================================================================================
[2026-08-22T17:58:52.282+0000] {manager.py:738} INFO - Searching for files in /opt/airflow/dags
[2026-08-22T17:58:52.297+0000] {manager.py:741} INFO - There are 1 files in /opt/airflow/dags
[2026-08-22T17:58:56.498+0000] {manager.py:879} INFO - 
================================================================================
DAG File Processing Stats

File Path                                  PID    Runtime      # DAGs    # Errors  Last Runtime    Last Run
-----------------------------------------  -----  ---------  --------  ----------  --------------  -------------------
/opt/airflow/dags/sports_goat_pipeline.py                           2           0  0.21s           2026-08-22T17:58:56
================================================================================
[2026-08-22T17:59:27.146+0000] {manager.py:879} INFO - 
================================================================================
DAG File Processing Stats

File Path                                  PID    Runtime      # DAGs    # Errors  Last Runtime    Last Run
-----------------------------------------  -----  ---------  --------  ----------  --------------  -------------------
/opt/airflow/dags/sports_goat_pipeline.py                           2           0  0.43s           2026-08-22T17:59:27
================================================================================
[2026-08-22T17:59:57.459+0000] {manager.py:879} INFO - 
================================================================================
DAG File Processing Stats

File Path                                  PID    Runtime      # DAGs    # Errors  Last Runtime    Last Run
-----------------------------------------  -----  ---------  --------  ----------  --------------  -------------------
/opt/airflow/dags/sports_goat_pipeline.py                           2           0  0.21s           2026-08-22T17:59:57
================================================================================
[2026-08-22T18:00:27.756+0000] {manager.py:879} INFO - 
================================================================================
DAG File Processing Stats

File Path                                  PID    Runtime      # DAGs    # Errors  Last Runtime    Last Run
-----------------------------------------  -----  ---------  --------  ----------  --------------  -------------------
/opt/airflow/dags/sports_goat_pipeline.py                           2           0  0.21s           2026-08-22T18:00:27
================================================================================
[2026-08-22T18:00:58.059+0000] {manager.py:879} INFO - 
================================================================================
DAG File Processing Stats

File Path                                  PID    Runtime      # DAGs    # Errors  Last Runtime    Last Run
-----------------------------------------  -----  ---------  --------  ----------  --------------  -------------------
/opt/airflow/dags/sports_goat_pipeline.py                           2           0  0.21s           2026-08-22T18:00:58
================================================================================
[2026-08-22T18:01:28.332+0000] {manager.py:879} INFO - 
================================================================================
DAG File Processing Stats

File Path                                  PID    Runtime      # DAGs    # Errors  Last Runtime    Last Run
-----------------------------------------  -----  ---------  --------  ----------  --------------  -------------------
/opt/airflow/dags/sports_goat_pipeline.py                           2           0  0.21s           2026-08-22T18:01:28
================================================================================
[2026-08-22T18:01:58.631+0000] {manager.py:879} INFO - 
================================================================================
DAG File Processing Stats

File Path                                  PID    Runtime      # DAGs    # Errors  Last Runtime    Last Run
-----------------------------------------  -----  ---------  --------  ----------  --------------  -------------------
/opt/airflow/dags/sports_goat_pipeline.py                           2           0  0.21s           2026-08-22T18:01:58
================================================================================
[2026-08-22T18:02:28.945+0000] {manager.py:879} INFO - 
================================================================================
DAG File Processing Stats

File Path                                  PID    Runtime      # DAGs    # Errors  Last Runtime    Last Run
-----------------------------------------  -----  ---------  --------  ----------  --------------  -------------------
/opt/airflow/dags/sports_goat_pipeline.py                           2           0  0.21s           2026-08-22T18:02:28
================================================================================
[2026-08-22T18:02:59.265+0000] {manager.py:879} INFO - 
================================================================================
DAG File Processing Stats

File Path                                  PID    Runtime      # DAGs    # Errors  Last Runtime    Last Run
-----------------------------------------  -----  ---------  --------  ----------  --------------  -------------------
/opt/airflow/dags/sports_goat_pipeline.py                           2           0  0.21s           2026-08-22T18:02:59
================================================================================
[2026-08-22T18:03:29.573+0000] {manager.py:879} INFO - 
================================================================================
DAG File Processing Stats

File Path                                  PID    Runtime      # DAGs    # Errors  Last Runtime    Last Run
-----------------------------------------  -----  ---------  --------  ----------  --------------  -------------------
/opt/airflow/dags/sports_goat_pipeline.py                           2           0  0.21s           2026-08-22T18:03:29
================================================================================
[2026-08-22T18:03:52.371+0000] {manager.py:738} INFO - Searching for files in /opt/airflow/dags
[2026-08-22T18:03:52.380+0000] {manager.py:741} INFO - There are 1 files in /opt/airflow/dags
[2026-08-22T18:03:59.867+0000] {manager.py:879} INFO - 
================================================================================
DAG File Processing Stats

File Path                                  PID    Runtime      # DAGs    # Errors  Last Runtime    Last Run
-----------------------------------------  -----  ---------  --------  ----------  --------------  -------------------
/opt/airflow/dags/sports_goat_pipeline.py                           2           0  0.21s           2026-08-22T18:03:59
================================================================================
[2026-08-22T18:04:30.163+0000] {manager.py:879} INFO - 
================================================================================
DAG File Processing Stats

File Path                                  PID    Runtime      # DAGs    # Errors  Last Runtime    Last Run
-----------------------------------------  -----  ---------  --------  ----------  --------------  -------------------
/opt/airflow/dags/sports_goat_pipeline.py                           2           0  0.21s           2026-08-22T18:04:30
================================================================================
[2026-08-22T18:05:09.240+0000] {manager.py:879} INFO - 
================================================================================
DAG File Processing Stats

File Path                                  PID    Runtime      # DAGs    # Errors  Last Runtime    Last Run
-----------------------------------------  -----  ---------  --------  ----------  --------------  -------------------
/opt/airflow/dags/sports_goat_pipeline.py                           2           0  0.31s           2026-08-22T18:05:09
================================================================================
[2026-08-22T18:05:40.581+0000] {manager.py:879} INFO - 
================================================================================
DAG File Processing Stats

File Path                                  PID    Runtime      # DAGs    # Errors  Last Runtime    Last Run
-----------------------------------------  -----  ---------  --------  ----------  --------------  -------------------
/opt/airflow/dags/sports_goat_pipeline.py                           2           0  0.21s           2026-08-22T18:05:40
================================================================================
[2026-08-22T18:06:10.890+0000] {manager.py:879} INFO - 
================================================================================
DAG File Processing Stats

File Path                                  PID    Runtime      # DAGs    # Errors  Last Runtime    Last Run
-----------------------------------------  -----  ---------  --------  ----------  --------------  -------------------
/opt/airflow/dags/sports_goat_pipeline.py                           2           0  0.21s           2026-08-22T18:06:10
================================================================================
[2026-08-22T18:06:41.258+0000] {manager.py:879} INFO - 
================================================================================
DAG File Processing Stats

File Path                                  PID    Runtime      # DAGs    # Errors  Last Runtime    Last Run
-----------------------------------------  -----  ---------  --------  ----------  --------------  -------------------
/opt/airflow/dags/sports_goat_pipeline.py                           2           0  0.21s           2026-08-22T18:06:41
================================================================================
[2026-08-22T18:07:11.574+0000] {manager.py:879} INFO - 
================================================================================
DAG File Processing Stats

File Path                                  PID    Runtime      # DAGs    # Errors  Last Runtime    Last Run
-----------------------------------------  -----  ---------  --------  ----------  --------------  -------------------
/opt/airflow/dags/sports_goat_pipeline.py                           2           0  0.21s           2026-08-22T18:07:11
================================================================================
[2026-08-22T18:07:42.036+0000] {manager.py:879} INFO - 
================================================================================
DAG File Processing Stats

File Path                                  PID    Runtime      # DAGs    # Errors  Last Runtime    Last Run
-----------------------------------------  -----  ---------  --------  ----------  --------------  -------------------
/opt/airflow/dags/sports_goat_pipeline.py                           2           0  0.31s           2026-08-22T18:07:42
================================================================================
[2026-08-22T18:08:12.339+0000] {manager.py:879} INFO - 
================================================================================
DAG File Processing Stats

File Path                                  PID    Runtime      # DAGs    # Errors  Last Runtime    Last Run
-----------------------------------------  -----  ---------  --------  ----------  --------------  -------------------
/opt/airflow/dags/sports_goat_pipeline.py                           2           0  0.21s           2026-08-22T18:08:12
================================================================================
[2026-08-22T18:08:42.635+0000] {manager.py:879} INFO - 
================================================================================
DAG File Processing Stats

File Path                                  PID    Runtime      # DAGs    # Errors  Last Runtime    Last Run
-----------------------------------------  -----  ---------  --------  ----------  --------------  -------------------
/opt/airflow/dags/sports_goat_pipeline.py                           2           0  0.21s           2026-08-22T18:08:42
================================================================================
[2026-08-22T18:08:52.532+0000] {manager.py:738} INFO - Searching for files in /opt/airflow/dags
[2026-08-22T18:08:52.541+0000] {manager.py:741} INFO - There are 1 files in /opt/airflow/dags
[2026-08-22T18:09:12.984+0000] {manager.py:879} INFO - 
================================================================================
DAG File Processing Stats

File Path                                  PID    Runtime      # DAGs    # Errors  Last Runtime    Last Run
-----------------------------------------  -----  ---------  --------  ----------  --------------  -------------------
/opt/airflow/dags/sports_goat_pipeline.py                           2           0  0.21s           2026-08-22T18:09:12
================================================================================
[2026-08-22T18:09:43.325+0000] {manager.py:879} INFO - 
================================================================================
DAG File Processing Stats

File Path                                  PID    Runtime      # DAGs    # Errors  Last Runtime    Last Run
-----------------------------------------  -----  ---------  --------  ----------  --------------  -------------------
/opt/airflow/dags/sports_goat_pipeline.py                           2           0  0.21s           2026-08-22T18:09:43
================================================================================
[2026-08-22T18:10:13.819+0000] {manager.py:879} INFO - 
================================================================================
DAG File Processing Stats

File Path                                  PID    Runtime      # DAGs    # Errors  Last Runtime    Last Run
-----------------------------------------  -----  ---------  --------  ----------  --------------  -------------------
/opt/airflow/dags/sports_goat_pipeline.py                           2           0  0.35s           2026-08-22T18:10:13
================================================================================
[2026-08-22T18:10:44.063+0000] {manager.py:879} INFO - 
================================================================================
DAG File Processing Stats

File Path                                  PID    Runtime      # DAGs    # Errors  Last Runtime    Last Run
-----------------------------------------  -----  ---------  --------  ----------  --------------  -------------------
/opt/airflow/dags/sports_goat_pipeline.py                           2           0  0.21s           2026-08-22T18:10:44
================================================================================
[2026-08-22T18:11:14.381+0000] {manager.py:879} INFO - 
================================================================================
DAG File Processing Stats

File Path                                  PID    Runtime      # DAGs    # Errors  Last Runtime    Last Run
-----------------------------------------  -----  ---------  --------  ----------  --------------  -------------------
/opt/airflow/dags/sports_goat_pipeline.py                           2           0  0.21s           2026-08-22T18:11:14
================================================================================
[2026-08-22T18:11:44.741+0000] {manager.py:879} INFO - 
================================================================================
DAG File Processing Stats

File Path                                  PID    Runtime      # DAGs    # Errors  Last Runtime    Last Run
-----------------------------------------  -----  ---------  --------  ----------  --------------  -------------------
/opt/airflow/dags/sports_goat_pipeline.py                           2           0  0.21s           2026-08-22T18:11:44
================================================================================
[2026-08-22T18:12:15.084+0000] {manager.py:879} INFO - 
================================================================================
DAG File Processing Stats

File Path                                  PID    Runtime      # DAGs    # Errors  Last Runtime    Last Run
-----------------------------------------  -----  ---------  --------  ----------  --------------  -------------------
/opt/airflow/dags/sports_goat_pipeline.py                           2           0  0.21s           2026-08-22T18:12:15
================================================================================
[2026-08-22T18:12:45.424+0000] {manager.py:879} INFO - 
================================================================================
DAG File Processing Stats

File Path                                  PID    Runtime      # DAGs    # Errors  Last Runtime    Last Run
-----------------------------------------  -----  ---------  --------  ----------  --------------  -------------------
/opt/airflow/dags/sports_goat_pipeline.py                           2           0  0.21s           2026-08-22T18:12:45
================================================================================
[2026-08-22T18:13:15.747+0000] {manager.py:879} INFO - 
================================================================================
DAG File Processing Stats

File Path                                  PID    Runtime      # DAGs    # Errors  Last Runtime    Last Run
-----------------------------------------  -----  ---------  --------  ----------  --------------  -------------------
/opt/airflow/dags/sports_goat_pipeline.py                           2           0  0.21s           2026-08-22T18:13:15
================================================================================
[2026-08-22T18:13:46.098+0000] {manager.py:879} INFO - 
================================================================================
DAG File Processing Stats

File Path                                  PID    Runtime      # DAGs    # Errors  Last Runtime    Last Run
-----------------------------------------  -----  ---------  --------  ----------  --------------  -------------------
/opt/airflow/dags/sports_goat_pipeline.py                           2           0  0.21s           2026-08-22T18:13:46
================================================================================
[2026-08-22T18:13:53.497+0000] {manager.py:738} INFO - Searching for files in /opt/airflow/dags
[2026-08-22T18:13:53.511+0000] {manager.py:741} INFO - There are 1 files in /opt/airflow/dags
[2026-08-22T18:14:16.457+0000] {manager.py:879} INFO - 
================================================================================
DAG File Processing Stats

File Path                                  PID    Runtime      # DAGs    # Errors  Last Runtime    Last Run
-----------------------------------------  -----  ---------  --------  ----------  --------------  -------------------
/opt/airflow/dags/sports_goat_pipeline.py                           2           0  0.21s           2026-08-22T18:14:16
================================================================================
[2026-08-22T18:14:46.789+0000] {manager.py:879} INFO - 
================================================================================
DAG File Processing Stats

File Path                                  PID    Runtime      # DAGs    # Errors  Last Runtime    Last Run
-----------------------------------------  -----  ---------  --------  ----------  --------------  -------------------
/opt/airflow/dags/sports_goat_pipeline.py                           2           0  0.21s           2026-08-22T18:14:46
================================================================================
[2026-08-22T18:15:17.260+0000] {manager.py:879} INFO - 
================================================================================
DAG File Processing Stats

File Path                                  PID    Runtime      # DAGs    # Errors  Last Runtime    Last Run
-----------------------------------------  -----  ---------  --------  ----------  --------------  -------------------
/opt/airflow/dags/sports_goat_pipeline.py                           2           0  0.31s           2026-08-22T18:15:17
================================================================================
[2026-08-22T18:15:48.538+0000] {manager.py:879} INFO - 
================================================================================
DAG File Processing Stats

File Path                                  PID    Runtime      # DAGs    # Errors  Last Runtime    Last Run
-----------------------------------------  -----  ---------  --------  ----------  --------------  -------------------
/opt/airflow/dags/sports_goat_pipeline.py                           2           0  0.31s           2026-08-22T18:15:48
================================================================================
[2026-08-22T18:16:19.778+0000] {manager.py:879} INFO - 
================================================================================
DAG File Processing Stats

File Path                                  PID    Runtime      # DAGs    # Errors  Last Runtime    Last Run
-----------------------------------------  -----  ---------  --------  ----------  --------------  -------------------
/opt/airflow/dags/sports_goat_pipeline.py                           2           0  0.21s           2026-08-22T18:16:19
================================================================================
[2026-08-22T18:16:50.180+0000] {manager.py:879} INFO - 
================================================================================
DAG File Processing Stats

File Path                                  PID    Runtime      # DAGs    # Errors  Last Runtime    Last Run
-----------------------------------------  -----  ---------  --------  ----------  --------------  -------------------
/opt/airflow/dags/sports_goat_pipeline.py                           2           0  0.21s           2026-08-22T18:16:50
================================================================================
[2026-08-22T18:17:20.508+0000] {manager.py:879} INFO - 
================================================================================
DAG File Processing Stats

File Path                                  PID    Runtime      # DAGs    # Errors  Last Runtime    Last Run
-----------------------------------------  -----  ---------  --------  ----------  --------------  -------------------
/opt/airflow/dags/sports_goat_pipeline.py                           2           0  0.21s           2026-08-22T18:17:20
================================================================================
[2026-08-22T18:17:50.808+0000] {manager.py:879} INFO - 
================================================================================
DAG File Processing Stats

File Path                                  PID    Runtime      # DAGs    # Errors  Last Runtime    Last Run
-----------------------------------------  -----  ---------  --------  ----------  --------------  -------------------
/opt/airflow/dags/sports_goat_pipeline.py                           2           0  0.21s           2026-08-22T18:17:50
================================================================================
[2026-08-22T18:18:21.144+0000] {manager.py:879} INFO - 
================================================================================
DAG File Processing Stats

File Path                                  PID    Runtime      # DAGs    # Errors  Last Runtime    Last Run
-----------------------------------------  -----  ---------  --------  ----------  --------------  -------------------
/opt/airflow/dags/sports_goat_pipeline.py                           2           0  0.21s           2026-08-22T18:18:21
================================================================================
[2026-08-22T18:18:51.470+0000] {manager.py:879} INFO - 
================================================================================
DAG File Processing Stats

File Path                                  PID    Runtime      # DAGs    # Errors  Last Runtime    Last Run
-----------------------------------------  -----  ---------  --------  ----------  --------------  -------------------
/opt/airflow/dags/sports_goat_pipeline.py                           2           0  0.22s           2026-08-22T18:18:51
================================================================================
[2026-08-22T18:18:54.207+0000] {manager.py:738} INFO - Searching for files in /opt/airflow/dags
[2026-08-22T18:18:54.220+0000] {manager.py:741} INFO - There are 1 files in /opt/airflow/dags
[2026-08-22T18:19:21.791+0000] {manager.py:879} INFO - 
================================================================================
DAG File Processing Stats

File Path                                  PID    Runtime      # DAGs    # Errors  Last Runtime    Last Run
-----------------------------------------  -----  ---------  --------  ----------  --------------  -------------------
/opt/airflow/dags/sports_goat_pipeline.py                           2           0  0.21s           2026-08-22T18:19:21
================================================================================
[2026-08-22T18:19:52.228+0000] {manager.py:879} INFO - 
================================================================================
DAG File Processing Stats

File Path                                  PID    Runtime      # DAGs    # Errors  Last Runtime    Last Run
-----------------------------------------  -----  ---------  --------  ----------  --------------  -------------------
/opt/airflow/dags/sports_goat_pipeline.py                           2           0  0.22s           2026-08-22T18:19:52
================================================================================
[2026-08-22T18:20:22.501+0000] {manager.py:879} INFO - 
================================================================================
DAG File Processing Stats

File Path                                  PID    Runtime      # DAGs    # Errors  Last Runtime    Last Run
-----------------------------------------  -----  ---------  --------  ----------  --------------  -------------------
/opt/airflow/dags/sports_goat_pipeline.py                           2           0  0.21s           2026-08-22T18:20:22
================================================================================
[2026-08-22T18:37:15.049+0000] {manager.py:451} INFO - Exiting gracefully upon receiving signal 15
[2026-08-22T18:37:17.068+0000] {manager.py:469} INFO - Processing files using up to 1 processes at a time 
[2026-08-22T18:37:17.069+0000] {manager.py:470} INFO - Process each file at most once every 30 seconds
[2026-08-22T18:37:17.071+0000] {manager.py:471} INFO - Checking for new files in /opt/airflow/dags every 300 seconds
[2026-08-22T18:37:17.073+0000] {manager.py:738} INFO - Searching for files in /opt/airflow/dags
[2026-08-22T18:37:17.082+0000] {manager.py:741} INFO - There are 1 files in /opt/airflow/dags
[2026-08-22T18:37:17.574+0000] {manager.py:879} INFO - 
================================================================================
DAG File Processing Stats

File Path                                  PID    Runtime      # DAGs    # Errors  Last Runtime    Last Run
-----------------------------------------  -----  ---------  --------  ----------  --------------  -------------------
/opt/airflow/dags/sports_goat_pipeline.py                           2           0  0.32s           2026-08-22T18:37:17
================================================================================
[2026-08-22T18:37:57.729+0000] {manager.py:879} INFO - 
================================================================================
DAG File Processing Stats

File Path                                  PID    Runtime      # DAGs    # Errors  Last Runtime    Last Run
-----------------------------------------  -----  ---------  --------  ----------  --------------  -------------------
/opt/airflow/dags/sports_goat_pipeline.py                           2           0  0.21s           2026-08-22T18:37:57
================================================================================
[2026-08-22T18:38:28.083+0000] {manager.py:879} INFO - 
================================================================================
DAG File Processing Stats

File Path                                  PID    Runtime      # DAGs    # Errors  Last Runtime    Last Run
-----------------------------------------  -----  ---------  --------  ----------  --------------  -------------------
/opt/airflow/dags/sports_goat_pipeline.py                           2           0  0.22s           2026-08-22T18:38:28
================================================================================
[2026-08-22T18:38:58.732+0000] {manager.py:879} INFO - 
================================================================================
DAG File Processing Stats

File Path                                  PID    Runtime      # DAGs    # Errors  Last Runtime    Last Run
-----------------------------------------  -----  ---------  --------  ----------  --------------  -------------------
/opt/airflow/dags/sports_goat_pipeline.py                           2           0  0.21s           2026-08-22T18:38:58
================================================================================
[2026-08-22T18:39:29.150+0000] {manager.py:879} INFO - 
================================================================================
DAG File Processing Stats

File Path                                  PID    Runtime      # DAGs    # Errors  Last Runtime    Last Run
-----------------------------------------  -----  ---------  --------  ----------  --------------  -------------------
/opt/airflow/dags/sports_goat_pipeline.py                           2           0  0.21s           2026-08-22T18:39:29
================================================================================
[2026-08-22T18:39:59.708+0000] {manager.py:879} INFO - 
================================================================================
DAG File Processing Stats

File Path                                  PID    Runtime      # DAGs    # Errors  Last Runtime    Last Run
-----------------------------------------  -----  ---------  --------  ----------  --------------  -------------------
/opt/airflow/dags/sports_goat_pipeline.py                           2           0  0.21s           2026-08-22T18:39:59
================================================================================
[2026-08-22T18:40:30.283+0000] {manager.py:879} INFO - 
================================================================================
DAG File Processing Stats

File Path                                  PID    Runtime      # DAGs    # Errors  Last Runtime    Last Run
-----------------------------------------  -----  ---------  --------  ----------  --------------  -------------------
/opt/airflow/dags/sports_goat_pipeline.py                           2           0  0.21s           2026-08-22T18:40:30
================================================================================
[2026-08-22T18:41:00.772+0000] {manager.py:879} INFO - 
================================================================================
DAG File Processing Stats

File Path                                  PID    Runtime      # DAGs    # Errors  Last Runtime    Last Run
-----------------------------------------  -----  ---------  --------  ----------  --------------  -------------------
/opt/airflow/dags/sports_goat_pipeline.py                           2           0  0.21s           2026-08-22T18:41:00
================================================================================
[2026-08-22T18:41:31.376+0000] {manager.py:879} INFO - 
================================================================================
DAG File Processing Stats

File Path                                  PID    Runtime      # DAGs    # Errors  Last Runtime    Last Run
-----------------------------------------  -----  ---------  --------  ----------  --------------  -------------------
/opt/airflow/dags/sports_goat_pipeline.py                           2           0  0.21s           2026-08-22T18:41:31
================================================================================
[2026-08-22T18:42:01.999+0000] {manager.py:879} INFO - 
================================================================================
DAG File Processing Stats

File Path                                  PID    Runtime      # DAGs    # Errors  Last Runtime    Last Run
-----------------------------------------  -----  ---------  --------  ----------  --------------  -------------------
/opt/airflow/dags/sports_goat_pipeline.py                           2           0  0.21s           2026-08-22T18:42:01
================================================================================
[2026-08-22T18:42:17.173+0000] {manager.py:738} INFO - Searching for files in /opt/airflow/dags
[2026-08-22T18:42:17.188+0000] {manager.py:741} INFO - There are 1 files in /opt/airflow/dags
[2026-08-22T18:42:32.231+0000] {manager.py:879} INFO - 
================================================================================
DAG File Processing Stats

File Path                                  PID    Runtime      # DAGs    # Errors  Last Runtime    Last Run
-----------------------------------------  -----  ---------  --------  ----------  --------------  -------------------
/opt/airflow/dags/sports_goat_pipeline.py                           2           0  0.21s           2026-08-22T18:42:32
================================================================================
[2026-08-22T18:43:02.907+0000] {manager.py:879} INFO - 
================================================================================
DAG File Processing Stats

File Path                                  PID    Runtime      # DAGs    # Errors  Last Runtime    Last Run
-----------------------------------------  -----  ---------  --------  ----------  --------------  -------------------
/opt/airflow/dags/sports_goat_pipeline.py                           2           0  0.21s           2026-08-22T18:43:02
================================================================================
[2026-08-22T18:43:33.451+0000] {manager.py:879} INFO - 
================================================================================
DAG File Processing Stats

File Path                                  PID    Runtime      # DAGs    # Errors  Last Runtime    Last Run
-----------------------------------------  -----  ---------  --------  ----------  --------------  -------------------
/opt/airflow/dags/sports_goat_pipeline.py                           2           0  0.21s           2026-08-22T18:43:33
================================================================================
[2026-08-22T18:44:03.689+0000] {manager.py:879} INFO - 
================================================================================
DAG File Processing Stats

File Path                                  PID    Runtime      # DAGs    # Errors  Last Runtime    Last Run
-----------------------------------------  -----  ---------  --------  ----------  --------------  -------------------
/opt/airflow/dags/sports_goat_pipeline.py                           2           0  0.21s           2026-08-22T18:44:03
================================================================================
[2026-08-22T18:44:34.354+0000] {manager.py:879} INFO - 
================================================================================
DAG File Processing Stats

File Path                                  PID    Runtime      # DAGs    # Errors  Last Runtime    Last Run
-----------------------------------------  -----  ---------  --------  ----------  --------------  -------------------
/opt/airflow/dags/sports_goat_pipeline.py                           2           0  0.21s           2026-08-22T18:44:34
================================================================================
[2026-08-22T18:45:04.939+0000] {manager.py:879} INFO - 
================================================================================
DAG File Processing Stats

File Path                                  PID    Runtime      # DAGs    # Errors  Last Runtime    Last Run
-----------------------------------------  -----  ---------  --------  ----------  --------------  -------------------
/opt/airflow/dags/sports_goat_pipeline.py                           2           0  0.22s           2026-08-22T18:45:04
================================================================================
[2026-08-22T18:45:35.493+0000] {manager.py:879} INFO - 
================================================================================
DAG File Processing Stats

File Path                                  PID    Runtime      # DAGs    # Errors  Last Runtime    Last Run
-----------------------------------------  -----  ---------  --------  ----------  --------------  -------------------
/opt/airflow/dags/sports_goat_pipeline.py                           2           0  0.21s           2026-08-22T18:45:35
================================================================================
[2026-08-22T18:46:06.062+0000] {manager.py:879} INFO - 
================================================================================
DAG File Processing Stats

File Path                                  PID    Runtime      # DAGs    # Errors  Last Runtime    Last Run
-----------------------------------------  -----  ---------  --------  ----------  --------------  -------------------
/opt/airflow/dags/sports_goat_pipeline.py                           2           0  0.22s           2026-08-22T18:46:06
================================================================================
[2026-08-22T18:46:36.626+0000] {manager.py:879} INFO - 
================================================================================
DAG File Processing Stats

File Path                                  PID    Runtime      # DAGs    # Errors  Last Runtime    Last Run
-----------------------------------------  -----  ---------  --------  ----------  --------------  -------------------
/opt/airflow/dags/sports_goat_pipeline.py                           2           0  0.21s           2026-08-22T18:46:36
================================================================================
[2026-08-22T18:47:07.181+0000] {manager.py:879} INFO - 
================================================================================
DAG File Processing Stats

File Path                                  PID    Runtime      # DAGs    # Errors  Last Runtime    Last Run
-----------------------------------------  -----  ---------  --------  ----------  --------------  -------------------
/opt/airflow/dags/sports_goat_pipeline.py                           2           0  0.21s           2026-08-22T18:47:07
================================================================================
[2026-08-22T18:47:17.182+0000] {manager.py:738} INFO - Searching for files in /opt/airflow/dags
[2026-08-22T18:47:17.194+0000] {manager.py:741} INFO - There are 1 files in /opt/airflow/dags
[2026-08-22T18:47:37.623+0000] {manager.py:879} INFO - 
================================================================================
DAG File Processing Stats

File Path                                  PID    Runtime      # DAGs    # Errors  Last Runtime    Last Run
-----------------------------------------  -----  ---------  --------  ----------  --------------  -------------------
/opt/airflow/dags/sports_goat_pipeline.py                           2           0  0.21s           2026-08-22T18:47:37
================================================================================
[2026-08-22T18:48:08.173+0000] {manager.py:879} INFO - 
================================================================================
DAG File Processing Stats

File Path                                  PID    Runtime      # DAGs    # Errors  Last Runtime    Last Run
-----------------------------------------  -----  ---------  --------  ----------  --------------  -------------------
/opt/airflow/dags/sports_goat_pipeline.py                           2           0  0.21s           2026-08-22T18:48:08
================================================================================
[2026-08-22T18:48:38.746+0000] {manager.py:879} INFO - 
================================================================================
DAG File Processing Stats

File Path                                  PID    Runtime      # DAGs    # Errors  Last Runtime    Last Run
-----------------------------------------  -----  ---------  --------  ----------  --------------  -------------------
/opt/airflow/dags/sports_goat_pipeline.py                           2           0  0.21s           2026-08-22T18:48:38
================================================================================
[2026-08-22T18:49:09.287+0000] {manager.py:879} INFO - 
================================================================================
DAG File Processing Stats

File Path                                  PID    Runtime      # DAGs    # Errors  Last Runtime    Last Run
-----------------------------------------  -----  ---------  --------  ----------  --------------  -------------------
/opt/airflow/dags/sports_goat_pipeline.py                           2           0  0.21s           2026-08-22T18:49:09
================================================================================
[2026-08-22T18:49:39.903+0000] {manager.py:879} INFO - 
================================================================================
DAG File Processing Stats

File Path                                  PID    Runtime      # DAGs    # Errors  Last Runtime    Last Run
-----------------------------------------  -----  ---------  --------  ----------  --------------  -------------------
/opt/airflow/dags/sports_goat_pipeline.py                           2           0  0.22s           2026-08-22T18:49:39
================================================================================
[2026-08-22T18:50:10.427+0000] {manager.py:879} INFO - 
================================================================================
DAG File Processing Stats

File Path                                  PID    Runtime      # DAGs    # Errors  Last Runtime    Last Run
-----------------------------------------  -----  ---------  --------  ----------  --------------  -------------------
/opt/airflow/dags/sports_goat_pipeline.py                           2           0  0.21s           2026-08-22T18:50:10
================================================================================
[2026-08-22T18:51:07.647+0000] {manager.py:879} INFO - 
================================================================================
DAG File Processing Stats

File Path                                  PID    Runtime      # DAGs    # Errors  Last Runtime    Last Run
-----------------------------------------  -----  ---------  --------  ----------  --------------  -------------------
/opt/airflow/dags/sports_goat_pipeline.py                           2           0  0.21s           2026-08-22T18:51:07
================================================================================
[2026-08-22T18:51:38.344+0000] {manager.py:879} INFO - 
================================================================================
DAG File Processing Stats

File Path                                  PID    Runtime      # DAGs    # Errors  Last Runtime    Last Run
-----------------------------------------  -----  ---------  --------  ----------  --------------  -------------------
/opt/airflow/dags/sports_goat_pipeline.py                           2           0  0.59s           2026-08-22T18:51:38
================================================================================
[2026-08-22T18:52:08.905+0000] {manager.py:879} INFO - 
================================================================================
DAG File Processing Stats

File Path                                  PID    Runtime      # DAGs    # Errors  Last Runtime    Last Run
-----------------------------------------  -----  ---------  --------  ----------  --------------  -------------------
/opt/airflow/dags/sports_goat_pipeline.py                           2           0  0.21s           2026-08-22T18:52:08
================================================================================
[2026-08-22T18:52:17.427+0000] {manager.py:738} INFO - Searching for files in /opt/airflow/dags
[2026-08-22T18:52:17.438+0000] {manager.py:741} INFO - There are 1 files in /opt/airflow/dags
[2026-08-22T18:52:39.438+0000] {manager.py:879} INFO - 
================================================================================
DAG File Processing Stats

File Path                                  PID    Runtime      # DAGs    # Errors  Last Runtime    Last Run
-----------------------------------------  -----  ---------  --------  ----------  --------------  -------------------
/opt/airflow/dags/sports_goat_pipeline.py                           2           0  0.21s           2026-08-22T18:52:39
================================================================================
[2026-08-22T18:53:09.978+0000] {manager.py:879} INFO - 
================================================================================
DAG File Processing Stats

File Path                                  PID    Runtime      # DAGs    # Errors  Last Runtime    Last Run
-----------------------------------------  -----  ---------  --------  ----------  --------------  -------------------
/opt/airflow/dags/sports_goat_pipeline.py                           2           0  0.21s           2026-08-22T18:53:09
================================================================================
[2026-08-22T18:53:40.350+0000] {manager.py:879} INFO - 
================================================================================
DAG File Processing Stats

File Path                                  PID    Runtime      # DAGs    # Errors  Last Runtime    Last Run
-----------------------------------------  -----  ---------  --------  ----------  --------------  -------------------
/opt/airflow/dags/sports_goat_pipeline.py                           2           0  0.21s           2026-08-22T18:53:40
================================================================================
[2026-08-22T18:54:10.899+0000] {manager.py:879} INFO - 
================================================================================
DAG File Processing Stats

File Path                                  PID    Runtime      # DAGs    # Errors  Last Runtime    Last Run
-----------------------------------------  -----  ---------  --------  ----------  --------------  -------------------
/opt/airflow/dags/sports_goat_pipeline.py                           2           0  0.21s           2026-08-22T18:54:10
================================================================================
[2026-08-22T18:54:41.479+0000] {manager.py:879} INFO - 
================================================================================
DAG File Processing Stats

File Path                                  PID    Runtime      # DAGs    # Errors  Last Runtime    Last Run
-----------------------------------------  -----  ---------  --------  ----------  --------------  -------------------
/opt/airflow/dags/sports_goat_pipeline.py                           2           0  0.21s           2026-08-22T18:54:41
================================================================================
[2026-08-22T18:55:11.843+0000] {manager.py:879} INFO - 
================================================================================
DAG File Processing Stats

File Path                                  PID    Runtime      # DAGs    # Errors  Last Runtime    Last Run
-----------------------------------------  -----  ---------  --------  ----------  --------------  -------------------
/opt/airflow/dags/sports_goat_pipeline.py                           2           0  0.21s           2026-08-22T18:55:11
================================================================================
[2026-08-22T18:55:42.389+0000] {manager.py:879} INFO - 
================================================================================
DAG File Processing Stats

File Path                                  PID    Runtime      # DAGs    # Errors  Last Runtime    Last Run
-----------------------------------------  -----  ---------  --------  ----------  --------------  -------------------
/opt/airflow/dags/sports_goat_pipeline.py                           2           0  0.21s           2026-08-22T18:55:42
================================================================================
[2026-08-22T18:56:12.938+0000] {manager.py:879} INFO - 
================================================================================
DAG File Processing Stats

File Path                                  PID    Runtime      # DAGs    # Errors  Last Runtime    Last Run
-----------------------------------------  -----  ---------  --------  ----------  --------------  -------------------
/opt/airflow/dags/sports_goat_pipeline.py                           2           0  0.21s           2026-08-22T18:56:12
================================================================================
[2026-08-22T18:56:43.334+0000] {manager.py:879} INFO - 
================================================================================
DAG File Processing Stats

File Path                                  PID    Runtime      # DAGs    # Errors  Last Runtime    Last Run
-----------------------------------------  -----  ---------  --------  ----------  --------------  -------------------
/opt/airflow/dags/sports_goat_pipeline.py                           2           0  0.21s           2026-08-22T18:56:43
================================================================================
[2026-08-22T18:57:13.913+0000] {manager.py:879} INFO - 
================================================================================
DAG File Processing Stats

File Path                                  PID    Runtime      # DAGs    # Errors  Last Runtime    Last Run
-----------------------------------------  -----  ---------  --------  ----------  --------------  -------------------
/opt/airflow/dags/sports_goat_pipeline.py                           2           0  0.21s           2026-08-22T18:57:13
================================================================================
[2026-08-22T18:57:17.701+0000] {manager.py:738} INFO - Searching for files in /opt/airflow/dags
[2026-08-22T18:57:17.714+0000] {manager.py:741} INFO - There are 1 files in /opt/airflow/dags
[2026-08-22T18:57:44.479+0000] {manager.py:879} INFO - 
================================================================================
DAG File Processing Stats

File Path                                  PID    Runtime      # DAGs    # Errors  Last Runtime    Last Run
-----------------------------------------  -----  ---------  --------  ----------  --------------  -------------------
/opt/airflow/dags/sports_goat_pipeline.py                           2           0  0.21s           2026-08-22T18:57:44
================================================================================
[2026-08-22T18:58:15.024+0000] {manager.py:879} INFO - 
================================================================================
DAG File Processing Stats

File Path                                  PID    Runtime      # DAGs    # Errors  Last Runtime    Last Run
-----------------------------------------  -----  ---------  --------  ----------  --------------  -------------------
/opt/airflow/dags/sports_goat_pipeline.py                           2           0  0.21s           2026-08-22T18:58:15
================================================================================
[2026-08-22T18:58:45.583+0000] {manager.py:879} INFO - 
================================================================================
DAG File Processing Stats

File Path                                  PID    Runtime      # DAGs    # Errors  Last Runtime    Last Run
-----------------------------------------  -----  ---------  --------  ----------  --------------  -------------------
/opt/airflow/dags/sports_goat_pipeline.py                           2           0  0.21s           2026-08-22T18:58:45
================================================================================
[2026-08-22T18:59:16.087+0000] {manager.py:879} INFO - 
================================================================================
DAG File Processing Stats

File Path                                  PID    Runtime      # DAGs    # Errors  Last Runtime    Last Run
-----------------------------------------  -----  ---------  --------  ----------  --------------  -------------------
/opt/airflow/dags/sports_goat_pipeline.py                           2           0  0.21s           2026-08-22T18:59:16
================================================================================
[2026-08-22T18:59:46.630+0000] {manager.py:879} INFO - 
================================================================================
DAG File Processing Stats

File Path                                  PID    Runtime      # DAGs    # Errors  Last Runtime    Last Run
-----------------------------------------  -----  ---------  --------  ----------  --------------  -------------------
/opt/airflow/dags/sports_goat_pipeline.py                           2           0  0.21s           2026-08-22T18:59:46
================================================================================
[2026-08-22T19:00:17.180+0000] {manager.py:879} INFO - 
================================================================================
DAG File Processing Stats

File Path                                  PID    Runtime      # DAGs    # Errors  Last Runtime    Last Run
-----------------------------------------  -----  ---------  --------  ----------  --------------  -------------------
/opt/airflow/dags/sports_goat_pipeline.py                           2           0  0.21s           2026-08-22T19:00:17
================================================================================
[2026-08-22T19:00:47.741+0000] {manager.py:879} INFO - 
================================================================================
DAG File Processing Stats

File Path                                  PID    Runtime      # DAGs    # Errors  Last Runtime    Last Run
-----------------------------------------  -----  ---------  --------  ----------  --------------  -------------------
/opt/airflow/dags/sports_goat_pipeline.py                           2           0  0.21s           2026-08-22T19:00:47
================================================================================
[2026-08-22T19:01:18.097+0000] {manager.py:879} INFO - 
================================================================================
DAG File Processing Stats

File Path                                  PID    Runtime      # DAGs    # Errors  Last Runtime    Last Run
-----------------------------------------  -----  ---------  --------  ----------  --------------  -------------------
/opt/airflow/dags/sports_goat_pipeline.py                           2           0  0.21s           2026-08-22T19:01:18
================================================================================
[2026-08-22T19:01:48.646+0000] {manager.py:879} INFO - 
================================================================================
DAG File Processing Stats

File Path                                  PID    Runtime      # DAGs    # Errors  Last Runtime    Last Run
-----------------------------------------  -----  ---------  --------  ----------  --------------  -------------------
/opt/airflow/dags/sports_goat_pipeline.py                           2           0  0.21s           2026-08-22T19:01:48
================================================================================
[2026-08-22T19:02:18.022+0000] {manager.py:738} INFO - Searching for files in /opt/airflow/dags
[2026-08-22T19:02:18.031+0000] {manager.py:741} INFO - There are 1 files in /opt/airflow/dags
[2026-08-22T19:02:19.208+0000] {manager.py:879} INFO - 
================================================================================
DAG File Processing Stats

File Path                                  PID    Runtime      # DAGs    # Errors  Last Runtime    Last Run
-----------------------------------------  -----  ---------  --------  ----------  --------------  -------------------
/opt/airflow/dags/sports_goat_pipeline.py                           2           0  0.21s           2026-08-22T19:02:19
================================================================================
[2026-08-22T19:02:49.766+0000] {manager.py:879} INFO - 
================================================================================
DAG File Processing Stats

File Path                                  PID    Runtime      # DAGs    # Errors  Last Runtime    Last Run
-----------------------------------------  -----  ---------  --------  ----------  --------------  -------------------
/opt/airflow/dags/sports_goat_pipeline.py                           2           0  0.21s           2026-08-22T19:02:49
================================================================================
[2026-08-22T19:03:20.265+0000] {manager.py:879} INFO - 
================================================================================
DAG File Processing Stats

File Path                                  PID    Runtime      # DAGs    # Errors  Last Runtime    Last Run
-----------------------------------------  -----  ---------  --------  ----------  --------------  -------------------
/opt/airflow/dags/sports_goat_pipeline.py                           2           0  0.21s           2026-08-22T19:03:20
================================================================================
[2026-08-22T19:03:50.834+0000] {manager.py:879} INFO - 
================================================================================
DAG File Processing Stats

File Path                                  PID    Runtime      # DAGs    # Errors  Last Runtime    Last Run
-----------------------------------------  -----  ---------  --------  ----------  --------------  -------------------
/opt/airflow/dags/sports_goat_pipeline.py                           2           0  0.21s           2026-08-22T19:03:50
================================================================================
[2026-08-22T19:08:59.271+0000] {manager.py:738} INFO - Searching for files in /opt/airflow/dags
[2026-08-22T19:08:59.540+0000] {manager.py:741} INFO - There are 1 files in /opt/airflow/dags
[2026-08-22T19:09:04.201+0000] {manager.py:879} INFO - 
================================================================================
DAG File Processing Stats

File Path                                  PID    Runtime      # DAGs    # Errors  Last Runtime    Last Run
-----------------------------------------  -----  ---------  --------  ----------  --------------  -------------------
/opt/airflow/dags/sports_goat_pipeline.py                           2           0  4.49s           2026-08-22T19:09:04
================================================================================
[2026-08-22T19:09:34.973+0000] {manager.py:879} INFO - 
================================================================================
DAG File Processing Stats

File Path                                  PID    Runtime      # DAGs    # Errors  Last Runtime    Last Run
-----------------------------------------  -----  ---------  --------  ----------  --------------  -------------------
/opt/airflow/dags/sports_goat_pipeline.py                           2           0  0.35s           2026-08-22T19:09:34
================================================================================
[2026-08-22T19:10:05.372+0000] {manager.py:879} INFO - 
================================================================================
DAG File Processing Stats

File Path                                  PID    Runtime      # DAGs    # Errors  Last Runtime    Last Run
-----------------------------------------  -----  ---------  --------  ----------  --------------  -------------------
/opt/airflow/dags/sports_goat_pipeline.py                           2           0  0.21s           2026-08-22T19:10:05
================================================================================
[2026-08-22T19:10:35.636+0000] {manager.py:879} INFO - 
================================================================================
DAG File Processing Stats

File Path                                  PID    Runtime      # DAGs    # Errors  Last Runtime    Last Run
-----------------------------------------  -----  ---------  --------  ----------  --------------  -------------------
/opt/airflow/dags/sports_goat_pipeline.py                           2           0  0.21s           2026-08-22T19:10:35
================================================================================
[2026-08-22T19:11:05.940+0000] {manager.py:879} INFO - 
================================================================================
DAG File Processing Stats

File Path                                  PID    Runtime      # DAGs    # Errors  Last Runtime    Last Run
-----------------------------------------  -----  ---------  --------  ----------  --------------  -------------------
/opt/airflow/dags/sports_goat_pipeline.py                           2           0  0.21s           2026-08-22T19:11:05
================================================================================
[2026-08-22T19:11:36.171+0000] {manager.py:879} INFO - 
================================================================================
DAG File Processing Stats

File Path                                  PID    Runtime      # DAGs    # Errors  Last Runtime    Last Run
-----------------------------------------  -----  ---------  --------  ----------  --------------  -------------------
/opt/airflow/dags/sports_goat_pipeline.py                           2           0  0.21s           2026-08-22T19:11:36
================================================================================
[2026-08-22T19:12:06.478+0000] {manager.py:879} INFO - 
================================================================================
DAG File Processing Stats

File Path                                  PID    Runtime      # DAGs    # Errors  Last Runtime    Last Run
-----------------------------------------  -----  ---------  --------  ----------  --------------  -------------------
/opt/airflow/dags/sports_goat_pipeline.py                           2           0  0.21s           2026-08-22T19:12:06
================================================================================
[2026-08-22T19:12:36.879+0000] {manager.py:879} INFO - 
================================================================================
DAG File Processing Stats

File Path                                  PID    Runtime      # DAGs    # Errors  Last Runtime    Last Run
-----------------------------------------  -----  ---------  --------  ----------  --------------  -------------------
/opt/airflow/dags/sports_goat_pipeline.py                           2           0  0.31s           2026-08-22T19:12:36
================================================================================
[2026-08-22T19:13:07.188+0000] {manager.py:879} INFO - 
================================================================================
DAG File Processing Stats

File Path                                  PID    Runtime      # DAGs    # Errors  Last Runtime    Last Run
-----------------------------------------  -----  ---------  --------  ----------  --------------  -------------------
/opt/airflow/dags/sports_goat_pipeline.py                           2           0  0.21s           2026-08-22T19:13:07
================================================================================
[2026-08-22T19:13:37.497+0000] {manager.py:879} INFO - 
================================================================================
DAG File Processing Stats

File Path                                  PID    Runtime      # DAGs    # Errors  Last Runtime    Last Run
-----------------------------------------  -----  ---------  --------  ----------  --------------  -------------------
/opt/airflow/dags/sports_goat_pipeline.py                           2           0  0.21s           2026-08-22T19:13:37
================================================================================
[2026-08-22T19:13:59.351+0000] {manager.py:738} INFO - Searching for files in /opt/airflow/dags
[2026-08-22T19:13:59.363+0000] {manager.py:741} INFO - There are 1 files in /opt/airflow/dags
[2026-08-22T19:14:07.814+0000] {manager.py:879} INFO - 
================================================================================
DAG File Processing Stats

File Path                                  PID    Runtime      # DAGs    # Errors  Last Runtime    Last Run
-----------------------------------------  -----  ---------  --------  ----------  --------------  -------------------
/opt/airflow/dags/sports_goat_pipeline.py                           2           0  0.21s           2026-08-22T19:14:07
================================================================================
[2026-08-22T19:14:38.116+0000] {manager.py:879} INFO - 
================================================================================
DAG File Processing Stats

File Path                                  PID    Runtime      # DAGs    # Errors  Last Runtime    Last Run
-----------------------------------------  -----  ---------  --------  ----------  --------------  -------------------
/opt/airflow/dags/sports_goat_pipeline.py                           2           0  0.21s           2026-08-22T19:14:38
================================================================================
[2026-08-22T19:15:08.423+0000] {manager.py:879} INFO - 
================================================================================
DAG File Processing Stats

File Path                                  PID    Runtime      # DAGs    # Errors  Last Runtime    Last Run
-----------------------------------------  -----  ---------  --------  ----------  --------------  -------------------
/opt/airflow/dags/sports_goat_pipeline.py                           2           0  0.21s           2026-08-22T19:15:08
================================================================================
[2026-08-22T19:15:38.907+0000] {manager.py:879} INFO - 
================================================================================
DAG File Processing Stats

File Path                                  PID    Runtime      # DAGs    # Errors  Last Runtime    Last Run
-----------------------------------------  -----  ---------  --------  ----------  --------------  -------------------
/opt/airflow/dags/sports_goat_pipeline.py                           2           0  0.21s           2026-08-22T19:15:38
================================================================================
[2026-08-22T19:16:09.220+0000] {manager.py:879} INFO - 
================================================================================
DAG File Processing Stats

File Path                                  PID    Runtime      # DAGs    # Errors  Last Runtime    Last Run
-----------------------------------------  -----  ---------  --------  ----------  --------------  -------------------
/opt/airflow/dags/sports_goat_pipeline.py                           2           0  0.21s           2026-08-22T19:16:09
================================================================================
[2026-08-22T19:16:39.536+0000] {manager.py:879} INFO - 
================================================================================
DAG File Processing Stats

File Path                                  PID    Runtime      # DAGs    # Errors  Last Runtime    Last Run
-----------------------------------------  -----  ---------  --------  ----------  --------------  -------------------
/opt/airflow/dags/sports_goat_pipeline.py                           2           0  0.21s           2026-08-22T19:16:39
================================================================================
[2026-08-22T19:17:09.826+0000] {manager.py:879} INFO - 
================================================================================
DAG File Processing Stats

File Path                                  PID    Runtime      # DAGs    # Errors  Last Runtime    Last Run
-----------------------------------------  -----  ---------  --------  ----------  --------------  -------------------
/opt/airflow/dags/sports_goat_pipeline.py                           2           0  0.22s           2026-08-22T19:17:09
================================================================================
[2026-08-22T19:17:40.131+0000] {manager.py:879} INFO - 
================================================================================
DAG File Processing Stats

File Path                                  PID    Runtime      # DAGs    # Errors  Last Runtime    Last Run
-----------------------------------------  -----  ---------  --------  ----------  --------------  -------------------
/opt/airflow/dags/sports_goat_pipeline.py                           2           0  0.21s           2026-08-22T19:17:40
================================================================================
[2026-08-22T19:18:10.447+0000] {manager.py:879} INFO - 
================================================================================
DAG File Processing Stats

File Path                                  PID    Runtime      # DAGs    # Errors  Last Runtime    Last Run
-----------------------------------------  -----  ---------  --------  ----------  --------------  -------------------
/opt/airflow/dags/sports_goat_pipeline.py                           2           0  0.21s           2026-08-22T19:18:10
================================================================================
[2026-08-22T19:18:40.762+0000] {manager.py:879} INFO - 
================================================================================
DAG File Processing Stats

File Path                                  PID    Runtime      # DAGs    # Errors  Last Runtime    Last Run
-----------------------------------------  -----  ---------  --------  ----------  --------------  -------------------
/opt/airflow/dags/sports_goat_pipeline.py                           2           0  0.21s           2026-08-22T19:18:40
================================================================================
[2026-08-22T19:18:59.985+0000] {manager.py:738} INFO - Searching for files in /opt/airflow/dags
[2026-08-22T19:18:59.995+0000] {manager.py:741} INFO - There are 1 files in /opt/airflow/dags
[2026-08-22T19:19:11.062+0000] {manager.py:879} INFO - 
================================================================================
DAG File Processing Stats

File Path                                  PID    Runtime      # DAGs    # Errors  Last Runtime    Last Run
-----------------------------------------  -----  ---------  --------  ----------  --------------  -------------------
/opt/airflow/dags/sports_goat_pipeline.py                           2           0  0.21s           2026-08-22T19:19:11
================================================================================
[2026-08-22T19:19:41.366+0000] {manager.py:879} INFO - 
================================================================================
DAG File Processing Stats

File Path                                  PID    Runtime      # DAGs    # Errors  Last Runtime    Last Run
-----------------------------------------  -----  ---------  --------  ----------  --------------  -------------------
/opt/airflow/dags/sports_goat_pipeline.py                           2           0  0.21s           2026-08-22T19:19:41
================================================================================
[2026-08-22T19:20:11.669+0000] {manager.py:879} INFO - 
================================================================================
DAG File Processing Stats

File Path                                  PID    Runtime      # DAGs    # Errors  Last Runtime    Last Run
-----------------------------------------  -----  ---------  --------  ----------  --------------  -------------------
/opt/airflow/dags/sports_goat_pipeline.py                           2           0  0.21s           2026-08-22T19:20:11
================================================================================
[2026-08-22T19:20:41.986+0000] {manager.py:879} INFO - 
================================================================================
DAG File Processing Stats

File Path                                  PID    Runtime      # DAGs    # Errors  Last Runtime    Last Run
-----------------------------------------  -----  ---------  --------  ----------  --------------  -------------------
/opt/airflow/dags/sports_goat_pipeline.py                           2           0  0.21s           2026-08-22T19:20:41
================================================================================
[2026-08-22T19:21:12.291+0000] {manager.py:879} INFO - 
================================================================================
DAG File Processing Stats

File Path                                  PID    Runtime      # DAGs    # Errors  Last Runtime    Last Run
-----------------------------------------  -----  ---------  --------  ----------  --------------  -------------------
/opt/airflow/dags/sports_goat_pipeline.py                           2           0  0.21s           2026-08-22T19:21:12
================================================================================
[2026-08-22T19:21:42.715+0000] {manager.py:879} INFO - 
================================================================================
DAG File Processing Stats

File Path                                  PID    Runtime      # DAGs    # Errors  Last Runtime    Last Run
-----------------------------------------  -----  ---------  --------  ----------  --------------  -------------------
/opt/airflow/dags/sports_goat_pipeline.py                           2           0  0.32s           2026-08-22T19:21:42
================================================================================
[2026-08-22T19:22:13.216+0000] {manager.py:879} INFO - 
================================================================================
DAG File Processing Stats

File Path                                  PID    Runtime      # DAGs    # Errors  Last Runtime    Last Run
-----------------------------------------  -----  ---------  --------  ----------  --------------  -------------------
/opt/airflow/dags/sports_goat_pipeline.py                           2           0  0.33s           2026-08-22T19:22:13
================================================================================
[2026-08-22T19:22:43.522+0000] {manager.py:879} INFO - 
================================================================================
DAG File Processing Stats

File Path                                  PID    Runtime      # DAGs    # Errors  Last Runtime    Last Run
-----------------------------------------  -----  ---------  --------  ----------  --------------  -------------------
/opt/airflow/dags/sports_goat_pipeline.py                           2           0  0.21s           2026-08-22T19:22:43
================================================================================
[2026-08-22T19:23:13.826+0000] {manager.py:879} INFO - 
================================================================================
DAG File Processing Stats

File Path                                  PID    Runtime      # DAGs    # Errors  Last Runtime    Last Run
-----------------------------------------  -----  ---------  --------  ----------  --------------  -------------------
/opt/airflow/dags/sports_goat_pipeline.py                           2           0  0.21s           2026-08-22T19:23:13
================================================================================
[2026-08-22T19:38:59.834+0000] {manager.py:451} INFO - Exiting gracefully upon receiving signal 15
[2026-08-22T19:39:02.732+0000] {manager.py:469} INFO - Processing files using up to 1 processes at a time 
[2026-08-22T19:39:02.735+0000] {manager.py:470} INFO - Process each file at most once every 30 seconds
[2026-08-22T19:39:02.738+0000] {manager.py:471} INFO - Checking for new files in /opt/airflow/dags every 300 seconds
[2026-08-22T19:39:02.740+0000] {manager.py:738} INFO - Searching for files in /opt/airflow/dags
[2026-08-22T19:39:02.759+0000] {manager.py:741} INFO - There are 1 files in /opt/airflow/dags
[2026-08-22T19:39:03.844+0000] {manager.py:879} INFO - 
================================================================================
DAG File Processing Stats

File Path                                  PID    Runtime      # DAGs    # Errors  Last Runtime    Last Run
-----------------------------------------  -----  ---------  --------  ----------  --------------  -------------------
/opt/airflow/dags/sports_goat_pipeline.py                           2           0  0.31s           2026-08-22T19:39:03
================================================================================
[2026-08-22T19:40:07.348+0000] {manager.py:879} INFO - 
================================================================================
DAG File Processing Stats

File Path                                  PID    Runtime      # DAGs    # Errors  Last Runtime    Last Run
-----------------------------------------  -----  ---------  --------  ----------  --------------  -------------------
/opt/airflow/dags/sports_goat_pipeline.py                           2           0  33.15s          2026-08-22T19:40:07
================================================================================
[2026-08-22T19:55:35.780+0000] {manager.py:738} INFO - Searching for files in /opt/airflow/dags
[2026-08-22T19:55:35.874+0000] {manager.py:741} INFO - There are 1 files in /opt/airflow/dags
[2026-08-22T19:55:36.911+0000] {manager.py:879} INFO - 
================================================================================
DAG File Processing Stats

File Path                                  PID    Runtime      # DAGs    # Errors  Last Runtime    Last Run
-----------------------------------------  -----  ---------  --------  ----------  --------------  -------------------
/opt/airflow/dags/sports_goat_pipeline.py                           2           0  0.90s           2026-08-22T19:55:36
================================================================================
[2026-08-22T19:57:16.682+0000] {manager.py:879} INFO - 
================================================================================
DAG File Processing Stats

File Path                                  PID    Runtime      # DAGs    # Errors  Last Runtime    Last Run
-----------------------------------------  -----  ---------  --------  ----------  --------------  -------------------
/opt/airflow/dags/sports_goat_pipeline.py                           2           0  64.16s          2026-08-22T19:57:16
================================================================================
[2026-08-22T19:57:53.937+0000] {manager.py:879} INFO - 
================================================================================
DAG File Processing Stats

File Path                                  PID    Runtime      # DAGs    # Errors  Last Runtime    Last Run
-----------------------------------------  -----  ---------  --------  ----------  --------------  -------------------
/opt/airflow/dags/sports_goat_pipeline.py                           2           0  5.93s           2026-08-22T19:57:53
================================================================================
[2026-08-22T20:09:37.307+0000] {manager.py:738} INFO - Searching for files in /opt/airflow/dags
[2026-08-22T20:09:37.550+0000] {manager.py:741} INFO - There are 1 files in /opt/airflow/dags
[2026-08-22T20:09:39.561+0000] {manager.py:879} INFO - 
================================================================================
DAG File Processing Stats

File Path                                  PID    Runtime      # DAGs    # Errors  Last Runtime    Last Run
-----------------------------------------  -----  ---------  --------  ----------  --------------  -------------------
/opt/airflow/dags/sports_goat_pipeline.py                           2           0  1.65s           2026-08-22T20:09:39
================================================================================
[2026-08-22T20:10:10.642+0000] {manager.py:879} INFO - 
================================================================================
DAG File Processing Stats

File Path                                  PID    Runtime      # DAGs    # Errors  Last Runtime    Last Run
-----------------------------------------  -----  ---------  --------  ----------  --------------  -------------------
/opt/airflow/dags/sports_goat_pipeline.py                           2           0  0.88s           2026-08-22T20:10:10
================================================================================
[2026-08-22T20:10:41.044+0000] {manager.py:879} INFO - 
================================================================================
DAG File Processing Stats

File Path                                  PID    Runtime      # DAGs    # Errors  Last Runtime    Last Run
-----------------------------------------  -----  ---------  --------  ----------  --------------  -------------------
/opt/airflow/dags/sports_goat_pipeline.py                           2           0  0.21s           2026-08-22T20:10:41
================================================================================
